"company","domain","country","Size","Annual Revenue","segment","lead_persona","dm_targets","Use AI Tool Level","Use AI Has Tryon","Use AI Has Prompt","Use AI Product Category","Use AI Tool Url","Use AI Tool Evidence","rank_score"
"Images In Tile USA, Inc. dba Bison Coating & Supply","imagesintile.com","US","11-50 employees","10M-25M","1-MANUAL no tool","Design / Product","Owner / Founder","MANUAL","no","no","custom tile murals","https://imagesintile.com/contact/","The site states “Every Project Is Unique” and “We Custom-Quote Each Project.” Its contact page provides a message form and file upload, indicating a manual custom-design workflow rather than an interactive try-on or prompt-generation tool.","112"
"Altura Stone","alturastoneandtile.com","US","11-50 employees","10M-25M","1-MANUAL no tool","Design / Product","Owner / Founder","MANUAL","no","no","natural stone surfaces","http://alturastoneandtile.com/pages/special-order","The special-order page states that trade partners can order “customed-design products in a multitude of shapes and finishes” and lists “Custom Waterjet Mosaics & Tiles” and “3D Panels.” It directs customers to “get in touch with us,” indicating a people-led custom service rather than an interactive visualizer.","112"
"AIP PORTE","aipporte.com","IT","11-50 employees","5M-10M","1-MANUAL no tool","Design / Product","Owner / Founder","MANUAL","no","no","custom interior doors","https://aipporte.com/","The site labels a section “Progetta la tua porta interna” and states that AIP does not produce stock doors but makes every model to suit the customer’s needs, with requested combinations of hardware, handles, finishes, colors, and dimensions; this is a bespoke/manual service rather than an interactive visualizer.","111"
"FORNACE SUGARONI VINCENZO","sugaroni.it","IT","11-50 employees","5M-10M","1-MANUAL no tool","Design / Product","Owner / Founder","MANUAL","no","no","handmade terracotta tiles","https://www.sugaroni.it/","The site offers bespoke work only through people: 'Su misura per te – contattaci per un preventivo' (made-to-measure for you – contact us for a quote) and 'Tailored for you – request a free estimate'. No visualizer, configurator, or any interactive room-preview or prompt-based tool was found anywhere on the site.","111"
"GIULINI GIOVANNI RUBINETTERIA","giulini.it","IT","11-50 employees","5M-10M","1-MANUAL no tool","Design / Product","Owner / Founder","MANUAL","no","no","Bathroom faucets and accessories","https://www.giulini.it/en/design-your-vision/","The site says, “It all starts with listening” and that “Every element is selected or custom-made,” with GIULINI working “with suppliers and artisans.” It also states that customers can choose their color, finish, and customization through the DELUXE collection; no interactive preview or prompt-based generator is described.","111"
"GME DIVISION BAÑOS","gmelorente.com","ES","11-50 employees","5M-10M","1-MANUAL no tool","Design / Product","Owner / Founder","MANUAL","no","no","shower screens, trays, taps","https://gmelorente.com/productos/mamparas-y-platos-a-medida/","The site's navigation includes a 'Customized / A medida' section for 'mamparas y platos a medida' (made-to-measure shower screens and trays), i.e. bespoke products delivered by people rather than a self-service tool. No visualizer, configurator, room preview, or AI/prompt tool appears anywhere in the navigation, homepage, or product pages.","111"
"KAROISTANBUL","karoistanbul.com","TR","11-50 employees","5M-10M","1-MANUAL no tool","Design / Product","Owner / Founder","MANUAL","no","no","handmade tiles and surfaces","https://www.karoistanbul.com/en/","The site offers a “QUICK QUOTE” for “custom solutions” and says, “Fill out the form for our custom solutions, our team will contact you shortly.” Its project form requests a “Technical Drawing / Plan / Image,” indicating a people-led custom service rather than an interactive visualizer.","111"
"MARETTO GROUP","piscinemaretto.it","IT","11-50 employees","5M-10M","1-MANUAL no tool","Design / Product","Owner / Founder","MANUAL","no","no","above-ground pools and spas","https://www.piscinemaretto.it/prodotto/linea-fuoriterra-emersa/linea-weekend/piscina-fuoriterra-weekend-l-140-kit","The product page says “Richiedi un PREVENTIVO” and provides fields for width, length, height, colour, and LED preferences. It states that the expert team will “creare una proposta adatta alle tue specifiche esigenze,” indicating a manual quote/customization workflow rather than an interactive visualizer.","111"
"MARGAROLI","margaroli.com","IT","11-50 employees","5M-10M","1-MANUAL no tool","Design / Product","Owner / Founder","MANUAL","no","no","heated towel rails radiators","https://www.margaroli.com/en/design/","The design page says, “Using modern computer tools managed by highly qualified staff, Margaroli is able to solve all the possible construction problems in advance.” This indicates staff-delivered manual design support, not an interactive visualizer or text-prompt generator.","111"
"VANITA DOCCE","vanitadocce.com","IT","11-50 employees","5M-10M","1-MANUAL no tool","Design / Product","Owner / Founder","MANUAL","no","no","shower enclosures and bathroom accessories","https://www.vanitadocce.com/en","The site advertises the 22POLO division: 'Vanita Docce's proposal is enriched and completed with the possibility of customizing the product in every detail... Shower Enclosures, based on customized production', a bespoke offering delivered by the company's own production department (via 22polo.com) rather than an online tool. No interactive visualizer, configurator, room-preview or AI prompt feature was found in the navigation, collection or product pages.","111"
"4DESIGN","4designsrl.it","IT","11-50 employees","1M-5M","1-MANUAL no tool","Design / Product","Owner / Founder","MANUAL","no","no","decorative acoustic panels","https://www.4designsrl.it/en/lab","The site calls the “4Design Lab” a “dedicated space for research, development, and customization,” and describes support through “consultancy” and “the development of bespoke solutions.” This indicates a manual/bespoke service rather than an interactive customer-operated design tool.","110"
"A.A.T.C. AND CO.","aatc.it","IT","11-50 employees","1M-5M","1-MANUAL no tool","Design / Product","Owner / Founder","MANUAL","no","no","natural stone materials","https://www.aatc.it/en/company/consultancy","The Consultancy page says its technical office examines client-submitted projects through a detailed analysis, provides personalized assessments, and works with clients to create an ideal technical design. No interactive room visualizer, uploaded-photo preview, or text-prompt generator is identified on the site's Design page.","110"
"BARRO","barroficina.com","PT","51-200 employees","25M-75M","1-MANUAL no tool","Design / Product","Marketing + Design + MD","MANUAL","no","no","handcrafted stoneware tiles","https://barroficina.com/factory/","The site offers no self-service design or visualization tool; its Factory page states 'MADE TO ORDER — Choose a design and a color and we'll do our very best to meet your expectations', and the catalogue says 'if you can't find what you want, you can send us the [image]', with 'PROJECT CUSTOMIZATION Our team will be responsible for creating your order' — bespoke work handled by people via enquiry.","110"
"CLANEA","clanea.ch","CH","11-50 employees","1M-5M","1-MANUAL no tool","Design / Product","Owner / Founder","MANUAL","no","no","flush-mounted toilet flush plates","https://clanea.ch/en","The site states the product is 'Individually customizable – Whether natural stone, porcelain stoneware or large format tiles – Clanea adapts to any material', and offers this bespoke matching through people: 'Personal advice for your customized solution. Our team of experts is available to help you – by phone, email, or in person.'","110"
"DANILO RAMAZZOTTI IHF","daniloramazzotti.com","IT","11-50 employees","1M-5M","1-MANUAL no tool","Design / Product","Owner / Founder","MANUAL","no","no","handmade ceramic and terracotta tiles","https://daniloramazzotti.com/en/collection/item/dynamic-design/","The site promotes 'Dynamic Design' as a customization offering: 'Only Danilo Ramazzotti can offer you the possibility to really customize your project' and 'You can create your majolica in three simple steps' (choose format, surface, color). There is no interactive online configurator, room preview or photo upload; customization is delivered with staff support ('A dedicated staff will help you to realise what you are looking for').","110"
"FABBRICA DEL SALE","fabbricadelsale.it","IT","11-50 employees","1M-5M","1-MANUAL no tool","Design / Product","Owner / Founder","MANUAL","no","no","marble and stone slabs","https://fabbricadelsale.it/project/3d-design/","The 3D Design page states, “We are able to create photorealistic renders and video,” describing a bespoke rendering service. The company also says its rooms are “customized and tailor-made by the company itself,” indicating a manual service rather than an interactive configurator.","110"
"GEOPIETRA","geopietra.it","IT","11-50 employees","1M-5M","1-MANUAL no tool","Design / Product","Owner / Founder","MANUAL","no","no","manufactured stone veneer","https://www.geopietra.com/manufactured-stone/customized-stone-coverings","The 'Create your own murogeopietra solution' page describes a staff-driven custom service: customers send a project outline and photographs of the wall to be recreated, and 'Pictures of our proposal will be sent via e-mail, and once approved a sample panel can be made up on customer request.' There is no self-service visualizer, configurator, or AI/prompt tool anywhere in the site's navigation or product pages.","110"
"PETRA ANTIQUA","petraantiqua.com","IT","11-50 employees","1M-5M","1-MANUAL no tool","Design / Product","Owner / Founder","MANUAL","no","no","stone surfaces and mosaics","https://petraantiqua.com/en/about","The site has a “Consulting and Design” section stating, “We support your ideas by designing custom solutions to make every environment unique and exclusive.” It also says visitors can see and touch the collections firsthand in its showroom.","110"
"VIDREPUR","vidrepur.com","ES","51-200 employees","25M-75M","1-MANUAL no tool","Design / Product","Marketing + Design + MD","MANUAL","no","no","glass mosaic tiles","https://vidrepur.com/en/azulejos-gresite","The site invites customers to be advised by VIDREPUR's professional team: “Déjate asesorar por el gran equipo de profesionales de Vidrepur...” and provides a “CONTACT US” option; no interactive visualizer, room try-on, or prompt-based generator is stated.","110"
"ARTO Brick & Tile","arto.com","US","51-200 employees","25M-75M","1-MANUAL no tool","Design / Product","Marketing + Design + MD","MANUAL","no","no","handcrafted tile brick pavers","https://arto.com/pages/concrete","ARTO states, “Working on something we do not stock, or do not make yet? Send the drawing,” and says it develops “custom colors, custom shapes, and custom color matches” before production. This is a manual custom-design service rather than an interactive visualizer.","110"
"Chadwick's Surfaces International, Inc.","chadwickssurfaces.com","US","11-50 employees","1M-5M","1-MANUAL no tool","Design / Product","Owner / Founder","MANUAL","no","no","natural stone and tile","https://www.chadwickssurfaces.com/","The homepage advertises a “CUSTOM STONE WORKSHOP” where customers can use “setting trays to help bring your custom mosaic vision to life,” with a Chadwick's representative available to provide guidance. This is a human-assisted custom design service rather than an interactive room visualizer or prompt-based generator.","110"
"Linden Workshops","lindenworkshops.com","US","2-10 employees","1M-5M","1-MANUAL no tool","Design / Product","Owner / Founder","MANUAL","no","no","decorative accent tiles","https://lindenworkshops.com/contact/","The site says its tile is carried by fine tile showrooms and that it is “always glad to talk through a project directly.” Its contact page provides a phone number and contact form, indicating manual project assistance rather than an interactive design tool.","110"
"Tile by Design, LLC","tilebydesign.net","US","2-10 employees","1M-5M","1-MANUAL no tool","Design / Product","Owner / Founder","MANUAL","no","no","custom decorative tile murals","https://www.tilebydesign.net/","The site describes “TILE MURALS - Any image, on Tile in 3 Easy Steps” and asks customers to “Bring us your own image, photograph, logo, design or idea.” It then says, “we will create a mural just for you,” indicating a manual custom service rather than an interactive preview tool.","110"
"Haussmann Natural Stone","haussmannstone.com","US","2-10 employees","1M-5M","1-MANUAL no tool","Design / Product","Owner / Founder","MANUAL","no","no","natural stone products","https://haussmannstone.com/wp-content/uploads/2020-Haussmann-Catalog.pdf","The catalogue states that “Visual representations of the project are created” and that “These drawings take the designer’s vision” through installation and production details. This describes staff-produced project drawings, so the capability is MANUAL rather than an interactive visualizer.","110"
"Hanover Architectural Products","hanoverpavers.com","US","51-200 employees","25M-75M","1-MANUAL no tool","Design / Product","Marketing + Design + MD","MANUAL","no","no","concrete unit pavers","https://hanoverpavers.com/vision-studio/","VISION STUDIO offers '2D Conceptual Design, 3D Visualization, and Roof & Pedestal Takeoff', where the customer completes 'the project intake form' and 'a member of our in-house design team will reach out'; the 3D Visualization Service delivers 'photorealistic renderings' produced by Hanover rather than a self-service tool.","110"
"BECRISA","becrisa.com","ES","51-200 employees","10M-25M","1-MANUAL no tool","Design / Product","Marketing + Design + MD","MANUAL","no","no","bathroom fixtures and showerware","https://becrisa.com/en/shower-screen/special-solutions/","The special-solutions page states, “Since these are custom-made models, we can offer personalized options to fit your needs,” and describes special measurements and the need to provide a “dimensioned plan.” This supports a bespoke/manual service rather than an interactive visualizer or prompt-based tool.","109"
"The Rookwood Pottery Co.","rookwood.com","US","51-200 employees","10M-25M","1-MANUAL no tool","Design / Product","Marketing + Design + MD","MANUAL","no","no","ceramic tiles and pottery","http://rookwood.com/pages/contact-our-tile-experts","The site offers “Contact our Tile Experts” and asks what type of project the visitor needs assistance with. Its custom page directs visitors to contact the custom and commemorative team, indicating a MANUAL service rather than an interactive design tool.","109"
"Foshan Domogres Building Materials LTD.","dozanmosaic.com","CN","51-200 employees","10M-25M","1-MANUAL no tool","Design / Product","Marketing + Design + MD","MANUAL","no","no","glass marble mosaic tiles","https://www.dozanmosaic.com/","The site describes its marketing support as “HD pictures & Room Show design & Catalogs” and says, “We will send those package to customers,” while also offering help to make sample boards in China.","109"
"HOMEE FOSHAN CO .LTD","homeemosaic.com","CN","51-200 employees","10M-25M","1-MANUAL no tool","Design / Product","Marketing + Design + MD","MANUAL","no","no","mosaic and pool tiles","https://www.homeemosaic.com/custom.html","The site labels a “Custom” page and says Homee Mosaic offers “comprehensive ODM and OEM services,” with customization covering “size, material, color, pattern, and shape.” It provides chat, email, and WhatsApp contacts rather than an interactive visualizer, so the highest detected tool level is MANUAL.","109"
"TESSERE","tesseremosaico.it","IT","2-10 employees","","1-MANUAL no tool","Design / Product","Owner / Founder","MANUAL","no","no","mosaic tiles and decor","https://www.tesseremosaico.it/artistic/","The artistic mosaic page states, “Our world-renowned mosaic artist can turn into a masterpiece any of your design or photograph,” and provides “Request Information.” This is a manually delivered bespoke service rather than an interactive customer-operated configurator.","108"
"TRAVERTINI PARADISO","travertiniparadiso.com","IT","2-10 employees","","1-MANUAL no tool","Design / Product","Owner / Founder","MANUAL","no","no","travertine slabs and mosaics","https://www.travertiniparadiso.com/progetti","No interactive design tool, configurator, or visualizer appears anywhere on the site; bespoke work is handled by people: 'Collaborando con grandi studi di architettura, costruttori e designers di tutto il mondo è possibile soddisfare qualsiasi tipo soluzione richiesta in maniera sartoriale' and the homepage invites 'HAI UN IDEA? Contattaci'.","108"
"DURSTONE","durstone.es","ES","11-50 employees","10M-25M","2-has tryon, no prompt","Digital / Ecommerce","Owner / Founder","ADVANCED","yes","no","porcelain and ceramic tiles","https://www.durstone.es/en/simulador-3d","The site labels the page “Simulador 3D” and states, “Spark Blueprint is designed to be used on a computer.” This is a dedicated customer-facing 3D visualization experience.","102"
"ECOCERAMIC","ecoceramic.es","ES","11-50 employees","10M-25M","2-has tryon, no prompt","Digital / Ecommerce","Owner / Founder","ADVANCED","yes","no","ceramic and porcelain tiles","https://www.ecoceramic.es/configurador-3d/","The Collections page states: ""Con nuestro configurador 3D, podrás diseñar tu espacio y visualizar cómo encajan nuestros productos en tus ambientes"" with a link to the configurador 3D. This is a first-party tool that composes a room preview of their products.","102"
"OTTOFOND","groupeottofond.com","FR","11-50 employees","10M-25M","2-has tryon, no prompt","Digital / Ecommerce","Owner / Founder","ADVANCED","yes","no","bathroom fittings and furniture","https://o-design.fr/","The O’Design page says: “Imaginez, testez, créez. Grâce à notre configurateur 3D, visualisez votre projet dans les moindres détails et concevez un espace qui vous ressemble vraiment.” The group site links to O’Design as one of its brands.","102"
"SKEMA","skema.eu","IT","11-50 employees","10M-25M","2-has tryon, no prompt","Digital / Ecommerce","Owner / Founder","ADVANCED","yes","no","flooring and wall coverings","https://skema.eu/en/3d-configurator/","The site's services navigation explicitly lists “3D Configurator” alongside Architects, Contractor, Retailers, and Gallery, indicating a customer-facing interactive visualization tool. No wording indicating AI or text-prompt visual generation was found.","102"
"TECHNOLAM - BLUFANGO","technolam.it","IT","11-50 employees","10M-25M","2-has tryon, no prompt","Design / Product","Owner / Founder","MANUAL","yes","no","porcelain stoneware slabs","https://technolam.it/en/what-we-do/","The site states that it offers “feasibility study, cost analysis and 3D rendering” to design in a personalized way, alongside planning and consultation services; this is a manual service rather than a self-service configurator or prompt-based tool.","102"
"IMEX INTERNATIONAL CO., LTD","imexinter.com","TH","","1M-5M","1-MANUAL no tool","Design / Product","Owner / Founder (size unknown)","MANUAL","no","no","glass ceramic porcelain tiles","https://imexinter.com/en/international/products?page=14","The product range includes “made-to-order colour ranges,” and the site states, “Ask for prices, request tile samples, or talk to the team.” This indicates bespoke assistance handled by staff, with no interactive room visualizer, upload-based preview, or text-prompt generator identified.","102"
"EMOTION CERAMICS","emotionceramics.es","ES","11-50 employees","5M-10M","2-has tryon, no prompt","Digital / Ecommerce","Owner / Founder","ADVANCED","yes","no","ceramic floor and wall tiles","https://emotionceramics.es/en/virtual-1-1","The site navigation includes an “App” linking to “virtual-1-1,” which indicates a customer-facing virtual visualization tool. No wording describes AI or text-prompt visual generation.","101"
"REVIGLASS","reviglass.es","ES","11-50 employees","5M-10M","2-has tryon, no prompt","Digital / Ecommerce","Owner / Founder","ADVANCED","yes","no","glass mosaic tiles","https://myvirtualpool.reviglass.es/","The site navigation offers 'My virtual pool' / 'Pool configurator' (linked from their own subdomain myvirtualpool.reviglass.es), and trade press describes it: 'My Virtual Pool de Reviglass permite el diseño online de una piscina... Este simulador permite probar 76 referencias de Reviglass en un prototipo de piscina en sus diferentes profundidades.' Their mosaics are also available in the third-party Logyconcept3D pool-design platform.","101"
"Roca / Lamosa USA","rocatileusa.com","US","51-200 employees","75M-200M","2-has tryon, no prompt","Digital / Ecommerce","Marketing + Design + MD","ADVANCED","yes","no","ceramic and porcelain tiles","https://rocatileusa.com/?roomvoStartVisualizer=true","The homepage says “Room Visualizer” and “Easily explore how our stunning tiles will look in your space. Start designing your dream room today!” The link invokes Roomvo through the `roomvoStartVisualizer=true` parameter; no text-prompt feature is stated.","101"
"BRICK&MORE BY CIFRE","cifreceramica.com","ES","51-200 employees","25M-75M","2-has tryon, no prompt","Digital / Ecommerce","Marketing + Design + MD","ADVANCED","yes","no","small-format ceramic tiles","https://cifreceramica.com/en/cifrecreate_3d/","The site's Tools section promotes 'Cifre Roomview': 'Just upload a photo of your room and let the magic happen' (cifrecreate_3d page). The underlying app is a third-party build, titled 'Cifre Ceramica Room Visualizer, Powered by Roomvo', letting users 'See products in your room. Take a photo. Choose from library'.","100"
"CERAMICA VALSECCHIA","ceramicavalsecchia.it","IT","51-200 employees","25M-75M","2-has tryon, no prompt","Digital / Ecommerce","Marketing + Design + MD","ADVANCED","yes","no","porcelain stoneware tiles","https://www.ceramicavalsecchia.it/2022/06/30/ceramica-valsecchia-domus3d/?lang=en","The site states, “Create your interiors with our products, on DomuS3D,” and says that users can find all Ceramica Valsecchia collections in DomuS3D, a professional interior-design software, to see previews of their ideas.","100"
"CERAMICHE CAESAR","caesar.it","IT","51-200 employees","25M-75M","2-has tryon, no prompt","Digital / Ecommerce","Marketing + Design + MD","ADVANCED","yes","no","porcelain ceramic tiles","https://www.caesar.it/en/roomvo/","The site describes Virtual Room as “Caesar's innovative room configurator that simulates an installation of the colour concerned in any setting.” Its visualizer says “See products in your room” and “Take a photo.”","100"
"CERASARDA","cerasarda.it","IT","","","1-MANUAL no tool","Design / Product","Owner / Founder (size unknown)","MANUAL","no","no","designer ceramic tiles and decor","https://www.cerasarda.it/en/samples","The site offers physical samples rather than any digital tool: 'Our samples allow you to preview the architectural elegance and quality craftsmanship that make our coatings unique.' Bespoke work is human-delivered: 'Every space has its own soul, and we create ceramics that blend with it, sculpting unique details that tell your story.'","100"
"FLAMINIA ITALIAN CERAMIC TILES","ceramicaflaminia.com","IT","2-10 employees","1M-5M","2-has tryon, no prompt","Digital / Ecommerce","Owner / Founder","ADVANCED","yes","no","porcelain stoneware tiles","https://www.ceramicaflaminia.it/en/","The site labels the feature “Configurator” and states: “Design your bathroom and see it in your room in AR.” No text-prompt generation capability is stated; the feature is an AR configurator.","100"
"GAYAFORES","gayafores.es","ES","51-200 employees","25M-75M","2-has tryon, no prompt","Digital / Ecommerce","Marketing + Design + MD","ADVANCED","yes","no","porcelain floor/wall tiles","https://gayafores.tilelook.com/","The site describes the GF-3D Design Area as a “3D design and preview application” where users can “design your own spaces” with Gayafores porcelain floor and wall tile collections to obtain “a totally realistic result.”","100"
"GSI CERAMICA","gsiceramica.it","IT","51-200 employees","25M-75M","2-has tryon, no prompt","Digital / Ecommerce","Marketing + Design + MD","ADVANCED","yes","no","ceramic bathroom sanitaryware","https://gsiceramica.it/en/augmented-reality-for-your-bathroom/","The site describes a “revolutionary 3D visualization tool” and says users can “insert the product in the virtual copy of your real-life bathroom.”","100"
"HARMONY","harmonyinspire.com","ES","51-200 employees","25M-75M","2-has tryon, no prompt","Digital / Ecommerce","Marketing + Design + MD","ADVANCED","yes","no","ceramic and porcelain tiles","https://harmonyinspire.com/3d","The 3D page explicitly says “Visualize tiles in setting” and “Design your own setting.” No text-prompt generation capability is stated on the reviewed pages.","100"
"KEOPE","keope.com","IT","51-200 employees","25M-75M","2-has tryon, no prompt","Digital / Ecommerce","Marketing + Design + MD","ADVANCED","yes","no","porcelain stoneware tiles","https://www.keope.com/en/tiles/design-your-room","The site offers the Match App: 'Upload a photo of your environment, choose from the porcelain stoneware collections of Ceramiche Keope and admire the transformation' — a working room visualizer driven by an uploaded photo. It is presented as Keope's own tool ('Match App: Design Your Spaces with Ceramiche Keope'), with no evidence of text-prompt/AI generation.","100"
"TAGINA","tagina.it","IT","51-200 employees","25M-75M","2-has tryon, no prompt","Digital / Ecommerce","Marketing + Design + MD","ADVANCED","yes","no","porcelain stoneware tiles","https://www.tagina.it/en/roomvo/","The site says, “Design and personalize your home spaces ... experimenting with different combinations of sizes, colors and surfaces.” An official TAGINA description identifies the “Tagina Configurator, powered by RoomLook” as enabling users to “visualize Tagina surfaces in realistic spaces.”","100"
"UNDEFASA","undefasa.com","ES","51-200 employees","25M-75M","2-has tryon, no prompt","Digital / Ecommerce","Marketing + Design + MD","ADVANCED","yes","no","ceramic and porcelain tiles","https://www.realityremod.com/UNDEFASA","The site says, “Take a photo and choose the product you want to install.” It describes Undefasa Reality as an “augmented reality application with artificial intelligence” that lets users switch between floor and wall tiles directly in the photo, with access at https://www.realityremod.com/UNDEFASA.","100"
"VERNI-PRENS","verniprens.com","ES","51-200 employees","25M-75M","2-has tryon, no prompt","Design / Product","Marketing + Design + MD","MANUAL","yes","no","precast concrete and stone","https://verniprens.com/en/3d/","The site states, “we also offer a 3D modeling service with our products” and explains that it works with an architecture group. It also offers “a simulation on a real photograph” supplied by the customer and asks interested users to contact the company.","100"
"American Restoration Tile, Inc.","restorationtile.com","US","2-10 employees","1M-5M","2-has tryon, no prompt","Design / Product","Owner / Founder","MANUAL","yes","no","custom historical ceramic tile","https://restorationtile.com/contact/","The site says customers should email their project details and that the company will send “a small mock of of your pattern,” while “larger computer generated mocks to scale in your space” are available for a design fee. This is a staff-delivered visualization service, so it is classified as MANUAL rather than an interactive customer-facing tool.","100"
"Casa Ceramica, Inc.","casaceramica.com","US","2-10 employees","1M-5M","2-has tryon, no prompt","Design / Product","Owner / Founder","MANUAL","yes","no","ceramic tiles and panels","https://casaceramica.com/trades/","The site labels the service “Design Visualization” and says, “we offer 3D modeling services for qualifying projects,” allowing users to present “a preview of our ceramics in your specific space.”","100"
"Elon Tile & Stone","elontile.com","US","11-50 employees","1M-5M","2-has tryon, no prompt","Digital / Ecommerce","Owner / Founder","ADVANCED","yes","no","tile and stone products","https://elontile.com/pages/room-visualizer","The site navigation explicitly lists “Room Visualizer,” and the dedicated page is titled “Room Visualizer.” No wording indicates text-prompt or AI-generated visual creation, so hasPrompt is no.","100"
"PORCEMALL USA","porcemall.com","US","2-10 employees","1M-5M","2-has tryon, no prompt","Digital / Ecommerce","Owner / Founder","ADVANCED","yes","no","floor and wall tiles","https://www.roomvo.com/my/porcemall/","The site labels the feature “ROOM VIEWER” and “YOUR VIRTUAL DESIGN PARTNER,” stating, “Get a glimpse of how these floors will transform your home.” It links to “VISUALIZE IT” at Roomvo.","100"
"Stoneyard LLC","stoneyard.com","US","51-200 employees","25M-75M","2-has tryon, no prompt","Digital / Ecommerce","Marketing + Design + MD","ADVANCED","yes","no","natural stone veneer","https://stoneyard.com/visualize-your-house-with-stone-accents/","Stoneyard calls the Stone Project Visualizer “an interactive design tool” that previews natural thin stone veneer on real scenes; users can choose a sample scene, select a surface, and try different veneer colors and shapes. No text-prompt generation is described on the visualizer or homepage pages examined.","100"
"APARICI","aparici.com","ES","51-200 employees","10M-25M","2-has tryon, no prompt","Digital / Ecommerce","Marketing + Design + MD","ADVANCED","yes","no","ceramic and porcelain tiles","https://www.aparici.com/en/tools-visualisation-3d-tiles","The site's '3D Viewer' page states: 'we offer two powerful 3D design tools so you can visualise how our ceramic collections will look in any room', linking to preset-scene visualisation and a planner to 'Create your 3D projects from scratch: arrange furniture, change floors and walls, and visualise the result with our ceramics.'","99"
"ARCOM","arcombagno.com","IT","51-200 employees","10M-25M","2-has tryon, no prompt","Digital / Ecommerce","Marketing + Design + MD","ADVANCED","yes","no","bathroom furniture and fittings","https://www.arcombagno.com/en/","The site states: “With the graphics software TRICAD LITE, each retailer can guide the customer through a 3D bathroom design and support the company in managing orders.” This is an advanced retailer-assisted 3D design tool; no text-prompt visual-generation feature is stated.","99"
"BETSAN GLASS MOSAIC","betsan.com","TR","51-200 employees","10M-25M","2-has tryon, no prompt","Digital / Ecommerce","Marketing + Design + MD","ADVANCED","yes","no","glass mosaic tiles","https://design.betsan.com","The site says users can “easily design their dream pools and instantly select their preferred products” and “preview how the mosaic will look in the pool.” It also lists 101 glass mosaics, 9 porcelain tiles, daytime and nighttime views, quantity calculation, and design download.","99"
"FLAMINIA","ceramicaflaminia.it","IT","51-200 employees","10M-25M","2-has tryon, no prompt","Digital / Ecommerce","Marketing + Design + MD","ADVANCED","yes","no","designer ceramic sanitaryware","https://magazine.ceramicaflaminia.it/","The homepage labels a feature “Configurator” and states: “Design your bathroom and see it in your room in AR.” This supports an ADVANCED customer-facing room-visualization tool with try-on capability, but no text-prompt feature is described.","99"
"LA FABBRICA AVA","lafabbrica.it","IT","51-200 employees","10M-25M","2-has tryon, no prompt","Digital / Ecommerce","Marketing + Design + MD","ADVANCED","yes","no","porcelain stoneware tiles","https://www.lafabbrica.it/en/collections/up/","The collection page labels the feature “room simulator” and invites visitors to “Discover how our products transform your environment” and “try now.”","99"
"TN CORPORATION","tn-corporation.com","JP","51-200 employees","","2-has tryon, no prompt","Digital / Ecommerce","Marketing + Design + MD","ADVANCED","yes","no","mosaic and architectural tiles","https://www.tn-corporation.com/english","The site describes “Mosaic Arts Factory” as “a free software” that allows users to “simulate your image, e.g. photos, illustrations or landscapes” with 141 colors on screen. It also invites users to bring photos or illustrations for simulation and says it can reproduce the desired image with mosaic tile.","95"
"LAFAENZA","lafaenzaceramica.com","IT","","10M-25M","2-has tryon, no prompt","Digital / Ecommerce","Owner / Founder (size unknown)","ADVANCED","yes","no","ceramic floor and wall tiles","https://lafaenzaceramica.com/configuratore/","The homepage promotes 'The new LaFaenza configurator Design-it-Yourself' with 'The results are amazing and immediate! Try it out now!', and describes it as able to 'transform any environment', indicating customers can visualise the products in a room. No AI/text-prompt capability is mentioned anywhere on the site.","94"
"CARRODRAIN","carrodrain.com","BE","11-50 employees","10M-25M","3-composes, no room view","Digital / Ecommerce","Owner / Founder","ADVANCED","no","no","design shower drains","https://carrodrain.com/en/pages/downloads","The site lists “3D configurator” in its navigation, while its Downloads page refers to “3D configurator Carrodrain” and provides a configurator login; no wording indicates text-prompt generation or room-photo try-on.","92"
"GRUPO EMBRAMACO","embramaco.com.br","BR","","1M-5M","2-has tryon, no prompt","Digital / Ecommerce","Owner / Founder (size unknown)","ADVANCED","yes","no","porcelain floors and coverings","https://www.embramaco.com.br/porcelanato","The porcelain page explicitly mentions “o simulador de ambientes com produtos Embramaco” (“the environment simulator with Embramaco products”), indicating an in-room product visualization capability. No text-prompt generation feature is stated on the reviewed pages.","92"
"StoneImpressions/Artisan Stone Tile","stoneimpressions.com","US","11-50 employees","10M-25M","3-composes, no room view","Digital / Ecommerce","Owner / Founder","ADVANCED","no","no","natural stone decorative tiles","https://wordpress-1483566-5640268.cloudwaysapps.com/","Product pages state, “Use our tile visualizer to view our patterns on different stone types,” and provide a “Design Your Perfect Tile” interface with selectable stone bases and pattern overlays.","92"
"ESTILKER","ceramicaestilker.com","ES","11-50 employees","5M-10M","3-composes, no room view","Digital / Ecommerce","Owner / Founder","ADVANCED","no","no","ceramic and porcelain tiles","https://www.couture.ceramicaestilker.com/en/test","The Couture page says, “Turn our designs into your own idea and adapt them to your needs,” and provides “Designs,” “Composition,” “Select Size,” “Select Color,” “Ambiences,” and “Request a budget.” This is an interactive composition/customisation interface rather than a text-prompt or own-room upload tool.","91"
"GEMMA","gemma.com.eg","EG","2-10 employees","5M-10M","3-composes, no room view","Digital / Ecommerce","Owner / Founder","ADVANCED","no","no","ceramic and porcelain tiles","https://gemma.com.eg/","The homepage labels the feature “Design Your Own” and describes it as “a tool” that lets customers personalize their settings using GEMMA’s “designs, textures, reliefs, colors and formats.”","91"
"ALICE CERAMICA","aliceceramica.com","IT","51-200 employees","25M-75M","3-composes, no room view","Digital / Ecommerce","Marketing + Design + MD","ADVANCED","no","no","bathroom sanitaryware washbasins","https://configuratore.aliceceramica.com/en/","The site labels a “configurator” and says: “Discover all the possible combinations: configure the products in every finish and colour,” linking to the Alice Ceramica configurator. No wording indicates room or uploaded-photo try-on or text-prompt generation.","90"
"APPIANI","gruppobardelli.com","IT","51-200 employees","25M-75M","3-composes, no room view","Digital / Ecommerce","Marketing + Design + MD","ADVANCED","no","no","ceramic mosaic tiles","https://en.gruppobardelli.com/appiani/appiani-configurators","The site presents 'MyMix, MyDegradé, and MyCustom — the three Appiani digital configurators for designing unique and personalized spaces', where MyMix lets you 'compose your own ceramic mosaic blend' and MyCustom lets you 'transform any image or graphic into a custom ceramic mosaic'. This is their own build, not a third-party tool like Roomvo.","90"
"ARKLAM","ittceramic.com","ES","51-200 employees","25M-75M","3-composes, no room view","Digital / Ecommerce","Marketing + Design + MD","ADVANCED","no","no","large-format sintered stone","https://arklam.com/en/arklam-house-future/","Arklam describes a 360º “virtual showroom” converted into a luxury home that lets users see how its 6, 12, and 20 mm products look in different settings. Its products page also mentions a search tool for finding the appropriate look, thickness, and finish by application or project type.","90"
"EZARRI MOSAICO","ezarri.com","ES","51-200 employees","25M-75M","3-composes, no room view","Digital / Ecommerce","Marketing + Design + MD","ADVANCED","no","no","recycled glass mosaic tiles","https://www.ezarri.com/en/configurator","The site calls it a “mosaic tiles configurator and water color simulator for swimming pools” and says users can “mix up to 4 references to see a simulation of the final result.”","90"
"GRES ARAGÓN","gresaragon.com","ES","51-200 employees","25M-75M","3-composes, no room view","Digital / Ecommerce","Marketing + Design + MD","ADVANCED","no","no","ceramic and porcelain tiles","https://gresaragon.flooriing.com/?product=en","""Our 3D visualizer lets you combine collections and finishes to preview your project. The perfect 360º tool for making your ideas real"" — a working, third-party-hosted (Flooriing) interactive viewer linked as ""TRY THE 3D VIEWER""; no photo upload or text-prompt feature is mentioned on the site.","90"
"IMPERTEK","impertek.com","IT","11-50 employees","1M-5M","3-composes, no room view","Digital / Ecommerce","Owner / Founder","ADVANCED","no","no","flooring supports and waterproofing","https://www.impertek.com/web-app","The site calls MegaPro 4.0 “the web app for designing raised flooring installations using supports from the Pedestal Line range.” It lets users import floor plans, design on the installation plane, and automatically calculate the required supports and download a bill of materials.","90"
"ONIX","onixmosaico.com","ES","51-200 employees","25M-75M","3-composes, no room view","Digital / Ecommerce","Marketing + Design + MD","ADVANCED","no","no","glass mosaic tiles","https://www.onixmosaico.com/en/","The site describes “A web application that allows you to develop your most creative facets by mixing and matching ONIX tiles” and provides “Use app > Start designing.”","90"
"Unique Design Solutions","uniquedesignsolutions.com","US","11-50 employees","1M-5M","3-composes, no room view","Digital / Ecommerce","Owner / Founder","ADVANCED","no","no","custom mosaic tiles","https://uniquedesignsolutions.com/","The site states: “Design, play, and create original designs and patterns, or customize our house blends, with our custom Mosaic Creator.” It also promotes “Create Your Own Custom Tile in Minutes.”","90"
"Tarmak USA","tarmakusa.com","US","2-10 employees","1M-5M","3-composes, no room view","Digital / Ecommerce","Owner / Founder","ADVANCED","no","no","natural stone tiles","https://tarmakusa.com/mosaic-configurator/","The site states: ""We created an easy to use design tool that allows you to create and customize a mosaic with your desired color combinations"" and ""This tool is allowing you to bring to life your personalized and one of a kind mosaic pattern."" The tool is their own build, hosted at mc.tarmakusa.com and credited as created for them by GRAFXION Creative Design Studios.","90"
"MOBILDUENNE","mobilduenne.it","IT","51-200 employees","10M-25M","3-composes, no room view","Digital / Ecommerce","Marketing + Design + MD","ADVANCED","no","no","custom bathroom furniture","https://www.mobilduenne.it/configuratore-3cad-mobilduenne/","The site explicitly links to “3CAD” at “/configuratore-3cad-mobilduenne/” from its Download/navigation area. The available wording identifies it as a configurator, but does not mention text-prompt generation or uploaded-room visualization.","89"
"RUBINETTERIE 3M","rubinetterie3m.it","IT","51-200 employees","10M-25M","3-composes, no room view","Digital / Ecommerce","Marketing + Design + MD","ADVANCED","no","no","bathroom taps and fixtures","https://www.rubinetterie3m.it/en","The site promotes a “new Configurator” to “design your shower solutions” and says users can “Configure, customise and visualise every detail.” This is an advanced product-composition configurator, but the cited wording does not mention text prompts or viewing products in an uploaded room photo.","89"
"TOGAMA","togama.com","ES","51-200 employees","10M-25M","3-composes, no room view","Digital / Ecommerce","Marketing + Design + MD","ADVANCED","no","no","glass mosaic tiles","https://togama.com/mixer/","The company profile says to “check our App Mosaic Generator to customize your product” and that users can “design your own mix of colors and finishes” with “endless combinations.” The Products page links this customer-facing tool as “Mixer.”","89"
"MOSSAICA","mossaica.com","TR","11-50 employees","","3-composes, no room view","Digital / Ecommerce","Owner / Founder","ADVANCED","no","no","glass mosaic tiles","https://mossaica.com/en/","The homepage says “Explore the Collection Create your own pattern,” indicating a customer-facing pattern-composition capability. No wording indicates text-prompt generation, room placement, or uploaded-photo visualization; the site does not identify the technology as third-party.","88"
"Quemere Designs","quemeredesigns.com","US","","5M-10M","3-composes, no room view","Digital / Ecommerce","Owner / Founder (size unknown)","ADVANCED","no","no","handmade ceramic tiles","https://designyourown.quemeredesigns.com/","The site says clients can use its “design-your-own-mosaic” portal to “select various patterns and colors schemes to create their own arrangement.” It adds that the designs can be “previewed on a backsplash or bathroom wall.”","83"
"ADEX","adexspain.com","ES","11-50 employees","10M-25M","4-no design step","Marketing","Owner / Founder","NONE","no","no","handmade decorative ceramic tiles","","The site's navigation and pages contain no visualizer, configurator, simulator, or AI feature — the homepage lists only SERIES collections (Alameda, Studio, Renaissance, etc.), NEWS, and COMPANY sections, with the footer offering only contact details and a newsletter signup. The closest offerings are a browseable catalogue ('analyze in detail the extensive catalog that our Factory has') and staff-made hand-painted decorations, which do not constitute a customer-facing design tool.","82"
"ARTISTICA 3","artisticatre.com","IT","11-50 employees","10M-25M","4-no design step","Marketing","Owner / Founder","NONE","no","no","porcelain stoneware slabs","","The site says “Customize your space” while describing formats, thicknesses, and surfaces, and its navigation lists Home, About Us, Products, Technical Info, Catalogs, Events, and Contact. No interactive visualization or prompt-based design feature is described.","82"
"EUROSHRINK","euroshrink.es","ES","11-50 employees","10M-25M","4-no design step","Marketing","Owner / Founder","NONE","no","no","aluminium tile profiles","","No design or visualisation tool was found; the site navigation offers only About us, News, Catalogue 2024, Contact and Login, and the only interactive-looking link is a virtual showroom tour, which is not a customer-facing design tool.","82"
"LE NID","lenid.it","IT","2-10 employees","10M-25M","4-no design step","Marketing","Owner / Founder","NONE","no","no","handmade artistic tiles","","The site provides product links, a shop, catalogue downloads, and product search—including “Download Cataloghi” and “Start typing to see products you are looking for”—but no visualizer, configurator, room preview, upload feature, or prompt-based generator is identified.","82"
"MAIER GRIFERIAS","griferiasmaier.com","ES","11-50 employees","10M-25M","4-no design step","Marketing","Owner / Founder","NONE","no","no","bathroom and kitchen faucets","","The navigation lists “Company,” “Collections,” “Downloads,” “News,” and “Contact.” The collections page lists named product collections and provides a “Download full Catalogue” link, but no customer-facing visualizer, configurator, or prompt feature is stated.","82"
"MGM CERAMICHE","mgmceramiche.it","IT","11-50 employees","10M-25M","4-no design step","Marketing","Owner / Founder","NONE","no","no","porcelain and wall tiles","","The site labels its offering “COLLECTIONS” and says, “Select the product you like and download the technical documentation.” No customer-facing room visualizer, configurator, image-upload preview, or text-prompt generator is stated in the site content examined.","82"
"NANDA TILES","nandatiles.es","ES","11-50 employees","10M-25M","4-no design step","Marketing","Owner / Founder","NONE","no","no","ceramic and porcelain tiles","","The site provides named collections, a “Catalogue,” and “Tile Styles,” but no visualizer, configurator, room planner, uploaded-photo preview, or text-prompt generation feature is stated.","82"
"VILLA CERAMICA","villaceramica.es","ES","11-50 employees","10M-25M","4-no design step","Marketing","Owner / Founder","NONE","no","no","ceramic and porcelain tiles","","The site presents “Featured Series” and a “Contact Us” section stating “Fill out the form and we will contact you.” No customer-facing visualizer, configurator, room-preview, upload-photo, or text-prompt feature is stated on the reviewed pages.","82"
"Andean Stone Company- Simpatico Surfaces","andeanstonecompany.com","US","11-50 employees","10M-25M","4-no design step","Marketing","Owner / Founder","NONE","no","no","natural stone tiles","","The site describes a “complete collection” of stone tiles and slabs and says it creates “special, unique custom architectural pieces,” but it does not state a customer-facing visualizer, room-preview, configurator, or prompt feature.","82"
"StyleAccess","style-access.com","US","11-50 employees","10M-25M","4-no design step","Marketing","Owner / Founder","NONE","no","no","ceramic and porcelain tiles","","The site describes StyleAccess as a leader in “product design, development and distribution” and lists its Lungarno Ceramics and CommodiTile tile brands and series. The reviewed official content does not state a customer-facing visualizer, configurator, room preview, or prompt-based design tool.","82"
"ASCOT DOMDESIGNLAB","ascotcer.it","IT","11-50 employees","5M-10M","4-no design step","Marketing","Owner / Founder","NONE","no","no","porcelain stoneware surfaces","","The site highlights “nuove collezioni” and “Scopri le novità,” but the reviewed content does not state a visualizer, configurator, room preview, photo upload, or prompt-generation feature.","81"
"AZERO BAGNI","azerobagni.com","IT","11-50 employees","5M-10M","4-no design step","Marketing","Owner / Founder","NONE","no","no","bathroom furniture, taps, accessories","","The products page states that the commercial offering comprises “mobili da bagno, rubinetteria e accessori per l'arredo della sala da bagno” and links to named collections. No visualizer, configurator, room-preview, photo-upload, or text-prompt feature is stated on the reviewed product and collection content.","81"
"BOTTEGA","bottegatiles.com","IT","11-50 employees","5M-10M","4-no design step","Marketing","Owner / Founder","NONE","no","no","porcelain stoneware tiles","","The site presents “The collection” and a catalogue showing “1–12 of 47 results.” The checked pages contain no wording or feature for a visualizer, configurator, room preview, photo upload, or prompt-based design generator.","81"
"BRANDONI RADIATORS","brandoni.com","IT","11-50 employees","5M-10M","4-no design step","Marketing","Owner / Founder","NONE","no","no","design heating radiators","","The site lists “Linea Bagno,” “Linea Design,” “Linea Casa,” and “Linea Retrò,” along with a “Valvola Smart,” but the reviewed pages do not state that customers can use a visualizer, configurator, room preview, or prompt-based design tool.","81"
"CAPANNOLI","capannoli.it","IT","11-50 employees","5M-10M","4-no design step","Marketing","Owner / Founder","NONE","no","no","bathroom accessories and complements","","The site presents “Products,” “Collections,” “Complements,” and “Typologies,” plus a “Catalog download.” Its catalogue gives static instructions such as “Choose your size” and “Consult the price list,” but no interactive visualizer, configurator, room preview, or prompt feature is stated.","81"
"CERAMICHE SAN NICOLA FONDATA DAL RAG. D'INTRONO","ceramichesannicola.it","IT","11-50 employees","5M-10M","4-no design step","Marketing","Owner / Founder","NONE","no","no","porcelain stoneware tiles","","The homepage presents a named product, “BOCCIARDATI Variante Grey,” but the available official content contains no stated visualizer, configurator, room planner, prompt-based generator, or other customer-facing design tool.","81"
"CISAL","huberitalia.com","IT","201-500 employees","75M-200M","1-MANUAL no tool","Design / Product","Head of Digital (park)","MANUAL","no","no","thermostatic taps and mixers","https://www.huberitalia.com/harlock","The Harlock customisation offer states: ""The products in the Harlock collection give you the possibility of customizing the finish and colours of your mixer"" (""I prodotti della collezione Harlock offrono la possibilità di personalizzare le finiture ed i colori del tuo miscelatore""). No interactive visualizer, room-preview configurator or AI/prompt tool was found anywhere on the site.","81"
"DA VINCI CERAMICA","ceramicadavinci.com","ES","11-50 employees","5M-10M","4-no design step","Marketing","Owner / Founder","NONE","no","no","Ceramic tiles and pieces","","The site states, “Somos fabricantes de piezas especiales y de todo tipo de decoración” and says it offers “soluciones a medida.” The reviewed site content does not identify a customer-facing visualizer, room preview, configurator, or text-prompt generator.","81"
"DUE G CERAMICHE","duegceramiche.com","IT","11-50 employees","5M-10M","4-no design step","Marketing","Owner / Founder","NONE","no","no","porcelain stoneware tiles","","No design tool was found in the main navigation, collections pages, or footer; the site offers only product collections and a contact form. Navigation is limited to Collections (Stone/Wood/Marble/Cement-Resin effects), a company page, and a Name/Email/Message contact form.","81"
"ESTUDIO CERAMICO","eceramico.com","ES","201-500 employees","75M-200M","1-MANUAL no tool","Design / Product","Head of Digital (park)","MANUAL","no","no","ceramic tiles and coverings","https://eceramico.com/contacto/","The site says, “Nuestro equipo de comerciales son expertos en asesoramiento para tu proyecto” and invites visitors to “Solicita una reunión con nosotros.” No interactive room visualizer, uploaded-photo preview, or text-prompt generator is stated.","81"
"FLOOR ITALIA CERAMICHE","flooritaliaceramiche.it","IT","11-50 employees","5M-10M","4-no design step","Marketing","Owner / Founder","NONE","no","no","porcelain stoneware tiles","","The site links to “PRODUCT BOOK 2.5” and “KINGSMAN COLLECTION 60x120.” No customer-facing visualizer, configurator, room-preview, upload, or prompt feature is identified on the visible site.","81"
"GAZZINI","ceramicagazzini.it","IT","11-50 employees","5M-10M","4-no design step","Marketing","Owner / Founder","NONE","no","no","ceramic tiles and surfaces","","The site describes “Uno Showroom progettato per chi progetta” and “Un ambiente pensato per ispirare architetti e progettisti.” Its navigation lists collections, effects, showroom, company, downloads, and contact, but does not state an interactive visualizer, configurator, or prompt-based design tool.","81"
"GLASS DESIGN","glassdesign.it","IT","11-50 employees","5M-10M","4-no design step","Marketing","Owner / Founder","NONE","no","no","designer bathroom washbasins","","The site presents “PRODUCTS WASHBASINS” and “DOWNLOAD CATALOGHI,” alongside “Ultime News” and “CONTATTI,” but no customer-facing visualizer, configurator, room planner, or prompt-based design feature is stated.","81"
"LACUS","lacus.it","IT","11-50 employees","5M-10M","4-no design step","Marketing","Owner / Founder","NONE","no","no","shower enclosures, trays, accessories","","The site promotes an “online catalogue” and lists “Custom solutions” and “Bespoke solutions,” but it does not present an interactive visualizer, configurator, room preview, image-upload tool, or text-prompt generator; therefore no customer-facing design tool is evidenced.","81"
"LIFE CERAMICA","lifeceramica.com","ES","11-50 employees","5M-10M","4-no design step","Marketing","Owner / Founder","NONE","no","no","small-format ceramic wall tiles","","The homepage calls the linked experience a “Cersaie 2023 virtual tour,” while the separate page contains only the labels “3D” and “Life Céramica.” No customer-facing room preview, product composition tool, or text-prompt visual generator is stated.","81"
"MANETTI GUSMANO & FIGLI","cottomanetti.com","IT","11-50 employees","5M-10M","4-no design step","Marketing","Owner / Founder","NONE","no","no","terracotta flooring and cladding","","The site describes “a collection of complements and accessories” and a “Working with Cotto Manetti” project offering, but its public product and project pages do not identify a customer-facing visualizer, configurator, room preview, upload-photo feature, or text-prompt generator.","81"
"PH DESIGN","phdizayn.com","TR","11-50 employees","5M-10M","4-no design step","Marketing","Owner / Founder","NONE","no","no","stainless steel drainage systems","","The homepage lists “Shower Drains,” “Floor Drains,” and “Technical Profiles,” and describes a “DOUBLE WATER DRAIN SYSTEM” and “INVISIBLE SYSTEM”; no customer-facing visualizer, room preview, configurator, upload, or text-prompt feature is shown.","81"
"PROGETTO IDEA STELLA","ideastella.com","IT","11-50 employees","5M-10M","4-no design step","Marketing","Owner / Founder","NONE","no","no","bathroom furniture collections","","The site highlights “New collections” and individual “Bathroom collection” pages, while describing customer service as support “from product information to after-sales service.” No customer-facing visualizer, configurator, room planner, or prompt-based generator is identified.","81"
"QUINTESSENZA CERAMICHE","quintessenzaceramiche.it","IT","11-50 employees","5M-10M","4-no design step","Marketing","Owner / Founder","NONE","no","no","design porcelain tiles","","No design tool was found: the site navigation offers only About us, Collections, Last Stock, Blog and a Download/reserved area, and the 'Merchandising 2022' page describes a physical 'Merchandising system' presenting the QC collections in showrooms, not a customer-facing digital design or visualization tool.","81"
"RELAX DESIGN","relaxdesign.it","IT","11-50 employees","5M-10M","4-no design step","Marketing","Owner / Founder","NONE","no","no","bathroom fixtures and accessories","","The site describes White Label as a collection of bathroom products and accessories and provides individual product pages such as Boxy Round S; the reviewed shop and product pages contain no stated visualizer, configurator, room preview, upload feature, or prompt-based design tool.","81"
"SQ MOSAIC","sqmosaic.com","ES","11-50 employees","5M-10M","4-no design step","Marketing","Owner / Founder","NONE","no","no","glass swimming-pool mosaics","","The site's navigation lists “Home Collections About us Contact,” while the product pages offer “Download catalogue” and “Download new products.” No customer-facing visualizer, configurator, room preview, or text-prompt generator is stated on the inspected pages.","81"
"TERRATINTA GROUP","terratintagroup.com","IT","11-50 employees","5M-10M","4-no design step","Marketing","Owner / Founder","NONE","no","no","ceramic tiles and surfaces","","The site presents “COLLECTIONS,” product categories, rooms, applications, projects, and downloads, but no visualizer, configurator, room-preview, upload-based tool, or text-prompt feature is stated; therefore the tool level is NONE.","81"
"WEBERT","webert.it","IT","11-50 employees","5M-10M","4-no design step","Marketing","Owner / Founder","NONE","no","no","bathroom and kitchen faucets","","The accessible site content presents product collections, catalogue downloads and professional contacts, but does not describe a room preview, product configurator, interactive visualizer or text-prompt generation feature; therefore no customer-facing design tool was verifiably classified.","81"
"TIEIC Ceramics","tieic.com","US","501-1,000 employees","75M-200M","1-MANUAL no tool","Design / Product","Head of Digital (park)","MANUAL","no","no","ceramic and porcelain tiles","https://www.tieic.com/","The site's custom offering is human-delivered: 'You Dream It, We Make It' and 'Dream of a perfect tile? We make it happen with endless product, packaging & delivery customisation options', handled via 'REQUEST A MEETING' and local sales reps. Product pages offer only filters (Effect, Surfaces, Size, Finish) with no composed preview, and no visualizer, configurator or AI tool appears in the main navigation.","81"
"Bankside Decor Ltd (Ohpopsi)","ohpopsi.com","GB","11-50 employees","5M-10M","4-no design step","Marketing","Owner / Founder","NONE","no","no","bold decorative wallpaper","","The homepage describes “BOLD WALLPAPER DESIGNED & PRINTED IN THE UK,” while the wallpaper page presents named products and prices; these pages contain no stated visualizer, room preview, photo upload, configurator, or prompt-generation feature.","81"
"Rafias Prisim Textil S.r.l.","rafiasprisim.com","AR","11-50 employees","5M-10M","4-no design step","Marketing","Owner / Founder","NONE","no","no","flat-weave textile fabrics","","The site provides catalogue sections and an “Explore Full Catalog” link, while its navigation lists standard company and catalogue pages; no visualizer, configurator, interactive 3D tool, upload preview, or prompt-based design feature is shown.","81"
"41ZERO42","41zero42.com","IT","11-50 employees","1M-5M","4-no design step","Marketing","Owner / Founder","NONE","no","no","designer ceramic tile collections","","The official navigation lists “Collections,” “Timeline,” “Projects,” “About,” “Contacts,” and “Downloads,” while the collections page enumerates the brand’s tile collections; no visualizer, configurator, room-preview, upload, or prompt feature is stated.","80"
"AB (AZULEJOS BENADRESA)","azulejosbenadresa.com","ES","51-200 employees","25M-75M","4-no design step","Marketing","Marketing + Design + MD","NONE","no","no","ceramic and porcelain tiles","","The homepage exposes a “virtual_experience” link and standard “Product,” “Downloads,” and “News” navigation, but the reviewed site content does not describe an interactive room preview, uploaded-photo try-on, product composition tool, or prompt-based generator; therefore the tool level is NONE. The “virtual_experience” link alone is not evidence of a qualifying design tool under the stated rules.","80"
"ABYSM BY OSET","oset.es","ES","51-200 employees","25M-75M","4-no design step","Marketing","Marketing + Design + MD","NONE","no","no","ceramic and porcelain tiles","","The site says “Descubre nuestro catálogo” and provides “CONTACTE CON NUESTRO EQUIPO,” but its relevant content shows no interactive visualizer, configurator, room preview, upload-photo feature, or text-prompt generator.","80"
"ACL","aclweb.pt","PT","51-200 employees","25M-75M","4-no design step","Marketing","Marketing + Design + MD","NONE","no","no","tiles, flooring and slabs","","The ACL homepage describes “a variety of wall tiles, flooring and slabs, concrete products” and creating unique environments, but the reviewed ACL pages provide no evidence of a customer-facing design or visualization tool.","80"
"ALTTOGLASS GROUP  / COBSA & ALTTOGLASS","alttoglassgroup.com","ES","2-10 employees","1M-5M","4-no design step","Marketing","Owner / Founder","NONE","no","no","glass mosaics and porcelain tiles","","The site navigation lists “Catálogo,” “Product,” “Inspiration,” “Company,” and “Contact,” while the company describes its manufacturing and product range without stating that it offers an interactive visualizer, room preview, configurator, or prompt-based design tool. The highest supported tool level is NONE.","80"
"BATIK - XCLUSIVE","xclusiveceramica.com","IT","2-10 employees","1M-5M","4-no design step","Marketing","Owner / Founder","NONE","no","no","ceramic and porcelain tiles","","The site describes “Ceramic and porcelain tiles made in Italy in a variety of refreshing designs and shades at the highest level” and exposes a “SEARCH” page, but no customer-facing visualizer, configurator, room-preview, or prompt feature is evidenced.","80"
"CERDOMUS","cerdomus.com","IT","51-200 employees","25M-75M","4-no design step","Marketing","Marketing + Design + MD","NONE","no","no","ceramic surface tiles","","The site labels its product area “Product search” and lists collections including “Stone,” “Concrete,” and “Cotto.” Its home page describes collections as “true style solutions,” but the reviewed official content contains no customer-facing visualizer, configurator, room-preview, upload, or text-prompt feature; therefore the tool level is NONE.","80"
"CEVI CERAMICA VIETRESE","francescodemaio.it","IT","11-50 employees","1M-5M","4-no design step","Marketing","Owner / Founder","NONE","no","no","hand-decorated majolica tiles","","The site navigation lists company, product, collection, and contact pages, while its product copy describes hand-decorated majolica tiles and tailored projects. No customer-facing visualizer, room preview, upload feature, or prompt-based design tool is stated; therefore the tool level is NONE.","80"
"COTTO VIVATERRA","vivaterra.it","IT","11-50 employees","1M-5M","4-no design step","Marketing","Owner / Founder","NONE","no","no","terracotta tiles and flooring","","The official homepage navigation lists “Home,” “Company,” “Mission,” and “Brand,” with links to the company’s terracotta brands; no visualizer, configurator, room planner, upload-photo feature, or prompt-based design tool is stated.","80"
"DIANFLEX","dianflex.com","IT","51-200 employees","25M-75M","4-no design step","Marketing","Marketing + Design + MD","NONE","no","no","bathroom and heating supplies","","No design tool was found in the site navigation, brand pages, or product sections; the site presents only a product catalogue ('I Nostri Prodotti ... ULTIMI ARRIVI') and downloadable catalogues such as 'CATALOGO COPRIWATERGIUSTO 2026', with no visualizer, configurator, simulator or AI feature mentioned.","80"
"EDIMAXASTOR","edimaxastor.it","IT","51-200 employees","25M-75M","4-no design step","Marketing","Marketing + Design + MD","NONE","no","no","porcelain stoneware tiles","","The site navigation lists “Profile,” “Collections,” “Downloads,” “News,” and “Contacts,” but does not identify a visualizer, configurator, room planner, or prompt-based design tool.","80"
"EL MOLINO -HIJOS DE CIPRIANO CASTELLO ALFONSO","elmolino.es","ES","51-200 employees","25M-75M","4-no design step","Marketing","Marketing + Design + MD","NONE","no","no","floor and wall tiles","","The site's navigation lists “Get inspired,” “PRODUCT,” “DOWNLOADS,” and “Technical Resources.” The technical-resources page describes content to “View and download,” but no visualizer, configurator, room preview, uploaded-photo try-on, or prompt feature is stated.","80"
"FAP CERAMICHE","fapceramiche.com","IT","51-200 employees","25M-75M","4-no design step","Marketing","Marketing + Design + MD","NONE","no","no","ceramic and porcelain tiles","","The site lists “Filter by Setting” and more than 30 named tile collections, while its purchasing page says “Trova il punto vendita più vicino” and describes selected retailers. No visualizer, configurator, room preview, upload, or prompt feature is stated.","80"
"FIORE RUBINETTERIE","fiore.it","IT","51-200 employees","25M-75M","4-no design step","Marketing","Marketing + Design + MD","NONE","no","no","bathroom and kitchen mixers","","The official site describes its concealed-body design as “an excellent solution” combining “functionality, aesthetics and flexibility,” but the reviewed official pages do not identify a customer-facing visualizer, configurator, room planner, or prompt-based design feature.","80"
"FONDOVALLE","fondovalle.it","IT","51-200 employees","25M-75M","4-no design step","Marketing","Marketing + Design + MD","NONE","no","no","porcelain tiles and slabs","","The site says, “Discover our ceramic collections for indoor and outdoor spaces and customise your rooms.” However, the available site content provides room and colour browsing, advanced search, projects, catalogues, textures, and technical data sheets rather than an interactive visualiser, uploaded-photo preview, or prompt-based generator.","80"
"GEOTILES","geotiles.com","ES","51-200 employees","25M-75M","4-no design step","Marketing","Marketing + Design + MD","NONE","no","no","ceramic tiles and flooring","","The site offers “Visit our virtual tour” leading to “Showroom de Geotiles Cerámica.” Its navigation lists collections, catalogs, technical solutions, recommendations, installation videos, and cleaning tips, but no qualifying design or prompt tool is described.","80"
"GYPSUM","gypsum-arte.com","IT","11-50 employees","1M-5M","4-no design step","Marketing","Owner / Founder","NONE","no","no","architectural decorative products","","The site describes “Products for architecture and design made in plaster, laminated polystyrene, high-performance concrete” and exposes links for Contacts, Dealers, and Catalogues. No interactive visualizer, configurator, room preview, upload feature, or text-prompt design tool is identified on the reviewed site pages.","80"
"HOUSE DESIGN","house-design.it","IT","11-50 employees","1M-5M","4-no design step","Marketing","Owner / Founder","NONE","no","no","bathroom accessories and furnishings","","The site provides “Technical information to download in pdf” and says “Contact us for further information,” but it does not state that it offers a visualizer, configurator, planner, prompt tool, or product preview feature.","80"
"JNJ MOSAIC","jnjmosaic.com","CN","201-500 employees","25M-75M","1-MANUAL no tool","Design / Product","Head of Digital (park)","MANUAL","no","no","glass mosaic tiles","https://jnjmosaic.com/services/mosaic-design-consultancy/","The site offers 'Design Consultancy – We bridge color aesthetics with material R&D, providing designers with full-spectrum support from vision to pixelated reality' and invites customers to 'Start Your Custom Project', i.e. bespoke design delivered by people rather than any self-service visualizer. No visualizer, configurator, room-preview, upload-photo, or prompt-based tool was found on the site.","80"
"KERADOM","keradom.it","IT","51-200 employees","25M-75M","4-no design step","Marketing","Marketing + Design + MD","NONE","no","no","porcelain stoneware tiles","","No customer-facing visualizer, configurator, room planner, upload/photo tool, or prompt generator is identified. The site describes its Rooms content as helping users “Choose the best Keradom solutions” for a living area with harmonious floors and wall coverings, but does not describe an interactive preview.","80"
"LEA CERAMICHE","leaceramiche.it","IT","51-200 employees","25M-75M","4-no design step","Marketing","Marketing + Design + MD","NONE","no","no","porcelain stoneware tiles","","The site describes Mix&Match with “Shape your vision” and compositional possibilities, then directs visitors to “Contact us to receive more information”; it does not state an interactive room/photo preview or text-prompt generator.","80"
"MAMOLI","mamoli.com","IT","51-200 employees","25M-75M","4-no design step","Marketing","Marketing + Design + MD","NONE","no","no","bathroom and kitchen faucets","","The site presents “Versatile Collections” and product “Typologies” including Bathroom, Kitchen, Wellness showers, and Professionals, but it does not state that customers can use a visualizer, room preview, configurator, or prompt-based design tool.","80"
"OIOLI","oioli.com","IT","11-50 employees","1M-5M","4-no design step","Marketing","Owner / Founder","NONE","no","no","designer bathroom faucets","","The site uses the wording “Scopri le Collezioni” and lists faucet collections, while its product description says “Prodotti all’avanguardia, assemblati a mano.” No visualizer, configurator, room planner, uploaded-photo preview, or text-prompt generation feature is stated.","80"
"OPTIMUM SURFACES","optimumsurfaces.com","IT","11-50 employees","1M-5M","4-no design step","Marketing","Owner / Founder","NONE","no","no","extra-large porcelain slabs","","The site describes its slabs as being “rendered in high resolution photographs” and says they are ready to take shape “on the drawing boards of the best designers.” No interactive visualizer, room planner, configurator, or prompt-based generator is identified, so the tool level is NONE.","80"
"PAA","paabaths.com","LV","51-200 employees","25M-75M","4-no design step","Marketing","Marketing + Design + MD","NONE","no","no","bathtubs, washbasins, shower trays","","No customer-facing design, visualizer, or configurator tool was found anywhere on paabaths.com; the site offers only a product catalogue, materials pages (Cast Stone, Silkstone), and downloadable PDF booklets and price lists.","80"
"PANARIA CERAMICA","panaria.it","IT","51-200 employees","25M-75M","4-no design step","Marketing","Marketing + Design + MD","NONE","no","no","porcelain tile surfaces","","The site says “Search the most suited solution for you” and describes Panaria’s flooring and cladding products, but the reviewed pages do not state a visualizer, room planner, upload-based preview, or text-prompt generator.","80"
"PORCELANITE DOS","porcelanite.es","ES","51-200 employees","25M-75M","4-no design step","Marketing","Marketing + Design + MD","NONE","no","no","ceramic and porcelain tiles","","The site describes itself as a “Tile company and ceramic flooring” business and provides “See all tile series” plus a “Catálogo General 2026.” Its visible customer interaction is a contact form, with no stated visualizer, configurator, room planner, upload preview, or prompt-based design feature; therefore the tool level is NONE.","80"
"ROSAGRES","rosagres.com","ES","51-200 employees","25M-75M","4-no design step","Marketing","Marketing + Design + MD","NONE","no","no","porcelain stoneware tiles","","The official site describes “High-quality Rosa Gres porcelain stoneware floors” and presents porcelain floor collections, but no customer-facing visualizer, room-preview, upload, or prompt feature is evidenced on the reviewed product pages.","80"
"SANTA MARGHERITA","santamargherita.net","IT","51-200 employees","25M-75M","4-no design step","Marketing","Marketing + Design + MD","NONE","no","no","marble and quartz surfaces","","The site describes Santamargherita as an Italian company that makes “exquisite marble and quartz slabs and tiles” and provides a dealer locator. No customer-facing design or visualization tool is identified in the reviewed official pages.","80"
"SETTECENTO VALTRESINARO","settecento.com","IT","51-200 employees","25M-75M","4-no design step","Marketing","Marketing + Design + MD","NONE","no","no","porcelain tile collections","","The homepage describes “ABACUS” as “an innovative ceramic system to visualize spaces through geometrical elements,” but it does not describe or expose a customer-driven room preview, image upload, configurator, or prompt-based generator.","80"
"SUPER INOX","superinox.it","IT","11-50 employees","1M-5M","4-no design step","Marketing","Owner / Founder","NONE","no","no","stainless steel faucets","","No design or visualization tool was found across the site's company, production, and craftsmanship pages; the site offers only product descriptions, an internal production overview, and a contact form for requests ('For any request or further information, please contact us at our office').","80"
"VENUX","venuxsurface.es","ES","51-200 employees","25M-75M","4-no design step","Marketing","Marketing + Design + MD","NONE","no","no","sintered stone surfaces","","No design, visualizer, configurator, or AI tool appears anywhere on the site; the closest offerings are a downloadable catalogue ('Download our complete catalog', 'General Catalogue 2026') and static style/finish/format filters on the collections page, with contact by phone or email ('call us or write us an email').","80"
"VITACER","vitacer.es","ES","51-200 employees","25M-75M","4-no design step","Marketing","Marketing + Design + MD","NONE","no","no","ceramic tile products","","The company page states that Vitacer specializes in the “manufacture and sale of ceramic wall and floor tiles” and describes its tile ranges, but no customer-facing design or visualization tool is stated on the reviewed official pages. The available “3D” reference concerns micro-relief technology rather than an interactive room-design tool.","80"
"Syzygy Tileworks, Inc.","syzygytile.com","US","2-10 employees","1M-5M","4-no design step","Marketing","Owner / Founder","NONE","no","no","handmade ceramic tile","","The site describes Syzygy Tile as producing handmade ceramic tile and says, ""Each piece is made to order."" Its visible site functions include ""Search,"" store-finding, and contact links, but no visualizer, configurator, simulator, room preview, or AI prompt tool is stated or exposed in the reviewed pages.","80"
"The Tileworks of Bucks County","thetileworks.org","US","11-50 employees","1M-5M","4-no design step","Marketing","Owner / Founder","NONE","no","no","handmade ceramic tiles","","No design tool, visualizer, configurator, or AI feature was found anywhere on the site; the site content consists of tile history, factory tours, and an online shop listing fixed tile series, with no room preview, upload-photo, or text-prompt capability.","80"
"Bestview International Company","bestviewintl.com","US","51-200 employees","25M-75M","4-no design step","Marketing","Marketing + Design + MD","NONE","no","no","tiles stone kitchen bath","","The site lists product collections such as “Mosaic&Tile Collection.pdf” and “2026-BATH COLLECTION.pdf” for download, while its project page describes product supply for commercial and hospitality projects. No interactive visualizer, configurator, room preview, upload-photo tool, or text-prompt design feature is stated.","80"
"Driftwood Design Labs","driftwooddesignlab.com","US","51-200 employees","25M-75M","4-no design step","Marketing","Marketing + Design + MD","NONE","no","no","handcrafted ceramic tiles","","The site says its products are “designed in-house” and shows “Featured Products,” but the reviewed pages do not state a customer-facing visualizer, room preview, configurator, simulator, upload-photo feature, or text-prompt generator.","80"
"Favorita Marmi e Graniti SpA","granitifavorita.com","IT","51-200 employees","25M-75M","4-no design step","Marketing","Marketing + Design + MD","NONE","no","no","natural stone slabs","","The site navigation lists “Exclusives,” “Collections,” and “Online Warehouse,” while the product section lists marbles, granites, onyx, quartzite, and semiprecious stones; no visualizer, configurator, room planner, or prompt-based design feature is stated.","80"
"International Wholesale Tile, LLC","internationalwholesaletile.com","US","51-200 employees","25M-75M","4-no design step","Marketing","Marketing + Design + MD","NONE","no","no","tile, stone, and flooring","","The site navigation lists product lines, Tile Studio, Decor24, catalogs, and other resources, but no visualizer, configurator, room-preview, uploaded-photo, or text-prompt tool is identified. Therefore the highest evidenced tool level is NONE, with no tool URL.","80"
"Jeffrey Court","jeffreycourt.com","US","51-200 employees","25M-75M","4-no design step","Marketing","Marketing + Design + MD","NONE","no","no","decorative tile collections","","The site labels its relevant section “Get Inspired” and “View Gallery” and provides product and chapter browsing, but it does not state an interactive visualizer, configurator, room planner, upload-photo preview, or AI prompt feature.","80"
"Stover's LLC","stoversliquidation.com","US","51-200 employees","25M-75M","4-no design step","Marketing","Marketing + Design + MD","NONE","no","no","flooring, tile, home products","","The site organizes shopping under “Shop by Category” and presents “Featured Products” and “Current Top Sellers.” No customer-facing visualizer, room planner, configurator, uploaded-photo preview, or text-prompt generator is stated on the reviewed pages.","80"
"ACQUABELLA","acquabella.com","ES","51-200 employees","10M-25M","4-no design step","Marketing","Marketing + Design + MD","NONE","no","no","bathroom shower products","","The site says Acquabella focuses on professionals in “architecture, interior design, distribution and installation,” while its product page presents product information and FAQs. No customer-facing visualizer, configurator, room-preview, upload-photo, or prompt-generation tool is identified on the reviewed pages.","79"
"ALFALUX CERAMICHE","alfa-lux.it","IT","51-200 employees","10M-25M","4-no design step","Marketing","Marketing + Design + MD","NONE","no","no","porcelain stoneware tiles","","The homepage labels a section “CHOOSE YOUR EFFECT” and lists paint, stone, concrete, marble, and wood effects; it also mentions “MATCH” for combining styles and materials. The available wording does not describe an interactive room preview, uploaded-photo try-on, configurator, or prompt-based generator.","79"
"BADEN HAUS","badenhaus.it","IT","51-200 employees","10M-25M","4-no design step","Marketing","Marketing + Design + MD","NONE","no","no","modern bathroom furniture","","The official site describes BADEN HAUS as a “Manufacturer of modern and classic bathroom furniture since 1979.” The available official site evidence contains no stated visualizer, configurator, room planner, uploaded-photo preview, or text-prompt generation feature.","79"
"BRUMA","bruma.pt","PT","51-200 employees","10M-25M","4-no design step","Marketing","Marketing + Design + MD","NONE","no","no","faucets and bathroom accessories","","The products page states “Catálogo BRUMA 2024/25” and “Descarregue o nosso catálogo e explore as nossas coleções que ditam as tendências.” It presents product categories and catalogue downloads, with no stated visualizer, configurator, room preview, upload-photo feature, or prompt generator.","79"
"CALDIA CERAMICS","e-ceramices.com","ES","51-200 employees","10M-25M","4-no design step","Marketing","Marketing + Design + MD","NONE","no","no","porcelain floor and wall tiles","","The site lists product categories including “big slab,” “countertop,” “marble,” “concrete and stone,” “wood,” and “decoration,” and provides phone and email contact details, but it does not state that it offers a visualizer, configurator, room preview, upload feature, or text-prompt generation tool.","79"
"CERAMICHE MARINER","cermariner.it","IT","51-200 employees","10M-25M","4-no design step","Marketing","Marketing + Design + MD","NONE","no","no","floor and wall tiles","","The site describes Ceramiche Mariner as engaged in “the production and sale of tiles” and mentions “PRIME software” for controlling “every single productive process,” which is internal production software rather than a customer-facing design tool; no visualizer, configurator, room preview, or prompt tool is identified.","79"
"CE.SI.","cesiceramica.it","IT","51-200 employees","10M-25M","4-no design step","Marketing","Marketing + Design + MD","NONE","no","no","porcelain stoneware tiles","","The site says CE.SI. offers “glazed porcelain stoneware tiles” in a “wide range of plain colours and modular sizes” and that “Colours, sizes, matching trims offer endless customisable designs.” No customer-facing room visualizer, uploaded-photo preview, or text-prompt generator is stated on the reviewed site content.","79"
"CIMENTO","cimento.tech","IT","51-200 employees","10M-25M","4-no design step","Marketing","Marketing + Design + MD","NONE","no","no","cement architectural surfaces","","The site presents “Surfaces,” “Objects,” “Case history,” “News,” and catalogue downloads, but no visualizer, configurator, room preview, uploaded-photo tool, or text-prompt feature is stated on the reviewed pages.","79"
"COYCAMA","coycama.com","ES","51-200 employees","10M-25M","4-no design step","Marketing","Marketing + Design + MD","NONE","no","no","bathroom furniture","","The site presents a “CATÁLOGO MUEBLES DE BAÑO” with product links such as “Descúbrelo” and describes modular bathroom furniture, but the reviewed content contains no visualizer, configurator, room preview, or prompt-based design feature.","79"
"DECORATORI BASSANESI ITALIA 1988","decoratoribassanesi.it","IT","51-200 employees","10M-25M","4-no design step","Marketing","Marketing + Design + MD","NONE","no","no","industrial ceramic tiles","","The site navigation lists “Collections,” “Designers,” “About,” and “Downloads,” and describes the company as manufacturing industrial ceramic tiles. Its collection and catalogue pages do not state an interactive visualizer, configurator, room preview, or prompt-based design tool.","79"
"EVERSTONE","everstone.com","AU","51-200 employees","10M-25M","4-no design step","Marketing","Marketing + Design + MD","NONE","no","no","luxury tiles and mosaics","","The navigation lists Company, Products, Gallery, Support, Catalogues, and Contact, while the Products page lists porcelain tile, ceramic, natural stone, metal, and glass categories. No customer-facing visualizer, configurator, room planner, or prompt-based design tool is exposed on the reviewed pages.","79"
"INFINITY™","infinitysurfaces.it","IT","51-200 employees","10M-25M","4-no design step","Marketing","Marketing + Design + MD","NONE","no","no","large-format porcelain slabs","","The products page provides “Filter Infinity Products” with filters such as color and effect, and the site offers downloadable catalogues. No customer-facing visualizer, configurator, room preview, or text-prompt design feature is presented on the reviewed pages.","79"
"ITA-I.TILES","itaceramiche.com","IT","51-200 employees","10M-25M","4-no design step","Marketing","Marketing + Design + MD","NONE","no","no","porcelain stoneware tiles","","The site uses the wording “Individual product photographs,” “See catalogue,” and “catalogues, technical sheets and information materials,” but does not present a visualizer, room planner, configurator, or AI design feature.","79"
"PAIL SERRAMENTI","pailporte.com","IT","51-200 employees","10M-25M","4-no design step","Marketing","Marketing + Design + MD","NONE","no","no","interior doors and frames","","The site says “Download catalogues” and provides several door and frame catalogues; its visible navigation includes dealer-finding and catalogue access, but no interactive visualizer, configurator, customer preview, or text-prompt generation tool is stated.","79"
"Foshan Hengsheng New Material Co., Ltd.","hengxingmosaic.com","CN","51-200 employees","10M-25M","4-no design step","Marketing","Marketing + Design + MD","NONE","no","no","glass mosaic tiles","","The site lists product categories including “Glass Mosaic Tile,” “Stone Mosaic Tile,” and “Metal Mosaic Tile,” and provides an inquiry workflow with “Inquire Online” and “Product Successfully Add to Inquiry List.” No visualizer, configurator, room preview, uploaded-photo tool, or text-prompt generation feature is stated on the checked pages.","79"
"WINASA CERAMICA","winasaceramica.com","IN","51-200 employees","10M-25M","4-no design step","Marketing","Marketing + Design + MD","NONE","no","no","ceramic and porcelain tiles","","The site offers downloadable catalogues describing the company’s products, designs, and inspirations, but no interactive visualizer, configurator, room-preview tool, uploaded-photo feature, or text-prompt generator is stated on the reviewed pages.","79"
"ATELIER CASABELLA","ateliercasabella.com","IT","11-50 employees","","4-no design step","Marketing","Owner / Founder","NONE","no","no","decorative wood wall panelling","","The site describes “Solutions for decorating walls, doors, and furniture with solid wood slats and mouldings” and provides a “Catalogue” and “Portfolio.” Its gallery lists named product images, but no interactive visualizer, configurator, room preview, upload-photo feature, or prompt generator is shown.","78"
"NEROSICILIA","nerosicilia.com","IT","11-50 employees","","4-no design step","Marketing","Owner / Founder","NONE","no","no","natural stone and mosaic surfaces","","No customer-facing design or visualization tool was found in the site's navigation or pages; the site offers only collections, project references and a journal (e.g. 'COLLECTIONS … JOURNAL … REFERENCE'), with no visualizer, configurator or room-preview feature. The site describes custom work as a human-led process: 'Every project begins with a bespoke approach' and 'developing custom solutions for flooring, wall coverings and furniture surfaces for over twenty years.'","78"
"PROGETTO BAUCER","progettobaucer.it","IT","11-50 employees","","4-no design step","Marketing","Owner / Founder","NONE","no","no","porcelain floor and wall tiles","","No design tool, visualizer, configurator, or room-preview feature was found anywhere on the site; the navigation offers only Home, Company, Collections, Download, News, and Contact, and the collections pages list series by effect (cemento, legno, marmo, pietra, colore) with no interactive preview.","78"
"ALVA Surfaces/Wizard","alvasurfaces.com","US","2-10 employees","","4-no design step","Marketing","Owner / Founder","NONE","no","no","ceramic tile and stone","","No design, visualization or configurator tool of any level was found on the site; the homepage offers only 'download catalog' PDF links for each product line (Bison Brick, Valletta, Catalan, Napa, Wizard, Playa, Recupere, Vitrene) and contact/appointment links, with no visualizer, configurator, simulator, interactive 3D tool or AI feature in the navigation or product sections.","78"
"NABEL CERAMIC","nabel.cc","CN","10,001+ employees","1B-10B","1-MANUAL no tool","Design / Product","Head of Digital (park)","MANUAL","no","no","ceramic and porcelain tiles","https://en.nabel.cc/why","The site describes an “Expert sales Service” offering “tailored guidance” to help customers select collections, plus technical support including “design advice.” No interactive room visualizer, upload-based preview, or prompt-generation feature is stated.","75"
"Franken Schotter GmbH & Co. KG","franken-schotter.com","DE","501-1,000 employees","200M-500M","1-MANUAL no tool","Design / Product","Head of Digital (park)","MANUAL","no","no","natural stone products","http://franken-schotter.com/kontakt","The site says, “Sprechen Sie uns an, wir finden gemeinsam die beste Lösung für Sie und ihr individuelles Projekt,” and its contact page asks visitors to “Beschreiben Sie kurz Ihr Bauprojekt.” This supports a MANUAL consultation/project-enquiry offering, not an interactive visualizer or prompt-based generator.","75"
"CRZ64 BY IDROEXPERT","crz64.com","IT","","10M-25M","4-no design step","Marketing","Owner / Founder (size unknown)","NONE","no","no","porcelain stoneware tiles","","The site presents sections titled “Collections” and “Download,” including a “Catalog 2026” and collection-specific catalogues. No visualizer, configurator, room planner, upload-photo feature, or prompt-based design tool is shown on the reviewed site pages.","74"
"DISENIA","disenia.it","IT","","10M-25M","4-no design step","Marketing","Owner / Founder (size unknown)","NONE","no","no","shower enclosures, trays, bathtubs","","The site labels the feature “Il nostro showroom virtuale” and describes it as “uno spazio espositivo virtuale da navigare” for finding inspiration. It does not state that customers can place products in their own room, upload a photo, configure a design, or generate an image from a text prompt.","74"
"FORNACE SOLAVA","solava.it","IT","","10M-25M","4-no design step","Marketing","Owner / Founder (size unknown)","NONE","no","no","terracotta bricks and floors","","No design or visualization tool was found in the site navigation (Products, References, News, About us, Contact) or on product pages; the site only offers a 'Request information' contact form and a Solava Catalog of product categories.","74"
"Jerusalem Heights","jerusalemheights.com","US","","10M-25M","4-no design step","Marketing","Owner / Founder (size unknown)","NONE","no","no","fine marble mosaic tiles","","The official site shows sections such as “NEW ARRIVALS,” “PRODUCTS,” and “COLLECTIONS,” and describes manufactured products available in varied options; it does not present a visualizer, configurator, room preview, upload feature, or prompt-based tool.","74"
"CAMPOGALLIANO CERAMICHE","verde1999.com","IT","","5M-10M","4-no design step","Marketing","Owner / Founder (size unknown)","NONE","no","no","floor and wall tiles","","The collections page labels its browsing options “Product mode” and “Gallery mode” and lists colors, surfaces, and “specs.” No customer-facing room visualizer, upload-photo preview, configurator, or text-prompt generator is identified on the reviewed pages.","73"
"NAVARTI","navarti.com","ES","11-50 employees","25M-75M","5-filters only","Marketing","Owner / Founder","BASIC","no","no","ceramic and porcelain tiles","https://www.navarti.com/en/productos","The Products page provides “Filtros” including “Formatos,” “Tipología,” and “Aspecto,” with product-selection controls; this qualifies as BASIC filtering rather than an interactive room or photo preview.","73"
"PRISSMACER CERAMICA","prissmacer.es","ES","11-50 employees","25M-75M","5-filters only","Marketing","Owner / Founder","BASIC","no","no","ceramic and porcelain tiles","https://www.prissmacer.es/en/catalogues/","The homepage offers only 'DOWNLOAD CATALOGUE' and links to a catalogues page; no visualizer, configurator, room-preview, uploaded-photo or AI/prompt feature appears anywhere in the navigation or product areas, and the only interactive extra found is a 'Virtual tour' of their facilities, which is not a product design tool.","73"
"ALUMÁCER COMPLEMENTOS","alumacer.com","ES","11-50 employees","10M-25M","5-filters only","Marketing","Owner / Founder","BASIC","no","no","tile profiles and trims","https://alumacer.com/alumacer.pdf","The only design-support resource found is the downloadable '2026 CATALOGUE' ('DOWNLOAD CATALOGUE' linking to alumacer.pdf, gathering more than 900 references of profiles, step-treads, drains and accessories); no visualizer, configurator, room preview or photo-upload tool appears in the navigation or on product pages.","72"
"AMADIS FINE TILES","amadistiles.com","ES","11-50 employees","10M-25M","5-filters only","Marketing","Owner / Founder","BASIC","no","no","ceramic and porcelain tiles","https://amadistiles.com/en/downloads-2","The site has a “Downloads” page listing the “AMADIS GENERAL CATALOGUE 2026” and numerous collection brochures. This is a downloadable catalogue resource, not an interactive room or uploaded-photo visualization tool.","72"
"BASSANO PARQUET","bassanoparquet.com","IT","11-50 employees","10M-25M","5-filters only","Marketing","Owner / Founder","BASIC","no","no","made-in-Italy wood parquet","https://www.bassanoparquet.com/en/parquet-2","The only design-support feature found is a downloadable catalogue: 'Click on one of the images to download the new 2021/22 catalogue: Download Catalogo', plus 'Please leave your number to be contacted without obligation'. No room preview, photo upload, configurator, or AI/prompt-based visualization exists in the main navigation (Homepage, Company, Catalogue, Collections, Gallery, News, Contacts) or on product pages.","72"
"BIG SLABS BY NUOVOCORSO","nuovocorso.it","IT","","1M-5M","4-no design step","Marketing","Owner / Founder (size unknown)","NONE","no","no","porcelain stoneware slabs","","The site navigation lists Company, Products, Technical Information, Surfaces & More, News & Events, and Contact. The Products page presents named slab finishes and material categories, but no visualizer, configurator, room preview, upload feature, or text-prompt generation tool is shown.","72"
"FONTEALTA","fontealta.it","IT","11-50 employees","10M-25M","5-filters only","Marketing","Owner / Founder","BASIC","no","no","stainless steel sanitary fixtures","https://www.dropbox.com/sh/pqkqkuyz2wrbcpj/AACpFUguk-v3Ma_5-sXoiqxxa?e=2&st=fg357e6i&dl=0","The site is being renewed ('STIAMO RINNOVANDO E AMPLIANDO IL NOSTRO SITO WEB') and offers only a downloadable catalogue: 'nel mentre, scarica il nostro catalogo' linking to Dropbox. No visualizer, configurator or design tool of any kind is present.","72"
"FORNACI D'AGOSTINO","fornacidagostino.it","IT","","1M-5M","4-no design step","Marketing","Owner / Founder (size unknown)","NONE","no","no","lava stoneware tiles","","The site presents “OUR GRÈS” and “OUR TAILOR-MADE PROJECTS,” but no customer-facing visualizer, room planner, configurator, upload-photo preview, or text-prompt generator is identified in the reviewed site content.","72"
"GRANISER CERAMICS","graniser.com","TR","","1M-5M","4-no design step","Marketing","Owner / Founder (size unknown)","NONE","no","no","ceramic and porcelain tiles","","The site states “Graniser general catalog is online” and describes architects preparing retailers’ showrooms, but does not describe an interactive customer-facing visualizer, room planner, upload-photo feature, or prompt generator.","72"
"GUANGDONG JIAMEI CERAMICS","marcopolo.com.cn","CN","","1M-5M","4-no design step","Marketing","Owner / Founder (size unknown)","NONE","no","no","ceramic and porcelain tiles","","The site presents “OUR TILE PRODUCTS,” named tile products, company information, and contact links, but does not state a visualizer, configurator, room preview, upload-photo feature, or text-prompt generator.","72"
"SOLIDOR","solidor.be","BE","11-50 employees","10M-25M","5-filters only","Marketing","Owner / Founder","BASIC","no","no","terrace installation systems","https://calculator.solidor.be/","The site labels the feature “ADJUSTABLE PEDESTALS CALCULATOR” and says, “This calculator estimates the amount of adjustable pedestals and accessories you need for your project.” This is a quantity calculator, not an in-room or prompt-based visualizer.","72"
"UNICOM STARKER","unicomstarker.com","IT","11-50 employees","10M-25M","5-filters only","Marketing","Owner / Founder","BASIC","no","no","ceramic tile collections","https://www.unicomstarker.com/en/download","The site states: “Unicomstarker places a wide amount of documents: catalogues and flyers at user's disposal, which can be directly downloaded from this section.” This downloadable-catalogue function qualifies as BASIC, not an interactive visualizer.","72"
"American Glass Mosaics","americanglassmosaics.com","US","11-50 employees","10M-25M","5-filters only","Marketing","Owner / Founder","BASIC","no","no","recycled glass mosaic tiles","https://americanglassmosaics.com/product-category/our-blends/","The site describes its products as glass mosaic blends and states, “You can create your own custom blend using our many colors and finishes.” The product page provides “Product categories,” “Product Color,” “Product Finish,” and “Product Pattern” filters, but no room, uploaded-photo, or prompt-based visualizer is stated.","72"
"Dunis Studios","dunisstudios.com","US","","1M-5M","4-no design step","Marketing","Owner / Founder (size unknown)","NONE","no","no","handmade art tiles","","The site navigation lists “Dealer Tools | Contact Us | Where to Buy | About Us,” while the product content describes artisan-made tiles and collections but does not state a customer-facing visualizer, configurator, room preview, upload-photo feature, or prompt-based generator.","72"
"LIVDEN","livden.com","US","11-50 employees","10M-25M","5-filters only","Marketing","Owner / Founder","BASIC","no","no","decorative tile and wallpaper","https://livden.com/pages/style-quiz","The site navigation includes “Visualize It” and “Style Quiz,” while the site says visitors can “take the color quiz to find your match” and view galleries or order samples. This supports a BASIC selection tool, not an interactive room or uploaded-photo visualizer.","72"
"Malibu Ceramic Works","malibuceramicworks.com","US","11-50 employees","10M-25M","5-filters only","Marketing","Owner / Founder","BASIC","no","no","handmade decorative ceramic tiles","https://www.malibuceramicworks.com/catalog.html","The site provides a “DIGITAL CATALOG” and labels the page “Digitial Tile Catalog,” which qualifies as a BASIC catalogue tool. It also offers human-led “full spectrum design services,” including “design layouts” and “custom artwork,” but no interactive room preview or text-prompt generator is stated on the reviewed pages.","72"
"McIntyre Tile, Inc.","mcintyretile.com","US","11-50 employees","10M-25M","5-filters only","Marketing","Owner / Founder","BASIC","no","no","handcrafted artisan tile","https://mcintyretile.com/pages/resources","The Resources page offers only downloadable PDF product brochures ('Essential 100 Collection Download', 'Artisan Tiles Collection Download', 'Glazed Thin Brick Download', 'Mosaic Tiles Download'), and the Products page offers only filter picking by color, sheen and use; no in-room preview, configurator, or AI tool exists. Custom glaze matching is a bespoke service handled by people ('Give us a reference (an existing tile, paint chip, or other material sample) and our technical team will evaluate the tones, variation, and reflection.'), not a customer-driven tool.","72"
"Terra Bella","terrabella.design","US","11-50 employees","10M-25M","5-filters only","Marketing","Owner / Founder","BASIC","no","no","stone ceramic glass tiles","https://www.terrabella.design/what-s-new.html","The site provides “By Collections,” “By Type of Product,” and “By Material” filters and lists 143 products, which qualifies as BASIC. The reviewed pages do not state that customers can preview products in a room, upload a photo, or generate a design from a text prompt.","72"
"ANTICA RUBIERA","anticaceramica.it","IT","11-50 employees","5M-10M","5-filters only","Marketing","Owner / Founder","BASIC","no","no","porcelain stoneware tiles","https://www.anticaceramica.it/collezioni/sdfe11632","The Collections page says “Sfoglia il catalogo e crea il tuo stile!” and provides catalogue cross-matching plus filters for effects, colours, formats, and product names; it does not state that customers can preview products in a room or generate visuals from prompts.","71"
"AZUVI","azuvi.com","ES","11-50 employees","5M-10M","5-filters only","Marketing","Owner / Founder","BASIC","no","no","porcelain and wall tiles","https://www.azuvi.com/en/products","The products page offers only an 'Advanced search' over 76 series and 1069 pieces (filtering, no composed preview), and the AZUVI Showroom 2025 is a 'Virtual Tour' with 'Live Guided Sessions' rather than a customer-driven try-on or prompt tool.","71"
"BMT","bmtbagni.it","IT","11-50 employees","5M-10M","5-filters only","Marketing","Owner / Founder","BASIC","no","no","bathroom furniture and accessories","https://bmtbagni.it/configuratore-grafico-master-design-bmt/","The site promotes the 'Configuratore grafico Master Design BMT' with 'Scarica il nuovo software', described as 'il software di progettazione 3D' and 'a software application for the development of BMT bathroom furnishing solutions in three-dimensional graphics which improve the sales' experience and order management. This is downloadable 3D planning/ordering software rather than an in-browser tool that places products on an uploaded photo, so it is BASIC with no try-on or prompt capability.","71"
"CASALGRANDE PADANA","casalgrandepadana.com","IT","501-1,000 employees","75M-200M","2-has tryon, no prompt","Digital / Ecommerce","Head of Digital (park)","ADVANCED","yes","no","porcelain stoneware tiles","https://www.casalgrandepadana.com/products/configurator","The site states: “Try our Virtual Room: take a picture of your room, upload it to our room planner, choose the tile collection, and start planning away!” It also offers prepared rooms for users who do not have a photo.","71"
"CERAMICA RIBESALBES","ceramicaribesalbes.com","ES","11-50 employees","5M-10M","5-filters only","Marketing","Owner / Founder","BASIC","no","no","ceramic and porcelain tiles","https://ceramicaribesalbes.com/catalogo-azulejos-ceramicos/","The Downloads page offers only static PDF catalogues ('Pasta Roja 2026', 'Pasta Blanca / Porcelánico 2026') described as 'Catálogo azulejos cerámicos para exterior e interior en pasta blanca, pasta roja y porcelánico', and the products page offers only 'Filters Catalogue Restart' filtering. No visualizer, configurator, photo upload, or AI design feature appears in the navigation (Productos, Estancias, Empresa, Descargas, Contacto) or anywhere else on the site.","71"
"CERAMICA RONDINE","ceramicarondine.it","IT","201-500 employees","75M-200M","2-has tryon, no prompt","Digital / Ecommerce","Head of Digital (park)","ADVANCED","yes","no","porcelain stoneware tiles","https://www.ceramicarondine.it/en/products/crea","The CREA product page lists “Roomvo” immediately after the available formats. This indicates a customer-facing Roomvo room-visualization integration; no prompt-generation wording is shown on the checked pages.","71"
"CERAMICA SANT'AGOSTINO","ceramicasantagostino.it","IT","201-500 employees","75M-200M","2-has tryon, no prompt","Digital / Ecommerce","Head of Digital (park)","ADVANCED","yes","no","porcelain stoneware tiles","https://www.roomvo.com/my/ceramicasantagostinoit/?visitor_id=019f946f49807dd0bd46f8c8b7b56889&tracking_code=&locale=en-gb&prefilter=&iframe_id=ffPopup&originator=&product_code=&product_type=&domain=www.ceramicasantagostino.it&version=1&use_history_padding=0","The company site promotes “My Room software” to “try out and view our products directly.” The opened tool is labeled “Roomvo visualizer” and offers “See products in your room,” camera access, and mobile upload; it is therefore an advanced third-party Roomvo tool.","71"
"CERAMICHE GRAZIA","ceramichegrazia.it","IT","11-50 employees","5M-10M","5-filters only","Marketing","Owner / Founder","BASIC","no","no","ceramic and porcelain tiles","https://ceramichegrazia.it/","The homepage provides “General Book” and “Catalogo Selection” catalogue links, while collection pages provide “Catalogue” and “Data Sheet” links. No interactive room-placement, uploaded-photo, or text-prompt design feature is stated.","71"
"DADO CERAMICA","dadoceramica.it","IT","11-50 employees","5M-10M","5-filters only","Marketing","Owner / Founder","BASIC","no","no","porcelain and ceramic tiles","https://www.maticad.com/domus3d/","The site states that all Dado Ceramica collections are available in the DomuS3D library, describing it as professional interior-design software. It says DomuS3D enables designers, resellers and showrooms to create realistic environments, so this is classified as BASIC rather than a public customer try-on or prompt tool.","71"
"ECO CERAMICA","ecoceramica.com","IT","11-50 employees","5M-10M","5-filters only","Marketing","Owner / Founder","BASIC","no","no","decorative tiles and washbasins","https://www.ecoceramica.com/fr/2-produits?srsltid=AFmBOoou6Ie-RwrwWq0sZngqgOuWnn-_GmJiD9wzg6aBXFag7RXyiUtz","The Products page says: “Utilisez les filtres pour sélectionner la couleur, la taille et le style ou sélectionnez la collection souhaitée.” This is a basic product-filtering interface, with no stated room preview, photo upload, or prompt-based generation capability.","71"
"EQUIPE CERAMICAS","equipeceramicas.com","ES","201-500 employees","75M-200M","2-has tryon, no prompt","Digital / Ecommerce","Head of Digital (park)","ADVANCED","yes","no","small format ceramic tiles","https://www.equipeceramicas.com/en/apps-equipe/your-application/","The Y.O.U.R. app states that users can visualize how the products would look in chosen spaces by taking a photograph, selecting an area, choosing a collection, and adjusting light, size, and perspective. The separate Equipe APP is described as a digital ceramic catalogue with search filters and laying proposals.","71"
"GB GROUP","gbgroupe.com","IT","11-50 employees","5M-10M","5-filters only","Marketing","Owner / Founder","BASIC","no","no","bathroom furniture and accessories","https://gbgroupe.com/arredo-bagno/catalogo/trendy/","The site provides “Cataloghi” and links to catalogues including “Trendy,” “Europa,” “Freestyle,” “L'Atelier,” and “Collection.” This is a static catalogue resource, with no stated interactive room preview or prompt-based visual generator found on the reviewed site pages.","71"
"GEDA","gedanextage.com","IT","11-50 employees","5M-10M","5-filters only","Marketing","Owner / Founder","BASIC","no","no","bathroom and kitchen taps","https://www.gedanextage.com/en/finishes","The Finishes page offers only static guidance: ","71"
"GOMAN","goman.it","IT","11-50 employees","5M-10M","5-filters only","Marketing","Owner / Founder","BASIC","no","no","accessible bathroom products","https://www.goman.it/catalogo","The catalogue offers only product search and filtering — 'Filter by Target' across categories like Health (475), Living (230), Hospitality (351) — plus downloadable 2D/3D technical sheets per product ('Scheda ... 2D 3D'), which are specifier resources, not interactive room visualization. No visualizer, configurator, or prompt-based tool was found.","71"
"MIRAGE","mirage.it","IT","201-500 employees","75M-200M","2-has tryon, no prompt","Digital / Ecommerce","Head of Digital (park)","ADVANCED","yes","no","porcelain stoneware tiles","https://mirage.it/us/en","The site labels the feature “Visualizer,” says “Set up your space,” asks what your bathroom, bedroom, or living room will be like, and states “Create your space with our configurator.” The page does not identify the configurator as a third-party tool or describe text-prompt generation.","71"
"MUSEUM SURFACES","museumsurfaces.com","ES","201-500 employees","75M-200M","2-has tryon, no prompt","Digital / Ecommerce","Head of Digital (park)","ADVANCED","yes","no","premium ceramic tiles","https://museumsurfaces.com/3d","The 3D page states “Visualize tiles in setting” and “Design your own setting,” indicating an interactive customer-facing visualization tool; it does not mention text-prompt generation.","71"
"NADIS DESIGN","nadisdesign.com","ES","11-50 employees","5M-10M","5-filters only","Marketing","Owner / Founder","BASIC","no","no","ceramic tile collections","https://nadisdesign.com/en/downloads","The Downloads page lists “documents for custom made” and “the 3D library of the collections.” This supports a BASIC downloadable 3D resource, but no interactive room preview, upload-based visualizer, or prompt-generation feature is identified.","71"
"OLYMPIA CERAMICA","olympiaceramica.it","IT","11-50 employees","5M-10M","5-filters only","Marketing","Owner / Founder","BASIC","no","no","ceramic sanitaryware and bathroom furniture","https://olympiaceramica.it","The site offers only a downloadable catalogue ('Download the new catalog') and product pages with downloadable 2D/3D dwg files and data sheets for specifiers; no interactive visualizer, configurator, or AI tool is present. Expert consultants 'ready to assist you in choosing the materials and style' indicate a human, not digital, selection process.","71"
"PAMESA","pamesa.com","ES","201-500 employees","75M-200M","2-has tryon, no prompt","Digital / Ecommerce","Head of Digital (park)","ADVANCED","yes","no","ceramic floor and wall tiles","https://www.pamesa.com/en/3D.html","The site says, “Plan your projects in an easy and intuitive way” and “Visualise each space in just a few minutes to see how your Pamesa Cerámica materials will look in your” space. The tool also offers “GET INSPIRED” and “BUILD” modes.","71"
"RECER","recer.pt","PT","201-500 employees","75M-200M","2-has tryon, no prompt","Digital / Ecommerce","Head of Digital (park)","ADVANCED","yes","no","floor and wall tiles","https://www.recer.pt/en/tile-visualiser/","The site calls the feature a “Tile visualiser” and says customers can “take a photo and see virtually how our products look on your floors and walls.” It also instructs users to take a room photo or choose a sample setting and see the result in real time.","71"
"REVIGRES","revigres.com","PT","201-500 employees","75M-200M","2-has tryon, no prompt","Digital / Ecommerce","Head of Digital (park)","ADVANCED","yes","no","ceramic and porcelain tiles","https://simulador360vr.revigres.pt?laang=de","The site says “Nutzen Sie unsere kostenlosen Tools und beginnen Sie mit der Planung Ihres Traumprojekts” and describes combining products in a virtual environment for a 360° tour. It also lists “Revigres 3D-Design” and “Revigrés AR Design,” including augmented reality for fitting floor and wall tiles into rooms.","71"
"ROCA TILES","rocatiles.com","ES","201-500 employees","75M-200M","2-has tryon, no prompt","Digital / Ecommerce","Head of Digital (park)","ADVANCED","yes","no","ceramic and porcelain tiles","https://www.rocatiles.com/export/3d/","The site states, “Visualize and plan your ideal space in 3D with Roca Tile ceramics.” It also lets users “Set up your own environment by specifying the dimensions of your room, structural elements, and decorative elements from scratch.”","71"
"SALGAR","salgar.net","ES","201-500 employees","75M-200M","2-has tryon, no prompt","Digital / Ecommerce","Head of Digital (park)","ADVANCED","yes","no","bathroom furniture and accessories","https://www.salgar.net/configurator-online-3d-salgar","Salgar offers a free online 3D configurator: ""Design your space by indicating your own measurements... Move the items around the room to place them wherever you want"" and ""Choose the colors and materials for the walls, ceiling, and floor."" The configurator is powered by a third-party tool (tileplanner.com/en/salgar/), with no text-prompt generation mentioned.","71"
"SUPERGRES","supergres.com","IT","11-50 employees","5M-10M","5-filters only","Marketing","Owner / Founder","BASIC","no","no","porcelain tiles and slabs","https://www.supergres.com/en/collections","The collections page says “Choose the look, the effect, the color and the size” and provides “Filter by” options including colors, effects, settings, surfaces, and sizes. This is a catalogue filter/picker rather than an in-room visualizer or text-prompt generator.","71"
"THERMOMAT SANILINE","thermomat.com","IT","11-50 employees","5M-10M","5-filters only","Marketing","Owner / Founder","BASIC","no","no","accessible bathroom products","https://thermomat.com/en/documentation/","The site's documentation page states 'Thermomat provides a technical guide aimed at supporting designers, architects, and industry professionals in creating accessible restrooms,' i.e. downloadable catalogs and brochures rather than any interactive visualizer, configurator, or room-preview tool. No product-in-room try-on or prompt-based generation feature was found on the homepage, product pages, or navigation.","71"
"TONALITE","tonalite.it","IT","11-50 employees","5M-10M","5-filters only","Marketing","Owner / Founder","BASIC","no","no","wall and floor tiles","https://www.tonalite.it/en/collections","The official Collections page provides a “Collection's list” with “Color,” “Decor,” and “Shape” filters, plus a “Find your collection” function. This is catalogue browsing/filtering, not an interactive room or uploaded-photo preview.","71"
"VIVES AZULEJOS Y GRES","vivesceramica.com","ES","201-500 employees","75M-200M","2-has tryon, no prompt","Digital / Ecommerce","Head of Digital (park)","ADVANCED","yes","no","ceramic and porcelain tiles","https://www.vivesceramica.com/en/settings/create-your-settings.html","The site says, “Create your own 3D settings with these design tools” and “create your own design projects with VIVES.” It also states that its complete ceramic catalogue is available through 3D design platforms including 3dSuperb, Visoft, Tilelook, Domus3D, and Blueprint.","71"
"X-IS","wa-kei.com","JP","11-50 employees","5M-10M","5-filters only","Marketing","Owner / Founder","BASIC","no","no","Japanese tiles and ceramics","https://www.x-is.co.jp/en/catalog/claim","The only design-adjacent feature found is a downloadable catalogue: ""Catalog Download – Please refer to this page if you're looking for our catalog. A comprehensive and creative catalog of tiles and stone, crafted for those who value authenticity."" No visualizer, configurator, room preview, uploaded-photo tool, or AI prompt feature appears anywhere in the site navigation or pages.","71"
"Asia Pacific Ceramic","asiapacificceramic.com","IN","11-50 employees","5M-10M","5-filters only","Marketing","Owner / Founder","BASIC","no","no","porcelain and ceramic tiles","https://asiapacificceramic.com/en/collection","The collection page says “FILTER/SORT” and provides filters “BY TYPE,” “BY SURFACE,” “BY LOOK,” and “BY SIZE,” which is a basic catalogue-filtering tool rather than an interactive visualizer. The site does not state that customers can place tiles in a room, upload a photo, or generate a design from a text prompt.","71"
"Cerámica Italia S.A","ceramicaitalia.com","CO","501-1,000 employees","75M-200M","2-has tryon, no prompt","Digital / Ecommerce","Head of Digital (park)","ADVANCED","yes","no","ceramic tiles and sanitaryware","https://www.ceramicaitalia.com/visualizador","The site labels the feature “Visualizador 3D.” A testimonial states, “Subí la foto de mi casa y pude seleccionar el producto que más se adaptaba a mi hogar,” indicating an in-room photo visualization capability.","71"
"Maruman Shokai. Co., Ltd.","tile-maruman.com","JP","11-50 employees","5M-10M","5-filters only","Marketing","Owner / Founder","BASIC","no","no","ceramic mosaic tiles","https://tile-maruman.com/search","The site labels the tool page “Products,” shows “1–12 of 72 results,” and provides filters including “Approximate Size by Inch,” “Material,” “Shape,” “Finish,” “Application,” and “Color”; it also offers a “Download Catalogue.” No room-preview, uploaded-photo, or text-prompt feature is stated.","71"
"Pavit Ceramics","pavits.com","IN","501-1,000 employees","75M-200M","2-has tryon, no prompt","Digital / Ecommerce","Head of Digital (park)","ADVANCED","yes","no","vitrified and ceramic tiles","https://tilevisualizer.pavits.com/","The site promotes ""TILE VISUALIZER – Be your own designer! Get Started now!"" linking to tilevisualizer.pavits.com, and the floor tiles page says ""You can even visualize your room on the tile visualizer which will give you an idea of how it will look after installing the tiles on the floor."" The tool is a third-party build, footer-credited ""Powered by Tile Visualizer"" (tilevisualizer.com), with room selection, save/share and PDF export features.","71"
"PT. Sun Power Ceramics","sunpower.id","ID","501-1,000 employees","75M-200M","2-has tryon, no prompt","Digital / Ecommerce","Head of Digital (park)","ADVANCED","yes","no","ceramic and porcelain tiles","https://sunpower.id/tile-calculator","The site labels the feature “Tiles Visualizer,” says “Transform your space instantly,” and describes experiencing the products “in your own room.” The tile calculator page also includes a “Room Visualizer” link.","71"
"Stoneglass Srl.","stoneglass.it","IT","11-50 employees","5M-10M","5-filters only","Marketing","Owner / Founder","BASIC","no","no","glass-stone slabs surfaces","https://stoneglass.it/en/finishes","The site offers only static, non-interactive material: 'Download our catalog' links to PDF catalogues, and the Finishes page shows a static palette of finishes ('Black Matt', 'White polished', 'Breeze', etc.) plus Stoneglass 3D marble effects with 'Additional effects are available upon request'. No room preview, photo upload, configurator or AI tool appears in the navigation, product, finishes or FAQ pages.","71"
"X Ceramics Group","xceramics.com","BD","501-1,000 employees","75M-200M","2-has tryon, no prompt","Digital / Ecommerce","Head of Digital (park)","ADVANCED","yes","no","ceramic tiles and bathware","https://visualizer.xceramics.com","The site labels the feature “Tiles Visualizer” and says, “Visualize your dream home before you buy with VISUALIZE NOW,” linking to https://visualizer.xceramics.com.","71"
"Hohenberger Manufaktur für Tapeten I Taubert GmbH & Co. KG","hohenberger-wallcoverings.com","DE","11-50 employees","5M-10M","5-filters only","Marketing","Owner / Founder","BASIC","no","no","wallpapers and wallcoverings","https://www.hohenberger-wallcoverings.com/en/Shop/Wallpapers","The Wallpapers page offers filtering by collection, product features, room, and style, including the wording “Filter Filter Collection.” These are catalogue filters rather than an in-room preview, uploaded-photo visualizer, or prompt-based generator; the site also offers physical A4 samples of its wallpapers.","71"
"APEGRUPO","apegrupo.com","ES","51-200 employees","25M-75M","5-filters only","Marketing","Marketing + Design + MD","BASIC","no","no","ceramic and porcelain tiles","http://apegrupo.com/en/products","The product page lists “Filters” including “Type of body,” “Finish,” “Appearance,” “Color,” and “Thickness.” This is a BASIC product-filtering tool; no composed room preview or prompt-based generator is shown.","70"
"ARCANA CERAMICA","arcanatiles.com","ES","2-10 employees","1M-5M","5-filters only","Marketing","Owner / Founder","BASIC","no","no","porcelain and ceramic tiles","https://www.arcanatiles.com/en/","The site's navigation/footer include a 'BIM' section and 'Catalogs' links, plus third-party downloadable catalog entries 'Arcana Tiles Tilelook' (tilelook.com/by/arcana) and 'Arcana Tiles Domus3D' (domus3d.com catalogos); per the classification rules, such BIM/CAD libraries and downloadable 3D catalogs for specifiers classify as BASIC. No customer-facing visualizer, configurator, room preview, or AI/prompt tool was found.","70"
"B&B CERAMICHE","bebceramiche.eu","IT","","","4-no design step","Marketing","Owner / Founder (size unknown)","NONE","no","no","porcelain stoneware tiles","","The site describes its mission as offering “pavimenti e rivestimenti in gres porcellanato” and lists collections, downloads, merchandising, and contacts. Its download page states “Ci sono 28 cataloghi,” but no visualizer, configurator, room preview, upload-photo feature, or prompt-based design tool is identified.","70"
"BIOPIETRA","biopietra.com","IT","11-50 employees","1M-5M","5-filters only","Marketing","Owner / Founder","BASIC","no","no","regenerated stone cladding","https://biopietra.com/en/technical-area/bim/","The site offers only specifier downloads: 'Biopietra supports industry professionals by offering constantly updated BIM objects' and 'Biopietra makes periodically updated BIM objects available', plus a showroom virtual tour of their own premises. No room visualizer, uploaded-photo tool, configurator or AI/prompt feature was found.","70"
"CALEIDO","caleido.it","IT","11-50 employees","1M-5M","5-filters only","Marketing","Owner / Founder","BASIC","no","no","designer radiators, towel warmers","https://www.caleido.it/en/product/book","The product page says, ""Choose the perfect model, dimensions, color, and accessories for your space"" and ""Use our configurator to create the ideal designer radiator, custom-made for you."" No in-room, uploaded-photo, or text-prompt visualization capability is stated.","70"
"CASTELVETRO CERAMICHE","castelvetro.it","IT","51-200 employees","25M-75M","5-filters only","Marketing","Marketing + Design + MD","BASIC","no","no","porcelain stoneware tiles","https://www.castelvetro.it/le-nostre-collezioni","The collections page offers customer-facing selection controls for “Destinazione,” “Effetto,” “Colore,” and “Formato,” followed by named product collections. It does not show an in-room preview, uploaded-photo visualization, or text-prompt generation feature.","70"
"CERAMICA VILAR ALBARO","ceramicacva.com","ES","51-200 employees","25M-75M","5-filters only","Marketing","Marketing + Design + MD","BASIC","no","no","ceramic wall tiles","https://www.ceramicacva.com/en/productos/","The product page explicitly provides “Filtros” for “Tipo de azulejo,” “Formato,” and “Stays,” which supports BASIC classification; the site does not describe an in-room, uploaded-photo, composed-preview, or text-prompt feature.","70"
"CRISTACER","cristalceramicas.com","ES","51-200 employees","25M-75M","5-filters only","Marketing","Marketing + Design + MD","BASIC","no","no","ceramic tiles and flooring","https://cristalceramicas.com/en/catalogs","The site provides “Catálogos” and describes a “Catálogo general” containing “Todo nuestro producto cerámico.” This is a basic catalogue-based selection aid; no interactive room preview, uploaded-photo try-on, or prompt-based generator is stated.","70"
"DANIEL","daniel.it","IT","51-200 employees","25M-75M","5-filters only","Marketing","Marketing + Design + MD","BASIC","no","no","decorative faucets and showers","https://www.daniel.it/en/content/9-catalogs","The site offers only a Catalogs page of downloadable PDF catalogues (e.g. 'DANIEL DESIGN COLLECTION', 'DANIEL REGENCY') plus finish/decoration pages (FINISHING TABLE, STEEL PVD, DEKORA & SENSE); no visualizer, configurator, room preview or AI tool appears in the navigation or product sections.","70"
"DECOCER","decocer.com","ES","51-200 employees","25M-75M","5-filters only","Marketing","Marketing + Design + MD","BASIC","no","no","small-format ceramic tiles","https://www.decocer.com/collections","The Collections page provides “Advanced search” controls for Product, Shape, and Size with an “Apply filters” action, plus catalogue downloads. No interactive room preview, uploaded-photo visualizer, or text-prompt generation feature is stated on the checked pages.","70"
"DEL CONCA","delconca.com","IT","201-500 employees","25M-75M","2-has tryon, no prompt","Digital / Ecommerce","Head of Digital (park)","ADVANCED","yes","no","ceramic floor-wall tiles","https://www.delconcausa.com/","The Del Conca USA page calls it a “cutting edge visualizer technology” and instructs users to “Take a photo or upload your own to the visualizer.” It also directs users to click “See Our Floor in Your Room.”","70"
"DOMINO","domino.pt","PT","51-200 employees","25M-75M","5-filters only","Marketing","Marketing + Design + MD","BASIC","no","no","ceramic and porcelain tiles","https://domino.pt/","The site labels the selector “Search Collections” and “Discover more ceramic styles,” with filters for application, finish, surface, range, and format. No interactive room/photo preview or text-prompt generation is evidenced on the reviewed page.","70"
"EL BARCO","elbarco.com","ES","","","4-no design step","Marketing","Owner / Founder (size unknown)","NONE","no","no","ceramic wall-floor tiles","","The site navigation lists “Empresa,” “Producto,” “Espacios,” “Ferias,” and “Catálogos,” and the homepage states “Explora nuestros completos catálogos.” No visualizer, configurator, room-preview, upload-photo, or text-prompt tool is presented, so the tool level is NONE.","70"
"ELIOS CERAMICA","eliosceramica.it","IT","51-200 employees","25M-75M","5-filters only","Marketing","Marketing + Design + MD","BASIC","no","no","ceramic and porcelain tiles","https://eliosceramica.com/wp-content/uploads/2026/02/ELIOS_CATALOGO-GENERALE-2026.pdf","The site's navigation and homepage offer no visualizer, configurator or room-preview tool — only 'COLLEZIONI', 'Wishlist', 'Contatti' and a login-only 'Area riservata' portal — plus downloadable 'Catalogo generale' and 'Catalogo outdoor' PDFs, which classify as BASIC (downloadable catalogue, no composed preview).","70"
"EXAGRES","exagres.es","ES","51-200 employees","25M-75M","5-filters only","Marketing","Marketing + Design + MD","BASIC","no","no","extruded porcelain tiles","https://exagres.es/acceso-bim/","The site includes a “Download BIM” resource and describes a catalogue for architects and interior designers, but the reviewed pages provide no customer-facing room visualizer, uploaded-photo preview, or prompt-based generator.","70"
"FIORANESE","fioranese.it","IT","","","4-no design step","Marketing","Owner / Founder (size unknown)","NONE","no","no","porcelain stoneware floor tiles","","The homepage labels a feature “Virtual tour FIO,” but the site wording does not describe placing Fioranese products in a room, composing a layout, or generating an image from a text prompt; therefore no qualifying customer-facing design tool is evidenced.","70"
"FORNACE S.ANSELMO","santanselmo.it","IT","","","4-no design step","Marketing","Owner / Founder (size unknown)","NONE","no","no","architectural bricks and terracotta","","The site navigation lists “Azienda,” “Prodotti,” “Casi Studio,” “Galleria,” “Novità,” “FAQ” and “Contatti,” while its product section lists bricks, strips, architectural terracotta, complementary products, screens and prefabricated systems; no customer-facing design or visualization tool is stated.","70"
"GEDY","gedy.com","IT","51-200 employees","25M-75M","5-filters only","Marketing","Marketing + Design + MD","BASIC","no","no","bathroom accessories and furnishings","https://www.gedy.com/en/download/","The site labels its resource “DOWNLOAD” and “SFOGLIA I NOSTRI CATALOGHI” and provides a “CATALOGO.” No interactive preview, room visualizer, configurator, or AI prompt feature is stated, so this is BASIC rather than ADVANCED.","70"
"GIRASOLE PIETRE NATURALI","girasolepietre.it","IT","11-50 employees","1M-5M","5-filters only","Marketing","Owner / Founder","BASIC","no","no","stone slabs and panels","https://girasolepietre.it/magazzino-online","The warehouse page offers “Search by photo” and says, “Our AI algorithm will find the most similar slabs among those available in our database.” This is an image-based product search, not an in-room visualizer or text-prompt generation tool.","70"
"GRANITO FORTE","granitoforte.it","IT","","","4-no design step","Marketing","Owner / Founder (size unknown)","NONE","no","no","designer tile collections","","The site describes its offering as “Designer tiles for unique and timeless spaces” and shows collection entries with “PDF data sheet” and “Request information.” The download page provides a general catalogue and technical guides, with no stated interactive visualizer, room planner, configurator, try-on, or prompt-based generator.","70"
"HIDRA CERAMICA","hidra.it","IT","51-200 employees","25M-75M","5-filters only","Marketing","Marketing + Design + MD","BASIC","no","no","sanitaryware and bathroom furnishings","https://www.hidra.it/en/collections/one-shot/","The official One Shot collection page lists “3D HUB” and “2D 3D” resources, indicating downloadable or reference 3D assets rather than an interactive in-room preview. No customer-facing visualizer, room planner, or text-prompt generation feature is shown.","70"
"LA PLATERA","laplatera.es","ES","51-200 employees","25M-75M","5-filters only","Marketing","Marketing + Design + MD","BASIC","no","no","ceramic floor wall tiles","https://www.laplatera.es/en/meet-our-new-website/","The site describes its search engine as offering filters by color, size, and product type, and separately provides room scenes where visitors can find inspiration. These are catalogue browsing and static inspiration features rather than an interactive preview tool.","70"
"LITHOTECH","livingceramics.com","ES","51-200 employees","25M-75M","5-filters only","Marketing","Marketing + Design + MD","BASIC","no","no","ceramic tiles and sintered stone","https://livingceramics.com/en/livingceramics-walltile-floortile-3d-platforms","The site states ""Livingceramics is now available on three leading 3D platforms: ViSoft, Spark Vision and DomuS3D"" where professionals find ""our full cladding and paving catalogue"" to design 3D settings. These are third-party specifier/design platforms with no on-site try-on or AI prompt tool, so per the rules this is BASIC.","70"
"MAINZU","mainzu.com","ES","51-200 employees","25M-75M","5-filters only","Marketing","Marketing + Design + MD","BASIC","no","no","ceramic and porcelain tiles","https://tileofspainusa.com/visualization-technology-and-digital-design-tools-with-tile-of-spain/","A Tile of Spain visualization-tools page identifies “Mainzu 3D by Mainzu Ceramica” and states that “MAINZU 3D is a downloadable software.” The evidence does not describe an interactive room/photo preview or prompt-based generation, so the tool is classified as BASIC.","70"
"MA.VI. MAIOLICHE VIETRESI","maviceramica.it","IT","","","4-no design step","Marketing","Owner / Founder (size unknown)","NONE","no","no","handmade Vietri ceramic tiles","","The collections page lists named collections and downloadable catalogues, including “Catalogo 2025” and format-specific catalogues, but no visualizer, room preview, configurator, prompt interface, or other customer-facing design tool is shown or described.","70"
"MYKONOS CERAMICA","mykonosceramica.com","ES","11-50 employees","1M-5M","5-filters only","Marketing","Owner / Founder","BASIC","no","no","ceramic and porcelain tiles","https://www.mykonosceramica.com/en","The site promotes a “Catálogo General” and extensive collections, including ceramic wall tiles and porcelain products. This supports BASIC catalogue browsing, but no interactive room preview, uploaded-photo visualizer, or prompt-based generator is stated.","70"
"NOVOCERAM","novoceram.fr","FR","51-200 employees","25M-75M","5-filters only","Marketing","Marketing + Design + MD","BASIC","no","no","ceramic and porcelain tiles","https://www.novoceram.com/","The homepage asks “What kind of tile are you looking for?” and provides filters for uses, effects, colours, and sizes, plus a “Find a Product” link. This supports BASIC filtering, but no in-room preview, uploaded-photo visualization, or text-prompt generation is stated.","70"
"POLIS","polis.it","IT","51-200 employees","25M-75M","5-filters only","Marketing","Marketing + Design + MD","BASIC","no","no","ceramic and porcelain tiles","https://en.polis.it/browsable-catalogue/","The homepage provides “Explore by collections” and a “Browsable catalogue.” The reviewed pages do not state a room visualizer, uploaded-photo preview, or text-prompt generator.","70"
"PONTE GIULIO","pontegiulio.com","IT","2-10 employees","1M-5M","5-filters only","Marketing","Owner / Founder","BASIC","no","no","accessible bathroom safety products","https://www.pontegiulio.com/en-INT/pontegiulio/bim_objects.html","The site describes its BIM page as “The selection of our BIM models” and says it provides “3D parametric models in BIM.” This is a BIM model library rather than an interactive room or uploaded-photo preview, so it is classified as BASIC.","70"
"PORCELANICOS HDC","porcelanicoshdc.es","ES","51-200 employees","25M-75M","5-filters only","Marketing","Marketing + Design + MD","BASIC","no","no","porcelain ceramic tiles","https://porcelanicoshdc.com/colecciones/","The collections page provides filters labelled “Estancias,” “Inspiración,” “Piedra,” “Cemento,” “Marmol,” “Madera,” “Cotto,” and “3D,” together with “Borrar filtro.” This is a BASIC catalogue-filtering tool, not a room preview or prompt-based visualizer.","70"
"PROFILITEC","profilitec.com","IT","51-200 employees","25M-75M","5-filters only","Marketing","Marketing + Design + MD","BASIC","no","no","installation profiles and systems","https://www.profilitec.com/en/landing/uptec-calculator","The Uptec page says “DESIGN YOUR RAISED FLOOR!” and describes a platform to find “which and how many items are needed” for a project, linking to “DISCOVER THE UPTEC CALCULATOR” and “ACCESS THE CALCULATOR.” This is a basic quantity/configuration calculator, not a room try-on or text-prompt visual generator.","70"
"PROGRESS PROFILES","progressprofiles.com","IT","51-200 employees","25M-75M","5-filters only","Marketing","Marketing + Design + MD","BASIC","no","no","tile and flooring profiles","https://www.progressprofiles.com/en/profili-3","The Profiles page asks “What are you searching for?” and provides material and color selections. The homepage also promotes a Progress app offering a “Products Catalogue,” “New products,” and “Video tutorial,” but no room preview or prompt-based visual generation is stated.","70"
"ROCERSA","rocersa.es","ES","51-200 employees","25M-75M","5-filters only","Marketing","Marketing + Design + MD","BASIC","no","no","porcelain and ceramic tiles","https://en.rocersa.com/bim/","The site labels the resource “BIM LIBRARY” and says BIM “allows the creation of digital design simulations” for architectural projects. This is a specifier-oriented BIM resource, classified as BASIC rather than an interactive room visualizer or prompt-based generator.","70"
"SUNSHOWER","sunshower.it","NL","11-50 employees","1M-5M","5-filters only","Marketing","Owner / Founder","BASIC","no","no","infrared UV shower systems","https://www.sunshower.it/","The homepage says “Quale Sunshower è più adatto a te? Fai il test” (“Which Sunshower is most suitable for you? Take the test”), indicating a product-selection quiz. No in-room visualizer, uploaded-photo preview, or prompt-based generation is described.","70"
"TOPCER","topcer.com","PT","51-200 employees","25M-75M","5-filters only","Marketing","Marketing + Design + MD","BASIC","no","no","porcelain surface tiles","https://www.topcer.com/sizes_and_shapes.php","The site labels the section “Products > Sizes and Shapes” and presents “Smooth Texture” and “Textured Surfaces.” This supports basic product filtering or selection, not an in-room visualizer or prompt-based generation.","70"
"Ibel","ibelceramics.com","CN","","","4-no design step","Marketing","Owner / Founder (size unknown)","NONE","no","no","porcelain tiles and accessories","","The site navigation lists “Collections,” “News,” “Downloads,” and “Contacts,” while the collections page lists “Floor,” “Wall,” and “Deco.” No visualizer, configurator, interactive 3D tool, prompt generator, or custom design service is stated on the checked pages.","70"
"Italica Tiles","italicatiles.com","IN","201-500 employees","25M-75M","2-has tryon, no prompt","Digital / Ecommerce","Head of Digital (park)","ADVANCED","yes","no","ceramic and vitrified tiles","https://italicadesigns.italicatiles.com/app/nhFgUMFeKbT58yXqMVAzoQ/room-select","The site header on every page carries a 'TILES VISUALIZER' link to an interactive app on the italicadesigns subdomain whose entry path is room-select, indicating customers can place the company's tiles in a selected room; no text-prompt/AI generation feature was found.","70"
"Keramicos","keramikos.com.ec","EC","201-500 employees","25M-75M","2-has tryon, no prompt","Digital / Ecommerce","Head of Digital (park)","ADVANCED","yes","no","porcelain and ceramic tiles","https://keramikos.com.ec/","The homepage features a 'VISUALIZA TU ESPACIO – EXPERIENCIAS DIGITALES' section offering a 'Visualizador de espacios 3D' and 'Diseña tu propio ambiente'. The company's own Facebook page confirms: '¿Te imaginas ver cómo quedaría tu espacio con nuestro producto? Con nuestro visualizador 3D ahora puedes hacerlo desde casa.'","70"
"Keystone Tile","keystonetile.com","US","51-200 employees","25M-75M","5-filters only","Marketing","Marketing + Design + MD","BASIC","no","no","natural stone and tile","https://www.keystonetile.com/product-category/porcelain","The porcelain section’s navigation includes “Visualizer.” The same section provides selectable sizes and product types such as “12x24,” “Mosaic(P),” and “Wall tile(p),” supporting BASIC rather than a verified interactive room-preview classification.","70"
"Esselle Retail Limited","esselleretail.com","GB","11-50 employees","1M-5M","5-filters only","Marketing","Owner / Founder","BASIC","no","no","homeware, wallpaper, fabrics, rugs","https://esselle-publisher-b3bbf.web.app/","The Esselle Home page provides a “View Digital Catalogue” link and describes coordinated wallpapers, fabrics, window dressings and rugs. The site does not describe an interactive room preview, uploaded-photo try-on, or text-prompt visual generator.","70"
"JADRANKAMEN white limestone Croatia/EU","jadrankamen.hr","HR","","","4-no design step","Marketing","Owner / Founder (size unknown)","NONE","no","no","architectural and building stone","","The official pages describe JADRANKAMEN as a company for “exploitation, processing, sale and installation” of architectural and building stone. No customer-facing visualizer, configurator, room-preview, or text-prompt feature is stated on the reviewed official pages.","70"
"Stanza International LLC.","stanzawholesale.com","US","2-10 employees","1M-5M","5-filters only","Marketing","Owner / Founder","BASIC","no","no","natural stone pebble tiles","https://www.stanzawholesale.com/catalog","The Catalog page says “Download your copy now,” indicating a downloadable product catalogue. No interactive room visualizer, configurator, uploaded-photo preview, or text-prompt generator is stated on the reviewed site pages.","70"
"ARBI ARREDOBAGNO","arbiarredobagno.it","IT","51-200 employees","10M-25M","5-filters only","Marketing","Marketing + Design + MD","BASIC","no","no","bathroom furniture and fixtures","https://www.arbiarredobagno.it/","The homepage provides “Seleziona collezione,” “Seleziona categoria,” and “Scegli il tuo stile,” which qualify as basic catalogue/style filtering. No room-preview, uploaded-photo, or text-prompt functionality is stated.","69"
"CERAMICAS MIMAS","ceramicasmimas.com","ES","51-200 employees","10M-25M","5-filters only","Marketing","Marketing + Design + MD","BASIC","no","no","ceramic wall and floor tiles","https://ceramicasmimas.com/en/downloads/","The only customer-facing design aid found is the Downloads page: 'Our general catalogue of the company, in which you can find a sample of the technology used in our products, as well as a repertoire of the collections, series and sets of our ceramics' with PDF downloads for 2023–2025. The main navigation (Home, Company, Downloads, Products, News) contains no visualizer, configurator, room preview, or AI/prompt tool.","69"
"CEVICA","cevica.es","ES","51-200 employees","10M-25M","5-filters only","Marketing","Marketing + Design + MD","BASIC","no","no","decorative ceramic tiles","https://www.cevica.es/en/catalogs","The site navigation offers 'SERVICES AND RESOURCES – DOWNLOADS' linking to downloadable catalogues, plus static Inspiration galleries ('Get inspired with ideas to design your kitchen with Cevica tiles'); no interactive visualizer, room preview, configurator, or AI/prompt tool was found on the checked pages.","69"
"CIPA GRES","cipagres.it","IT","51-200 employees","10M-25M","5-filters only","Marketing","Marketing + Design + MD","BASIC","no","no","technical porcelain stoneware flooring","https://www.cipagres.it/en/content/18-configurator","The page is labeled “Configurator” and says the “Required product calculation” provides “useful hints and detailed information.” It accepts tile format, thickness, joint width, and area inputs and provides “Calculate the consumption,” indicating a quantity calculator rather than a visualizer.","69"
"DECROS","decros.com.tr","TR","51-200 employees","10M-25M","5-filters only","Marketing","Marketing + Design + MD","BASIC","no","no","porcelain, ceramic and natural stone","http://www.decros.com.tr/catalogue.html","The site's catalogue page offers only downloadable PDF catalogues (""Natural Stone General Catalogue"", ""Porcelain and Ceramic General Catalogue"", etc.); the homepage shows static product images in interior settings with no interactive room visualizer, photo upload, configurator, or AI feature.","69"
"EFFEBIQUATTRO","effebiquattro.it","IT","51-200 employees","10M-25M","5-filters only","Marketing","Marketing + Design + MD","BASIC","no","no","interior doors and wall systems","https://effebiquattro.it/en/catalogues/","The site's navigation contains a 'Catalogues' section offering downloadable PDF catalogues (e.g., the 'Essenze' catalogue with a 'DOWNLOAD' link); no visualizer, configurator, room preview or AI design feature was found in the navigation, product pages or elsewhere on the site.","69"
"EMIGRES","emigres.es","ES","51-200 employees","10M-25M","5-filters only","Marketing","Marketing + Design + MD","BASIC","no","no","ceramic tile collections","https://www.emigres.es/","The site provides basic catalogue access, explicitly listing “CATÁLOGOS” and linking to “CATÁLOGO NATURAL LUXURY” and other downloadable catalogues. Its collection pages provide series downloads and static product imagery, but no interactive room visualizer, uploaded-photo preview, or text-prompt feature is stated.","69"
"FANAL CERAMICAS","fanal.com","ES","51-200 employees","10M-25M","5-filters only","Marketing","Marketing + Design + MD","BASIC","no","no","ceramic and porcelain tiles","https://www.fanal.com/en/product/list","The product list page offers only filtering and picking: 'Filters' for 'Colors', 'Sizes', 'Material' (Porcelain, White Body), 'Finishes' and 'Tecnologias' (e.g. 3DSoft, AntiSlip). No room visualizer, photo upload, configurator, or AI tool was found anywhere on the site; '3DSoft' is a surface finish technology, not a manipulable 3D tool.","69"
"LA FENICE","lafenicegc.com","IT","51-200 employees","10M-25M","5-filters only","Marketing","Marketing + Design + MD","BASIC","no","no","ceramic and porcelain tiles","https://lafenicegc.com/en/collections","The Collections page provides catalogue filters labeled “Category All FLOOR TILE WALL TILE WALL BRICK OUTDOOR” and “Effect All ... Sizes All ...”. This is a BASIC filtering tool; no customer-facing room preview, uploaded-photo visualizer, or prompt-based generator is shown on the reviewed site pages.","69"
"NATUCER","natucer.es","ES","51-200 employees","10M-25M","5-filters only","Marketing","Marketing + Design + MD","BASIC","no","no","extruded porcelain ceramic tiles","https://www.natucer.es/es/soluciones-ceramicas/tecnica","NATUCER describes a section with “diferentes de formas para la colocación de baldosas cerámicas” and instructs users to “Elige la forma que deseas y calcula.” This is an installation and quantity calculator, so it is BASIC rather than an in-room visualizer; no text-prompt generation is stated.","69"
"NUCCI","nucci.design","IT","51-200 employees","10M-25M","5-filters only","Marketing","Marketing + Design + MD","BASIC","no","no","custom bathroom furniture","https://www.mobilduenne.it/configuratore-3cad-mobilduenne/","The site describes Mobilduenne's bathroom products as customizable in dimensions, models, materials, finishes, elements, and accessories, and its footer links to “3CAD” at “configuratore-3cad-mobilduenne.” No site wording verifies room/photo preview or AI prompt generation, so the detected tool is classified as BASIC rather than ADVANCED.","69"
"PROFILPAS","profilpas.com","IT","51-200 employees","10M-25M","5-filters only","Marketing","Marketing + Design + MD","BASIC","no","no","floor and wall profiles","https://www.mapei.com/profilpas/en/products","The product page lists “Our product lines,” including “Profiles for floors and coverings” and “Profiles and shower systems,” and explicitly offers “DOWNLOAD THE PRODUCT CATALOGUE.” No interactive room preview, uploaded-photo try-on, or prompt-based visual generator is stated on the reviewed pages.","69"
"REALONDA","realonda.com","ES","51-200 employees","10M-25M","5-filters only","Marketing","Marketing + Design + MD","BASIC","no","no","ceramic and porcelain tiles","https://www.realonda.com/en/collections/","The Collections page states: 'Filter by style, format or finish and discover colours, textures and technical documentation in each product sheet.' No visualizer, configurator, room-preview or AI tool was found; the Matterport links are 360° virtual tours of trade-fair stands, not a product-in-room tool, and 'Digital 3D' is a finish name (relief/texture), not an interactive 3D tool.","69"
"S.I.M.A.S.","simas.it","IT","51-200 employees","10M-25M","5-filters only","Marketing","Marketing + Design + MD","BASIC","no","no","sanitary ware and washbasins","http://simas.it/","The site says “Sfoglia il catalogo di Ceramica Simas” and lists “Rete Vendita · Download.” This supports BASIC because a downloadable catalogue is present, but the reviewed wording does not describe an interactive visualizer or prompt-based design tool.","69"
"TECNOGRAFICA","tecnografica.net","IT","51-200 employees","10M-25M","5-filters only","Marketing","Marketing + Design + MD","BASIC","no","no","wallpapers and decorative panels","https://www.tecnografica.net/en/index","The site says, “Just drag or upload a photo from your device” and that its “AI search engine” will show “the most visually similar Tecnografica designs.” It instructs users to upload only a graphic motif and to “Avoid images of already furnished rooms,” so this is a BASIC design-selection tool rather than an in-room try-on.","69"
"VISO","visobath.com","ES","51-200 employees","10M-25M","5-filters only","Marketing","Marketing + Design + MD","BASIC","no","no","bathroom furniture and vanities","https://visobath.com/en/catalogues","The site offers downloadable catalogues: 'At VISO, we provide professionals in the sector with a complete selection of bathroom catalogs, designed to facilitate sales, prescription, and the development of interior design and contract projects.' No interactive visualizer, configurator, or AI design tool was found in navigation, product pages, or subdomains.","69"
"AIXIN TECH.CO., LTD","ralartmosaictile.com","CN","51-200 employees","10M-25M","5-filters only","Marketing","Marketing + Design + MD","BASIC","no","no","multi-material mosaic tiles","https://www.ralartmosaictile.com/download.html","The site describes “How to Calculate Mosaic Tile Quantity, Wastage and Packing for Commercial Projects” and references a “mosaic tile quantity calculator,” which supports BASIC classification. Its application page presents “Application & Design” content, but no interactive room preview, uploaded-photo tool, or text-prompt generator is stated.","69"
"ATLAS PLAN","atlasplan.com","IT","11-50 employees","","5-filters only","Marketing","Owner / Founder","BASIC","no","no","large-format porcelain slabs","https://www.atlasplan.com/en-US/large-format-porcelain-slabs/","The only interactive customer-facing feature found is the catalogue filter: 'Filter products ( 72 results)' with 'Reset filters' for color, look, thickness, finish, size and pattern; no visualizer, configurator, room preview, upload-photo or AI prompt tool exists in the navigation, Design and Collaborations page, or product pages.","68"
"INTHETILE","inthetile.com","ES","2-10 employees","500K-1M","1-MANUAL no tool","Design / Product","Owner / Founder","MANUAL","no","no","metallic ceramic tiles","https://www.inthetile.com/en","The site states ""CUSTOM TILE – We offer customized solutions thanks to our expertise in R&D"" and ""Each material is rigorously designed and evaluated to meet the aesthetic and technical requirements of each project"", indicating bespoke tiles delivered by people rather than any self-service visualizer. No customer-facing visualizer, configurator, room planner, or AI design tool appears in the navigation or product pages.","68"
"OPIFICIO CERAMICO","opificioceramico.com","IT","2-10 employees","0-500K","1-MANUAL no tool","Design / Product","Owner / Founder","MANUAL","no","no","handcrafted ceramic tiles","https://opificioceramico.com/en/about/","The site states “PRODUCT CUSTOMIZATION” and “WE MANUFACTURE TO MEASURE, ACCORDING TO YOU WISHES,” including customization of “color, textures, shapes and sizes for specific projects.” Its listed navigation contains Collections, Download, and Contacts, but no customer-facing room visualizer, upload preview, or prompt-generation tool.","68"
"RAVENNAE","ravennae.it","IT","2-10 employees","0-500K","1-MANUAL no tool","Design / Product","Owner / Founder","MANUAL","no","no","mosaic tiles and materials","https://www.ravennae.it/en/rav-en","The site says, “We create mosaics with care, experience, passion,” and that “the expert mosaic artist can create unique and surprising combinations.” This indicates a human-led/manual design service rather than an interactive visualization tool; no prompt or try-on capability is stated.","68"
"TERZADIMENSIONE","terzadimensione.com","IT","2-10 employees","500K-1M","1-MANUAL no tool","Design / Product","Owner / Founder","MANUAL","no","no","porcelain stoneware furnishings","https://www.terzadimensione.com/en/from-terzadimensione/discover-sumisura/","The site describes SUMISURA as “the service that allows you to create customized environments” with solutions “following the specific requests of interior designers.” This is a manual custom-design service, not an interactive room visualizer or prompt-based generator.","68"
"YUKARI CERAMICS","yukariceramics.com","IT","2-10 employees","","5-filters only","Marketing","Owner / Founder","BASIC","no","no","handmade Japanese ceramic tiles","https://yukariceramics.com/wp-content/uploads/2025/09/YK_catalogo_c_2025.pdf","The only design-related resource found is a downloadable catalogue: 'Discover all Yukari collections and explore the full catalogue with formats, finishes and technical information' with a DOWNLOAD link; no visualizer, configurator, room preview, AI feature or custom/bespoke offering appears anywhere in the site navigation (About, Collections, Inspirations, Contacts).","68"
"Winsor Fireform, LLC","winsorfireform.com","US","11-50 employees","500K-1M","1-MANUAL no tool","Design / Product","Owner / Founder","MANUAL","no","no","porcelain enamel panels","https://www.winsorfireform.com/faqs/","The FAQ states, “We offer full graphics and illustration capabilities in house” and that the team assists with “concept development, artwork refinement, and production ready file preparation.” It also says the company produces physical color and graphic samples for review before fabrication, indicating manual custom design support rather than an interactive visualizer.","68"
"Cosa Marble Co.","cosamarble.com","US","11-50 employees","","5-filters only","Marketing","Owner / Founder","BASIC","no","no","marble, limestone, and onyx","https://cosamarble.com/product/custom-color-way-guide_1xh7q2qn74lw89vtwl","The site labels the page “Made to Order” and “All Your Custom Colorway Options,” and presents “Floor and Wall Patterns” with a “Custom colorway guide.” This is a static selection/guide experience rather than an interactive room or uploaded-photo visualizer, and no text-prompt generation capability is shown.","68"
"SAXOLIA by italcrafts","saxolia.it","IT","2-10 employees","","5-filters only","Marketing","Owner / Founder","BASIC","no","no","porcelain stoneware tiles","https://saxolia.it/en/","The site's only design-related resource is its downloadable catalogue: the homepage invites visitors to 'Click to discover our catalogue' with links to PDF collections (Constellation, Tracks, Loft, Nordic, Marble Stone, Vitruvius). No visualizer, configurator, simulator, or AI tool appears in the navigation (Home, Catalogue, About Us, Contact) or on any page.","68"
"WILLIAM F. KEMPF & SON INC","williamkempf.com","US","2-10 employees","500K-1M","1-MANUAL no tool","Design / Product","Owner / Founder","MANUAL","no","no","mats and tire tiles","https://www.williamkempf.com/","The homepage states, “We can custom design and manufacture any mat according to your requirements” and “We also do logo mats in bulk, in different designs and sizes.” This supports a manual bespoke design service rather than an interactive visualizer.","68"
"ABK - MOOOI","abkgroup.it","IT","501-1,000 employees","200M-500M","2-has tryon, no prompt","Digital / Ecommerce","Head of Digital (park)","ADVANCED","yes","no","ceramic porcelain tiles","https://www.abk.it/en","The site describes “VIRTUAL STYLIST” as a “room configurator” and “floor and wall tile configurator.” It says customers can visualize and modify rooms and see finishes in real time by taking a photo of their space.","65"
"ARGENTA CERAMICA","argentaceramica.com","ES","1,001-5,000 employees","1B-10B","2-has tryon, no prompt","Digital / Ecommerce","Head of Digital (park)","ADVANCED","yes","no","ceramic floor and wall tiles","https://www.argentaceramica.com/en/pulse/","The site labels the feature “VIRTUAL VIEWER” and says, “The ceramics you choose in the space you want,” with a link to the Pulse viewer; no text-prompt generation is described.","65"
"ASIAN GRANITO INDIA","aglasiangranito.com","IN","1,001-5,000 employees","500M-1B","2-has tryon, no prompt","Digital / Ecommerce","Head of Digital (park)","ADVANCED","yes","no","vitrified and ceramic tiles","https://agltiles.3droomvisualizer.com/panorama/73","The homepage states: 'Feel the Real With Real-time 360° Tile Visualizer. Try before you buy! Experience AGL floor & wall tiles in real-time with our 360° Tile Visualizer using Augmented Reality,' linking to 'Open Tiles View' at agltiles.3droomvisualizer.com (a third-party 3D room visualizer platform hosting the AGL-branded tool). No text-prompt/AI generation feature is described on the site.","65"
"CERAMICA CLEOPATRA GROUP","cleopatraceramics.com","EG","10,001+ employees","1B-10B","2-has tryon, no prompt","Digital / Ecommerce","Head of Digital (park)","ADVANCED","yes","no","ceramic tiles and sanitaryware","https://www.cleopatraceramics.store/roomvo/","The site says “Choose our tiles directly in your home!” and “TRY NOW OUR ROOM CONFIGURATOR!” It also describes the feature as visualizing products directly in the home and choosing a surface to design floors and walls. ","65"
"COTTO D'ESTE","cottodeste.it","IT","1,001-5,000 employees","1B-10B","2-has tryon, no prompt","Digital / Ecommerce","Head of Digital (park)","ADVANCED","yes","no","porcelain tiles and slabs","https://www.cottodeste.it/en/Home","The site says, “With our new Roomviewer, you immediately see the final result,” then instructs users to “Take a photo of your room,” choose a floor or wall covering, and look at it in their home.","65"
"EGE SERAMIK","egeseramik.com","TR","1,001-5,000 employees","200M-500M","2-has tryon, no prompt","Digital / Ecommerce","Head of Digital (park)","ADVANCED","yes","no","ceramic tiles and mosaics","https://www.egeseramik.com/en/design-your-home/design-your-home","The site states, “Experience Ege Seramik products by designing your own virtual rooms” and “Click, change, redesign,” alongside links for “Showroom Virtual Tour,” “Fair Virtual Tour,” and “Design Your Home.”","65"
"GAMA-DECOR","porcelanosagrupo.com","ES","1,001-5,000 employees","200M-500M","2-has tryon, no prompt","Digital / Ecommerce","Head of Digital (park)","ADVANCED","yes","no","kitchen and bathroom furniture","https://spaces.porcelanosa.com/","""Online configurator: design your space PORCELANOSA"" and ""From the creation of a floor plan to the final 3D render, designing a bathroom is swift and easy, choosing from our range of furniture and bathroom accessories."" It is Porcelanosa's own Spaces tool, with a professional designer version also offered.","65"
"GRESART","gresart.com","PT","51-200 employees","","5-filters only","Marketing","Marketing + Design + MD","BASIC","no","no","wall and floor tiles","https://gresart.com/en/products","The Products page explicitly says “Filter collections” and provides filters for spaces, effects, formats, and colors, which qualifies as BASIC. The homepage also offers “Virtual Tour” showroom links, but does not state that customers can place tiles in their own room or generate visuals from prompts.","65"
"GRUPO GRECO GRES INTERNACIONAL","grecogres.com","ES","51-200 employees","0-500K","1-MANUAL no tool","Design / Product","Marketing + Design + MD","MANUAL","no","no","extruded porcelain tile systems","https://www.grecogres.com/en","The site states, “If you need advice or a quotation, we will put you in direct contact with our technical department,” and provides a form for attaching files or plans. No interactive room visualizer, uploaded-photo preview, or text-prompt generator is shown.","65"
"KALE","kale.com.tr","TR","1,001-5,000 employees","200M-500M","2-has tryon, no prompt","Digital / Ecommerce","Head of Digital (park)","ADVANCED","yes","no","Ceramic and bathroom products","https://kalecore.com.tr/","The site states “Create Your Bathroom with 3D Modeling!” and “Design your bathroom in real dimensions, examine it, See and decide,” linking to https://kalecore.com.tr/. It also exposes a “Kale Group Room Visualizer, Powered by Roomvo,” identifying Roomvo as a third-party visualization provider.","65"
"LOVE CERAMIC TILES","lovetiles.com","PT","201-500 employees","","2-has tryon, no prompt","Digital / Ecommerce","Head of Digital (park)","ADVANCED","yes","no","ceramic wall and floor tiles","https://lovetiles.com/en/lovear","The Love AR page says, “Take a picture with your phone and try our augmented reality application” and that users can “simulate changing the floor with our ceramic products.” It also supports selecting a room image, changing product size, pattern, colour, and rotation; no text-prompt generation is described.","65"
"MARGRES CERAMIC TILES","margres.com","PT","501-1,000 employees","","2-has tryon, no prompt","Digital / Ecommerce","Head of Digital (park)","ADVANCED","yes","no","porcelain stoneware tiles","https://margres.com/en/margresar","The homepage promotes ""MARGRES AR — Change the floor in your room. Try it now"", an AR tool for placing their tiles in the customer's own room; they also offer a 360º showroom tour, product filtering by space/effect/colour, and a team-delivered Bathroom Advisor service, but no text-prompt visual generation.","65"
"NG KUTAHYA SERAMIK","ngkutahyaseramik.com.tr","TR","1,001-5,000 employees","200M-500M","2-has tryon, no prompt","Digital / Ecommerce","Head of Digital (park)","ADVANCED","yes","no","ceramic and porcelain tiles","https://ngkutahyaseramik.com.tr/en/virtual-rooms","The site invites customers to ""Experience Kütahya Seramik products in virtual rooms"" with an ""Apply to Virtual Room"" link on the homepage and on individual collections, pointing to /en/virtual-rooms; no text-prompt/AI generation feature is mentioned.","65"
"NITCO","nitco.in","IN","1,001-5,000 employees","200M-500M","2-has tryon, no prompt","Digital / Ecommerce","Head of Digital (park)","ADVANCED","yes","no","Tiles, mosaics and marble","https://www.nitco.in/visualiser/","The NITCO Visualiser lets users “mix and match styles, change laying patterns and draw areas” and “personalise” their room before saving or sharing it. NITCO’s blog describes it as helping users visualise what their room will look like with selected flooring or wall tiles; no text-prompt generation is stated.","65"
"PORTOBELLO GRUPO","portobello.international","BR","1,001-5,000 employees","200M-500M","2-has tryon, no prompt","Digital / Ecommerce","Head of Digital (park)","ADVANCED","yes","no","ceramic tile coverings","https://www.roomvo.com/my/portobellocombr/?visitor_id=97f6e60eb49348f59678c76bc984ad9b&tracking_code=&locale=pt-pt&prefilter=&iframe_id=ffPopup&originator=&product_code=29267E&product_type=&domain=digital.portobello.com.br&is_in_top_window=0&use_history_padding=0","The customer-facing page says “Roomvo visualizer.” Its page title identifies it as “Portobello Room Visualizer, Powered by Roomvo,” indicating a third-party room-visualization tool.","65"
"RAK CERAMICS","rakceramics.com","AE","10,001+ employees","1B-10B","2-has tryon, no prompt","Digital / Ecommerce","Head of Digital (park)","ADVANCED","yes","no","ceramic tiles and sanitaryware","https://www.rakceramics.com/mea/en/room-visualizer/","RAK Ceramics describes its Room Visualizer as a “cutting-edge 3D visualisation tool” that lets users integrate its tiles and sanitaryware into a room layout and preview room transformations.","65"
"SOMANY CERAMICS","somanyceramics.com","IN","1,001-5,000 employees","200M-500M","2-has tryon, no prompt","Digital / Ecommerce","Head of Digital (park)","ADVANCED","yes","no","tiles, bathware, building solutions","https://www.somanyceramics.com/visualiser","The site describes “Three Ways To See Your Space,” including a 2D visualizer, panoramic experience, and “Your Space Studio.” It states that users can upload an image of their space and apply different tiles in real time, with AI-powered, photo-realistic visualization.","65"
"TAU CERÁMICA","tauceramica.com","ES","501-1,000 employees","200M-500M","2-has tryon, no prompt","Digital / Ecommerce","Head of Digital (park)","ADVANCED","yes","no","ceramic and porcelain tiles","https://www.roomvo.com/my/tauceramica/?visitor_id=1fd7716b84c542768a782f0383698c86&tracking_code=&locale=es-es&prefilter=&iframe_id=ffPopup&originator=&product_code=&product_type=&domain=www.tauceramica.com&is_in_top_window=0&use_history_padding=0","The site embeds a ""Tau Ceramica Room Visualizer, Powered by Roomvo"" (third-party Roomvo build) that says ""Ve productos en tu habitación — Arrastra y suelta o elige una foto"", letting customers see products in their own room from an uploaded photo. No text-prompt/AI visual generation capability was found.","65"
"Graiman CIA Ltda.","graiman.com","EC","1,001-5,000 employees","200M-500M","2-has tryon, no prompt","Design / Product","Head of Digital (park)","MANUAL","yes","no","ceramic and porcelain tiles","https://www.graiman.com/blog/asistencia/studio-graiman-dise%C3%B1adores-tu-servicio","The site describes Studio Graiman as 'un servicio de diseño y visualización 3D' where 'Diseñadores expertos te ayudarán a crear y visualizar tus ambientes' using customer floor plans, i.e. a free staff-delivered design/3D visualisation service rather than a self-service tool. No self-driven room visualizer, configurator, or AI prompt tool was found anywhere on the site.","65"
"Marazzi/American Olean","marazziusa.com","US","501-1,000 employees","200M-500M","2-has tryon, no prompt","Digital / Ecommerce","Head of Digital (park)","ADVANCED","yes","no","ceramic and porcelain tile","https://www.marazziusa.com/stylizer","Stylizer: ""Marazzi Stylizer allows you to visualize and design your room with our trending and timeless floor, wall and mosaic tiles"" — users can ""Upload your own picture or choose an existing room,"" with a ""View in a Room"" button on product pages (launches via Roomvo's roomvoStartVisualizer parameter, indicating a third-party engine). Stylizer AI suggests tiles from preset styles (Modern, Coastal, Bohemian, etc.) with regenerate, but does not accept free-text prompts.","65"
"QUA","qua.com.tr","TR","1,001-5,000 employees","200M-500M","2-has tryon, no prompt","Digital / Ecommerce","Head of Digital (park)","ADVANCED","yes","no","technical granite tiles","https://tilesview.ai/app/login.php?login_backend=NDE4MjB0aWxlc3ByZXZpZXdfMTk5NA==","The homepage exposes a direct Tilesview application link and lists “Virtual Tour” among its useful links, indicating a customer-facing visualization entry point. No text-prompt generation feature is stated on the reviewed pages.","65"
"ABITARE LA CERAMICA","abitarelaceramica.it","IT","","10M-25M","5-filters only","Marketing","Owner / Founder (size unknown)","BASIC","no","no","porcelain and ceramic tiles","https://abitarelaceramica.it/ab-collezioni","The collections page states “Ricerca la tua collezione” and lists “Formati,” indicating basic collection and format picking. The reviewed official pages do not state that customers can preview products in a room, upload a photo, or generate a visual from a text prompt.","64"
"CAPRI CERAMICHE","ceramichecapri.it","IT","","10M-25M","5-filters only","Marketing","Owner / Founder (size unknown)","BASIC","no","no","porcelain ceramic tiles","http://ceramichecapri.it/en/collections-filter","The site lists “Collections filter” and organizes products by effects and collections. This supports BASIC functionality for filtering or selecting products, but no wording indicates an interactive room/photo preview or prompt-based generation.","64"
"CIPI'","cipitaly.it","IT","","10M-25M","5-filters only","Marketing","Owner / Founder (size unknown)","BASIC","no","no","bathroom furniture and accessories","https://cipitaly.it/en/modelli-3d/","The site states: “On this page you can download 3D .fbx models of our products to use in your design software.” This is a downloadable 3D model library, not an interactive room or photo visualization tool, so it is classified as BASIC rather than ADVANCED.","64"
"ISLA TILES","islatiles.it","IT","","10M-25M","5-filters only","Marketing","Owner / Founder (size unknown)","BASIC","no","no","floor and wall tiles","https://www.islatiles.it/collezioni?lang=en","The Collections page offers “Product mode Gallery mode” and filters such as Metal, Wood, Stone, Marble, and Concrete. This is a basic browse-and-filter experience rather than an in-room or prompt-based visualizer; no customer-facing try-on or text-generation feature is stated.","64"
"REMER RUBINETTERIE","remer.eu","IT","","10M-25M","5-filters only","Marketing","Owner / Founder (size unknown)","BASIC","no","no","bathroom and kitchen faucets","https://www.remer.eu/","The homepage says “LE NOSTRE FINITURE” and “Scopri le opzioni di finitura e personalizza la tua rubinetteria di bagno e cucina” (“Discover the finish options and personalize your bathroom and kitchen faucets”). This supports a basic finish-selection tool, not an in-room visualizer or prompt-based generator.","64"
"SAIME CERAMICHE DAL 1938","saimeceramiche.com","IT","","10M-25M","5-filters only","Marketing","Owner / Founder (size unknown)","BASIC","no","no","porcelain stoneware tiles","https://www.saimeceramiche.com/en/collections/","The collections page explicitly offers “Filter by” options including “Stone effect,” “Concrete&Terracotta Effect,” “Color effect,” “Wood effect,” and “Marble effect.” This supports a BASIC product-filtering tool, but no interactive room preview or prompt-based visual generator is shown.","64"
"KT Exclusive GmbH","kt-exclusive.com","DE","","5M-10M","5-filters only","Marketing","Owner / Founder (size unknown)","BASIC","no","no","wallcoverings, fabrics, trimmings","https://www.kt-exclusive.com/en/gallery/wallcoverings/kt-exclusive/tiles.html","The site labels a “Wallpaper Calculator” and states, “This calculator estimates the amount of wallpaper you require.” It asks users to enter room dimensions and select product dimensions, making it a BASIC quantity calculator rather than an in-room visualizer or prompt tool.","63"
"ACQUARIODUE","acquariodue.com","IT","","1M-5M","5-filters only","Marketing","Owner / Founder (size unknown)","BASIC","no","no","ceramic tile collections","https://en.acquariodue.com/category/all-products","The official catalogue uses the labels “Browse by,” “Filter by Price,” and “Sort by,” and lists “51 products.” This supports BASIC catalogue filtering only; no in-room preview, uploaded-photo, or text-prompt function is exposed there.","62"
"EVOLUZIONI CERAMICHE","evoluzioniceramiche.com","IT","","1M-5M","5-filters only","Marketing","Owner / Founder (size unknown)","BASIC","no","no","ceramic flooring and wallcoverings","https://go.dimensione3.com/evoluzioni-ceramiche-cersaie-bologna-2024","The homepage links to “CLICK HERE AND SEE OUR STAND IN 3D AT CERSAIE 2024.” This is an interactive 3D exhibition-stand visualization, but the site does not evidence a room configurator, product composer, uploaded-photo preview, or text-prompt generator.","62"
"Mediterra Tile","mediterratile.com","US","","1M-5M","5-filters only","Marketing","Owner / Founder (size unknown)","BASIC","no","no","handmade ceramic tiles","https://mediterratile.com/collections","The Collections page describes a “Wide Selection of Aesthetic Handmade Tiles” and includes a “Glaze Palette.” It presents collection imagery and labels but no interactive room preview, upload-based visualization, or prompt-generation feature, so the existing tool is BASIC rather than ADVANCED.","62"
"APAVISA PORCELANICO","apavisa.com","ES","201-500 employees","75M-200M","3-composes, no room view","Digital / Ecommerce","Head of Digital (park)","ADVANCED","no","no","porcelain floor and wall tiles","https://apavisa.com/en/tools-visualisation-3d-tiles","Apavisa states, “we offer two powerful 3D design tools so you can visualise how our ceramic collections will look in any room.” The page describes pre-designed scenes and creating 3D projects from scratch, with tools linked through RealityRemod and TilePlanner.","61"
"DUKA","duka.it","IT","201-500 employees","75M-200M","3-composes, no room view","Digital / Ecommerce","Head of Digital (park)","ADVANCED","no","no","shower enclosure systems","https://www.duka.it/en/configurator.html","The site says, “Design your perfect shower enclosure in just a few clicks.” It describes a “realistic 3D visualisation” that lets users see every detail and links to the standalone configurator.","61"
"MARCA CORONA","marcacorona.it","IT","201-500 employees","75M-200M","3-composes, no room view","Digital / Ecommerce","Head of Digital (park)","ADVANCED","no","no","porcelain stoneware tiles","https://www.marcacorona.it/en/mix-and-match/","The site describes Mix and Match as “a true professional tool” and invites users to “choose the porcelain stoneware effect and the perfect colour” to “Create unique and elegant rooms.” No text-prompt generation or upload-your-own-room feature is stated.","61"
"AZZURRA CERAMICA","azzurraceramica.it","IT","","500K-1M","1-MANUAL no tool","Design / Product","Owner / Founder (size unknown)","MANUAL","no","no","ceramic sanitaryware bathroom furniture","https://www.azzurraceramica.com/bespoke-bathroom/bespoke-color/","The site offers 'Bespoke Colour – Customise Sanitary Ware', stating 'Azzurra Ceramica proposes a wide range of colours to complete your bathroom design project with extreme elegance and authenticity', i.e. customisation delivered by people rather than a self-service visualiser. No visualizer, configurator, room-preview or prompt-based tool was found in the site's navigation or product pages.","60"
"COTTOVIETRI","cottovietri.it  cplustiles.com","IT","","","5-filters only","Marketing","Owner / Founder (size unknown)","BASIC","no","no","handmade ceramic tiles","https://www.cottovietri.it/wp-content/uploads/2022/07/catalogo-DEF-Giugno2016.pdf","The site labels a “Catalogo” and states: “Inserisci i tuoi dati, riceverai una mail per scaricare catalogo e cartella colore.” No interactive room visualizer, uploaded-photo preview, or prompt-based generation feature is stated on the reviewed pages.","60"
"DNA TILES","dnatiles.com","ES","","","5-filters only","Marketing","Owner / Founder (size unknown)","BASIC","no","no","ceramic and porcelain tiles","https://dnatiles.com/en/collections","The collections page provides 'FILTERS' for shapes, colours, finishes, looks, and materials. The site also offers 'downloadable resources' and 'complete catalogs' of its collections, images, and technical details, but does not state that these resources provide an interactive preview.","60"
"LEONARDO - EVOLUTIONSTILE","leonardoceramica.com","IT","","","5-filters only","Marketing","Owner / Founder (size unknown)","BASIC","no","no","ceramic and porcelain tiles","https://leonardoceramica.com/en/collections/","The site says, “The Leonardo APP allows you to access all the sales, marketing and merchandising contents you need,” and also links to a “General catalogue.” It does not describe room placement, uploaded-photo previews, composed designs, or text-prompt generation.","60"
"Erfurt & Sohn KG","erfurt.com","DE","201-500 employees","25M-75M","3-composes, no room view","Digital / Ecommerce","Head of Digital (park)","ADVANCED","no","no","wallpaper and wallcoverings","https://erfurt.juicywalls.pro/","The site promotes its digital photo wallpaper with an 'Easy-to-use online configurator' and states on the JuicyWalls page: 'Find a retailer / Wallpaper configurator … You can also easily customise your chosen wallpaper online.' The configurator (erfurt.juicywalls.pro) is the company's own tool for composing custom wall designs; no room-photo try-on or AI text-prompt feature was found.","60"
"CERAMICA MAYOR","ceramicamayor.com","ES","2-10 employees","500K-1M","2-has tryon, no prompt","Digital / Ecommerce","Owner / Founder","ADVANCED","yes","no","porcelain stoneware pool systems","https://www.ceramicamayor.com/en/simulator/","The site's 'Design Your Pool' simulator invites customers to 'Explore different porcelain tile combinations and find the option that best suits your pool and outdoor space', and it is promoted as a pool simulator that lets users 'explore materials, compare combinations, and visualize the final result in minutes'. No text-prompt/AI generation feature was found.","58"
"EMAC®","emac-italia.it","ES","2-10 employees","500K-1M","2-has tryon, no prompt","Digital / Ecommerce","Owner / Founder","ADVANCED","yes","no","tile profiles and trims","https://emac.es/en","The EMAC® Group site states that it offers “a useful, efficient, augmented reality tool for selecting and prescribing its Structural Joints System before saving.” No wording indicates that the tool accepts natural-language prompts.","58"
"ALELUIA CERAMICS","aleluia.pt","PT","201-500 employees","75M-200M","4-no design step","Marketing","Head of Digital (park)","NONE","no","no","wall and floor tiles","","The site lists collections such as “Cement,” “Wood,” “Marble,” “Stone,” and “Hand Painting,” and provides downloadable catalogues, but the reviewed pages contain no customer-facing visualizer, configurator, room preview, or text-prompt generation tool.","51"
"CERAMICA DOLOMITE","ceramicadolomite.it","IT","201-500 employees","75M-200M","4-no design step","Marketing","Head of Digital (park)","NONE","no","no","bathroom ceramics and sanitaryware","","No customer-facing design, visualization, or configurator tool appears anywhere on the site: the main navigation covers only products/collections, news, company and Design & technology pages, and the Design & technology section describes glaze durability and rimless flushing ('Ceramica Dolomite's glazes do not stop at appearances, but are champions of durability'), not any interactive tool.","51"
"CINCA","cinca.pt","PT","201-500 employees","75M-200M","4-no design step","Marketing","Head of Digital (park)","NONE","no","no","wall and floor tiles","","The site presents named tile collections with “SEE MORE” links and product information, including downloadable product documents. No visualizer, configurator, room preview, or text-prompt design feature is stated on the reviewed official pages.","51"
"FN NEUHOFER HOLZ","fnprofile.com","AT","201-500 employees","75M-200M","4-no design step","Marketing","Head of Digital (park)","NONE","no","no","skirting boards and panels","","The site labels its content “A range overview” and “Our product overview,” listing product groups for browsing, but the reviewed official pages contain no stated interactive visualizer, configurator, room planner, upload preview, or prompt-based design tool.","51"
"IL CAVALLINO","ceramicacavallino.it","IT","201-500 employees","75M-200M","4-no design step","Marketing","Head of Digital (park)","NONE","no","no","porcelain stoneware tiles","","The collection page describes “Gres Porcellanato | Pavimento & RIVESTIMENTO” and provides “SCARICA CATALOGO” and “SCARICA SCHEDA TECNICA”; no customer-facing visualizer, configurator, room preview, upload-photo, or text-prompt feature is identified on the reviewed pages.","51"
"NOVABELL CER.ITALIANE","novabell.it","IT","201-500 employees","75M-200M","4-no design step","Marketing","Head of Digital (park)","NONE","no","no","porcelain stoneware tiles","","The site's navigation and downloads section offer only downloadable catalogues (General Catalogue 2025, OutWalk, OutWall Facade, Oversize, etc.) and a Reserved Area for logging in to download high-resolution images; the 2026 catalogues page describes its 'tools' as materials 'designed to support designers and professionals in selecting and using surfaces' with no interactive visualizer, configurator, or AI feature.","51"
"PHILIPP PLEIN","plein.com","CH","201-500 employees","75M-200M","4-no design step","Marketing","Head of Digital (park)","NONE","no","no","luxury fashion apparel","","The reviewed official pages show shopping categories and collection links such as “Men's Clothing,” “Women's Dresses,” “Women's Bags,” and “DISCOVER FOR MEN/WOMEN,” but no visualizer, configurator, interactive try-on, or AI prompt tool is stated; tool level is therefore NONE.","51"
"ROYAL CERAMICA","royalceramica.com","EG","1,001-5,000 employees","75M-200M","4-no design step","Marketing","Head of Digital (park)","NONE","no","no","ceramic tile collections","","The site presents “Featured Designs” and named collections such as “Floor, Wood” and “Marble, Wall,” while its market page describes retail presence through agents and El Sallab Group showrooms. No visualizer, configurator, room planner, upload-photo, or text-prompt tool is stated on the reviewed pages.","51"
"TUSCANIA","tuscaniagres.it","IT","201-500 employees","75M-200M","4-no design step","Marketing","Head of Digital (park)","NONE","no","no","porcelain stoneware tiles","","The site presents “Series” for floorings and coverings and lists named collections and room galleries, but the reviewed pages do not identify an interactive design, visualization, configurator, room-preview, upload, or prompt tool.","51"
"TAB Surfaces - Natural Stone and QUARTZ","tabindia.com","IN","501-1,000 employees","75M-200M","4-no design step","Marketing","Head of Digital (park)","NONE","no","no","stone and quartz slabs","","The site presents natural stone and quartz products, including slab sizes, featured colors, and project references, but no interactive visualizer, configurator, room-preview, upload-photo, or text-prompt feature is identified.","51"
"A.S. Création Tapeten AG","as-creation.com","DE","501-1,000 employees","75M-200M","4-no design step","Marketing","Head of Digital (park)","NONE","no","no","wallpaper and photo murals","","The site promotes “trendiges Design und atemberaubende Tapeten” and links to “Inspiration & Trends” and “Fototapeten Entdecken.” No interactive visualizer, configurator, room-preview, upload, or prompt-generation feature is identified, so the tool level is NONE.","51"
"BONZA","bonzavitrified.com","IN","201-500 employees","25M-75M","4-no design step","Marketing","Head of Digital (park)","NONE","no","no","vitrified ceramic tiles","","The site lists “Home About Product Certificate Download Event Contact” and multiple product collections organized by size and finish. It describes “our approach to tile making,” but no visualizer, configurator, room preview, or prompt-generation feature is shown.","50"
"ENERGIEKER","energieker.it","IT","201-500 employees","25M-75M","4-no design step","Marketing","Head of Digital (park)","NONE","no","no","porcelain stoneware surfaces","","No design or visualization tool was found anywhere on the site: the main navigation contains only Collections, Categories, Inspirations, Professionals, Technologies and Company sections, plus a product search ('Search for products'), and the Inspirations pages are static image galleries with no room-preview, photo-upload, configurator or prompt-based AI feature.","50"
"WOW DESIGN","wowdesigneu.com","ES","201-500 employees","25M-75M","4-no design step","Marketing","Head of Digital (park)","NONE","no","no","ceramic tile collections","","The site promotes “CREATE YOUR WOW SPACE WITH OUR DISPLAYS!” and lists “WOW Smart,” but the available wording describes displays rather than an interactive visualizer, configurator, photo try-on, or prompt-based design tool.","50"
"Bluetone Ceramic","bluetoneceramic.com","IN","201-500 employees","25M-75M","4-no design step","Marketing","Head of Digital (park)","NONE","no","no","porcelain and ceramic tiles","","The site lists “Ceramic Wall Tiles,” “Porcelain Tiles,” and “Ceramic Floor Tiles,” while its useful links include Home, About Us, Inquiry, Contact, Exports, Certificates, Technical Specs, and Blog; no customer-facing visualizer or configurator is stated.","50"
"XIAMEN ELIN LANDO INDUSTRIAL CO.,LTD","elinlandomarble.com","CN","201-500 employees","25M-75M","4-no design step","Marketing","Head of Digital (park)","NONE","no","no","marble mosaics and tiles","","The homepage lists “TILE,” “MOSAIC,” “CERAMIC,” “MOLDING,” “GLASS,” and “MARBLE SLAB,” and labels another section “NEW DESIGNS.” No customer-facing visualization or prompt feature is present in the reviewed site content.","50"
"The Wallfashion House NV","grandecogroup.com","BE","201-500 employees","25M-75M","4-no design step","Marketing","Head of Digital (park)","NONE","no","no","wallpaper decorative wall panels","","The site navigation presents “Wallpapers,” “Collections,” “Inspiration,” and “Dealer login,” while the corporate offer describes wallpaper production and distribution; no customer-facing visualizer, configurator, room preview, or prompt feature is identified.","50"
"DEMOSAICA","demosaica.com","ES","2-10 employees","500K-1M","3-composes, no room view","Digital / Ecommerce","Owner / Founder","ADVANCED","no","no","handmade cement and zellige tiles","https://zellige.demosaica.com/?lang=en","The site's 'MAKE YOUR OWN DESIGN' section links a 'Cement Tile Simulator' and a 'Zellige Simulator', and the zellige page states: 'Customise any of our zellige models and create your own design.' The FAQ adds: 'We have online simulators that can help you find the desired design.'","48"
"ANATOLIA","anatolia.com","CA","201-500 employees","200M-500M","4-no design step","Marketing","Head of Digital (park)","NONE","no","no","tiles, stone, and slabs","","The site provides category links for “EXPLORE CERAMIC + PORCELAIN,” “EXPLORE NATURAL STONE,” “EXPLORE MOSAICS,” and “EXPLORE SINTERED SLABS,” but the gathered site content does not evidence a customer-facing visualizer, configurator, room preview, or prompt-based design feature.","45"
"BALDOCER","baldocer.com","ES","501-1,000 employees","200M-500M","4-no design step","Marketing","Head of Digital (park)","NONE","no","no","porcelain ceramic tiles","","The official downloads-page navigation includes “Create 3D,” but the available wording does not describe an interactive room preview, uploaded-photo visualization, composed surface preview, or text-prompt generation; therefore no customer-facing design tool is verified.","45"
"CERAMICA CARMELO FIOR","carmelofior.com.br","BR","1,001-5,000 employees","200M-500M","4-no design step","Marketing","Head of Digital (park)","NONE","no","no","ceramic floors and coverings","","The products page includes “Compare seu Produto” and product download functionality, but no wording or feature for a visualizer, configurator, room preview, uploaded-photo preview, or text-prompt generation is shown.","45"
"CERCOM","cercomceramiche.it","IT","201-500 employees","","4-no design step","Marketing","Head of Digital (park)","NONE","no","no","porcelain stoneware tiles","","The site presents “Product mode” and “Gallery mode” for its collections and lists named collections with colours and surfaces, but it does not state that customers can place products in a room, upload a photo, configure a composition, or generate a visual from a text prompt.","45"
"CIR","cir.it","IT","201-500 employees","","4-no design step","Marketing","Head of Digital (park)","NONE","no","no","porcelain stoneware tiles","","The site presents product “collections” including “CALCAREA,” “FOREVER COLOR,” and “PORTA NUOVA,” plus “LAYING SUGGESTIONS,” but it does not present a customer-facing visualizer, configurator, room preview, or prompt-based design tool. No interactive design tool is evidenced, so the tool level is NONE.","45"
"ETILE / ELAM","etile.es","ES","501-1,000 employees","200M-500M","4-no design step","Marketing","Head of Digital (park)","NONE","no","no","ceramic tile collections","","The site directs visitors to “VER COLECCIONES” and offers “Descargar Catálogo General Etile 2026,” but no customer-facing visualizer, configurator, or prompt-based design feature is stated.","45"
"FELTRINELLI LIBRERIE","lafeltrinelli.it","IT","1,001-5,000 employees","500M-1B","4-no design step","Marketing","Head of Digital (park)","NONE","no","no","books, media, games, stationery","","The site presents shopping functions including “Categorie,” “Prodotti,” and “Ricerca avanzata,” while its customer-service navigation lists “Negozi,” “Eventi,” and “Prenota e ritira”; no customer-facing design or visualization tool is stated.","45"
"GANI MARBLE TILES","ganimarbletiles.com","CN","1,001-5,000 employees","200M-500M","4-no design step","Marketing","Head of Digital (park)","NONE","no","no","porcelain marble surfaces","","The site describes GANI as a “porcelain surface solution” and presents “Featured Products” and “Projects”; no customer-facing design or visualization feature is stated in the available site content.","45"
"KLUDI","kludi.com","DE","501-1,000 employees","200M-500M","4-no design step","Marketing","Head of Digital (park)","NONE","no","no","bathroom and kitchen fixtures","","The site lists “Basin Mixers,” “Shower Systems,” “Kitchen Collections,” and “Water Closets,” while the reviewed pages only provide product categories and store discovery; no customer-facing design tool is stated.","45"
"LAMINAM","laminam.com","IT","501-1,000 employees","200M-500M","4-no design step","Marketing","Head of Digital (park)","NONE","no","no","large ceramic surface slabs","","The site states that “Laminam produces ceramic slabs” used in “exterior architecture, interior design and furnishings,” and lists applications including wall cladding, flooring, kitchen worktops, and furnishing elements. No customer-facing design or visualization tool is identified in the reviewed site navigation or product content, so the tool level is NONE.","45"
"QUTONE CERAMIC","qutoneceramic.com","IN","1,001-5,000 employees","200M-500M","4-no design step","Marketing","Head of Digital (park)","NONE","no","no","ceramic and vitrified tiles","","The site navigation lists company, portfolio, blog, and collection pages, while the dedicated downloads page is a catalogue directory with collection and size-based catalogue links. No visualizer, room-preview, configurator, upload-photo, or prompt feature is stated on the reviewed pages.","45"
"SERENISSIMA","serenissima.re.it","IT","201-500 employees","","4-no design step","Marketing","Head of Digital (park)","NONE","no","no","porcelain stoneware tiles","","The collection page labels the product “GLAZED PORCELAIN STONEWARE” and offers “View colours and sizes” plus product downloads; the homepage lists Serenissima collections but shows no customer-facing visualizer, room planner, upload preview, or prompt feature.","45"
"ANKA SERAMIK","ankaseramik.com.tr","TR","501-1,000 employees","75M-200M","5-filters only","Marketing","Head of Digital (park)","BASIC","no","no","ceramic and porcelain tiles","http://www.ankaseramik.com.tr/en/products-13","The products page provides filters labeled “Texture,” “Dimensions,” “Colors,” “Areas of Use,” “Features,” “Category,” and “Surface Type,” followed by “ALL PRODUCTS.” No room visualizer, upload-based preview, or text-prompt generator is stated, so the tool is BASIC rather than ADVANCED.","41"
"AZULEV","azulev.com","ES","201-500 employees","75M-200M","5-filters only","Marketing","Head of Digital (park)","BASIC","no","no","ceramic floor and wall tiles","https://www.azulev.com/en/downloads/","The site's only design-related offering is downloadable catalogues: the Company page states ""At the cutting edge of ceramic design trends"" with a ""DOWNLOAD THE CATALOGUE"" link to the Downloads section. No visualizer, configurator, room preview, or AI feature appears in the navigation, homepage, or company pages.","41"
"BERTOLOTTO","bertolotto.com","IT","201-500 employees","75M-200M","5-filters only","Marketing","Head of Digital (park)","BASIC","no","no","interior and armored doors","https://www.bertolotto.net/design-doors","The site says, “Browse our Designer Interior Doors and request our catalogues.” This supports a BASIC catalogue-browsing/picking experience; no interactive visualizer or prompt-based design feature is stated on the reviewed pages.","41"
"CENTURY","century-ceramica.it","IT","201-500 employees","75M-200M","5-filters only","Marketing","Head of Digital (park)","BASIC","no","no","porcelain stoneware tiles","https://www.century-ceramica.it/en/products/","The products page offers only filter-based picking — 'Settings Bathroom (14)... Colors Anthracite (11)... Effects Cement (5)... SIZES 120x278 cm...' — plus downloadable PDF catalogues such as 'Catalogo_generale_interattivo_Century_05'25'. No room visualizer, uploaded-photo preview, configurator, or AI prompt tool was found in the navigation, product pages, technical area, or downloads.","41"
"COEM","coem.it","IT","201-500 employees","75M-200M","5-filters only","Marketing","Head of Digital (park)","BASIC","no","no","porcelain stoneware tiles","https://www.coem.it/en/floor-and-wall-tiles/","The collections page offers only pick-and-filter helpers: 'Select Environment', 'Select Effect', 'Select Size' and 'Select Colour' with a 'Find your collection' reset, with no composed room preview or uploaded-photo visualizer. No visualizer, configurator, AI or 'design your own' tool appears in the site navigation or product pages.","41"
"COLORKER","colorker.com","ES","201-500 employees","75M-200M","5-filters only","Marketing","Head of Digital (park)","BASIC","no","no","ceramic floor and wall tiles","https://www.colorker.com/360/lux360/index.html","The site offers the LUX 360º virtual showroom and a collections page with filters, where users can 'access colour changes, extensive technical information, the image carousel and download catalogues', with 'additional 360º scenes, showing the product in real rooms'. No tool lets customers upload their own photo or generate a visual from a text prompt.","41"
"COVERLAM","grespania.com","ES","201-500 employees","75M-200M","5-filters only","Marketing","Head of Digital (park)","BASIC","no","no","large format porcelain surfaces","https://www.grespania.com/en/products","The site's product finder states: ""Easily find the ceramic product you need with our convenient online product search engine."" It offers only filtering (typology, look, brand, thickness, finish) and downloadable catalogues; no interactive room visualizer, uploaded-photo try-on, or prompt-based generator was found in the navigation, product pages, or brand pages.","41"
"DUNE CERAMICA","duneceramics.com","ES","201-500 employees","75M-200M","5-filters only","Marketing","Head of Digital (park)","BASIC","no","no","ceramic tiles and mosaics","https://duneceramics.com/en/products","The products page states “3D design applications that contains our product portfolio” and links to Aplicad, Domus3D, Palette CAD, Tile Look, and Virtual Worlds. The site does not state that these provide a Dune-operated room-photo preview or text-prompt generator.","41"
"ERMESAURELIA","ermesaurelia.it","IT","201-500 employees","75M-200M","5-filters only","Marketing","Head of Digital (park)","BASIC","no","no","porcelain stoneware surfaces","https://www.ermesaurelia.it/dettaglio/luni/182","The product page labels a static section “GAMMA COLORI” and lists “BEIGE,” “AVORIO,” “BIANCO,” and “GRIGIO”; it also provides a “Catalogo di serie.” No in-room, upload-photo, or prompt-generation function is shown.","41"
"FRASSINORO CERAMICHE","frassinoroceramiche.it","IT","201-500 employees","75M-200M","5-filters only","Marketing","Head of Digital (park)","BASIC","no","no","porcelain stoneware tiles","https://www.frassinoroceramiche.it/collezioni/","The Collections page offers only catalogue filtering — 'Filtri … Effetti: Cementine Cemento Legno Marmo Metallo Pietra Colori … Mix&Match Visualizza i risultati' — with no room preview, uploaded-photo try-on, configurator, or generated visual. G3NIUS, the only similarly named navigation item, is an eco-sustainable product technology line ('I prodotti sviluppati con tecnologia G3NIUS… gres porcellanato a basso impatto ambientale'), not a design tool.","41"
"IMPRONTA","italgranitigroup.com","IT","201-500 employees","75M-200M","5-filters only","Marketing","Head of Digital (park)","BASIC","no","no","porcelain stoneware surfaces","https://www.italgranitigroup.com/en/collections/impronta","The page is labelled “Impronta Collections” and provides filters including “effect,” “Technology,” “Setting,” “Purpose,” and “Colors.” No interactive room, uploaded-photo, or prompt-based preview is stated, so the detected tool is a BASIC catalogue-filtering tool.","41"
"MONOCIBEC","monocibec.it","IT","201-500 employees","75M-200M","5-filters only","Marketing","Head of Digital (park)","BASIC","no","no","porcelain floor and surface tiles","https://www.monocibec.it/en/products/","The Products page offers only search filters (Settings: Bathroom, bedroom, Kitchen, Living, Outdoor; Colors; Effects; Sizes) and downloadable PDF catalogues such as 'Catalogo_generale_interattivo_Monocibec_05'25.pdf'; no room visualizer, configurator, or AI design tool appears anywhere on the site.","41"
"PAFFONI","paffoni.it","IT","201-500 employees","75M-200M","5-filters only","Marketing","Head of Digital (park)","BASIC","no","no","bathroom and kitchen faucets","http://paffoni.it/it/prodotti","The products page offers “FILTRA” controls for “Tipologia,” “Categoria,” and “Finitura,” followed by “CERCA IL TUO PRODOTTO.” This is a basic catalogue filtering tool, with no stated composed room preview or visual generation.","41"
"PERONDA","peronda.com","ES","201-500 employees","75M-200M","5-filters only","Marketing","Head of Digital (park)","BASIC","no","no","wall and floor tiles","https://peronda.com/en","The site navigation lists “TOOLS & Resources” and “Downloads · 3D,” supporting a basic downloadable-resource tool level. No wording indicates an interactive room visualizer, uploaded-photo preview, or AI text-prompt tool.","41"
"PIEMME","ceramichepiemme.it","IT","201-500 employees","75M-200M","5-filters only","Marketing","Head of Digital (park)","BASIC","no","no","porcelain stoneware tiles","https://www.ceramiche-piemme.com/it/prodotto/ibla/","Collection browsing is limited to filters by 'Ambienti, Colori, Effetti, Formati' plus an 'interactive PDF catalogue' and a 'Virtual Tour' for the Ibla series; no room-upload visualizer, configurator, or AI tool was found anywhere on the site.","41"
"TERMAL SERAMIK","termalseramik.com.tr","TR","501-1,000 employees","75M-200M","5-filters only","Marketing","Head of Digital (park)","BASIC","no","no","ceramic and porcelain tiles","https://www.termalseramik.com.tr/en/products","The Products page says “Choose category” and instructs users to sort products “by color, size or production group,” which is a basic product finder. The site describes its 360° feature as a way to “visit our fairgrounds 24/7,” not as an in-room product preview or configurator.","41"
"ITACA CERAMIC PRIVATE LIMITED","itaca.in","IN","501-1,000 employees","75M-200M","5-filters only","Marketing","Head of Digital (park)","BASIC","no","no","ceramic GVT and slab tiles","https://www.itaca.in/catalogues.php","The site's only design-related offering is downloadable catalogues: 'Download Exclusive Catalogues – Discover the full world of Itaca through our exclusive digital catalogues.' No visualizer, configurator, room preview, upload-photo feature, or AI/prompt tool appears anywhere in the navigation, technology, about, or catalogue pages.","41"
"Marburger Tapetenfabrik J.B. Schaefer GmbH & Co. KG","marburg.com","DE","201-500 employees","75M-200M","5-filters only","Marketing","Head of Digital (park)","BASIC","no","no","wallpaper and wallcoverings","https://marburg.com/en/","The site says, “Discover our exclusive wallpaper collections in a modern, interactive format” and that “Our digital catalogs allow you to browse through our collections.” This supports a BASIC catalogue-browsing tool, not an in-room visualizer or prompt-based generator.","41"
"DUSCHOLUX","duscholux.com","CH","201-500 employees","25M-75M","5-filters only","Marketing","Head of Digital (park)","BASIC","no","no","shower and bath solutions","https://www.duscholux.com/en/Configurator/","The site provides a “Configurator” with the steps “Shower design,” “Door type,” “Product family,” “Series,” “Options,” and “Summary,” including choices such as “Niche,” “Corner,” and “Walk-in.” The available wording indicates product selection and configuration, but does not show an in-room preview, uploaded-photo tool, or text-prompt generation.","40"
"EMCER ITALIA","emcer.in","IT","201-500 employees","25M-75M","5-filters only","Marketing","Head of Digital (park)","BASIC","no","no","ceramic porcelain mosaic tiles","https://www.emcer.in/","The homepage offers only picking/filtering navigation — 'choose by Size', 'choose by Finish', 'choose by Surface', 'choose by Application' — leading to product listings, with no visualizer, configurator, room preview or AI tool found anywhere on the site.","40"
"IDEAGROUP","ideagroup.it","IT","201-500 employees","25M-75M","5-filters only","Marketing","Head of Digital (park)","BASIC","no","no","bathroom and laundry furniture","https://virtualtour.ideagroup.it","The homepage promotes the 'Ideagroup Virtual Showroom Experience': 'Explore the innovative Ideagroup virtual showroom. Discover our collections and click on the plus icons to find out more about the products.' This is an informational virtual tour without in-room placement, composition, or prompt-based generation, so it does not reach ADVANCED; downloadable catalogues are also offered.","40"
"KARO TILE","karotr.com","TR","201-500 employees","25M-75M","5-filters only","Marketing","Head of Digital (park)","BASIC","no","no","wall tiles and pool porcelains","https://karotr.com/en/karo-products/","The products page invites visitors to 'Access all products. Take a close look at the products in the size, color and series you want', and series pages offer downloadable PDF catalogs (e.g. 'METRO_serisi.pdf') with size and colour options, but there is no interactive room preview, visualizer, configurator, or AI tool anywhere in the site navigation.","40"
"NEWFORM","newform.it","IT","201-500 employees","25M-75M","5-filters only","Marketing","Head of Digital (park)","BASIC","no","no","faucets, shower systems, accessories","https://www.newform.it/en/products","The products page provides “Enter a search term or product code” and “Filters,” including categories such as “Basin taps,” “Shower taps,” “Bath taps,” and “Washbasins.” This supports BASIC classification as catalogue filtering; no customer-facing room visualizer, uploaded-photo preview, or text-prompt generator is shown on the reviewed pages.","40"
"PROCONCEPT","proconceptiles.com","ES","201-500 employees","25M-75M","5-filters only","Marketing","Head of Digital (park)","BASIC","no","no","ceramic floor wall tiles","https://proconceptiles.com/en/coleccion/","The collections page says, “All our ceramic floor and wall tile products at a glance” and instructs users to “Use the product filter and find the perfect solution,” with filters for effect, format, and finishes; no interactive room or prompt-based visualizer is shown.","40"
"SERANIT","seranit.com.tr","TR","1,001-5,000 employees","25M-75M","5-filters only","Marketing","Head of Digital (park)","BASIC","no","no","ceramic tiles bathroom furniture","https://www.seranit.com.tr/en/product-list","The site labels the page “ALL PRODUCTS” and says customers can choose from “hundreds of options of different sizes and designs,” with “Search product” and filters for product group, usage area, texture, surface, size, collection and colour. No customer-driven room preview, uploaded-photo try-on or text-prompt generator is stated.","40"
"BULBO","bulbo.it","IT","2-10 employees","500K-1M","4-no design step","Marketing","Owner / Founder","NONE","no","no","decorative ceramic and glass surfaces","","No design tool found: the site navigation contains only Collections, Solidum and DNA, and no visualizer, configurator, simulator or AI feature appears on the checked pages.","38"
"LETSHELTER","letshelter.com","IT","2-10 employees","500K-1M","4-no design step","Marketing","Owner / Founder","NONE","no","no","handmade ceramic towel hooks","","No visualizer, configurator, simulator, or design tool appears anywhere on the site — the homepage and navigation show only collections ('Hearts, Gestures, Animals, Classics, Nature, City'), installation instructions, and shop utilities. The closest custom offering is engraving handled by the workshop, not a tool: 'It can be engraved with your cat's name (who rules the house), with the map of your best trip, or with a gesture that only you and your friends understand.'","38"
"MASETTI DESIGN","masettidesign.com","IT","2-10 employees","500K-1M","4-no design step","Marketing","Owner / Founder","NONE","no","no","stone, terrazzo, mosaic surfaces","","No customer-facing design tool, visualizer, configurator, or simulator was found anywhere on the site; the main navigation contains only Home, About, Products, Projects, Blog, and Contact, and the product pages describe materials without any interactive preview feature.","38"
"AKGUN SERAMIK","duratiles.com.tr","TR","1,001-5,000 employees","200M-500M","5-filters only","Marketing","Head of Digital (park)","BASIC","no","no","ceramic and porcelain tiles","https://www.duratiles.com.tr/en/products?durastone=1","The site's product area offers only filtering by size (90X180, 60X120, etc.) and thickness, plus downloadable catalogues; the only visualization feature is a '360 VIRTUAL TOUR' of 'the domestic and international fairs participated by us', which is not a room-placement or prompt-based tool.","35"
"ALAPLANA","nuevaalaplana.es","ES","501-1,000 employees","200M-500M","5-filters only","Marketing","Head of Digital (park)","BASIC","no","no","porcelain and ceramic tiles","https://nuevaalaplana.es/products?lang=en","The Products page provides “Family,” “Format,” “Technical Solution,” “Characteristic,” “Serie,” and “Search” controls. The site navigation also lists “BIM” and “Virtual Tour,” but the available evidence does not show an interactive room preview, product composition tool, or AI prompt feature.","35"
"ATLAS CONCORDE","atlasconcorde.com","IT","501-1,000 employees","200M-500M","5-filters only","Marketing","Head of Digital (park)","BASIC","no","no","ceramic and porcelain tiles","https://www.atlasconcorde.com/en/software-3d","The site states: “To facilitate 3D design with its products, Atlas Concorde provides various 3D design software for designers worldwide.” This supports a BASIC design resource for designers, but the page does not describe an interactive room preview, uploaded-photo try-on, or text-prompt generation.","35"
"CERLAT","cerlat.com","ES","51-200 employees","500K-1M","4-no design step","Marketing","Marketing + Design + MD","NONE","no","no","ceramic tiles and pavements","","The site describes CERLAT as “empresa de azulejos y pavimentos cerámicos” and says “Todo tipo de revestimientos y suelos cerámicos a tu alcance.” No visualizer, configurator, room-preview, or prompt-based design feature is identified in the checked site content.","35"
"CORDIVARI DESIGN","cordivaridesign.it","IT","501-1,000 employees","200M-500M","5-filters only","Marketing","Head of Digital (park)","BASIC","no","no","designer radiators and heaters","https://www.cordivaridesign.it/en/","The site offers “DOWNLOAD THE 3D DRAWING OF YOUR DESIGN RADIATOR” and links to a 3D drawings/BIM section. This is a downloadable specification resource, so it is classified as BASIC rather than an interactive visualizer; no room try-on or text-prompt generation is stated.","35"
"GURAL SERAMIK","guralseramik.com","TR","5,001-10,000 employees","500M-1B","5-filters only","Marketing","Head of Digital (park)","BASIC","no","no","ceramic tile collections","https://guralseramik.com/Content/assets/media/katalog/gural-seramik-2025.pdf","The site labels the feature “E-Katalog” and says visitors can examine Güral Seramik’s “zengin ve çeşitli ürün kataloglarını” to discover ceramic designs suited to their spaces; the linked catalogue lists numerous collections and tile dimensions.","35"
"KTL CERAMICA","ktlceramica.com","ES","1,001-5,000 employees","1B-10B","5-filters only","Marketing","Head of Digital (park)","BASIC","no","no","ceramic and porcelain tiles","https://ktlceramica.com/en/products","The Products page offers selectable catalogue fields including “Family,” “Format,” “Technical Solution,” “Characteristic,” and “Serie,” followed by “Search.” This supports BASIC filtering, but no customer-facing room preview or prompt-generation feature is stated; the navigation only mentions a “Virtual tour.”","35"
"PAVIGRES","pavigres.com","PT","501-1,000 employees","200M-500M","5-filters only","Marketing","Head of Digital (park)","BASIC","no","no","floor and wall tiles","https://pavigres.com/?v=pc","The site describes a “wide choice of ceramic floor and wall tiles” and says “You can search by:”, indicating catalogue filtering. No customer-facing room visualizer, uploaded-photo preview, or prompt-based generator is stated.","35"
"SCRIGNO","scrigno.com","IT","501-1,000 employees","200M-500M","5-filters only","Marketing","Head of Digital (park)","BASIC","no","no","doors and interior solutions","https://www.scrigno.com/en/security-door-configurator/","The site describes a “security door configurator” that guides users through simple questions and lets them “choose every detail” of a new security door. The available wording indicates product selection rather than an in-room or uploaded-photo preview, so it is classified as BASIC.","35"
"SERAMIKSAN","seramiksan.com.tr","TR","1,001-5,000 employees","200M-500M","5-filters only","Marketing","Head of Digital (park)","BASIC","no","no","ceramic tiles and sanitaryware","https://www.seramiksan.com/virtual-tours","The site labels the page “Virtual Tours” and lists “Porcelain Tiles Decor”; its tiles section also provides downloadable catalogues. No wording indicates product placement in a room or text-prompt generation, so the highest supported level is BASIC.","35"
"STN CERAMICA","stnceramica.es","ES","1,001-5,000 employees","1B-10B","5-filters only","Marketing","Head of Digital (park)","BASIC","no","no","ceramic and porcelain tiles","https://stnceramica.es/en/bim","The BIM page states, “Debe completar el formulario para descargar los archivos de BIM” (“You must complete the form to download the BIM files”). This is a BIM-download resource for specifiers, classified as BASIC rather than an interactive in-room or prompt-based visualizer.","35"
"TECE","tece.com","DE","1,001-5,000 employees","500M-1B","5-filters only","Marketing","Head of Digital (park)","BASIC","no","no","sanitary products and systems","http://tece.com/en/sanitary-products-and-systems","The site labels the available feature “Product search” and provides “Search Term” and “Brochures,” indicating a basic catalogue-search function rather than an interactive room visualizer or prompt-based design tool.","35"
"VITRA","vitratiles.com","TR","1,001-5,000 employees","1B-10B","5-filters only","Marketing","Head of Digital (park)","BASIC","no","no","ceramic wall and floor tiles","https://www.vitratiles.com/us-en/catalog","The site provides a “Catalogues” section with collections and search functionality, including a “complete catalog of VitrA Tiles collections.” Its homepage mentions a fair-specific “3D experience,” but does not describe an interactive room visualizer, uploaded-photo preview, or AI prompt tool.","35"
"YURTBAY SERAMIK","yurtbayseramik.com","TR","1,001-5,000 employees","200M-500M","5-filters only","Marketing","Head of Digital (park)","BASIC","no","no","ceramic and porcelain tiles","https://urunportali.yurtbayseramik.com/default.aspx","The site labels the feature “Yurtbay Seramik Product Portal” and provides “Product Search” and “Serie Search.” No interactive room visualizer, uploaded-photo preview, or prompt-based generator is stated there.","35"
"Natamar","natamar.com","TR","51-200 employees","500K-1M","4-no design step","Marketing","Marketing + Design + MD","NONE","no","no","natural stone tiles","","No design/visualization tool was found anywhere on the site: the main navigation contains only Home, Products (StoneCraft Collection, Geometric Formed Tiles, Tiles, Mosaics, Decoratives, Accessories, Outdoors, Slabs, Specials), Inspiration (News, Blog, Gallery, Exhibitions), Company pages, and Catalogs (downloadable PDF catalogue). No visualizer, configurator, simulator, room preview, photo upload, or AI feature appears in any checked area or subdomain.","35"
"MAYOLICA","mayolica.es","ES","","500K-1M","4-no design step","Marketing","Owner / Founder (size unknown)","NONE","no","no","small format wall and floor tiles","","The site map lists only Home, Product, Inspiration, Downloads and Contact, and no visualizer, configurator, simulator or room-preview tool appears anywhere on the site; the Inspiration section is a gallery of room photos, not an interactive tool.","30"
"OVERLAND CERAMICS","overlandceramics.com","CN","","0-500K","4-no design step","Marketing","Owner / Founder (size unknown)","NONE","no","no","Ceramic tiles, quartz worktops","","The navigation lists “VR,” but the gathered site wording does not describe it as an interactive room preview, configurator, uploaded-photo tool, or prompt-based generator; no qualifying customer-facing design tool is verified.","30"
"REFIN","refin.it","IT","","500K-1M","4-no design step","Marketing","Owner / Founder (size unknown)","NONE","no","no","porcelain stoneware tiles","","The site navigation lists “Prodotti,” “Progetti,” “Iconic Design,” and “Azienda,” but the reviewed official page does not state a visualizer, configurator, room preview, or prompt-generation feature.","30"
"Zaijian Mosaic","zaijianmosaic.com","CN","","0-500K","4-no design step","Marketing","Owner / Founder (size unknown)","NONE","no","no","decorative mosaic products","","The site exposes “Products” and “Enquiry Now” forms and describes its mosaic collections, but no customer-facing visualizer, configurator, room preview, upload-photo feature, or prompt-based design tool is identified.","30"
"ARVEX","arvexmosaic.com","IT","2-10 employees","500K-1M","5-filters only","Marketing","Owner / Founder","BASIC","no","no","mosaic, tile and stone","https://arvexmosaic.com/product-category/mosaic-in-stock/","The site offers no interactive design tool; the closest features are a static 'Room Scenes' inspiration gallery and shop filtering by Color, Shape and Finish on category pages, with no composed preview of products in a room or on an uploaded photo.","28"
"DREAMTILE","dreamtile.es","ES","2-10 employees","500K-1M","5-filters only","Marketing","Owner / Founder","BASIC","no","no","small-format ceramic tiles","https://www.dreamtile.es/colores","The site states “Possibility to manufacture in more than 60 colors” and presents a list of named colours. This is a static colour palette rather than an interactive room preview or prompt-based design tool.","28"
"GTILES - ROCKYLAND","gtiles.it","IT","2-10 employees","500K-1M","5-filters only","Marketing","Owner / Founder","BASIC","no","no","ceramic tiles and surfaces","https://www.gtiles.it/en/download","The site’s Download page is headed “Catalogs” and states that the general catalog covers porcelain stoneware, mosaics, LVT, large-format slabs, and decorative panels, with technical specifications, sizes, and finishes. This is a downloadable catalog resource rather than an interactive visualizer, room planner, or prompt-based generator.","28"
"IMOLA - TILES FULL OF LIFE","imolaceramica.com","IT","2-10 employees","500K-1M","5-filters only","Marketing","Owner / Founder","BASIC","no","no","ceramic and porcelain tiles","https://imolaceramica.com/en/collections/","The Collections page provides “Filters” and a “Collection filter,” with options for “Effects,” “Spaces,” and “Colors,” which qualifies as BASIC filtering. The site also lists collections and a downloadable “General Catalogue,” but does not state an interactive room/photo visualizer or text-prompt tool.","28"
"PLASDECOR","plasdecor.com","ES","2-10 employees","500K-1M","5-filters only","Marketing","Owner / Founder","BASIC","no","no","tile profiles and accessories","https://www.plasdecor.com/en/products","The site says “Download our latest catalogue” so customers can review product characteristics and choose a product; its visible navigation lists company, products, services, and contact pages, with no stated visualizer, configurator, or prompt tool identified.","28"
"Stone Partnership Inc","stonepartnership.com","US","2-10 employees","500K-1M","5-filters only","Marketing","Owner / Founder","BASIC","no","no","natural stone tiles","https://www.stonepartnership.com/products","The site labels its catalogue browser “STONE SEARCH” and says “Review our extensive selection of Natural Stone as if you were in our warehouse”; its products page provides filters for stone type, format, color, finish, size, origin, application, and thickness.","28"
"GRESMANC GROUP","gresmanc.com","ES","51-200 employees","500K-1M","5-filters only","Marketing","Marketing + Design + MD","BASIC","no","no","extruded porcelain stoneware tiles","https://www.gresmanc.com/simulador/","The site navigation includes a 'Simulador' link with the tagline 'Descubre tu estilo con las áreas de exposición interactivas' (Discover your style with the interactive exhibition areas). No tool allowing product placement on an uploaded photo or AI text-prompt generation was found on the site.","25"
"NAXANI DESIGN","naxani.com","ES","","0-500K","5-filters only","Marketing","Owner / Founder (size unknown)","BASIC","no","no","bathroom furniture and washbasins","https://naxani.com/wp-content/uploads/2026/05/catalogo_naxani_2026_.pdf","The official site says “Descarga nuestros catálogos” and links a “Catálogo de productos.” The catalogue also offers “YOUR CUSTOMISED COLOUR” selection from the RAL or NCS chart, but no interactive composed preview or room-placement feature is stated.","20"
"NAXOS","naxos-ceramica.it","IT","","500K-1M","5-filters only","Marketing","Owner / Founder (size unknown)","BASIC","no","no","ceramic floor and wall tiles","https://www.naxos-ceramica.it/en/products/","The products page offers only filtering by room, colour, effect and size plus downloadable PDF catalogues (e.g. 'Catalogo_generale_interattivo_Naxos_05'25'), with no room preview, configurator or prompt-based tool; the site's 'Mockup' entry is the name of a tile collection, not a design tool.","20"
"REVOIR PARIS","revoirparis.be","BE","","500K-1M","5-filters only","Marketing","Owner / Founder (size unknown)","BASIC","no","no","ceramic tile collections","https://revoirparis.be/de/inspiration","The site labels the page “Inspiration” and says visitors can be inspired by projects, moodboards and social-media pins, with the ability to filter via category buttons. This is a BASIC inspiration/filtering feature rather than an interactive room-preview tool.","20"
"KWC","kwc.com","CH","201-500 employees","500K-1M","5-filters only","Marketing","Head of Digital (park)","BASIC","no","no","bathroom and kitchen products","http://kwc.com/en_global/service/downloads/catalogues","The site states, “Product-specific downloads such as data sheets or 3D data are available on the product pages.” This downloadable 3D-data resource qualifies as BASIC, not an interactive visualizer.","-5"
