"company","website","email","phone","country","city","zip","street","halls","categories","subcategories","products","rewrite_id","verdict","why","studio"
"Maheen Textile Mills (Pvt.) Ltd.","www.maheentex.com","saqlain.khan@maheentex.com","+92 41 2401081","Pakistan","Faisalabad","38000","Khurrianwala 28 KM, Sheikhupura Road","8.0","Window & Interior Decoration | Decorative & Furniture Fabrics | Smart Bedding | Bed, Bath & Living | Textile Design | Functional features","Antimicrobial | Antistatic | Bath mats | Bathroom curtains | Bed linen | Blankets | Climate-regulating | Curtains | Decorative cushions | Design studio | Duvets and pillows | Fabrics for bed linen","6","maheen-textile-mills-pvt-ltd","skip","Textile Design: sells designs to manufacturers, not products to shoppers",""
"Aadya International","www.aadyahome.com","contact.aadyainternational@gmail.com","+91 78273 25965","India","Kasna, Greater Noida","201308","Site V, Kasna E85, EPIP","11.0","","","0","aadya-international","skip","no category booked",""
"5 EFFE SRL","","sales@cafissi.it","+39 0574 66591","Italy","Prato","59100","via della Fattoria 33","4.2","","","0","5-effe-srl","skip","no category booked",""
"Aauraa Home Fashion Pvt. Ltd.","www.aauraahomefashion.in","nm.aauraahomefashion@gmail.com","","India","Karur","639002","No.1, SF-116/3, Muthusolipalayam, Pavithiram Anjal","8.0","Bed, Bath & Living","Table, kitchen linen and foils","5","aauraa-home-fashion-pvtltd","skip","Bed, Bath & Living",""
"ABBS International Inc.","www.abbs.in","suren@abbs.in","+91 98963 04849","India","Panipat","132103","A1/18, S-1 Eldeco Estate One, Sec. 40","8.0","Bed, Bath & Living","Blankets","3","abbs-international-inc","skip","Bed, Bath & Living",""
"ABC Italia S.r.l.","www.abcitalia.net","info@abcitalia.net","+39 0377 464311","Italy","Milano","20122","Via Borgogna 7","3.1","Carpets & Rugs","Fitted Carpets","5","abc-italia-srl","take","Carpets & Rugs","rugs"
"ABC Tekstil Sanayi ve Ticaret A.S.","www.abctekstil.com","abc@abctekstil.com","+90 258 286 56 91","Türkiye","Pamukkale /Denizli","20170","Sahinler Kume Evler, No: 136 Pinarkent Mahallesi","5.0","Bed, Bath & Living","Terry goods and towelling","5","abc-tekstil-sanayi-ve-ticaret-as","skip","Bed, Bath & Living",""
"ABC Textile, LLC","www.abctextile.am","aram.muradyan@anitex.am","","Armenia","Artashat","0071","1 Gortsaranayin str.","5.0","","","0","abc-textile-llc","skip","no category booked",""
"Abdul Ahad Textile Mills (Pvt) Ltd.","www.abdulahadtextiles.com","aamir@abdulahadtextiles.com","","Pakistan","Faisalabad","38000","20 Km Sheikhupura Road","8.0","Bed, Bath & Living","Bed linen | Terry goods and towelling","5","abdul-ahad-textile-mills-pvt-ltd","skip","Bed, Bath & Living",""
"Abdur Rahman Corporation (Pvt.) Ltd.","www.arc.com.pk","ahmad@arctex.com.pk","+92 333 9929910","Pakistan","Faisalabad","38000","3 KM Jaranwala Road, Khurrianwala","8.0","","","5","abdur-rahman-corporation-pvt-ltd","skip","no category booked",""
"A.B. Export Pvt. Ltd.","www.ab.com.pk","mudassar@ab.com.pk","+92 41 8817301","Pakistan","Faisalabad","38000","Lasani Pulli, Near Khayaban Gardens, Sergodha Road","8.0","","","5","ab-export-pvt-ltd","skip","no category booked",""
"Abinaya Grineters","www.abinayahome.com","raviselvan@abinayahome.in","+91 4324 274 467","India","Karur","639002","46, Fourth Cross, Vaiyapuri Nagar","12.0","","","0","abinaya-grineters","skip","no category booked",""
"ABN Pazarlama Konfeksiyon Tekstil San. ve Tic. Ltd. Sti.","abntekstil.com","emre.sengul@abntekstil.com","+90 258 371 22 40","Türkiye","Denizli","20050","Hacieyüplü Mah. 3075 Sok. No: 10 Merkezefendi","5.0","Bed, Bath & Living","Bed linen","5","abn-pazarlama-konfeksiyon-tekstil-san-ve-tic-ltd-sti","skip","Bed, Bath & Living",""
"ABS International","www.abstrade.com","pyan@pacbell.net","+1 415-830-6647","United States","Lake Forest California","92630","23 Caspian","8.0","Smart Bedding | Bed, Bath & Living","Blankets | Duvets and pillows","5","abs-international","skip","Smart Bedding, Bed, Bath & Living",""
"Yantai Ace Home Fashion Co., Ltd.","","","","China","Yantai, Shandong","265500","No. 173 Puwan Street, Fushan District","8.0","Smart Bedding","Duvets and pillows","3","yantai-ace-home-fashion-co-ltd","skip","Smart Bedding",""
"Acg Kinna Automatic AB","www.kinnaautomatic.com","tomas.aspenskog@kinnaautomatic.com","+46 72 050 49 03","Sweden","Skene","511 62","Maskingatan 10","4.0","Textile Technology","Textile processing","5","acg-kinna-automatic-ab","skip","Textile Technology",""
"Achal Amit & Co.","www.achalamit.com","agra@achalamit.in","+91 98371 23902","India","Agra","282002","105, Nehru Nagar","11.0","Bed, Bath & Living | Carpets & Rugs","Bath mats | Fitted Carpets","5","achal-amit--co","review","rug export house, confirm it sells to end buyers and not only to importers","rugs"
"ACL Impex, Lda.","www.aclimpex.com","vitoria.rodrigues@acl-home.com","+351 253 539 780","Portugal","Gondar, Guimaraes","4835-606","Rua Monte de Cima 314","5.0","Bed, Bath & Living | Associations, institutes, publishers","Bed linen | Labels, standards, certificates for sustainability","5","acl-impex-lda","skip","Bed, Bath & Living, Associations, institutes, publishers",""
"ACS Textiles (Bangladesh) Limited","www.acstextiles.com","shukhan@acstextiles.com","+880 1717-416551","Bangladesh","Dhaka","1464","Narayanganj Tetlabo, Ward#03, Rupgonj","9.0","Bed, Bath & Living","Bed linen | Terry goods and towelling","5","acs-textiles-bangladesh-limited","skip","Bed, Bath & Living",""
"Adalberto Textile Solutions, S.A.","https://adalbertotextilesolutions.com/","cmacedo@adalberto.pt","","Portugal","Rebordões","4795-177","Rua Adalberto Pinto Da Silva 28","5.0","","","0","adalberto-textile-solutions-sa","skip","no category booked",""
"Adamjee Textile Mills (Pvt) Ltd.","www.adamjee.com.pk","hasnain.raza@adamjee.com.pk","+92 21 32568536","Pakistan","Karachi","75700","E-17/A, S.I.T.E","8.0","Window & Interior Decoration | Decorative & Furniture Fabrics","Curtains | Fabrics for bed linen","5","adamjee-textile-mills-pvt-ltd","skip","Window & Interior Decoration, Decorative & Furniture Fabrics",""
"AD Design & Color Concept","www.addesign.online","info@astriddavidse.com","","Netherlands","'s-Gravenhage","2587 HR","Gentsestraat 187","4.2","Textile Design","Design studio | Style bureau","0","astrid-davidse-design","skip","Textile Design: sells designs to manufacturers, not products to shoppers",""
"Adea Tekstil","","","","Türkiye","Merkezefendi, Denizli","20020","Ahmet Nazif Zorlu Sanayi Sitesi Bozburun, 7068 21/1","4.0","Smart Bedding","Duvets and pillows","5","adea-tekstil","skip","Smart Bedding",""
"ADEKO - Dizayn Ev Tekstil San. ve Tic. Ltd. Sti.","www.adekodesign.com","furkanaytac@adekodesign.com","+90 224 503 04 31","Türkiye","Bursa","34650","Erdogna Mah. Ilker Sok. No: 3 Kester/Bursa","3.0","Window & Interior Decoration","Curtains","4","dizayn-ev-tekstil-san-ve-tic-ltd-sti-adeko","skip","Window & Interior Decoration",""
"Adil Tahir Textiles","www.adiltahirtextile.com","adiltahir.textile@gmail.com","","Pakistan","Faisalabad","38000","International Street, Sanat Singh Road, Hajiabad","8.0","Bed, Bath & Living","Bed linen | Table, kitchen linen and foils","5","adil-tahir-textiles","skip","Bed, Bath & Living",""
"Adnan Apparel","www.adnantextiles.com","yasser@adnantextiles.pk","+92 21 36821212","Pakistan","Karachi","75950","L-15/1, Block-21, Federal B Industrial Area","8.0","","","5","adnan-apparel","skip","no category booked",""
"Adoksan Tekstil San. ve Tic. A.S.","www.adoksan.com.tr","sales2@adoksan.com.tr","+90 224 241 42 42","Türkiye","Nilufer, Bursa","16159","Isiktepe OSB Mah. Kahverengi Cad. No: 27","3.1","Decorative & Furniture Fabrics","Decorative fabrics | Furniture fabrics","5","adoksan-tekstil-san-ve-tic-as","skip","Decorative & Furniture Fabrics",""
"ADVANSA Marketing GmbH","www.advansa.com","information@advansa.com","+49 2388 8400","Germany","Hamm","59069","Werler Str. 387","4.0","Fibres and Yarns, Textile Materials, Finishing","Fibres and yarns","5","advansa-marketing-gmbh","skip","Fibres and Yarns, Textile Materials, Finishing",""
"A. E. Fabrics (Pvt.) Ltd.","www.aefabrics.com","info@aefabrics.com","+92 41 8403636","Pakistan","Faisalabad","38000","11 Km Jaranwala Road, near Shifa International Hospital, Ghousia Stop","8.0","Smart Bedding | Bed, Bath & Living","Bed linen | Mattress protectors and pads","5","a-e-fabrics-pvt-ltd","skip","Smart Bedding, Bed, Bath & Living",""
"Afroze Textile Industries (Pvt) Ltd.","www.afrozetextiles.com","info@afroze.com","+92 21 36881743","Pakistan","Karachi, Sindh","75950","C8, Scheme # 33. New SITE Super Highway","9.0","Bed, Bath & Living","Bed linen | Terry goods and towelling","3","afroze-textile-industries-pvt-ltd","skip","Bed, Bath & Living",""
"Agaoglu Tekstil San. ve Tic. A.S.","www.agaoglu.com","info@agaoglu.com","","Türkiye","Usak","64100","Karma Organize Sanayi Bölgesi, 3. Cadde, No: 13","5.0","Bed, Bath & Living","Bed linen","3","agaoglu-tekstil-san-ve-tic-as","skip","Bed, Bath & Living",""
"AGATE HOME FASHIONS","www.agatehomefashions.com","md@agatehomefashions.com","+91 82959 13109","India","Panipat","132103","A Block, Plot No. 299, Sector-29, Huda, Part-II","12.0","","","0","agate-home-fashions","skip","no category booked",""
"Agmamito Sp. z o.o.","","info@agmamito.com","+48 61 817 20 96","Poland","Jasin","62-020","ul. Poznanska 33","3.1","Decorative & Furniture Fabrics","Furniture fabrics | Outdoor fabrics","5","agmamito-sp-z-oo","skip","Decorative & Furniture Fabrics",""
"A.G.M. S.r.l.","www.agmsrl.biz","agm@agminks.com","+39 0321 886105","Italy","Tornaco","28070","Via G. Oberdan 48","3.0","Wall Decoration","Colours, varnish | Wallpapers","5","agm-srl","take","Wall Decoration","wallpaper"
"Agnee Innovates Private Limited","www.agniexports.com","lalit.baliyan@agniexports.com","+91 98993 22702","India","Varanashi","221401","Bhadohi Kushiyara Gyanpur Road","11.0","","","5","agnee-innovates-private-limited","skip","no category booked",""
"Agora","www.agorafabrics.com","info@agorafabrics.com","+34 977 63 91 32","Spain","El Pont d'Armentera","43817","Ctra. Pla de Santa Maria s/n .","4.1","Decorative & Furniture Fabrics","Furniture fabrics | Outdoor fabrics","5","tuvatextil-sl","skip","Decorative & Furniture Fabrics",""
"A Grupe UAB","www.agrupe.eu","marketingas@agrupe.lt","+370 678 81314","Lithuania","Jonava","55198","Ruklos g. 14","4.2","Decorative & Furniture Fabrics | Bed, Bath & Living","Fabrics for bed linen | Terry goods and towelling","5","a-grupe-uab","skip","Decorative & Furniture Fabrics, Bed, Bath & Living",""
"Ahmad Weaving","www.ahmadweaving.com","arsalan@ahmadweaving.com","+92 41 2401211","Pakistan","Faisalabad","38000","Irshad Road, Madina Town 5-Z-13","8.0","","","5","ahmad-weaving","skip","no category booked",""
"Ahmed Fine Textile Mills Limited","","aamer.faiz@fazalcloth.com","+92 300 8414275","Pakistan","Multan","54500","59/3 Abdali Road","8.0","","","5","ahmed-fine-textile-mills-limited","skip","no category booked",""
"Ahmet Sabuncular Tekstil Sanayi ve Ticaret Limited Sirketi","www.shadetextile.com","info@shadetextile.com","","Türkiye","Bursa","16370","Vatan Mh. 30 Agustos cad. No: 10 A Yildirim","4.1","","","5","ahmet-sabuncular-tekstil-sanayi-ve-ticaret-limited-sirketi","skip","no category booked",""
"AITANA 3 S.L.","www.aitanatextil.es","export@aitanatextil.es","+34 902 88 30 70","Spain","Albuixech - Valencia","46550","P.I. del Mediterraneo. C/Fila, 12","4.2","Bed, Bath & Living","Table, kitchen linen and foils","2","aitana-3-sl","skip","Bed, Bath & Living",""
"A I TEXTILES","www.aitextiles.com","shoaib@aitextiles.com","+92 300 0227727","Pakistan","Faisalabad","38000","A.I Street, 11 Km Jaranwala Road","8.0","","","5","a-i-textiles","skip","no category booked",""
"'AJAYYP BINA' Economic Society","www.ajayypbina.com","asia_partner@hotmail.com","+90 546 657 16 45","Turkmenistan","Ashgabat","744000","2127 Street, (G.Kuliyeva) 66","4.0","Fibres and Yarns, Textile Materials, Finishing","Fibres and yarns","0","ajayyp-bina-economic-society","skip","Fibres and Yarns, Textile Materials, Finishing",""
"Akara","www.akararugs.in","info@akararugs.in","+91 96191 19619","India","Thane","421302","Arihant Commercial Complex, Purna Gala No. 101-111, Building No. 40 Thane-Bhiwandi Road, Purna","11.0","Bed, Bath & Living | Carpets & Rugs","Bath mats | Fitted Carpets","5","akara","review","rug export house, confirm it sells to end buyers and not only to importers","rugs"
"Akarca Tekstil Konf. San. ve Tic. A.S..","www.akarcatekstil.com","akarca@akarcatekstil.com","+90 224 261 28 00","Türkiye","Bursa","16245","Demirtas Organize Sanayi Bölgesi Ali Osman Sönmez Cad. No: 27","4.1","Window & Interior Decoration | Decorative & Furniture Fabrics","Curtains | Decorative fabrics","5","akarca-tekstil-konf-san-ve-tic-as","skip","Window & Interior Decoration, Decorative & Furniture Fabrics",""
"AKAR ITH.IHR.TURZ.TIC.VE SAN.A.Ş","https://www.akargroup.com.tr/","zeynep.akar@akargroup.com.tr","+90 533 765 85 17","Türkiye","Bursa","16580","Yenidoğan Osb. Mah. Cengiz Topel Cad. No:5","3.0","Window & Interior Decoration","Curtains","2","akar-ith-ihr-tur-tic-ve-san-as","skip","Window & Interior Decoration",""
"Akcakaya Orme San. Tic. A. S.","www.denizlikayatekstil.com","migel@akcatex.com","","Türkiye","Pamukkale /Denizli","20185","Zemin, Pinarkent Mahallesi Koyunaliler Caddesi 204 No. 1","5.0","","","0","akcakaya-orme-san-tic-a-s","skip","no category booked",""
"Aksa Tex Style Industries","www.aksatex.com","info@aksatex.com","","Pakistan","Multan","60000","Nau Bahar Cannal, Near Pul Chawan Ahmed Pura Sameejabad No. 1","8.0","","","0","aksa-tex-style-industries","skip","no category booked",""
"Aktan Misr Textile And Dyeing S.A.E.","www.sehely.com","sehely@sehely.com","+20 40 2441596","Egypt","El-Mahalla El-Kubra","31911","Elshaheed Fathy Eldeeb St. 5 Industrial Area,","5.0","Bed, Bath & Living","Terry goods and towelling","5","aktan-misr-textile--dyeing-sae","skip","Bed, Bath & Living",""
"Aktul Tekstil Sanayi ve Ticaret A.S.","www.aktul.com","info@aktul.com","+90 224 372 12 88","Türkiye","Kestel, Bursa","16450","A.V.P. OSB Mah., Degirmen Cad. No: 4","3.0","","","5","aktul-tekstil-sanayi-ve-ticaret-as","skip","no category booked",""
"Al Barka Fabrics (Pvt) Ltd.","www.albarka.com","","+92 41 242 852 124","Pakistan","Khurrianwalla, Faisalabad","38000","1 K.M. Jaranwala Road","8.0","Window & Interior Decoration | Bed, Bath & Living","Bed linen | Curtains","1","al-barka-fabrics-pvt-ltd","skip","Window & Interior Decoration, Bed, Bath & Living",""
"Grupo Albert 2000 S.L.","www.grupoalbert.com","salva@grupoalbert.com","+34 962 91 12 15","Spain","Ontinyent","46870","Av. Ramón y Cajal 65","4.0","Smart Bedding","Fillings","5","grupo-albert-2000-sl","skip","Smart Bedding",""
"Aleran Tekstil Sanayi Ticaret Limited Sirketi","www.alerantekstil.com","info@alerantekstil.com","+90 224 384 15 17","Türkiye","Bursa","16460","Barakfakih Organize San. Bölgesi 17. Cad No: 6 Kestel .","4.1","Window & Interior Decoration | Decorative & Furniture Fabrics","Curtains | Furniture fabrics","5","aleran-tekstil-sanayi-ticaret-limited-sirketi","skip","Window & Interior Decoration, Decorative & Furniture Fabrics",""
"Alfalah Textiles","www.alfalahtextiles.com","zeeshan@alfalahtextiles.com","+92 21 36921223","Pakistan","Karachi","75950","Dp 7 Sector 12 D North Karachi Industrial Area","8.0","","","4","alfalah-textiles","skip","no category booked",""
"Al Ghani Terry Mills (Pvt.) Ltd.","","info@alghanitex.com","+92 41 2435111","Pakistan","Faisalabad","38000","216 Barra Muhammad Wala, 3 KM Bypass Chowk Jaranwala Road","8.0","Bed, Bath & Living","Terry goods and towelling","3","al-ghani-terry-mills-pvt-ltd","skip","Bed, Bath & Living",""
"Al Hadi Textile (Pvt.) Ltd.","www.alhaditex.com","nafay@alhaditex.com","+92 21 111 254 234","Pakistan","Karachi","75300","SITE Super Highway, Scheme - 33 C - 35","8.0","","","4","al-hadi-textile-pvt-ltd","skip","no category booked",""
"A. L. Home","","","","India","Jaipur","302022","E-104 Sitapura Industrial Area Second Floor","12.0","Decorative & Furniture Fabrics | Carpets & Rugs","Decorative cushions | Fitted Carpets","0","a-l-home","review","rug export house, confirm it sells to end buyers and not only to importers","rugs"
"Ali Arts","https://www.aliarts.in/","teesonsgroup@aol.com","+91 79771 26924","India","Post, Aurai, Distt. Bhadohi","221301","Sadar Road Ghosia","12.0","Carpets & Rugs","Fitted Carpets","5","ali-arts","review","rug export house, confirm it sells to end buyers and not only to importers","rugs"
"Al-Karam Textile Mills (Pvt) Ltd.","www.alkaram.com","waqas.farooqui@alkaram.com","","Pakistan","Karachi","75120","HT-11, Landhi Industrial Area","9.0","","","5","al-karam-textile-mills-pvt-ltd","skip","no category booked",""
"Al Karam Towel Industries (Pvt) Ltd.","www.alkaramtowelindustries.com","akti@alkaramtowel.com","+92 21 36881388","Pakistan","Karachi","75330","D7 S.I.T.E. Super Highway D7","8.0","","","5","al-karam-towel-industries-pvt-ltd","skip","no category booked",""
"Allerman Co., Ltd.","www.allerman.com","","","Korea, the Republic of (South)","Goyang-si","10252","76 Eunma-gil 151beon-gil, Ilsandong-gu","4.0","Smart Bedding | Bed, Bath & Living","Bed linen | Duvets and pillows","5","allerman-co-ltd","skip","Smart Bedding, Bed, Bath & Living",""
"Shanghai Alltex Technology Co., Ltd.","https://www.sunwin-sh.com/","kimwang@sunwin-sh.com","+86 21 6036 0347","China","Shanghai Shanghai Shi","201100","No. 12 Lane 688, Hengnan Road, Minhang","8.0","Smart Bedding | Bed, Bath & Living","Blankets | Duvets and pillows","5","shanghai-alltex-technology-co-ltd","skip","Smart Bedding, Bed, Bath & Living",""
"Texteis J.F. Almeida, S.A.","www.jfa.pt","julianafernandes@jfa.pt","+351 253 560 000","Portugal","Moreira de Cónegos","4815-253","Av. de Silvares 39","5.0","Bed, Bath & Living","Bed linen | Terry goods and towelling","5","texteis-jf-almeida-sa","skip","Bed, Bath & Living",""
"Alok Industries Limited","www.alokind.com","aditya.sethiya@alokind.com","+91 90397 97047","India","Navi Mumbai","400710","Building-24, 6th Floor Knowledge City, Plot No.1 Of 2, Dhirubhai Ambani","9.0","Bed, Bath & Living","Bed linen | Terry goods and towelling","5","alok-industries-limited","skip","Bed, Bath & Living",""
"Al-Over Designs dei F.lli Coppola S. n. c.","www.alover.it","info@alover.it","+39 031 268568","Italy","Como","22100","Via Cantoniga 11","4.2","Textile Design","Design studio","0","al-over-designs-dei-flli-coppola-s-n-c","skip","Textile Design: sells designs to manufacturers, not products to shoppers",""
"Alpha Corporation","www.alpha-india.com","info@alpha-india.com","+91 161 464 9774","India","Ludhiana","141010","B-19, Focal Point, Phase 2","11.0","Bed, Bath & Living","Blankets | Decorative cushions","5","alpha-corporation","skip","Bed, Bath & Living",""
"Qingdao Alpha Textile Co., Ltd.","","zena.zhang@alphatextile.com.cn","","China","Qingdao Shandong","266100","Rm. 1015, No. 26 Hongkong Middle Road, Shinan District","8.0","Bed, Bath & Living","Bed linen","5","qingdao-alpha-textile-co-ltd","skip","Bed, Bath & Living",""
"Al Quresh Fabrics (Pvt) Ltd.","www.alqureshfabrics.com","muntazir@alqureshfabrics.com","+92 41 8586674","Pakistan","Faisalabad","38000","Punjab Industrial Estate P-76 A","8.0","Decorative & Furniture Fabrics","Fabrics for bed linen | Technical textiles for the contract business","5","al-quresh-fabrics-pvt-ltd","skip","Decorative & Furniture Fabrics",""
"Al Raheem Textile","alraheemtextile.com","alraheemtex@cyber.net.pk","","Pakistan","Karachi","75760","Ittehad Town, Baldia I 510/511 Mohammad Khan Colony","8.0","","","5","al-raheem-textile","skip","no category booked",""
"Al-Rahim Textile Industries Ltd.","www.alrahimtextile.com","mazhar.moosani@alrahimtextile.com","+92 345 8288989","Pakistan","Karachi","75400","G-33, Block 6, P.E.C.H.S. off Sharah-e-Faisal","9.0","","","3","al-rahim-textile-industries-ltd","skip","no category booked",""
"Al-Rehman Global Tex (pvt.) Ltd.","www.alrehmanglobaltex.com","info@alrehmanglobaltex.com","+92 345 7865553","Pakistan","Faisalabad","38000","Plot No. 72, Allama Iqbal Industrial City","8.0","","","3","al-rehman-global-tex-pvt-ltd","skip","no category booked",""
"Altinsoy Tekstil San. Tic. Ltd. Sti.","","","","Türkiye","Istanbul","34165","Basakli Sok. No: 41 Sanayi Mah. Güngören","5.0","Decorative & Furniture Fabrics | Bed, Bath & Living","Fabrics for bed linen | Terry goods and towelling","0","altinsoy-tekstil-san-tic-ltd-sti","skip","Decorative & Furniture Fabrics, Bed, Bath & Living",""
"Altran Solutions S.L.","www.altransolutions.es","","+34 961 13 61 53","Spain","Benisanó","46181","Ctra. Valencia Ademuz Km 21.9","3.0","Window & Interior Decoration","Drapery and curtain hardware systems","5","altran-solutions-sl","skip","Window & Interior Decoration",""
"Ambadi Enterprises Limited","www.ambadiindia.com","","+91 97175 79353","India","Gurugram","122016","554-Udyog Vihar, Phase-5","11.0","","","0","ambadi-enterprises-limited","skip","no category booked",""
"Amber International LLP","www.amberinternational.in","info@amberinternational.in","","India","Mumbai","400067","Poisar Gymkhana Road, Hive 67, 4th Fl., Off. No: 412, 413, 414, Kandivali West","8.0","Bed, Bath & Living","Table, kitchen linen and foils | Terry goods and towelling","5","amber-international-llp","skip","Bed, Bath & Living",""
"AMR - Industrias Texteis Lda.","www.amr.pt","info@amr.pt","+351 22 092 0830","Portugal","Matosinhos","4450-208","Av. General Norton de Matos 1336 L-7","5.1","Bed, Bath & Living","Bed linen | Terry goods and towelling","5","amr---industrias-texteis-lda","skip","Bed, Bath & Living",""
"AMW Nawrot sp.k.","www.amw.pl","amw@amw.pl","+48 32 284 50 17","Poland","Pyrzowice","42-625","Ulanow 1","4.0","Smart Bedding","Duvets and pillows | Fillings","5","amw-nawrot-spk","skip","Smart Bedding",""
"AMZ Zabel Sp. z o.o.","amz.com.pl","amz@amz.com.pl","+48 504 260 936","Poland","Szamotuly","64-500","ul. Wiosny Ludow 31","4.0","","","0","amz-zabel-sp-z-oo","skip","no category booked",""
"Anhui Comfytouch Ltd","","zhou@comfytouch.cn","","China","Hefei Anhui","230000","Room 123, No. 24 Qiyun Road, Economic Development Zone","8.0","Smart Bedding | Bed, Bath & Living","Bed linen | Duvets and pillows","5","anhui-comfytouch-ltd","skip","Smart Bedding, Bed, Bath & Living",""
"Anilsan Havlu Sanayi ve Ticaret Anonim Sirketi","www.anilsan.com.tr","feridun.celebi@anilsan.com.tr","+90 224 384 15 40","Türkiye","Bursa","16450","No:8 Barakfakih Sanayi Bolgesi Mah. 16 Cad., Kestel","5.1","Bed, Bath & Living","Terry goods and towelling","1","anilsan-havlu-sanayi-ve-ticaret-anonim-sirketi","skip","Bed, Bath & Living",""
"Anitkaya Gida Pazarlama Ticaret Ve San. A.S.","","","","Türkiye","Bursa","16140","Ceviz Cadde Nosab 15","4.1","Window & Interior Decoration | Decorative & Furniture Fabrics","Curtains | Decorative fabrics","0","anitkaya-gida-pazarlama-ticaret-ve-san-as","skip","Window & Interior Decoration, Decorative & Furniture Fabrics",""
"ANSARI FLOOR RUGS","http://ansari.net.in/","ansarifloor@yahoo.co.uk","+91 98385 13330","India","Bhadohi","221401","Noorkhanpur","12.0","Carpets & Rugs","Fitted Carpets","5","ansari-floor-rugs","review","rug export house, confirm it sells to end buyers and not only to importers","rugs"
"Anstey Wallpaper Company","www.anstey.uk.com","kate_wall@anstey.uk.com","+44 1509 225250","Great Britain and Northern Ireland","London","W4 4DS","Sandersons Lane Voysey House","3.0","","","0","anstey-wallpaper-company","skip","no category booked",""
"ANTEX GmbH","www.antex.de","info@antex.de","","Germany","Anklam","17389","Konrad-Zuse-Str. 7","4.0","","","0","antex-gmbh","skip","no category booked",""
"ANTEX","www.antex.net","antex@antex.net","+34 972 43 83 00","Spain","Anglès (Girona)","17160","C/ Josep Hereu i Aulet 8","4.1","Fibres and Yarns, Textile Materials, Finishing | Functional features","Fibres and yarns | Recyclability","6","angles-textil-sa","skip","Fibres and Yarns, Textile Materials, Finishing, Functional features",""
"A.N. TEXTILES","www.antextiles.net","info@antextiles.net","+92 345 2255166","Pakistan","Karachi","75850","Plot No. D-50, Phase-I, S.I.T.E","8.0","Bed, Bath & Living","Bed linen | Terry goods and towelling","5","an-textiles","skip","Bed, Bath & Living",""
"Antonio Pereira - Fabrica de Tecidos de Seda e Algodao Unipessoal, Lda.","www.apertex.pt","geral@apertex.com.pt","+351 253 521 365","Portugal","Guimaraes","4835-126","Rua da Boucinha 1100 - Mascotelos","5.0","Bed, Bath & Living","Bed linen","5","antonio-pereira---fabrica-de-tecidos-de-seda-e-algodao-unipessoal-lda","skip","Bed, Bath & Living",""
"Anunay FAB Ltd.","www.anunay.in","anish@anunay.in","+91 99798 71793","India","Ahmedabad","382405","138, Saijpur Gopalpur, Pirana Road","8.0","Decorative & Furniture Fabrics | Bed, Bath & Living","Bed linen | Fabrics for bed linen","2","anunay-fab-ltd","skip","Decorative & Furniture Fabrics, Bed, Bath & Living",""
"Anwartex Industries Pvt. Ltd.","www.anwartextiles.com","mahboob@anwartextiles.com","","Pakistan","Karachi","75850","EP-11, Sector 12-C, North Karachi Industrial Area","8.0","Bed, Bath & Living","Terry goods and towelling","5","anwartex-industries-pvt-ltd","skip","Bed, Bath & Living",""
"Alfred Apelt GmbH","www.apelt.com","info@apelt.com","+49 7802 8070","Germany","Oberkirch","77704","An der Rench 2","3.0","Decorative & Furniture Fabrics | Bed, Bath & Living","Bed linen | Decorative fabrics","5","alfred-apelt-gmbh","skip","Decorative & Furniture Fabrics, Bed, Bath & Living",""
"A Plus Overseas","https://www.php1994.it/","abhishek@aplusinternational.net","+91 98960 04999","India","Panipat","132103","Plot No. 361 and 362, Sector 29, Part 2 Huda","8.0","","","0","a-plus-overseas","skip","no category booked",""
"Arabian Textile Mills","www.arabiantex.com","shoiab@arabiantex.com","","Pakistan","Karachi","75700","D-100 C, S.I.T.E off Mangophir Road near ARY Digital Studio","8.0","Bed, Bath & Living","Bed linen | Terry goods and towelling","0","arabian-textile-mills","skip","Bed, Bath & Living",""
"Arab Novelties Weaving & Terry Co.","www.arab-novelties.com","sales@elsheikh-group.com","+20 ‭122 6952999‬","Egypt","Gharbeya","31951","El Rahbeen industrial Zone - Al Mahalla Al Kubra","5.0","Bed, Bath & Living","Table, kitchen linen and foils | Terry goods and towelling","5","arab-novelties-weaving--terry-co","skip","Bed, Bath & Living",""
"ARASYA GmbH","www.arasyahome.com","","+49 162 4234234","Germany","Krefeld","47803","Weyerhofstr. 65","3.0","","","0","arasya-gmbh","skip","no category booked",""
"Aritas Vinyl Limited","www.aritasvinyl.com","Info@aritasvinyl.com","","India","Ahmedabad","382430","Survey No.1134, near Elegant Daskroi","3.1","","","0","aritas-vinyl-limited","skip","no category booked",""
"Armando Silva Antunes, S.A.","www.lasa-group.com","sara.leite@lasahome.pt","+351 253 560 700","Portugal","Nespereira","4835-517","Estrada Nacional 105, 3344","5.0","Bed, Bath & Living","Bed linen | Terry goods and towelling","0","armando-silva-antunes-sa","skip","Bed, Bath & Living",""
"ARM Textile","www.armtextile.com","awais.ali2215@gmail.com","","Pakistan","Faisalabad","38000","39-40B Small Industrial Estate, Sargodha Road","8.0","Bed, Bath & Living","Bed linen | Terry goods and towelling","5","arm-textile","skip","Bed, Bath & Living",""
"A.R.M. Textiles","www.armtex.in","arm@armtex.in","+91 98430 31962","India","Karur","639001","9D/15 Ramakrishna Puram North","8.0","Bed, Bath & Living","Products in the outdoor area | Table, kitchen linen and foils","5","arm-textiles","skip","Bed, Bath & Living",""
"Arocca B.V.","www.arocca.com","info@arocca.com","+31 88 881 6888","Netherlands","Apeldoorn","7324 BV","Laan van de Ram 10","3.1","Decorative & Furniture Fabrics","Furniture fabrics","0","arocca-bv","skip","Decorative & Furniture Fabrics",""
"Arovo B.V.","www.arovo.com","","","Netherlands","Amsterdam","1046 BN","Doblijn 26","4.2","Decorative & Furniture Fabrics | Bed, Bath & Living","Decorative cushions | Terry goods and towelling","5","arovo-bv","skip","Decorative & Furniture Fabrics, Bed, Bath & Living",""
"Arshad Corporation (Pvt) Ltd.","www.arshadgroup.com","resham@arshadgroup.com","+92 42 35711990","Pakistan","Lahore","54660","Tricon Corporate Center, 16th Floor, Main Jail Road, Gulberg 2","9.0","Window & Interior Decoration | Bed, Bath & Living","Bed linen | Curtains","5","arshad-corporation-pvt-ltd","skip","Window & Interior Decoration, Bed, Bath & Living",""
"Art Cottage Ltd.","www.artcottage.co.uk","gemma@artcottage.co.uk","+44 7880 700700","Great Britain and Northern Ireland","Leicester","LE1 6RN","Unit 5, Canopy Workspace 41 King Street","4.2","","","0","art-cottage-ltd","skip","no category booked",""
"Art Decorist Tekstil Pazarlama Danismanlik Ithalat Ve Ihracat Limited Sirketi","https://artdecorist.com/","demet@artdecorist.com","+90 533 556 36 56","Türkiye","Osmangazi /Bursa","16090","Altinova Mah. Fuar Cad Buttim Uluslararasi Tekstil Ticaret Merkezi, Fuar Cd. E Blok 4th Floor 4321","3.1","","","0","art-decorist-tekstil-pazarlama-danismanlik-ithalat-ve-ihracat-limited-sirketi","skip","no category booked",""
"ARTEX HOME FASHIONS","www.artexhomefashions.com","vineet@artexhomefashions.com","","India","Panipat","132103","64, Sec-29 Part-II, Huda","8.0","Carpets & Rugs","Fitted Carpets","5","artex-home-fashions","review","rug export house, confirm it sells to end buyers and not only to importers","rugs"
"Dalian Artex International Trading Co., Ltd.","www.dlartex.com","qian@dlartex.com","+86 411 8377 9087","China","Dalian Liaoning","116011","Room 1210, Peael River Building, 99 Xinkai Road, Xigang District","8.0","","","1","dalian-artex-international-trading-co-ltd","skip","no category booked",""
"Artline Creation","www.artlinecreation.com","sk-exports@vikramcarpets.com","+91 94522 13145","India","Mirzapur, Uttar Pradesh","231001","Natwa, Artline Creation, Sadar, Jangi Road","12.0","Carpets & Rugs","Carpeting, flooring | Fitted Carpets","5","artline-creation","review","rug export house, confirm it sells to end buyers and not only to importers","rugs"
"Artwork Portfolio Ltd.","www.artworkportfolio.co.uk","studio@artworkportfolio.co.uk","+44 161 639 1773","Great Britain and Northern Ireland","Stockport","SK3 0XA","Building 67, Europa Business Park, Bird Hall Lane Cheadle Heath","4.2","Textile Design","Design studio","0","artwork-portfolio-ltd","skip","Textile Design: sells designs to manufacturers, not products to shoppers",""
"Arvind Exports","www.arvindcarpets.com","arvind@arvindcarpets.com","+91 96280 47000","India","Bhadohi","221401","108 Civil Lines","12.0","","","0","arvind-exports","skip","no category booked",""
"Asacotex","www.asacotex.com.pk","a.ahad@asacotex.net.pk","","Pakistan","Karachi","74900","Plot # 10/1, Sector-17, Korangi Industrial Area","8.0","Smart Bedding | Bed, Bath & Living","Bed linen | Duvets and pillows","5","asacotex","skip","Smart Bedding, Bed, Bath & Living",""
"A.S. Création Tapeten AG","www.as-creation.com","contact@as-creation.de","+49 2261 5420","Germany","Gummersbach","51645","Südstr. 47","3.0","Wall Decoration","Wallpapers","0","as-cration-tapeten-ag","take","Wall Decoration","wallpaper"
"AS FABRICS 1996 S.L","","","","Spain","Ontinyent Valencia","46870","Avda. Del Textil 54 1-1","4.1","Decorative & Furniture Fabrics","Decorative fabrics | Technical textiles for the contract business","5","as-fabrics-1996-sl","skip","Decorative & Furniture Fabrics",""
"As'habi Textile Mills","www.ashabitextile.com","muzammil@ashabitex.com","+92 21 32581318","Pakistan","Karachi","75500","South Avenue, S.I.T.E, Karachi D.24","9.0","Smart Bedding","Duvets and pillows","1","ashabi-textile-mills","skip","Smart Bedding",""
"Asiatex Corporation","www.asiatexcorp.com","umer@asiatexcorp.com","+92 321 8636677","Pakistan","Multan","60000","Hanif Street Opp NLC Bypass","8.0","Bed, Bath & Living","Table, kitchen linen and foils | Terry goods and towelling","5","asiatex-corporation","skip","Bed, Bath & Living",""
"ASK Apparels","www.askapparels.com","mani@askapparels.com","+91 99945 55111","India","Karur","639002","Periyar Nagar West, 11/1 Street","8.0","","","5","ask-apparels","skip","no category booked",""
"A.S.K.Hometex","","","+91 98430 56283","India","Karur","639001","Annai Indira Salai, Atlas Tex Street, 123N, Phoenix Tower Pugular Road","8.0","","","0","askhometex","skip","no category booked",""
"Aspen Textile (Pvt.) Ltd.","www.aspentextile.com","aspen@aspentextile.com","+92 41 8546136","Pakistan","Faisalabad","38000","Jaranwala Road C-170 Ali Chowk Dhudhi Wala","8.0","Bed, Bath & Living","Bed linen | Terry goods and towelling","5","aspen-textile-pvt-ltd","skip","Bed, Bath & Living",""
"Aspinwall And Company Limited","www.aspinwall.in","rajesh.kartha@aspinwall.in","+91 77367 29225","India","Kochi","682003","Subramaniyam Road, Willingdon Island Eranakulam","12.1","Carpets & Rugs","Carpeting, flooring | Door mats and clean-off systems","5","aspinwall-and-company-limited","review","rug export house, confirm it sells to end buyers and not only to importers","rugs"
"Associacao Home From Portugal","https://homefromportugal.org/","albertacanizes@homefromportugal.org","","Portugal","Guimaraes","4810-430","Travessa de Villa Verde 1","5.1","","","0","associacao-home-from-portugal","skip","no category booked",""
"PT ATEJA TRITUNGGAL","www.ateja.co.id","tiar@ateja.co.id","+62 22 6866322","Indonesia","Bandung - West Java","40561","Jln Raya Batujajar KM 2.8","11.0","Window & Interior Decoration | Decorative & Furniture Fabrics","Curtains | Furniture fabrics","5","pt-ateja-tritunggal","skip","Window & Interior Decoration, Decorative & Furniture Fabrics",""
"Atelier Mineeda Co., Ltd.","https://www.facebook.com/ateliermineeda","mineeda@rose.odn.ne.jp","+81 75-321-5047","Japan","Kyoto","615-0066","5-3 Shijohata-Cho Saiin Ukyo-Ku","4.2","","","0","atelier-mineeda-co-ltd","skip","no category booked",""
"Atelier Zabel","www.atelier-zabel.com","katja@atelier-zabel.com","+49 7195 588204","Germany","Leutenbach","71397","Gartenstraße 40","4.2","Textile Design","Design studio","0","atelier-zabel","skip","Textile Design: sells designs to manufacturers, not products to shoppers",""
"Atlas Export Enterprises","atlas.in","senthil@atlas.in","+91 96503 77133","India","Karur, Tamil Nadu","639001","29-J Pugalur Road","8.0","Window & Interior Decoration | Bed, Bath & Living","Curtains | Table, kitchen linen and foils","5","atlas-export-enterprises","skip","Window & Interior Decoration, Bed, Bath & Living",""
"Attica Narrow Fabrics SA","www.curtaintapes.gr","info@curtaintapes.gr","+30 21 0281 3802","Greece","Ano Liosia","133 41","31st 2 and 35th Str. VIO.PA.","3.0","","","0","attica-narrow-fabrics-sa","skip","no category booked",""
"Auping Germany GmbH","www.auping.com","info@auping.de","+49 221 27654500","Germany","Köln","50677","Sachsenring 59","4.0","Smart Bedding","Bedsteads, bed slats, bedding systems | Mattresses","5","auping-germany-gmbh","skip","Smart Bedding",""
"Auskin Europe Pty. Ltd.","www.fibrebyauskin.com","","+49 4431 7094003","Germany","Wildeshausen","27793","Kirchstraße 6","5.1","Decorative & Furniture Fabrics | Carpets & Rugs","Decorative cushions | Fitted Carpets","5","auskin-europe-pty-ltd","take","Carpets & Rugs","rugs"
"AVA CAD/CAM Group Ltd","www.avacadcam.com","sales@avacadcam.com","+44 1625 506800","Great Britain and Northern Ireland","Macclesfield, Cheshire","SK10 1EE","King Edward House, 1 Jordangate","4.2","Textile Technology","Software solutions","5","ava-cadcam-group-ltd","skip","Textile Technology",""
"AVH Associates","www.avh.in","hsc@avh.in","+91 120 422 3500","India","Noida","201305","C-122, Hosiery Complex, Phase-II","11.0","Decorative & Furniture Fabrics | Bed, Bath & Living","Decorative cushions | Table, kitchen linen and foils","4","avh-associates","skip","Decorative & Furniture Fabrics, Bed, Bath & Living",""
"Avila Textile OOD","","","","Bulgaria","Plovdiv","4000","Iv Chast Str./blvd. Skladova Industrial Zone -","3.0","Window & Interior Decoration","Curtains","5","avila-textile-ood","skip","Window & Interior Decoration",""
"Avison Crafts","","","","India","Bhadohi","221401","Bazar Salabat Khan","12.0","Carpets & Rugs","Fitted Carpets","0","avison-crafts","review","rug export house, confirm it sells to end buyers and not only to importers","rugs"
"Awaisia Fabrics","www.awaisiafabrics.com","info@awaisiafabrics.com","+92 321 7600309","Pakistan","Faisalabad","38000","Kothiyaan, P-170 Muhammad Nagir, Street No. 04, near 40","8.0","Bed, Bath & Living","Bed linen | Terry goods and towelling","0","awaisia-fabrics","skip","Bed, Bath & Living",""
"AW Hainsworth and Sons Ltd","www.hainsworth.co.uk","sales@awhainsworth.co.uk","+44 113 257 0391","Great Britain and Northern Ireland","Leeds","LS28 6DW","Spring Valley Mills Pudsey","4.2","","","0","aw-hainsworth-and-sons-ltd","skip","no category booked",""
"Aydin Tekstil Ticaret ve Pazarlama A. S.","www.aydintekstil.com.tr","info@aydintekstil.com","+90 212 549 43 00","Türkiye","Basaksehir / Istanbul","34490","Ikitelli OSB Mahallesi Eski Turgut Ozal No: 38/3","3.1;4.1","Decorative & Furniture Fabrics","Furniture fabrics | Outdoor fabrics","3","aydin-tekstil-ticaret-ve-pazarlama-a-s","skip","Decorative & Furniture Fabrics",""
"Ayhan Denizci Tekstil Tic Paz Ltd. Sti.","www.ayhandenizci.com","ayhandenizci@ayhandenizci.com","+90 224 261 33 37","Türkiye","Bursa","16040","Demirtas Dumlupinar Mah. 49. Cad. No: 39","4.1","Window & Interior Decoration","Curtains","0","ayhan-denizci-tekstil-tic-paz-ltd-sti","skip","Window & Interior Decoration",""
"Aymax BVBA","www.aymax.be","a.digrande@aymax.be","+32 471 76 37 84","Belgium","Mont-sur-Marchienne","6032","Rue de l'Eglise 47","5.1","Bed, Bath & Living","Bed linen | Terry goods and towelling","3","aymax-bvba","skip","Bed, Bath & Living",""
"Aymina Dokuma Tekstil Sanayi Ticaret Ltd. Sti.","www.ayminatekstil.com","export@ayminatekstil.com","+90 224 261 50 20","Türkiye","Bursa","16320","Demirtas Org. San. Bölg. Ali Osman Sönmez Cad. Papatya Sok. No: 24/C","4.1","Window & Interior Decoration | Decorative & Furniture Fabrics","Curtains | Technical textiles for the contract business","1","aymina-dokuma-tekstil-sanayi-ticaret-ltd-sti","skip","Window & Interior Decoration, Decorative & Furniture Fabrics",""
"Ayoob Textiles Mills Ltd.","www.ayoobtextile.com","atml1@cyber.net.pk","+92 21 32565707","Pakistan","Karachi","74500","A/16 - A S.I.T.E. Area Karachi","8.0","","","5","ayoob-textiles-mills-ltd","skip","no category booked",""
"AZNAR TEXTIL, SL","www.aznartextil.com","aznartextil@aznartextil.com","+34 961 34 37 12","Spain","Paterna (Valencia)","46988","Villa de Bilbao, 2, Pol. Ind. Fuente del Jarro","4.1","Window & Interior Decoration | Decorative & Furniture Fabrics","Curtains | Outdoor fabrics","5","aznar-textil-sl","skip","Window & Interior Decoration, Decorative & Furniture Fabrics",""
"Badenia Bettcomfort GmbH & Co. KG","badenia-bettcomfort.de","sales@badenia-bettcomfort.de","+49 7808 890","Germany","Friesenheim","77948","Niederschopfheimer Straße 1","4.0","Smart Bedding","Duvets and pillows","5","badenia-bettcomfort-gmbh--co-kg","skip","Smart Bedding",""
"Bahar Tekstil Sanayi ve Ticaret A.S.","www.bahartextile.com","mahir@bahartextile.com","+90 258 269 16 16","Türkiye","Honaz","20065","Organize Sanayi Bolgesi II. Kisim Ali Riza Ozturk Cad. No: 12","5.0","Bed, Bath & Living","Bed linen | Terry goods and towelling","5","bahar-tekstil-sanayi-ve-ticaret-as","skip","Bed, Bath & Living",""
"Bahati Artisan Fibre Co.","https://bahatiartisanco.com/","","+27 83 634 4657","South Africa","Klerksdorp","2531","Bronkhorstfontein Portion 10 11 Farm Dr Kenneth Kaunda District Municipality","4.2","","","0","pc-bokamoso-pty-ltd","skip","no category booked",""
"Balaji Loomtex","www.balajiloomtex.com","balajiloomtex@gmail.com","","India","Baghpat, Uttar Pradesh","250101","4/208, Pathshala Road, Khekra","12.0","","","0","balaji-loomtex","skip","no category booked",""
"Balas Export","www.balasexport.com","bala@balasexport.com","+91 4324 233 565","India","Karur","639002","Covai Road 53, Sri Bharathi Nagar","8.0","Bed, Bath & Living","Table, kitchen linen and foils","5","balas-export","skip","Bed, Bath & Living",""
"Balette Bettwarenfabrik Basel AG, Pratteln","www.balette.ch","info@balette.ch","+41 61 386 94 94","Switzerland","Pratteln","4133","Lachmattstrasse 1","4.0","","","0","balette-bettwarenfabrik-basel-ag-pratteln","skip","no category booked",""
"BALRAM IMPEX","","","","India","Noida","201301","A-1, Upper Ground Floor, Shatabdi Enclave, Sector - 49","8.0","Bed, Bath & Living","Bath mats","4","balram-impex","skip","Bed, Bath & Living",""
"Balta Industries NV","www.baltagroup.com","info@baltagroup.com","+32 474 98 41 48","Belgium","Wielsbeke","8710","Wakkensteenweg 2","3.1","Carpets & Rugs","Fitted Carpets","5","balta-industries-nv","take","Carpets & Rugs","rugs"
"Baman Studio S.n.C.","","info@bamanstudio.com","+39 02 3952 1480","Italy","Milano","20137","Via Giuseppe Longhi 1","4.2","Textile Design","Design studio","0","baman-studio-snc","skip","Textile Design: sells designs to manufacturers, not products to shoppers",""
"Bamisi Tekstil Sanayi Ve Ticaret Limited Sirketi","","info@bamisi.com","+90 536 602 72 14","Türkiye","Istanbul","34394","Gulbahar Mahallesi Gayret Sokak D: 2, No: 1 Sisli","4.0","","","0","bamisi-tekstil-sanayi-ve-ticaret-limited-sirketi","skip","no category booked",""
"Banafshe Schippel Ltd.","www.banafsheschippel.co.uk","simin.banafshe@yahoo.com","+44 7990 575364","Great Britain and Northern Ireland","Climping, Littlehampton","BN17 5RY","Marlin, 17 The Hamlet, Waterford Gardens","4.2","Textile Design","Design studio","0","banafshe-schippel-ltd","skip","Textile Design: sells designs to manufacturers, not products to shoppers",""
"Banaras House Exports","www.banarashouseexports.com","banarashexports@gmail.com","+91 98103 44800","India","New Delhi","110044","Industrial Estate, Mathura Road b1/e10 Mohan Cooperative Area Badarpur","12.0","Bed, Bath & Living","Blankets | Decorative cushions","5","banaras-house-exports","skip","Bed, Bath & Living",""
"Bannari Amman Spinning Mills Limited - Home Textile Division","www.bannarimills.com","annaraj@bannarimills.com","","India","Tirupur","641658","Paruvai Post, Karanampet Paruvai Road, Kodangipalayan","8.0","Bed, Bath & Living","Bed linen | Table, kitchen linen and foils","3","bannari-amman-spinning-mills-limited","skip","Bed, Bath & Living",""
"M. Yahya M. Yousuf Bari","www.barimills.com.pk","asif.farooqi@barimills.com.pk","+92 21 32576171","Pakistan","Karachi","75700","D-107, Textile Avenue S.I.T.E.","9.0","Bed, Bath & Living","Terry goods and towelling","5","m-yahya-m-yousuf-bari","skip","Bed, Bath & Living",""
"Barine Tekstil San Ic ve Dis Tic AS","www.thebarine.com","ozan@thebarine.com","+90 258 373 51 88","Türkiye","Denizli","20050","Hacieyuplu Mahallesi 3224 Sokak No. 8/8","5.1","Bed, Bath & Living","Bed linen | Blankets","5","barine-tekstil-san-ic-ve-dis-tic-as","skip","Bed, Bath & Living",""
"Barka Home Tekstil Ith. Ihr. San. Ve Tic. Ltd. Sti.","www.barkahome.com","info@barkahome.com","+90 542 573 16 28","Türkiye","Merkezefendi /Denizli","20020","Akcesme Mah. 2016/1 Sok. No: 4","5.0","Bed, Bath & Living","Bed linen | Terry goods and towelling","5","barka-home-tekstil-ith-ihr-san-ve-tic-ltd-sti","skip","Bed, Bath & Living",""
"Barker Textiles UAB","www.barkertextiles.lt","sales@barkertextiles.lt","+370 663 77215","Lithuania","Kaunas","47184","Raudondvario pl. 101","4.2","Bed, Bath & Living","Blankets | Decorative cushions","5","barker-textiles-uab","skip","Bed, Bath & Living",""
"Batangen Textiles","www.batangen.com","info@habovinduer.no","+47 412 02 574","Norway","Larvik","3256","Brannvaktsgate 2","12.0","Window & Interior Decoration | Bed, Bath & Living","Curtains | Decorative cushions","5","batangen-textiles","skip","Window & Interior Decoration, Bed, Bath & Living",""
"B.A Textile","www.batextile.com.pk","asce@cyber.net.pk","+92 345 2987035","Pakistan","Karachi","75950","New Karachi R1-40","8.0","Bed, Bath & Living","Bed linen","5","ba-textile","skip","Bed, Bath & Living",""
"Baumann Dekor Ges.m.b.H","www.baumann.co.at","office@baumann.co.at","+43 2852 90080","Austria","Gmünd","3950","Schremser Str. 38","3.0","Decorative & Furniture Fabrics | Functional features","Decorative fabrics | Flame-retardant","5","baumann-dekor-gesmbh","skip","Decorative & Furniture Fabrics, Functional features",""
"Bayramlar Brode Sanayi ve Ticaret A.S.","www.bayramlar.com.tr","info@bayramlar.com.tr","+90 212 415 22 05","Türkiye","Istanbul","34025","Sümer Mah. Prof Turan Günes Cad. No: 140 aa, Zeytinburun","3.0","Window & Interior Decoration","Curtains","5","bayramlar-brode-sanayi-ve-ticaret-as","skip","Window & Interior Decoration",""
"BEBE JAN Pakistan Limited","https://bbjan.com","zahid@bbjanpak.com","+92 314 3041954","Pakistan","Lahore","54000","Gulberg 2 Tevta Road 71B-1 Block H,","8.0","","","0","bebe-jan-pakistan-limited","skip","no category booked",""
"BEDDING HOUSE B.V.","www.beddinghouse.com","info@beddinghouse.com","+31 252 419 050","Netherlands","Lisse","2161 LE","Vennestraat 8","5.1","Bed, Bath & Living","Bed linen","5","bedding-house-bv","skip","Bed, Bath & Living",""
"Be'decor Boutique Shanghai Ltd.","www.bedecor.com.cn","doris.wu@bedecor.com.cn","+86 21 5425 9905","China","Shanghai","200000","Room 908, Huawen International Mansion, No. 999 Zhongshan West Road","8.0","","","0","bedecor-boutique-shanghai-ltd","skip","no category booked",""
"Laura Beer Ltd","www.laurabeer.co.uk","laura@laurabeer.co.uk","+44 7533 318575","Great Britain and Northern Ireland","Radcliffe","M26 4JY","137 Bury and Bolton Road","4.2","","","0","laura-beer-ltd","skip","no category booked",""
"Begenal Home Tekstil San. ve Tic. Ltd. Sti.","www.begenal.com.tr","yavuz@begenal.com.tr","+90 258 372 20 00","Türkiye","Denizli","20020","Ahmet Nuri Erikoglu Cad. Bozburun Mahallesi No: 14/B","5.0","Bed, Bath & Living","Bed linen | Terry goods and towelling","5","begenal-home-tekstil-san-ve-tic-ltd-sti","skip","Bed, Bath & Living",""
"BEHA PLASTIC","www.behaplastik.com","export@behaplastik.com","+90 530 270 21 63","Türkiye","Kayseri","38210","No:40 Karpuzsekisi Mahallesi","4.0","Smart Bedding | Functional features","Fillings | Recyclability","5","beha-ambalaj-malzemeleri-plastik-ve-geri-donusum-sanayi-ticaret-limited-sirketi","skip","Smart Bedding, Functional features",""
"Richard Behr & Co. GmbH","www.richardbehr.de","info@richardbehr.de","+49 4191 99770","Germany","Kaltenkirchen","24568","Boschstr. 16","4.0","","","5","richard-behr--co-gmbh","skip","no category booked",""
"Beirholms Vaeverier A/S","https://beirholm.dk/","oml@beirholm.dk","+45 75 52 45 55","Denmark","Kolding","6000","Nordager 20","9.0","Bed, Bath & Living","Bed linen | Terry goods and towelling","3","beirholms-vaeverier-as","skip","Bed, Bath & Living",""
"bekro chemie GmbH & Co. KG","","","","Germany","Überherrn","66802","Industriestr. 104","4.2","","","0","bekro-chemie-gmbh","skip","no category booked",""
"Belfama Empresa Textil, Lda","","","+351 253 560 450","Portugal","Moreira de Cónegos","4815-324","Guimaraes Rua Laurinda Ferreira Magalhaes 283","5.0","Bed, Bath & Living","Terry goods and towelling","5","belfama-empresa-textil-lda","skip","Bed, Bath & Living",""
"Bénédicte de Frondeville","","benedictedefrondeville@gmail.com","+33 4 66 61 18 15","France","Tornac","30140","1501 Chemin de Taupessargues","4.2","Textile Design","Design studio","0","bndicte-de-frondeville","skip","Textile Design: sells designs to manufacturers, not products to shoppers",""
"Benin Textile SA","","jawed.zeriah@arisenet.com","+229 57 48 66 09","Benin","Glo-Djigbe, Benin","","No: RNIE2 Maison: propriete de l’Etat Beninois Route Nationale","8.0","Bed, Bath & Living","Bed linen | Terry goods and towelling","2","benin-textile-sa","skip","Bed, Bath & Living",""
"Benti Tekstil Konfeksiyon San. ve Tic. Ltd. Sti.","www.bentitextile.com","info@bentitextile.com","+90 224 261 22 38","Türkiye","Bursa","16369","Dosab Reyhan Sok. No: 1 Osmangazi","4.1","","","0","benti-tekstil-konfeksiyon-san-ve-tic-ltd-sti","skip","no category booked",""
"Bhadohi Carpets","www.bhadohicarpets.com","info@bhadohicarpets.com","","India","Sant ravidas Nagar","221401","Opposite Ram Talkies","11.0","Fibres and Yarns, Textile Materials, Finishing","Fibres and yarns | Textile finishing","5","bhadohi-carpets","skip","Fibres and Yarns, Textile Materials, Finishing",""
"Bhajana Home Decor Private Limited","www.bhajana.com","info@bhajana.net","+91 99967 88885","India","Panipat","132103","Plot No 71, Sector - 29, Part - II, Huda","12.0","Carpets & Rugs","Fitted Carpets","5","bhajana-home-decor-private-limited","review","rug export house, confirm it sells to end buyers and not only to importers","rugs"
"Hermann Biederlack GmbH & Co. KG","www.biederlack.de","info@biederlack.de","+49 2571 8080","Germany","Greven","48268","Biederlackstr. 21","5.1","Bed, Bath & Living","Blankets","5","hermann-biederlack-gmbh--co-kg","skip","Bed, Bath & Living",""
"Birce Insaat Tekstil San. ve Tic. Ltd. Sti.","www.bircetekstil.com","info@bircetekstil.com","+90 224 411 07 60","Türkiye","Bursa","16140","Nosab Köknar Cad. No: 22","4.1","Window & Interior Decoration","Curtains","5","birce-insaat-tekstil-san-ve-tic-ltd-sti","skip","Window & Interior Decoration",""
"Bismillah Textiles Private Company","www.bismillah.com.pk","sharafat@bismillah.com.pk","+92 41 2428888","Pakistan","Faisalabad","38000","1-km Jaranwala Road, Khurrianwala","9.0","","","4","bismillah-textiles-private-company","skip","no category booked",""
"Designstudio Björkforth","www.bjorkforth.se","info@bjorkforth.se","+46 73 993 65 67","Sweden","Boras","503 38","Bryggaregatan 10","4.2","","","0","bjoerkforth-ab","skip","no category booked",""
"BKS Fabrics Private Limited","www.bksfabrics.in","enquiries@bksfabrics.in","+91 98947 50074","India","Tirupur, Tamil Nadu","641664","No. 2 /316, Kungumapalyam Pirivu, Palladam","8.0","Bed, Bath & Living","Bed linen | Table, kitchen linen and foils","3","bks-fabrics-private-limited","skip","Bed, Bath & Living",""
"BLISS Citel","www.citel.es","info@citel.es","+34 937 26 29 77","Spain","Sabadell","08530","C/ Filadors 35 7-1","4.1","Decorative & Furniture Fabrics","Furniture fabrics | Outdoor fabrics","5","citel-slu","skip","Decorative & Furniture Fabrics",""
"BMD PRIVATE LIMITED","www.bmdtextiles.in","pragati.pallavi@lnjb.com","+91 99100 85117","India","Noida","201301","A-12, Sector-1, Bhilwara Towers","11.0","Decorative & Furniture Fabrics | Fibres and Yarns, Textile Materials, Finishing","Technical textiles for the contract business | Woven and knitted fabrics","5","bmd-private-limited","skip","Decorative & Furniture Fabrics, Fibres and Yarns, Textile Materials, Finishing",""
"Bomdong","www.bomdong.com","bomdongdesign@gmail.com","+82 10-4464-0828","Korea, the Republic of (South)","Seoul","02830","Seongbuk-gu #101, Arirang-ro 5-gil 39","4.2","Textile Design","Design studio | Style bureau","0","bomdong","skip","Textile Design: sells designs to manufacturers, not products to shoppers",""
"BORSOI S.r.l.","www.borsoi.eu","info@borsoi.eu","+39 0438 586864","Italy","Vittorio Veneto","31029","Via Dell'industria 30-32-34","4.0","Smart Bedding","Duvets and pillows","5","borsoi-srl","skip","Smart Bedding",""
"Giovanni Bottigelli S.p.A.","www.bottigelli.com","bottigelli@bottigelli.com","+39 0331 146 3868","Italy","Busto Arsizio","21052","Via Melegnano 6","4.2","Bed, Bath & Living","Table, kitchen linen and foils","5","giovanni-bottigelli-spa","skip","Bed, Bath & Living",""
"Pujiang Boya Textile Co., Ltd.","https://pjboya.en.alibaba.com/?spm=a2700.micro_cgs_home.0.0.73c23e5fmyrMeE","peter@pjboya.com","+86 579 8411 3331","China","Jinhua Zhejiang","322200","No. 58 Xingbi Avenue, Pujiang County","8.0","Smart Bedding","Duvets and pillows","5","pujiang-boya-textile-co-ltd","skip","Smart Bedding",""
"Boyteks Tekstil San. ve Tic. A.S.","www.boyteks.com","info@boyteks.com","+90 352 322 05 88","Türkiye","Melikgazi / Kayseri","38070","1 Organize Sanayi Bölgesi 8. Cad. No: 60","4.0","","","5","boyteks-tekstil-san-ve-tic-as","skip","no category booked",""
"Breiding Vertriebsgesellschaft mbH","www.breiding-vertrieb.de","info@breiding-vertrieb.de","+49 3971 24156020","Germany","Anklam","17389","Konrad-Zuse-Straße 7","4.0","","","0","breiding-vertriebsgesellschaft-mbh","skip","no category booked",""
"Breyner Eurl","www.breyner.fr","ssahuc@breyner.fr","+33 4 37 02 24 24","France","Chaponnay","69970","685 rue Juliette Récamier","4.0","Smart Bedding","Duvets and pillows | Fillings","5","breyner-eurl","skip","Smart Bedding",""
"Brighi Tecnologie Italia Srl","www.brighitecnologie.com","marketing@brighigroup.com","+39 0543 743552","Italy","Forli","47122","Via Emilio Segre N 13/15","4.0","Smart Bedding | Textile Technology","Duvets and pillows | Textile processing","5","brighi-tecnologie-italia-srl","skip","Smart Bedding, Textile Technology",""
"BRIGHT STAR","www.bright-star.co.in","mail@bright-star.co.in","+91 11 4659 2131","India","New Delhi","110048","E - 193, Greater Kailash, Part - II","11.0","Bed, Bath & Living","Blankets","5","bright-star","skip","Bed, Bath & Living",""
"Brink & Campman B.V.","www.brinkandcampman.com","mlangbroek@brinkandcampman.com","+31 544 390 430","Netherlands","Lichtenvoorde","7131 PG","Albert Schweitzerstraat 3","3.0","","","0","brink--campman-bv","skip","no category booked",""
"Brinkhaus GmbH","www.brinkhaus.de","info@brinkhaus.de","+49 7808 890","Germany","Bocholt","46395","Vennweg 22","4.0","Smart Bedding","Duvets and pillows","5","brinkhaus-gmbh","skip","Smart Bedding",""
"BrodeArte Tekstil San. ve Tic. Ltd. Sti.","www.brodearte.com.tr","bilgi@brodearte.com.tr","+90 224 216 09 01","Türkiye","Bursa","16250","Kücükbalikli Mah. 6. Cad. No: 67 Osmangazi","3.0","Window & Interior Decoration","Curtains","5","brodearte-tekstil-san-ve-tic-ltd-sti","skip","Window & Interior Decoration",""
"Bronte Glen Limited","www.bronteglen.co.uk","","","Great Britain and Northern Ireland","Keighley","BD21 1PH","Starkey Street Elite Buildings","4.0","Smart Bedding | Fibres and Yarns, Textile Materials, Finishing","Fibres and yarns | Fillings","5","bronte-glen-limited","skip","Smart Bedding, Fibres and Yarns, Textile Materials, Finishing",""
"Broucks NV","www.broucks.com","","","Belgium","Anzegem","8570","Vichteplaats 64","3.1","Carpets & Rugs | Functional features","Fitted Carpets | Recyclability","5","broucks-nv","take","Carpets & Rugs","rugs"
"BS Lamination Industries Private Limited","www.bsfabrics.com","admin@bsfabrics.com","","India","Jhajjar","124103","Plot No. 7A, Sector-7, METL City Street No-7,Yakubpur","12.1","","","0","bs-lamination-industries-private-limited","skip","no category booked",""
"Karl F. Buchheister e. K.","www.buchheister.de","","+49 2933 97620","Germany","Sundern (Sauerland)","59846","Im Karweg 3","3.0","Window & Interior Decoration","Drapery and curtain hardware systems | Indoor sun-protection systems (panel tracks, blinds)","5","karl-f-buchheister-e-k","skip","Window & Interior Decoration",""
"Burkay Tekstil San. ve Tic. A.S.","www.burkay.com.tr","info@burkay.com.tr","+90 224 384 12 55","Türkiye","Bursa","16450","Barakfakih Mah. 7 Cad. No: 2","3.1","Window & Interior Decoration | Decorative & Furniture Fabrics","Curtains | Decorative fabrics","4","burkay-tekstil-san-ve-tic-as","skip","Window & Interior Decoration, Decorative & Furniture Fabrics",""
"Burteks Tekstil Sanayi Ve Ticaret Anonim Sirketi","www.burteks.com.tr","info@burteks.com.tr","+90 3373340","Türkiye","Gaziantep","27110","2. Organize Sanayi Bolgesi, 83 No: 7 83228","4.0","Fibres and Yarns, Textile Materials, Finishing","Fibres and yarns | Woven and knitted fabrics","0","burteks-tekstil-sanayi-ve-ticaret-anonim-sirketi","skip","Fibres and Yarns, Textile Materials, Finishing",""
"BYT Dokuma Makina Tekstil San. Tic. Ltd. Sti.","www.bytdokuma.com","info@bytdokuma.com","+90 224 261 21 08","Türkiye","Nilüfer / Bursa","16140","Nosab Zeytin Cadde No: 16","3.0","Window & Interior Decoration","Curtains","5","byt-dokuma-makina-tekstil-san-tic-ltd-sti","skip","Window & Interior Decoration",""
"Caldeira Ltd","www.caldeira.com","kd@caldeira.com","+44 151 290 9090","Great Britain and Northern Ireland","Liverpool","L33 7SE","Knowsley Industrial Park The Cushion Factory, 29 Lees Road","12.0","Bed, Bath & Living","Accessories | Decorative cushions","5","caldeira-ltd","skip","Bed, Bath & Living",""
"Camilla Textiles S.r.l.","www.camillatex.com","isabella.benvenuti@camillatex.com","+39 02 2111 5133","Italy","Milano","20123","Via San Nicolao 2","3.1","Decorative & Furniture Fabrics","Decorative fabrics | Fabrics for bed linen","5","camilla-textiles-srl","skip","Decorative & Furniture Fabrics",""
"Canaria Tex","www.canariatex.com","info@canariatex.com","+92 42 35755364","Pakistan","Lahore","56600","Suite No. 3, 2nd Floor, Rehman Business Centre 32B/3 Gulberg (III)","8.0","Bed, Bath & Living","Bed linen | Terry goods and towelling","5","canariatex-private-limited","skip","Bed, Bath & Living",""
"Candido Penalba S.L.","www.candidopenalba.com","info@candidopenalba.com","+34 962 90 12 12","Spain","Albaida (Valencia)","46860","Pol.Ind. La Pedrera Parcela 5B Apartado. 82","4.0","Smart Bedding","Mattress protectors and pads","5","candido-penalba-sl","skip","Smart Bedding",""
"CANETE S.A.","www.canetesa.es","tono_canete@canetesa.es","+34 962 91 13 38","Spain","Ontinyente","46870","Poligono Industrial El Pla, C/ Les Borreres, 23","4.1","Decorative & Furniture Fabrics","Decorative fabrics | Outdoor fabrics","5","canete-sa","skip","Decorative & Furniture Fabrics",""
"Caps Decor","","","","India","Panipat","132103","Plot 122 Sector 29, Part-1","12.0","Smart Bedding | Carpets & Rugs","Duvets and pillows | Fitted Carpets","5","caps-decor","review","rug export house, confirm it sells to end buyers and not only to importers","rugs"
"Angelo Carillo & C. S.p.A.","www.angelocarillo.com","export@angelocarillo.com","+39 081 311 1800","Italy","Napoli","80133","Via San Giovanni a Mare 38","4.1","","","0","angelo-carillo--c-spa","skip","no category booked",""
"Caritasverband für Bocholt, Isselburg und Rhede e.V. Büngern Technik","www.buengern-technik.de","","","Germany","Rhede","46414","Stangenkamp 2","4.0","","","0","caritasverband-fuer-bocholt-isselburg-und-rhede-ev-buengern-technik","skip","no category booked",""
"Textil Casa Moda S.L.","www.casamoda.es","casamoda@casamoda.es","+34 962 90 85 05","Spain","Agullent","46890","P.I. 2 Casa Montoro, Calle Manresa 2, 4, 6","3.0","Window & Interior Decoration | Fibres and Yarns, Textile Materials, Finishing","Curtains | Textile finishing","5","textil-casa-moda--sl","skip","Window & Interior Decoration, Fibres and Yarns, Textile Materials, Finishing",""
"Casa Naturale Tekstil Sanayi ve Ticaret Anonim Sirketi","www.casanaturale.com.tr","export@selinaytekstil.com.tr","+90 532 462 23 63","Türkiye","Osmangazi, Bursa","16245","Demirtas Organize Sanayi Bölgesi Mustafa Karaer Cad. Sarmsik Sk. No:10/B","4.1","","","0","casa-naturale-tekstil-sanayi-ve-ticaret-anonim-sirketi","skip","no category booked",""
"Castiglioni S.r.l.","www.castiglioni.it","info@castiglioni.it","+39 0331 463200","Italy","Arconate","20020","Via A. Grandi 2","4.1","Window & Interior Decoration | Decorative & Furniture Fabrics","Curtains | Furniture fabrics","5","castiglioni-srl","skip","Window & Interior Decoration, Decorative & Furniture Fabrics",""
"Castilla Textil 2 S.L.","https://castillatextil.net","mcarmen@castillatextil.com","+34 925 14 52 76","Spain","Tembleque - Toledo","45780","Ctra. Navahermosa-Quintanar Km 90,200","4.1","Decorative & Furniture Fabrics | Bed, Bath & Living","Decorative cushions | Decorative fabrics","5","castilla-textil-2-sl","skip","Decorative & Furniture Fabrics, Bed, Bath & Living",""
"Castle Industries","www.castle-ind.com","info@castle-ind.com","+92 21 36411606","Pakistan","Karachi","75850","Phase-1, Castle Industries D-1, Scheme-33, S.I.T.E. Super Highway","8.0","Bed, Bath & Living","Bed linen | Terry goods and towelling","5","castle-industries","skip","Bed, Bath & Living",""
"CBS Manufacturing Group","www.cbsmanufacturinggroup.com","katey@cbs123.com","","United States","Westlake Village California","91361","2629 Townsgate Rd Suite 145","11.0","","","5","cbs-manufacturing-group","skip","no category booked",""
"C.B.Tex","www.cbtex.com","cbkarthic@cbtex.com","","India","Karur","639002","No. 2/858-1, Sakthi Nagar 4th Cross, Vadivel Nagar","8.0","Bed, Bath & Living","Table, kitchen linen and foils","5","cbtex","skip","Bed, Bath & Living",""
"CD Design Studio AG","","cd.design@bluewin.ch","+41 71 385 71 51","Switzerland","Andwil","9204","Alpsteinstrasse 4","4.2","Textile Design","Design studio","0","cd-design-studio-ag","skip","Textile Design: sells designs to manufacturers, not products to shoppers",""
"Centa Star Bettwaren GmbH & Co.KG","www.centa-star.de","info@centa-star.com","+49 711 305050","Germany","Stuttgart","70327","Augsburger Str. 275","4.0","Smart Bedding","Duvets and pillows","4","centa-star-bettwaren-gmbh--cokg","skip","Smart Bedding",""
"Cevikel Tekstil Tic. San. Ltd. Sti","www.cevikeltekstil.com","info@cevikeltekstil.com","+90 224 261 16 91","Türkiye","Osmangazi / Bursa","16245","DOSAB Orkide Sok. No: 17","3.0","Window & Interior Decoration","Curtains","5","cevikel-tekstil-tic-san-ltd-sti","skip","Window & Interior Decoration",""
"Hong Kong Chaers Textile Limited","www.chaerstex.com","nana@chaerstex.com","+86 575 8877 7706","Hong Kong","Chai Wan","","Room 1607, Trend Ctr., 29-31 Cheung Lee St.","12.1","","","0","hong-kong-chaers-textile-limited","skip","no category booked",""
"Chahat Export","","chahat@chahatexport.in","+91 120 427 2091","India","Noida, UP","201301","B - 56, Sector - 5","12.0","","","5","chahat-export","skip","no category booked",""
"CHAMPO CARPETS","www.champocarpets.com","champo@champocarpets.com","+91 98393 80000","India","Sant Ravidas Nagar","221401","Auri Road, Hari Rampur, Sant Ravidas Nagar","11.0","","","0","champo-carpets","skip","no category booked",""
"Changxing Yongxin Import and Export Co., Ltd.","www.cxyxfabric.com","alicezhang@cxyongxin.com","+86 572 668 0283","China","Changxing Zhejiang","313100","Chengbei Development Zone, Jiapu Town, Huzhou","8.0","Smart Bedding","Duvets and pillows","5","changxing-yongxin-import-and-export-co-ltd","skip","Smart Bedding",""
"Mme Charlot Danielle Agathe","","agathecrea@yahoo.fr","+33 6 88 74 76 20","France","Doulcon","55110","48 T Avenue Des Tilleuls","4.2","Textile Design","Design studio","0","mme-charlot-danielle-agathe","skip","Textile Design: sells designs to manufacturers, not products to shoppers",""
"Chawala Enterprises","www.chawala.com.pk","gmmkt@chawala.com.pk","+92 300 9650771","Pakistan","Faisalabad","38000","3-KM, Jhumra Road, Khurrianwala","8.0","Smart Bedding | Bed, Bath & Living","Bed linen | Mattress protectors and pads","5","chawala-enterprises","skip","Smart Bedding, Bed, Bath & Living",""
"Chene De L'est Sasu","www.chenedelest.eu","","","France","Hambach","57910","24 Rue De La Fontaine","3.0","Flooring & Equipment","Parquet | Wooden floors","5","chene-de-lest-sasu","take","Flooring & Equipment","rugs"
"Quzhou Chenxi Import and Export Co., Ltd.","","jylnuaa@aliyun.com","+86 136 1670 1362","China","Qujiang Zhejiang","324000","Room 241, Building 1, Central Business Square, 39 Baiyuzhong Ave. Quzhou","8.0","Bed, Bath & Living","Bed linen","5","quzhou-chenxi-import-and-export-co-ltd","skip","Bed, Bath & Living",""
"Chhabra Home Concepts Private Limited","www.chconcepts.in","shipping@chconcepts.in","","India","Panipat","132103","Plot No.234, Sector-29 Part-2 Huda","8.0","","","5","chhabra-home-concepts-private-limited","skip","no category booked",""
"Chinar International","https://www.chinarinternational.com/","info@chinarinternational.com","+91 98110 58696","India","Noida","201301","C-153, Sector-63 Gautam Budh Nagar","12.0","Carpets & Rugs","Fitted Carpets","0","chinar-international","review","rug export house, confirm it sells to end buyers and not only to importers","rugs"
"Chino Sol Trading Corp.","","","","Taiwan","Taoyuan City","330","Taoyuan District Ai Chi Street No. 27","12.1","","","0","chino-sol-trading-corp","skip","no category booked",""
"Choudhary Exports","www.choudharyexports.com","rugs@choudharyexports.com","","India","Jaipur","302021","D-12 Hanuman Nagar Vaishali Nagar","11.0","Carpets & Rugs","Fitted Carpets","5","choudhary-exports","review","rug export house, confirm it sells to end buyers and not only to importers","rugs"
"Christy Fabric Private Limited","www.christytex.com","accounts@christytex.com","+91 97884 33729","India","Tiruchengode","637214","A9 & A11- Sidco Industrial Estate, Andipalayam Post, Namakkal (dt)","8.0","Bed, Bath & Living","Terry goods and towelling","5","christy-fabric-private-limited","skip","Bed, Bath & Living",""
"Ciel Home Decors Pvt. Ltd.","www.cielhomedecors.in","abhishek@cielhomedecors.in","+91 96712 27483","India","Panipat","132103","Near Kalu Pear C/O Aseem Pahwa, Kabri Road","8.0","Smart Bedding | Bed, Bath & Living","Bed linen | Duvets and pillows","5","ciel-home-decors-pvt-ltd","skip","Smart Bedding, Bed, Bath & Living",""
"Cinelli Piume e Piumini S.r.l.","www.cinellipiumini.com","info@cinellipiumini.com","+39 0572 31721","Italy","Pisa","56125","Via Pietro Toselli 15","4.0","","","4","cinelli-piume-e-piumini-srl","skip","no category booked",""
"Claire Louise Designs","www.clairelouisedesigns.co.uk","claire@clairelouisedesigns.co.uk","+44 7403 114641","Great Britain and Northern Ireland","Bury","BL8 3HB","58 Bury Road","4.2","Wall Decoration | Textile Design","Design studio | Wallpapers","0","claire-louise-designs","take","Wall Decoration","wallpaper"
"Classic Collection","","info@indianartgallery.in","+91 73552 07570","India","Bhadohi, Sant Ravidas Nagar","221401","Chauri Road Phase-1, Sector-A-E-1-5, Carpet City","11.0","Carpets & Rugs","Carpeting, flooring","0","classic-collection","review","rug export house, confirm it sells to end buyers and not only to importers","rugs"
"Classique Textile (Pvt.) Ltd.","www.classiquetextile.com.pk","ahsan@classiquetextile.com.pk","","Pakistan","Faisalabad","38000","716 Batala Colony Near Rubina Hospital S","8.0","","","5","classique-textile-pvt-ltd","skip","no category booked",""
"Claudia Mantel - CMR disegni","www.cmrdisegni.com","cmrdisegni@gmail.com","","Germany","Nürnberg","90461","Hainstrasse 6","4.2","Textile Design","Design studio","0","claudia-mantel---cmr-disegni","skip","Textile Design: sells designs to manufacturers, not products to shoppers",""
"CleanBrands LLC","www.cleanrest.com","rdoyon@cleanbrands.com","+1 401-427-1379","United States","Warwick Rhode Island","02886","240 Bald Hill Rd.","4.0","","","0","cleanbrands-llc","skip","no category booked",""
"Climbing Enterprise Trading Limited","","linachen@climbingtex.com","+86 573 8838 5698","Hong Kong","Wanchai","999077","Room 1002, Easey Comm Bldg., 253-261 Hennessy Road","12.1","Decorative & Furniture Fabrics | Fibres and Yarns, Textile Materials, Finishing","Decorative fabrics | Woven and knitted fabrics","5","climbing-enterprise-trading-limited","skip","Decorative & Furniture Fabrics, Fibres and Yarns, Textile Materials, Finishing",""
"C & L Industrial Limited","","ling@candlind.com.hk","+852 2499 0927","Hong Kong","Tsuen Wan, New Territories","","Room 1-3, 25/F., Million Fortune, Industr. Centre, 34-36 Chai Wan Kok Str.","8.0","Bed, Bath & Living","Bathroom curtains | Table, kitchen linen and foils","5","c--l-industrial-limited","skip","Bed, Bath & Living",""
"Hebei Cloudland Home Textiles Trading Co., Ltd.","https://cloudlandhome.en.alibaba.com","591305235@qq.com","+86 138 0336 8601","China","Shijiazhuang Hebei","050000","Room 1106, Hanke Building, Jianshe North Street, Chang'an","8.0","","","0","hebei-cloudland-home-textiles-trading-co-ltd","skip","no category booked",""
"Cocona Inc.","www.thirtysevenfive.com","preston@cocona.com","+1 316-644-4339","United States","Boulder Colorado","80301","5480 Valmont Road, Suite 100","4.0","Functional features","Climate-regulating | Functional features Smart Bedding","0","cocona-inc","skip","Functional features",""
"COIRFLEX ALAPPUZHA","","sales@coirflex.com","","India","Ernakulam","682030","P.b. No. 5, Pattanakkad, Chertala, Alappuzha","12.1","","","0","coirflex-alappuzha","skip","no category booked",""
"Texteis Colmaco - Industria de Colchas Lda.","www.colmaco.com","manuel@colmaco.com","+351 252 987 649","Portugal","Pedome - V.N.Famalicao","4765-167","Rua dos Verdes 492","5.0","Smart Bedding | Bed, Bath & Living","Bed linen | Duvets and pillows","5","texteis-colmaco---industria-de-colchas-lda","skip","Smart Bedding, Bed, Bath & Living",""
"Colwill + Waud","","colwillwaud@aol.com","+44 7801 061720","Great Britain and Northern Ireland","London","N89SE","150 Ferme Park Road","4.2","Textile Design","Design studio","0","colwill--waud","skip","Textile Design: sells designs to manufacturers, not products to shoppers",""
"COMCO UAB","www.comco.lt","info@comco.lt","+370 41 544074","Lithuania","Siauliai","LT-76129","J. Basanaviciaus g. 103c","4.0","Smart Bedding","Duvets and pillows | Mattress protectors and pads","1","comco-uab","skip","Smart Bedding",""
"Comercial de Latex y Visco S.L.","www.adetexfoamgroup.com","info@comercialdelatex.com","","Spain","Crevillent","03330","Partida El Boch 69","4.0","Smart Bedding","Duvets and pillows","4","comercial-de-latex-y-visco-sl","skip","Smart Bedding",""
"Comercio y Distribucion de Tejidos del Mediterraneo, S.L.","www.cndfabrics.com","cnd@cndfabrics.com","+34 962 36 90 96","Spain","Ontinyent","46870","Daniel Gil, 23 Box 297","4.1","Decorative & Furniture Fabrics","Decorative fabrics","5","comercio-y-distribucion-de-tejidos-del-mediterraneo-sl","skip","Decorative & Furniture Fabrics",""
"ComfortAce B.V.","www.comfortace.nl","info@comfortace.nl","+31 76 531 7961","Netherlands","Rijsbergen","4891 TR","Begijneweide 9B","8.0","Smart Bedding | Bed, Bath & Living","Bed linen | Duvets and pillows","5","comfortace-bv","skip","Smart Bedding, Bed, Bath & Living",""
"Comfy Angel D.o.o.","www.somnia.com.mk","info@comfy-angel.com.mk","+389 48 424 553","North Macedonia","Prilep","7500","Aleksandar Makedonski Br. 1g/13","4.0","Smart Bedding","Duvets and pillows","5","comfy-angel-doo","skip","Smart Bedding",""
"Comfy Nest International Sdn Bhd","www.comforcel.com","fiona@comforcel.com.my","+60 3-8081 1315","Malaysia","Puchong","47100","Taman Perindustrian Puchon Utama NO: 1, Jalan PPU 2A Selangor","8.0","Smart Bedding","Duvets and pillows | Mattresses","5","comfy-nest-international-sdn-bhd","skip","Smart Bedding",""
"COMMA","","abha@comma.co.in","","India","Gurugram","122016","Dhudahera 134 Udyog Vihar Phase 1 Road","11.0","","","0","comma","skip","no category booked",""
"Continental Home Textiles Pvt. Ltd.","www.chtl.com.pk","ashraf.majeed.ctl@gmail.com","+92 333 2372075","Pakistan","Karachi","74900","Plot C1/D4, Sector 16, Korangi Industrial Area","8.0","Bed, Bath & Living","Bed linen | Terry goods and towelling","5","continental-home-textiles-pvt-ltd","skip","Bed, Bath & Living",""
"Continental Towels (Pvt) Limited","","","","Pakistan","Karachi","74900","Plot 141, Sector 27, Korangi Industrial Area","8.0","Bed, Bath & Living","Terry goods and towelling","1","continental-towels-pvt-limited","skip","Bed, Bath & Living",""
"Coolist Life Technology Co., Ltd.","www.coolist.cc","eva@coolist.cc","+86 177 0624 5818","China","Suzhou Jiangsu","215600","C20, 199, HongWu Ave., TangQiao, Zhangjiagang","9.0","Decorative & Furniture Fabrics | Smart Bedding","Duvets and pillows | Furniture fabrics","3","coolist-life-technology-co-ltd","skip","Decorative & Furniture Fabrics, Smart Bedding",""
"Cosmic Exports","","cosmicexportskarur@gmail.com","+91 63838 82629","India","Karur","639002","No.16, Ramanujam Nagar","8.0","Bed, Bath & Living","Blankets | Table, kitchen linen and foils","5","cosmic-exports","skip","Bed, Bath & Living",""
"Beijing Cosmos International Trade Co., Ltd","www.shiningstartex.com","wu.nan@shiningstartex.com","","China","Beijing Beijing Shi","100020","Unit 1, Room 1807, Yongli International Apartment, Chaoyang District","8.0","Smart Bedding","Duvets and pillows","5","beijing-cosmos-international-trade-co-ltd","skip","Smart Bedding",""
"C.O. S.R.L.","","","+39 081 899 4522","Italy","Casavatore","80020","Via Cassano 45","4.1","","","0","co-srl","skip","no category booked",""
"COTOBLAU SA","www.cotopur.com","candid@cotopur.com","+34 962 29 85 17","Spain","Ontinyent","46870","C/ de L'Agulla, 9, Pol. Industrial 7-9 El Pla","4.0","Smart Bedding","Duvets and pillows | Mattress protectors and pads | Mattresses","5","cotoblau-sa","skip","Smart Bedding",""
"Coton Couleur - Empresa Textil, SA","www.cotoncouleur.com","geral@cotoncouleur.com","+351 253 193 711","Portugal","S.Jorge Selho-Guimaraes","4835-612","Rua do Paraiso S/N","5.0","Bed, Bath & Living","Bed linen","3","coton-couleur---empresa-textil-sa","skip","Bed, Bath & Living",""
"Cotton Concepts","www.cottonconcepts.global","cottonconcepts@gmail.com","","India","Coimbatore","641037","13 Netaji Rd, Lakshmi Mills Colony","9.0","Bed, Bath & Living","Table, kitchen linen and foils","5","coimbatore-cotton-concepts-and-designs-pvt-ltd","skip","Bed, Bath & Living",""
"Egyptian Cotton Association","www.egyptiancottonassociation.com","info@egyptiancottonassociation.com","+20 2 7737770","Egypt","Cairo","11221","10th Floor, Cairo World Trade Center, 1191 Nile Corniche","5.0","Fibres and Yarns, Textile Materials, Finishing | Associations, institutes, publishers","Fibres and yarns | Labels, standards, certificates for sustainability","5","egyptian-cotton-association","skip","Fibres and Yarns, Textile Materials, Finishing, Associations, institutes, publishers",""
"Cotton Empire (Private) Limited","www.cottonempire.com","imran.hassan@cottonempire.com","+92 333 2468988","Pakistan","Karachi","75700","A-33 (C), Textile Avenue, S.I.T.E","8.0","Bed, Bath & Living","Terry goods and towelling","5","cotton-empire-private-limited","skip","Bed, Bath & Living",""
"Cotton Tex Private Ltd.","","export@cottontexpvtltd.com","+92 301 2572385","Pakistan","Karachi","74200","Site A-16","8.0","","","0","cotton-tex-private-ltd","skip","no category booked",""
"Craftech International","www.craftechinternational.com","info@craftechinternational.com","","India","Noida","201301","Gautam Buddha Nagar G-254, Sector- 63","12.1","","","0","craftech-international","skip","no category booked",""
"Craftex India Textiles LLP","www.craftexindia.com","anirudh@craftexindia.com","+91 1251 271 605","India","Dist. Jhajjar Haryana","124104","18 KM Bahadurgarh-Jhajjar Road,#SH 22 V.P.O. Kablana","11.0","Bed, Bath & Living | Carpets & Rugs","Bath mats | Fitted Carpets","5","craftex-india-textiles-llp","review","rug export house, confirm it sells to end buyers and not only to importers","rugs"
"Creaciones Euromoda S.L.","www.creaciones-euromoda.com","alex@creaciones-euromoda.com","+34 962 35 07 87","Spain","Bocairent","46880","C/ Comarca de La Marina, Num. 3 Pol. Ind. El Regadiu","4.1","Decorative & Furniture Fabrics | Smart Bedding","Decorative fabrics | Duvets and pillows","5","creaciones-euromoda-sl","skip","Decorative & Furniture Fabrics, Smart Bedding",""
"Creantes S.A.","www.creantes-disegni.com","marco@creantes.com","+39 348 818 1386","Switzerland","Lugano","6900","Via Soave 1","4.2","Textile Design","Design studio","0","creantes-sa","skip","Textile Design: sells designs to manufacturers, not products to shoppers",""
"Creative Homefashion Production & Trade GmbH","www.creative-homefashion.com","g.resch@creative-homefashion.com","+43 5576 79963","Austria","Altach","6844","Schweizerstrasse 35","4.1","","","0","creative-homefashion-production--trade-gmbh","skip","no category booked",""
"Creative Impex","www.creativeimpex.in","exports@creativeimpex.in","","India","Karur","639001","No. 36 / 1 / 22B, Priyanga Complex, Ramakrishnapuram","8.0","","","5","creative-impex","skip","no category booked",""
"Creative Knots LLP","","","","India","Bhadohi","221401","Himmatpur Bakuchiya","12.0","","","1","creative-knots-llp","skip","no category booked",""
"Creative Textile Mills Pvt. Ltd.","www.creativegarments.com","rajesh.goyal@creativegroup.in","+91 98202 10931","India","Mumbai, Maharashtra","400013","Compound, Lower Parel No. 212, Cama Industrial Estate, Sun Mill","9.0","Smart Bedding | Bed, Bath & Living","Bed linen | Duvets and pillows","5","creative-textile-mills-pvt-ltd","skip","Smart Bedding, Bed, Bath & Living",""
"Creative Weavers Global","www.creativeweavers.in","yogesh@creativeweavers.in","","India","Panipat","132103","Ground Floor, Plot No. 56, Sector-29, Part 1, Huda","12.0","","","5","creative-weavers-global","skip","no category booked",""
"The Crescent Textile Mills Limited","www.crescenttextile.com","crestex@ctm.com.pk","+92 41 111 105 105","Pakistan","Faisalabad","38000","Sargodha Road","9.0","Window & Interior Decoration | Bed, Bath & Living","Bed linen | Curtains","5","the-crescent-textile-mills-limited","skip","Window & Interior Decoration, Bed, Bath & Living",""
"Crishome Tex Unipessoal Lda.","www.crishometex.pt","cristinateixeira@crishometex.pt","+351 253 088 155","Portugal","Vila nova Sande","4805-619","Rua dos Lameiros, 2 Lote 9","5.0","Bed, Bath & Living","Bed linen","5","crishome-tex-unipessoal-lda","skip","Bed, Bath & Living",""
"Crispim Abreu & Cia. Lda.","www.crispimabreu.pt","info@crispimabreu.pt","","Portugal","Serzedelo GMR","4765-556","Rua Sao Bartolomeu 1234","5.0","","","0","crispim-abreu--cia-lda","skip","no category booked",""
"Cristina Orozco Cuevas","http://cristinaorozcocuevas.com/","info@cristinaorozcocuevas.com","+52 55 6721 1636","Mexico","Estado de Mexico","53280","Mar de Smith 23","4.2","Textile Design | Services & Software","Design studio | Services","0","cristina-orozco-cuevas","skip","Textile Design: sells designs to manufacturers, not products to shoppers",""
"C&R Textiles Pvt. Ltd.","www.iacs.in","iacs@iacs.in","+91 120 478 1800","India","New Delhi","110048","C 30 Greater Kailash-I","9.0","","","5","cr-textiles-pvt-ltd","skip","no category booked",""
"CRYSTAL CRAFT","","crystalcraft.cc@gmail.com","+91 11 4732 0164","India","New Delhi","110028","C164, Naraina Industrial Area, Phase 1","12.0","Decorative & Furniture Fabrics | Bed, Bath & Living","Bed linen | Decorative cushions","5","crystal-craft","skip","Decorative & Furniture Fabrics, Bed, Bath & Living",""
"Dabedan Tejidos Ignifugos S.L.","www.dabedan.com","dabedan@dabedan.com","+34 932 07 67 85","Spain","Sabadell","08202","Avenida Can Bordoll 55 Pol. Ind. Can Roqueta","4.1","Decorative & Furniture Fabrics","Decorative fabrics","5","dabedan-tejidos-ignifugos-sl","skip","Decorative & Furniture Fabrics",""
"Daily Surplus International Limited","","chenfei@mf-fz.com","+852 3705 4218","Hong Kong","San Po Kong, Kowloon","","Room 1101, Block A, 11/F., Wah Hing Industrial Mansions, 36 Tai Yau Street","9.0","Bed, Bath & Living","Bed linen","3","daily-surplus-international-limited","skip","Bed, Bath & Living",""
"Daimon Home Tekstil Sanayi ve Ticaret Limited Sirketi","www.daimonhome.com","ayten@daimonhome.com","+90 6525926","Türkiye","Istanbul","34295","Besyol Mah. Cami Sok. No: 16-5 Kucukcekmece","4.2","Bed, Bath & Living","Decorative cushions","4","daimon-home-tekstil-sanayi-ve-ticaret-limited-sirketi","skip","Bed, Bath & Living",""
"Dakshin Home Fashions","www.dakshinindia.com","info@dakshinindia.com","+91 4324 240 434","India","Karur","639001","No. 9 /410, Vangaliappan Nagar Chinna Andan Kovil Road","8.0","Bed, Bath & Living","Table, kitchen linen and foils","5","dakshin-home-fashions","skip","Bed, Bath & Living",""
"Dalal Industries (Pvt) Ltd.","www.dalalindustries.com","dalal@dalalindustries.com","","Pakistan","Karachi","75700","B-25/A, S.I.T.E.","8.0","","","4","dalal-industries-pvt-ltd","skip","no category booked",""
"Danial Fabrics (Pvt) Ltd","www.danialfabrics.com","am_marketing@danialfabrics.com","","Pakistan","Lahore","53200","1st Floor, 53-Umar Market 99 Railway Road, Opposit Polytechnic College","8.0","","","5","danial-fabrics-pvt-ltd","skip","no category booked",""
"Darshan Creation Pvt. Ltd.","www.darshancreation.com","twinkle.trivedi@darshancreation.com","+91 93200 26081","India","Boisar City Dist- Palghar","401506","Plot No. G-8/1, Tarapur MIDC, Tata Steel Road","8.0","Decorative & Furniture Fabrics | Bed, Bath & Living","Bed linen | Fabrics for bed linen","5","darshan-creation-pvt-ltd","skip","Decorative & Furniture Fabrics, Bed, Bath & Living",""
"Dash & Miller Ltd","www.dashandmiller.com","info@dashandmiller.com","+44 20 3002 0553","Great Britain and Northern Ireland","Bristol","BS2 0LF","Top Floor 1A Barton Road","4.2","Decorative & Furniture Fabrics","Decorative fabrics | Furniture fabrics","0","dash--miller-ltd","skip","Decorative & Furniture Fabrics",""
"Davis Fabrics Sp. z o.o.","www.davis.pl","biuro@davis.pl","","Poland","Bielsko-Biala","43-346","Ul. Milosna 37","3.1","","","0","davis-fabrics-sp-z-oo","skip","no category booked",""
"Dawood Exports (Pvt) Ltd.","www.dawoodtex.com","info@dawoodtex.com","+92 41 8812346","Pakistan","Faisalabad","38000","7-Km, Sargodha Road","8.0","","","0","dawood-exports-pvt-ltd","skip","no category booked",""
"DBS Lifestyle India Private Limited","www.dbslifestyle.com","divya@dbstd.com","+91 120 244 3932","India","New Delhi","110057","A-161, Third Floor Friends Colony South","4.2","Textile Design","Design studio","0","dbs-lifestyle-india-private-limited","skip","Textile Design: sells designs to manufacturers, not products to shoppers",""
"D'decor Exports Private Limited","www.ddecor.com","mukulm@ddecor.com","+91 22 6615 2525","India","Mumbai","400093","S-14, 5th Floor, Unit No. 1452, Solitaire Corporate Park","3.1","Window & Interior Decoration","Curtains","5","ddecor-exports-private-limited","skip","Window & Interior Decoration",""
"Ddecor Home Fabrics Pvt. Ltd.","www.ddecor.com","exhibitions@ddecor.com","+91 22 6678 2000","India","Mumbai","400093","167 Guru Hargovindji Marg 6th Floor, S14 Solitaire Corporate Park Chakala, Andheri East","3.1","Window & Interior Decoration | Decorative & Furniture Fabrics","Curtains | Furniture fabrics","5","ddecor-home-fabrics-pvt-ltd","skip","Window & Interior Decoration, Decorative & Furniture Fabrics",""
"Debonair Padding And Quilting Solution Ltd.","www.debonairgroupbd.com","info@bttlmea.com.bd","","Bangladesh","Mymensingh","2240","Chatanpara, Paragoan, 10 No. Hobirbari Union","8.0","","","0","debonair-padding-and-quilting-solution-ltd","skip","no category booked",""
"Decent Textiles","www.decenttextile.com","tanzeela@decenttextile.com","+92 41 8532610","Pakistan","Faisalabad","38000","P-1271/A, West Canal Road, Abdullahpur","8.0","Bed, Bath & Living","Bed linen | Terry goods and towelling","5","decent-textiles","skip","Bed, Bath & Living",""
"Deco Center Srl","www.mendolafabrics.ro","ioan.pintea@decocenter.ro","","Romania","Cluj","407513","Com. Savadisla, Sat Vlaha 22","3.0","Window & Interior Decoration","Curtains","5","deco-center-srl","skip","Window & Interior Decoration",""
"Decofloor India","www.decofloorindia.com","sales@decofloorindia.com","+91 98120 53004","India","Panipat","132103","Plot No. 237, Sector 29, Part-1, Huda","11.0","Bed, Bath & Living","Bath mats | Decorative cushions","5","decofloor-india","skip","Bed, Bath & Living",""
"Decoloop","www.decoloop.com","info@decoloop.com","+31 88 126 7000","Netherlands","Steenwijk","8331 CV","Meppelerweg 95","3.0","Textile Technology | Services & Software","Retail technology | Software solutions","5","sieval-automatisering-bv-sieval-dedicated-solutions","skip","Textile Technology, Services & Software",""
"Decoprint N.V.","www.decoprintwallcoverings.com","geraldine.debruyne@deco-print.be","+32 52 44 78 11","Belgium","Zele","9240","Dommekensstraat 2","3.0","Wall Decoration","Wallpapers","0","decoprint-nv","take","Wall Decoration","wallpaper"
"DE Envision","","tyou@deenvision.com","+1 646-818-9991","United States","High Point North Carolina","27260","201 E. Green Dr G262 IHFC","4.1","Window & Interior Decoration | Decorative & Furniture Fabrics","Curtains | Furniture fabrics","4","de-envision","skip","Window & Interior Decoration, Decorative & Furniture Fabrics",""
"Deepak Textiles, a Division of Deepak Traders","www.deepaktraders.com","info@deepaktraders.com","+91 22 2888 2608","India","Mumbai","400064","Ram Chandra Lane Extension 203/207 Gemstar Commercial Complex Kach Pada, Malad West","8.0","Bed, Bath & Living","Bed linen | Terry goods and towelling","5","deepak-textiles-a-division-of-deepak-traders","skip","Bed, Bath & Living",""
"DEKOMA Sp. z o.o.","www.dekoma.eu","office@dekoma.eu","+48 61 817 31 44","Poland","Swarzedz, Zalasewo","62-020","Pszczelna 3","3.0","Window & Interior Decoration | Decorative & Furniture Fabrics","Curtains | Furniture fabrics","5","dekoma-sp-z-oo","skip","Window & Interior Decoration, Decorative & Furniture Fabrics",""
"Delin Tex","www.delintex.com.pk","info@delintex.com.pk","+92 41 8563787","Pakistan","Faisalabad","38000","Chak No 209 RB, stop 9-km Jaranwala Road","8.0","","","5","delin-tex","skip","no category booked",""
"Demsan Denizli Mensucat San. ve Tic. A.S.","www.demsantextile.com","cuneytd@demsantextile.com","+90 258 385 70 28","Türkiye","Denizli","20016","Cumhuriyet Cad. 105 Sok. No: 12","5.1","Bed, Bath & Living","Terry goods and towelling","5","demsan-denizli-mensucat-san-ve-tic-as","skip","Bed, Bath & Living",""
"Denizli Exporters Association","www.denib.gov.tr","urge@denib.gov.tr","+90 258 274 66 88","Türkiye","Pamukkale/Denizli","20170","Akhan Mah. 246 Sok. No: 8 P.K. 402","5.1","Bed, Bath & Living","Terry goods and towelling","5","denizli-exporters-association","skip","Bed, Bath & Living",""
"Denizli Ozer Tekstil Sanayi ve Ticaret Anonim Sirketi","www.ozertekstil.com","info@ozertekstil.com","+90 258 371 10 44","Türkiye","Denizli","20020","Akcesme Mah. Bozburun Cad. No: 32/a, Merkezefendi","5.0","Bed, Bath & Living","Table, kitchen linen and foils | Terry goods and towelling","5","denizli-ozer-tekstil-sanayi-ve-ticaret-anonim-sirketi","skip","Bed, Bath & Living",""
"Dersiyon Tekstil Sanayi Ve Ticaret Ltd. Sti","www.dersiyon.com.tr","info@dersiyon.com.tr","+90 224 243 75 80","Türkiye","Nilufer, Bursa","16215","Fethiye OSB Mah.Turkuaz Cad. No: 19","4.1","Window & Interior Decoration | Decorative & Furniture Fabrics","Curtains | Technical textiles for the contract business","5","dersiyon-tekstil-sanayi-ve-ticaret-ltd-sti","skip","Window & Interior Decoration, Decorative & Furniture Fabrics",""
"Designed by INGK","www.ingk.nl","wilco@ingk.nl","+31 318 552 122","Netherlands","Veenendaal","3905 LJ","Nieuweweg 129","4.2","Textile Design","Design studio | Style bureau","0","vof-bureau-ingrid","skip","Textile Design: sells designs to manufacturers, not products to shoppers",""
"Designers FREE.Inc.","www.d-free.jp/","free@d-free.jp","+81 6-6374-3360","Japan","Osaka","531-0073","OST Bldg. 6F, 2-17-11 Honjo-nishi Kita-ku","4.2","Textile Design","Design studio","0","designers-freeinc","skip","Textile Design: sells designs to manufacturers, not products to shoppers",""
"Design Tex Ltd.","www.ashbystudios.com","office@ashbystudios.com","+44 1924 488881","Great Britain and Northern Ireland","Dewsbury","WF13 2LQ","1 Aspen Grove","4.2","","","0","design-tex-ltd","skip","no category booked",""
"DESIGN TEX","www.designtex.co.in","sarthak@designtex.co.in","+91 95557 00002","India","Panipat","132103","Plot No. 329, Sector 29, Part II, Huda","8.0","Bed, Bath & Living | Carpets & Rugs","Bath mats | Fitted Carpets","5","design-tex","review","rug export house, confirm it sells to end buyers and not only to importers","rugs"
"Devan Chemicals NV","www.devan.net","info@devan-be.com","+32 55 23 01 10","Belgium","Ronse","9600","Klein Frankrijkstraat 8","4.0","Fibres and Yarns, Textile Materials, Finishing | Functional features","Functional features Smart Bedding | Textile finishing","5","devan-chemicals-nv","skip","Fibres and Yarns, Textile Materials, Finishing, Functional features",""
"Shijiazhuang Deyuan Textile Co., Ltd.","www.hbdeyuan.en.alibaba.com","kevin@deyuan666.com","+86 151 6882 2359","China","Shijiazhuang Hebei","050000","Room 1608, 16/F., Block D, Zhongye Centre, Yuhua","8.0","Bed, Bath & Living","Bathroom curtains | Table, kitchen linen and foils","5","shijiazhuang-deyuan-textile-co-ltd","skip","Bed, Bath & Living",""
"DHINGRA EXPORTS","www.dhingraexport.in","info@dhingraexport.in","+91 97289 00036","India","Panipat","132103","E-37 Old Industrial Area, Behind Hali Park","8.0","Bed, Bath & Living | Carpets & Rugs","Blankets | Fitted Carpets","5","dhingra-exports","review","rug export house, confirm it sells to end buyers and not only to importers","rugs"
"Diamond Export Industries (Pvt.) Ltd.","www.diamondfabrics.com","amerexport@diamondexportind.com","","Pakistan","Faisalabad","38000","2.5 KM Jaranwala Road, Khurrianwala","8.0","","","5","diamond-export-industries-pvt-ltd","skip","no category booked",""
"Diane Harrison SL","","tristan@dianeharrison.co.uk","","Spain","Benissa","03720","Avenida del Mediterrania 105","4.2","Textile Design","Design studio","0","diane-harrison-sl","skip","Textile Design: sells designs to manufacturers, not products to shoppers",""
"Dicitex Furnishings Pvt. Ltd.","www.dctex.com","priya@dctex.com","+91 22 4081 2222","India","Mumbai","400064","M Building, above D Mart, Malad Link B/301, 3rd Floor, B Wing, Palm Court Complex Road, Malad (West)","3.1","","","5","dicitex-furnishings-pvt-ltd","skip","no category booked",""
"DILZA AEE","www.dilzas.gr","sales@dilzas.gr","+30 231 068 5900","Greece","Kalamaria","551 34","Kifisias 52","3.0","Window & Interior Decoration | Decorative & Furniture Fabrics","Curtains | Furniture fabrics","0","dilza-aee","skip","Window & Interior Decoration, Decorative & Furniture Fabrics",""
"DIN Textile Mills Ltd.","","","","Pakistan","Karachi","74000","Lalazar Area, M.T. Khan Road Din House No. 35-A/1","8.0","Bed, Bath & Living","Bed linen | Terry goods and towelling","0","din-textile-mills-ltd","skip","Bed, Bath & Living",""
"Disegni & C. Snc Di Ponti Giuseppe E Soci","","info@disegniandco.it","+39 031 243269","Italy","Como","22100","Via Zezio 45","4.2","Textile Design","Design studio","0","disegni--c-snc-di-ponti-giuseppe-e-soci","skip","Textile Design: sells designs to manufacturers, not products to shoppers",""
"DITEX SM OOD","ditexsm.com","mira.ivanova@ditexbg.com","+359 89 783 0196","Bulgaria","Vratza","3000","10 Ilinden Street","4.0","Smart Bedding | Bed, Bath & Living","Duvets and pillows | Products in the outdoor area","4","ditex-sm-ood","skip","Smart Bedding, Bed, Bath & Living",""
"Divya Textiles (A Division of Divya Global Pvt. Ltd.)","www.divyatex.com","info@divyatex.com","+91 22 2494 1144","India","Mumbai, Maharashtra","400013","Kadam Marg, Lower Parel West 204 A to Z Industrial Estate","8.0","Smart Bedding | Bed, Bath & Living","Bed linen | Duvets and pillows","5","divya-textiles-a-division-of-divya-global-pvt-ltd","skip","Smart Bedding, Bed, Bath & Living",""
"DLS Traders","www.dlstraders.in","marketing@dlstraders.in","","India","Salem, Tamil Nadu","636015","Kalarampatty, Erumapalayam 5/5 & 5/6, Krishnammal Nagar 3rd Cross","8.0","Bed, Bath & Living","Bed linen | Table, kitchen linen and foils","5","dls-traders","skip","Bed, Bath & Living",""
"DM Industrial Pte. Ltd.","","elle.lee@dm-home.co","+65 8282 9712","Singapore","Singapore","588179","170 Upper Bukit Timah Road 05-17","3.1","","","0","dm-industrial-pte-ltd","skip","no category booked",""
"DNS Tekstil San ve Tic Ltd. Sti","","","","Türkiye","Merkezefendi/Denizli","20100","Akcesme Mahallesi 2606 Sokak No: 10","5.0","","","0","dns-tekstil-san-ve-tic-ltd-sti","skip","no category booked",""
"Dolphin Rubber Industries","www.dolphinrubbermat.com","renju@dolphinrubbermat.com","+91 80866 88803","India","Kottayam","686012","Poovanthuruthu P.O. 21 Dolphin Rubber Industries","12.1","","","0","dolphin-rubber-industries","skip","no category booked",""
"Domingos de Sousa & Filhos SA","www.domingossousa.pt","fatimasousa@domingossousa.pt","+351 253 480 030","Portugal","Gandarerla","4835-586","Rua da Igreja Nova 632 Braga","5.0","Bed, Bath & Living","Terry goods and towelling","5","domingos-de-sousa--filhos-sa","skip","Bed, Bath & Living",""
"DOMITEKA UAB","","info@domiteka.lt","+370 662 21161","Lithuania","Silagalys","36258","Durpyno 29","4.0","Smart Bedding","Duvets and pillows | Mattress protectors and pads","0","domiteka-uab","skip","Smart Bedding",""
"Donato Martinelli & C. S.n.c.","www.donatomartinelli.com","info@donatomartinelli.com","+39 035 732432","Italy","Leffe","24026","Via Tonale 55","4.0","Smart Bedding","Duvets and pillows","5","donato-martinelli--c-snc","skip","Smart Bedding",""
"Dongyang Mfg Co., Ltd","","","","Korea, the Republic of (South)","Changwon-Si","51614","47 Namui-Ro 26beon-Gil Jinhae-Gu","4.1","","","0","dongyang-mfg-co-ltd","skip","no category booked",""
"Donmez Dokuma ve Konfeksiyon San. ve Tic. Ltd. Sti.","www.buldans.com.tr","buldans@buldans.com.tr","+90 258 431 40 96","Türkiye","Buldan/Denizli","20400","Cumhuriyet Mah Sanayi Cad. No: 146","5.1","","","1","donmez-dokuma-ve-konfeksiyon-san-ve-tic-ltd-sti","skip","no category booked",""
"dormiente GmbH","www.dormiente.com","info@dormiente.com","+49 641 962130","Germany","Heuchelheim a. d. Lahn","35452","Dormiente Platz Auf dem Langen Furt 14-16","4.0","Smart Bedding","Bedsteads, bed slats, bedding systems | Mattresses","5","dormiente-gmbh","skip","Smart Bedding",""
"Dost Tekstil Konfeksiyon Sanayi ve Ticaret A.S.","www.dosttextiles.com.tr","dost@dosttextiles.com.tr","+90 258 269 11 27","Türkiye","Denizli","20330","Organize San. Bölgesi, 1. Kisim Bayram Sit Caddesi No: 04","5.1","Decorative & Furniture Fabrics | Bed, Bath & Living","Fabrics for bed linen | Terry goods and towelling","5","dost-tekstil-konfeksiyon-sanayi-ve-ticaret-as","skip","Decorative & Furniture Fabrics, Bed, Bath & Living",""
"Shaoxing Dotex Textile Co., Ltd","www.dotextex.cn","dotexsimon@cndotex.com","","China","Shaoxing Zhejiang","312088","Room 222, Floor 2, The South Of Qisheng Road, Paojiang New Area","8.0","Smart Bedding | Bed, Bath & Living","Bed linen | Duvets and pillows","5","shaoxing-dotex-textile-co-ltd","skip","Smart Bedding, Bed, Bath & Living",""
"Down Creators AD","www.downcreators.com","info@downcreators.com","+359 87 697 7700","Bulgaria","Radinovo","4202","Terres 210","4.0","Smart Bedding","Duvets and pillows | Fillings","4","down-creators-ad","skip","Smart Bedding",""
"Estudi Drapets, S.L.","www.drapets.com","administracion@drapets.com","+34 934 46 17 93","Spain","Badalona (Barcelona)","08911","Riera Matamoros 78-80 bajos","4.2","Textile Design","Design studio","0","estudi-drapets-sl","skip","Textile Design: sells designs to manufacturers, not products to shoppers",""
"Dream Collections","www.dreamcollections.net","rachin@dreamcollections.net","+91 98120 29977","India","Haryana","132103","E-9 Old Industrial Area Panipat","12.0","Bed, Bath & Living | Carpets & Rugs","Decorative cushions | Fitted Carpets","5","dream-collections","review","rug export house, confirm it sells to end buyers and not only to importers","rugs"
"Dream Home Carpets Pvt. Ltd.","www.dreamhomecarpets.com","ankur.gupta@dreamhomecarpets.com","","India","Karnal","132114","P.o. Kaimla, Tehsil Gh Village Alipur Khalsa, Khotpura Rd.","11.0","","","0","dream-home-carpets-pvt-ltd","skip","no category booked",""
"Dsant Living Private Limited","","deepak@dsantliving.com","+91 90344 00006","India","Panipat","132103","Tehsil Bhapoli Khasra No.23 Passina Kalan Road","12.0","","","2","dsant-living-pvt-ltd","skip","no category booked",""
"Duoo Studio SAS","https://www.duoostudio.com/","duoostudio@orange.fr","+33 6 62 78 49 22","France","Vincennes","94300","4 Allee Georges Pompidou","4.2","Textile Design","Design studio | Style bureau","0","duoo-studio-sas","skip","Textile Design: sells designs to manufacturers, not products to shoppers",""
"EADECO SDN. BHD.","https://eadeco.com/","sales@eadeco.com.my","+60 10-828 1623","Malaysia","Ipoh","31200","Plot 15, Kanthan Industrial Estate Persiaran Industri Kanthan 1 Kinta","9.0","","","5","eadeco-sdn-bhd","skip","no category booked",""
"Eastman Chemical B.V.","naia.eastman.com","xiaowen.yang@eastman.com","+31 10 240 2111","Netherlands","Rotterdam","3067 GG","Watermanweg 70","4.0","","","3","eastman-chemical-bv","skip","no category booked",""
"EAT GmbH 'The DesignScope Company'","www.designscopecompany.com","","+49 2151 479140","Germany","Krefeld","47799","Jungfernweg 40","4.2","Textile Technology","Software solutions","5","eat-gmbh-the-designscope-company","skip","Textile Technology",""
"Edelvika PJSC","edelvika.com","olga.kasian@edelvika.com","+380 50 378 1262","Ukraine","Lutsk","43023","Promyslova 1/6","4.2","Decorative & Furniture Fabrics | Bed, Bath & Living","Decorative fabrics | Table, kitchen linen and foils","5","edelvika-pjsc","skip","Decorative & Furniture Fabrics, Bed, Bath & Living",""
"Edmund Bell & Co. Ltd.","www.edmundbell.com","marketing@edmundbell.com","+44 1706 717070","Great Britain and Northern Ireland","Rochdale","OL16 4NG","John Boyd Dunlop Drive Unit E1A, Kingsway Business Park","4.1","Window & Interior Decoration | Decorative & Furniture Fabrics | Functional features","Antimicrobial | Climate-regulating | Curtains | Decorative fabrics | Flame-retardant | Furniture fabrics | Lightfast | Recyclability | Sound absorbing | Stain-resistant | Technical textiles for the contract business","5","edmund-bell--co-ltd","skip","Window & Interior Decoration, Decorative & Furniture Fabrics, Functional features",""
"Egem Tekstil Konfeksiyon Sanayi Ve Ticaret Limited Sirketi","www.egemtekstil.com.tr","arif@egemtekstil.com","","Türkiye","Denizli","20100","Bozburun Mah. İzmir Asfaltı, Bozburun, 7045. Sk. No: 26","5.0","Bed, Bath & Living","Terry goods and towelling","0","egem-tekstil-konfeksiyon-sanayi-ve-ticaret-limited-sirketi","skip","Bed, Bath & Living",""
"Egger Textiles B.V.","www.eggertextiles.nl","m.doek@eggertextiles.nl","+31 6 53623031","Netherlands","Klazienaveen","7891 GV","Industriestraat 19","3.0","Window & Interior Decoration | Decorative & Furniture Fabrics","Curtains | Decorative fabrics","5","egger-textiles-bv","skip","Window & Interior Decoration, Decorative & Furniture Fabrics",""
"EECA - Egypt Expo and Convention Authority (EECA)","www.eeca.gov.eg","h.textileeca@eeca.gov.eg","","Egypt","Cairo","19019","Centre El Nasr Road, Nasr City Cairo International Convention","4.2","","","0","eeca---egypt-expo-and-convention-authority-eeca","skip","no category booked",""
"Egyptian Fibers Company - EFCO","www.efcocarpets.com","exporta@efcocarpet.com","+20 100 006 7585","Egypt","10th of Ramadan City","188","Othman Moharram Street, Industrial Zone Beside Dr. Greiche Company EFCP Building","3.1","","","4","egyptian-fibers-company---efco","skip","no category booked",""
"Egyptian Italian Company for Home Textiles and Towels","www.eigtex.com","","+20 40 2885658","Egypt","El-Mahalla El-Kubra","11223","9 KM Mahalla-Mansoura Road","5.0","","","5","egyptian-italian-company-for-home-textiles-and-towels","skip","no category booked",""
"Egypt Nile Home Textile Co. Ltd.","","","","Egypt","Ismailia","","Suez Canal Economi Ismaili Province, West Contara, D10 Plot","12.0","Bed, Bath & Living","Blankets | Decorative cushions","4","egypt-nile-home-textile-co-ltd","skip","Bed, Bath & Living",""
"Egytex.Co El Sedafy","www.sedafy.com","info@sedafy.com","+20 40 2441464","Egypt","El Mahalla, El Kobra, Gharbia","31952","Mohamed Zaki Street, Industrial Area","4.2","","","0","egytexco-el-sedafy","skip","no category booked",""
"Qingdao Eifong Home Textiles Co., Ltd.","","wen@yatex.com","+86 138 0899 6758","China","Qingdao Shandong","266071","Room 801, 16th Floor, Fulin Mansion, No. 87 Fuzhou Nan Road, Shinan District","8.0","","","5","qingdao-eifong-home-textiles-co-ltd","skip","no category booked",""
"Ekart Teks. San ve Tic. A.S.","www.ekarttextile.com","info@ekarttextile.com","+90 224 261 21 92","Türkiye","Osmangazi/Bursa","16110","Demirtas Organize Sanayi Bölgesi Fulya Sok. No: 12","4.1","","","0","ekart-teks-san-ve-tic-as","skip","no category booked",""
"M.G.Ekkelboom B.V.","https://www.ekkelboom.nl","info@ekkelboom.nl","+31 74 266 1731","Netherlands","Borne","7621 GM","Burenweg 54","5.1","","","4","mgekkelboom-bv","skip","no category booked",""
"Elastron Portugal SA","www.elastrongroup.com","marioabreu@elastrongroup.com","+351 22 762 4043","Portugal","Frazao Pacos de Ferreira","4595-144","A2 Rua Recta de Gomil, 354, Armazém","3.1","Decorative & Furniture Fabrics","Furniture fabrics | Furniture leather","3","elastron-portugal-sa","skip","Decorative & Furniture Fabrics",""
"ElGhannam for Weaving, Terry & Spinning Trade CO","www.elghannamcompany.com","elghannamcompany@yahoo.com","+212 20402222788","Egypt","El Mahalla El Kubra","31951","Mansoura road ElMahallah Elkubra 29,31","4.2","Bed, Bath & Living","Terry goods and towelling","5","el-ghannam-for-weaving-terry--spinning-trade-co","skip","Bed, Bath & Living",""
"M/S Elite Home Decor","","avanish@elitehomedecor.co.in","+91 98991 71694","India","Gautam Budh Nagar","201301","B - 94 Sector - 67","12.0","","","4","ms-elite-home-decor","skip","no category booked",""
"El-Sharkawy Co. for Modern Textile","www.shebltex.com","shebl@shebltex.com","+20 100 000 9977","Egypt","Gharbia","31952","Mahalla Kafr El Sheikh Road, El","5.0","","","0","el-sharkawy-co-for-modern-textile","skip","no category booked",""
"Elvin Tekstil Sanayi Ve Ticaret Anonim Sirketi","www.elvin.com.tr","info@elvinfabrics.com","+90 224 482 26 70","Türkiye","Bursa","16235","Cali Mah. 43. Sk No: 6","4.1","Window & Interior Decoration | Decorative & Furniture Fabrics","Curtains | Decorative fabrics","5","elvin-tekstil-sanayi-ve-ticaret-anonim-sirketi","skip","Window & Interior Decoration, Decorative & Furniture Fabrics",""
"Emerson and Renwick Ltd.","www.eandr.com","sales@eandr.com","+44 1254 872727","Great Britain and Northern Ireland","Church, Accrington","BB5 4EF","Peel Bank Works","3.0","Textile Technology","Digital print technology","0","emerson-and-renwick-ltd","skip","Textile Technology",""
"Emir Tekstil San. Tic. A.S.","www.emirtextile.com","ozlem@emirtextile.com","+90 258 251 71 41","Türkiye","Honaz, Denizli","20020","Eskihisar Mah. Emir Tekstil Sitesi Sokak No: 5 45","5.0","Decorative & Furniture Fabrics | Bed, Bath & Living","Fabrics for bed linen | Terry goods and towelling","5","emir-tekstil-san-tic-as","skip","Decorative & Furniture Fabrics, Bed, Bath & Living",""
"Emma Hagman Design","www.emmahagmandesign.com","hello@emmahagmandesign.com","","Finland","Porvoo","06100","c/o Lilith Osk, Mannerheiminkatu 20 B 104","4.2","Textile Design","Design studio","0","lilith-osk","skip","Textile Design: sells designs to manufacturers, not products to shoppers",""
"Empresa Industrial Sampedro S.A.","www.sampedro.pt","sampedro@sampedro.pt","+351 252 820 800","Portugal","Lordelo, Guimaraes","4815-176","Lugar de Azenha de Baixo 227","5.0","Smart Bedding | Bed, Bath & Living","Duvets and pillows | Table, kitchen linen and foils","0","empresa-industrial-sampedro-sa","skip","Smart Bedding, Bed, Bath & Living",""
"Ender Tekstil San. ve Tic. Ltd. Sti.","www.endertekstil.com","info@endertekstil.com","","Türkiye","Denizli","20170","Pinarkent Mah. Cafer Sadik Abalioglu Blv. No:33","5.0","","","0","ender-tekstil-san-ve-tic-ltd-sti","skip","no category booked",""
"Enkev B.V.","www.enkev.com","office@enkev.com","+31 299 364 355","Netherlands","Volendam","1131 PB","De Toek 2","4.0","Smart Bedding | Functional features","Climate-regulating | Fillings","5","enkev-bv","skip","Smart Bedding, Functional features",""
"Epengle Tekstil Endustri Ve Ticaret Anonim Sirketi","www.epengle.com.tr","epengle@epengle.com.tr","","Türkiye","Istanbul","34010","Maltepe Mahallesi No: 4","4.1","Window & Interior Decoration | Decorative & Furniture Fabrics","Curtains | Furniture fabrics","3","epengle-tekstil-endustri-ve-ticaret-anonim-sirketi","skip","Window & Interior Decoration, Decorative & Furniture Fabrics",""
"Erenis Seteks Tekstil San. Tic. Ltd. Sti.","www.erenis.com.tr","info@erenis.com.tr","+90 224 411 08 44","Türkiye","Bursa","16016","Minareli Cavus OSB Mah Ihlamur Cad. 14","4.1","Decorative & Furniture Fabrics","Decorative fabrics | Furniture fabrics","0","erenis-seteks-tekstil-san-tic-ltd-sti","skip","Decorative & Furniture Fabrics",""
"erfal GmbH & Co. KG","www.erfal.de","info@erfal.de","+49 3745 7500","Germany","Falkenstein","08223","Gewerbering 8","3.0","Window & Interior Decoration","Indoor sun-protection systems (panel tracks, blinds)","5","erfal-gmbh--co-kg","skip","Window & Interior Decoration",""
"Erfurt & Sohn KG","www.erfurt.com","info@erfurt.com","+49 202 61100","Germany","Wuppertal","42399","Hugo-Erfurt-Str. 1","3.0","Wall Decoration","Wallpapers","3","erfurt--sohn-kg","already live","already sourced in wave 2 or Salone","wallpaper"
"Erismann & Cie. GmbH","www.erismann.de","info@erismann.de","+49 7667 9090","Germany","Breisach am Rhein","79206","Hafenstr. 19","3.0","","","0","erismann--cie-gmbh","skip","no category booked",""
"Erteks Kadife Tekstil San. ve Tic. Ltd. Sti.","www.erteks.com.tr","welcome@ertekstekstil.com","+90 258 269 16 23","Türkiye","Denizli","20065","Organize Sanayi Bölgesi, Yasar Öncan Caddesi 2. Kisim 2","5.1","Bed, Bath & Living","Terry goods and towelling","2","erteks-kadife-tekstil-san-ve-tic-ltd-sti","skip","Bed, Bath & Living",""
"ES Automatex Solution AB","www.automatex.com","inger.johansson@esautomatex.com","+46 70 523 12 56","Sweden","Boras","506 49","Kompassgatan 5 E","4.0","Window & Interior Decoration | Smart Bedding","Curtains | Duvets and pillows","0","es-automatex-solution-ab","skip","Window & Interior Decoration, Smart Bedding",""
"A. Essak & Sons Home Textiles","www.aestextiles.com","info@aestextiles.com","+92 21 36412228","Pakistan","Karachi","75850","Scheme-33, Phase I D-3, S.I.T.E. Super Highway","8.0","Bed, Bath & Living","Bed linen | Terry goods and towelling","5","a-essak--sons-home-textiles","skip","Bed, Bath & Living",""
"Ess Arr Exports Pvt. Limited","www.essarr.com.pk","omer@essarr.com.pk","+92 335 8666693","Pakistan","Faisalabad","38000","Small Industrial Estate, Sargodha Road","8.0","Decorative & Furniture Fabrics | Bed, Bath & Living","Bed linen | Fabrics for bed linen","4","ess-arr-exports-pvt-limited","skip","Decorative & Furniture Fabrics, Bed, Bath & Living",""
"Essatex Industries","www.essatex.com","ary@essatex.com","+92 300 8297273","Pakistan","Karachi","75700","C 13 Site Area","8.0","Window & Interior Decoration | Bed, Bath & Living","Bed linen | Curtains","5","essatex-industries","skip","Window & Interior Decoration, Bed, Bath & Living",""
"Essco International","www.esscointernational.com","info@esscointernational.com","+91 99929 29094","India","Panipat","132103","O/41, Industrial Area","12.0","Bed, Bath & Living","Bath mats | Blankets","5","essco-international","skip","Bed, Bath & Living",""
"Esselle Retail Limited","","","","Great Britain and Northern Ireland","Rossendale","BB4 7LY","The Old Town Hall, Spinning Point Bacup Road Rawtenstall","3.0","Wall Decoration | Window & Interior Decoration","Curtains | Wallpapers","5","esselle-retail-limited","take","Wall Decoration","wallpaper"
"Essenza Home GmbH & Co. KG","www.essenzahome.de","r.krabbe@essenzahome.de","+49 2861 811640","Germany","Borken","46325","Landwehr 25","5.1","","","4","essenza-home-gmbh--co-kg","skip","no category booked",""
"Jiangsu Etex Textile Corp","www.e-tex.com.cn","yang@e-tex.com.cn","+86 523 8485 9688","China","Taizhou Jiangsu","214500","No. 201 Jijiang Road, Jingjiang","8.0","Bed, Bath & Living","Terry goods and towelling","5","jiangsu-etex-textile-corp","skip","Bed, Bath & Living",""
"Euro-Tapis b.v.","www.eurotapis.com","info@eurotapis.be","","Belgium","Waregem","8791","Courtensstraat 1","3.1","Carpets & Rugs","Fitted Carpets","5","nv-euro-tapis","take","Carpets & Rugs","rugs"
"Eurotessuti S.r.l.","www.eurotessuti.com","info@eurotessuti.com","+39 0375 790281","Italy","Viadana","46019","Via Pilastro 6","3.1","Decorative & Furniture Fabrics","Furniture fabrics | Technical textiles for the contract business","4","eurotessuti-srl","skip","Decorative & Furniture Fabrics",""
"Evimteks Tekstil Ins. Tur. San. ve Tic. A.S.","www.evimteks.com.tr","","+90 224 261 13 87","Türkiye","Bursa","16245","Demirtas Dumlupinarosb Mahallesi No: 4","4.1","Window & Interior Decoration | Decorative & Furniture Fabrics","Curtains | Outdoor fabrics","3","evimteks-tekstil-ins-tur-san-ve-tic-as","skip","Window & Interior Decoration, Decorative & Furniture Fabrics",""
"Evliyaoglu Tekstil Anonim Sirketi","www.evliyaoglutekstil.com","info@evliyaoglutekstil.com","+90 258 269 14 50","Türkiye","Honaz, Denizli","20330","Denizli OSB Mah. Cafer Sadik Abalioglu Bul. No: 14","5.1","Bed, Bath & Living","Bath mats | Terry goods and towelling","5","evliyaoglu-tekstil-anonim-sirketi","skip","Bed, Bath & Living",""
"EVT Industrial Limited","www.evttextile.co.uk","info@evttextile.co.uk","+852 3174 6298","Hong Kong","Tsuen Wan, N.T.","999077","Room 40B, Blk AD, 19/F., Golden Bear Ind. Ctr., 66-82 Chai Wan Kok St.","8.0","Smart Bedding","Duvets and pillows | Mattresses","0","evt-industrial-limited","skip","Smart Bedding",""
"Exmart International Pvt. Ltd.","www.exmartinternational.com","rajeshjain953@gmail.com","+91 98100 69325","India","Noida","201310","D-21 & 22 Epip, Kasna Gautam Budh Nagar","12.0","Carpets & Rugs","Fitted Carpets","4","exmart-international-pvt-ltd","review","rug export house, confirm it sells to end buyers and not only to importers","rugs"
"Extraweave Pvt Ltd","extraweave.com","gmmarketing@extraweave.com","+91 94460 94233","India","Chertala, Allapuzha","688524","1/264 B, Saktheeswaram Jn","3.1","","","0","extraweave-pvt-ltd","skip","no category booked",""
"Fabb sp. z o. o.","www.fabb.pl","fabb@fabb.pl","+48 33 471 11 74","Poland","Bielsko-Biala","43-300","ul. Komorowicka 39-41","3.1","Decorative & Furniture Fabrics","Furniture fabrics | Outdoor fabrics","5","fabb-sp-z-o-o","skip","Decorative & Furniture Fabrics",""
"FAB LIVING","","info@fabliving.co.in","+91 98292 36811","India","Panipat","132103","Dewana Road, Sewha Adjoining Radha Swami Satsang Hall","12.0","Smart Bedding | Carpets & Rugs","Duvets and pillows | Fitted Carpets","4","fab-living","review","rug export house, confirm it sells to end buyers and not only to importers","rugs"
"Fábrica de Tecidos do Carvalho, Lda.","www.ftcarvalho.com","ftcarvalho@ftcarvalho.com","","Portugal","Lordelo GMR","4815-135","Estrada Nacional 105, 991","5.1","Bed, Bath & Living","Terry goods and towelling","4","fbrica-de-tecidos-do-carvalho-lda","skip","Bed, Bath & Living",""
"Fachhandelsring GmbH","www.fhr-verbund.de","info@fhr-verbund.de","+49 6344 95330","Germany","Harthausen","67376","Am Pfaffensee 4","3.0","Services & Software | Associations, institutes, publishers","Associations | Services","1","fachhandelsring-gmbh","skip","Services & Software, Associations, institutes, publishers",""
"Fachverband Matratzen-Industrie e.V.","www.matratzenverband.de","info@matratzenverband.de","+49 202 75970","Germany","Wuppertal","42109","Hans-Böckler-Str. 205","4.0","Smart Bedding","Bedsteads, bed slats, bedding systems | Mattresses","0","fachverband-matratzen-industrie-ev","skip","Smart Bedding",""
"Faisal Mustafa Textile Mills (Pvt) Ltd.","www.faisalmustafa.com","amir667786@gmail.com","+92 300 8667786","Pakistan","","","","8.0","Decorative & Furniture Fabrics","Fabrics for bed linen","5","faisal-mustafa-textile-mills-pvt-ltd","skip","Decorative & Furniture Fabrics",""
"Faisal Spinning Mills Ltd. Dyeing, Processing and Home Textiles","faisal@umergroup.com","faisal@umergroup.com","+92 300 8450231","Pakistan","Lahore","54660","9th Floor, City Towers 6k","9.0","","","0","faisal-spinning-mills-ltd--dyeing-processing-and-home-textiles","skip","no category booked",""
"Falcon Textiles","www.falcontextiles.com.pk","m.sumair@falcontextiles.com.pk","+92 325 9442122","Pakistan","Karachi","74000","A-29/a Manghopir Road, SITE Karachi","8.0","Decorative & Furniture Fabrics","Decorative fabrics | Fabrics for bed linen","4","falcon-textiles","skip","Decorative & Furniture Fabrics",""
"Famous Textile Industries","www.famoustextile.pk","info@famoustextile.pk","","Pakistan","Faisalabad","38000","Chak No 73 J.b Jhapal, Jhang Road","8.0","Smart Bedding | Bed, Bath & Living","Bed linen | Mattress protectors and pads","5","famous-textile-industries","skip","Smart Bedding, Bed, Bath & Living",""
"f.a.n. Frankenstolz Schlafkomfort H. Neumeyer GmbH & Co. KG","www.frankenstolz.de","christine.fleckenstein@frankenstolz.de","+49 6021 7080","Germany","Mainaschaff","63814","Industriestr. 1-3","4.0","Smart Bedding","Duvets and pillows | Mattresses","2","fan-frankenstolz-schlafkomfort-h-neumeyer-gmbh--co-kg","skip","Smart Bedding",""
"Fargotex Sp. z o .o.","www.fargotex.pl","fargotex@fargotex.pl","+48 86 218 53 90","Poland","Lomza","18-400","Al. Legionow 114 c","3.1","Decorative & Furniture Fabrics","Furniture fabrics | Outdoor fabrics","4","fargotex-sp-z-o-o","skip","Decorative & Furniture Fabrics",""
"Farrow & Ball","www.farrow-ball.com","b2b.marketing@farrow-ball.com","","Great Britain and Northern Ireland","Wimborne","BH21 7NL","Uddens Industrial Estate","3.0","Wall Decoration","Colours, varnish | Wallpapers","0","farrow--ball-ltd-deutschland","take","Wall Decoration","wallpaper"
"Faruk Tekstil Ticaret ve Sanayi Ltd. Sti","www.faruktekstil.com","info@faruktekstil.com","+90 212 520 19 77","Türkiye","Istanbul","34112","Hobyar Mah. Asirefendi Cad. No :17A","3.0","Window & Interior Decoration | Decorative & Furniture Fabrics","Curtains | Decorative fabrics","5","faruk-tekstil-ticaret-ve-sanayi-ltd-sti","skip","Window & Interior Decoration, Decorative & Furniture Fabrics",""
"Fashion Art International","www.fashionartinternational.com","info@fashionartinternational.com","+92 21 36366663","Pakistan","Karachi","74400","LA 3/1, Al Hadi Street, Block 22, F.B. Industrial Area","9.0","Bed, Bath & Living","Terry goods and towelling","5","fashion-art-international","skip","Bed, Bath & Living",""
"Fashion Knit Industries","www.fkind.com","info@fkind.com","+92 21 111 111 354","Pakistan","Karachi","75700","Plot # C-30 S.I.T.E. Avenue","8.0","Bed, Bath & Living","Bed linen","5","fashion-knit-industries","skip","Bed, Bath & Living",""
"Fast Group Iletisim Teknolojileri Sanayi Ticaret Limited Sirketi","","","","Türkiye","Istanbul","34394","Esentepe Mahallesi No: 12-13","4.1","","","0","fast-group-iletisim-teknolojileri-sanayi-ticaret-limited-sirketi","skip","no category booked",""
"Fatima Weaving Mills (Pvt) Ltd.","www.fatimaweavingmills.com","omer@fatimaweavingmills.com","+92 300 8269975","Pakistan","Karachi","75560","201, 131/1 2nd Floor Speedy Tower","9.0","","","0","fatima-weaving-mills-pvt-ltd","skip","no category booked",""
"Fazal Sardar Textile Mills","www.fazalsardar.com","farrukhriaz@fazalsardar.com","+92 321 8239326","Pakistan","Karachi","75500","F/27-1, Block 8, Clifton","8.0","","","0","fazal-sardar-textile-mills","skip","no category booked",""
"Faze Three Limited","www.fazethree.com","","","India","Mumbai","400021","Mittal Court 63/64, 6th Floor, Wing C","9.0","","","0","faze-three-limited","skip","no category booked",""
"F.B Industries","www.fbindustries.com","naveed@fbindustries.com","+92 332 3727190","Pakistan","Karachi","75600","Plot #4 & 5, Sector 12-D, North Karachi Industrial Area","8.0","Bed, Bath & Living","Terry goods and towelling","5","fb-industries","skip","Bed, Bath & Living",""
"Featherland Ltd","www.featherland.ltd","xu@featherland.ltd","+86 562 268 8800","China","Tongling City, Anhui","244000","No. 77 Huangshan Road, Eco/Tech Development Zone","8.0","Smart Bedding","Duvets and pillows | Fillings","5","featherland-ltd","skip","Smart Bedding",""
"Fedustria VZW","www.fedustria.be","","","Belgium","Bruxelles","1070","Allée Hof ter Vleest 5","3.1","","","0","fedustria-vzw","skip","no category booked",""
"Felpinter Industrias Texteis S.A.","www.felpinter.com","mail@felpinter.pt","+351 252 840 580","Portugal","S. Martinho do Campo","4796-906","Rua Julio Maria Martins da Costa 195","5.1","","","5","felpinter-industrias-texteis-sa","skip","no category booked",""
"FEM Exports","www.femexports.com","shoeb@femexports.com","","India","Mumbai","400102","Office No. 1, Level 1, Dewan Center","8.0","Bed, Bath & Living","Table, kitchen linen and foils | Terry goods and towelling","4","fem-exports","skip","Bed, Bath & Living",""
"Fernando Cerda Blanes e Hijos, S.A.","www.cerdafabrics.com","jose@cerdafabrics.com","+34 697 42 91 89","Spain","Banyeres de Mariola","03450","Avenida Ramon Y Cajal, 42 - Nav","4.1","Decorative & Furniture Fabrics","Furniture fabrics | Outdoor fabrics","5","fernando-cerda-blanes-e-hijos-sa","skip","Decorative & Furniture Fabrics",""
"Fernex Sdn. Bhd.","www.visco-pro.com.my","marketing@fernex.com.my","+60 3-8734 2700","Malaysia","Kajang, Selangor","43000","Off Jln Semenyih, Bkt Mewah Suite 3-18, 3rd Floor, Mkh Boulevard, Jalan Changkat","8.0","Smart Bedding","Duvets and pillows","5","fernex-sdn-bhd","skip","Smart Bedding",""
"Feroze1888 Mills Limited","www.feroze1888.com","fatima.aftab@feroze1888.com","+92 21 32567890","Pakistan","Karachi","74900","Plot Suite C-3 S.I.T.E.","9.0","","","5","feroze1888-mills-limited","skip","no category booked",""
"Festival Tekstil San. Ve Tic. Ltd. Sti","http://www.festivaltekstil.com","","+90 224 342 03 58","Türkiye","Bursa","16140","Minarelicavus Mah. Atalay Cad. 29/1","4.1","","","0","festival-tekstil-san-ve-tic-ltd-sti","skip","no category booked",""
"Fiber N Loom Private Limited","www.fibernloom.com","info@fibernloom.com","+91 91991 03339","India","Varanasi, Uttar Pradesh","221010","Po - Bhullanpur, Manduadih Gopal Bagh, Bhelupur Pac","12.0","Carpets & Rugs","Fitted Carpets","5","fiber-n-loom-private-limited","review","rug export house, confirm it sells to end buyers and not only to importers","rugs"
"Fiberpartner ApS","www.fiberpartner.com","sales@fiberpartner.com","+45 79 44 77 22","Denmark","Vejle","7100","Havnegade 23B","4.0","Fibres and Yarns, Textile Materials, Finishing","Fibres and yarns","5","fiberpartner-aps","skip","Fibres and Yarns, Textile Materials, Finishing",""
"Fiberpro Co.","","","","Taiwan","Kaohsiung City","831118","Daliao District 3F, No. 37, Fengping 1st Rd.","12.1","","","0","fiberpro-co","skip","no category booked",""
"Fibre World","","neena@fibreworldindia.com","+91 478 286 1287","India","Alleppey, Kerala","688012","P.B. No. 4643, Cullen Road","12.0","Carpets & Rugs","Door mats and clean-off systems | Fitted Carpets","5","fibre-world","review","rug export house, confirm it sells to end buyers and not only to importers","rugs"
"Finesse Deco Partners","www.finesseworld.com","jandecuyper@decopartners.com","+32 3 870 77 00","Belgium","Antwerpen","2610","Terbekehofdreef 75","4.2","Bed, Bath & Living","Table, kitchen linen and foils","5","finesse-deco-partners","skip","Bed, Bath & Living",""
"Fine Towels","www.finetowels.com","faizan@9netowels.co","+92 21 36962941","Pakistan","Karachi","7400","D-34 Phase-1 Site Super Highway","8.0","Bed, Bath & Living","Terry goods and towelling","4","fine-towels","skip","Bed, Bath & Living",""
"FINISH SA","www.tintfinish.com","tintfinish@tintfinish.com","+34 937 31 12 50","Spain","Terrassa","08228","Mercuri 11","4.1","","","0","finish-sa","skip","no category booked",""
"Flair Flooring Supplies International B.V.","","","","Netherlands","Amsterdam","1077 XV","Zuidplein 116","3.1","","","0","flair-flooring-supplies-international-bv","skip","no category booked",""
"Flemish Textiles Company Belgium BV","flemish-textiles-company.business.site","marnick@flemishtextilescompany.com","+32 478 56 61 18","Belgium","Kortrijk","8500","Lange Munteplein 7","3.1","","","0","flemish-textiles-company-belgium-bv","skip","no category booked",""
"Flocktex Industries Ltd.","www.flocktex.co.il","sales@flocktex.co.il","+972 8-858-2660","Israel","Kiryat Malachi","8305903","37 Haharoshet Street, Ind. Zone","3.1","Decorative & Furniture Fabrics","Artificial leather | Furniture fabrics","10","flocktex-industries-ltd","skip","Decorative & Furniture Fabrics",""
"Floor Arts","","flooraarts@gmail.com","","India","Bhadohi","221401","0, Kashipur, Daropur","12.0","Carpets & Rugs","Carpeting, flooring | Fitted Carpets","0","floor-arts","review","rug export house, confirm it sells to end buyers and not only to importers","rugs"
"Floor Decor","www.floordecor.in","rajmathew@floordecor.in","+91 94474 82664","India","Thoothukudi","628103","Theri Road 6/107w/1 Servaikaranmadam","12.0","Carpets & Rugs","Carpeting, flooring | Door mats and clean-off systems","5","floor-decor","review","rug export house, confirm it sells to end buyers and not only to importers","rugs"
"Floor Gardens","www.floorgardens.com","siby@floorgardens.com","","India","Alappuzha","688539","Door No. 10, Kanichukulangara, Mayithara P.o., Cherthala","12.0","","","5","floor-gardens","skip","no category booked",""
"Flora International","","varun.jain@spjgroup.in","+91 98120 35072","India","Panipat","132103","Plot-17, Sector-25, Part-2, Huda","12.0","Bed, Bath & Living | Carpets & Rugs","Bath mats | Fitted Carpets","5","flora-international","review","rug export house, confirm it sells to end buyers and not only to importers","rugs"
"FOA Global Home LLC","http://www.foaglobalhome.com/","foaglobal@yahoo.com","+84 28 3554 2575","Vietnam","Ho Chi Minh City","70000","Duan Street, District 1 Level 11, Deutsches Haus, 33 Le","12.0","Decorative & Furniture Fabrics","Decorative fabrics | Furniture fabrics","0","foa-global-home-llc","skip","Decorative & Furniture Fabrics",""
"Foot by Foot - Revestimentos Texteis, Lda.","www.tectex.pt","info@tectex.pt","+351 255 330 819","Portugal","Lagares, Felgueiras","4610-428","Rua do Pinheiro 388-390","4.0","Smart Bedding","Duvets and pillows | Mattress protectors and pads","5","foot-by-foot---revestimentos-texteis-lda","skip","Smart Bedding",""
"Forma International Limited","","josie1020@163.com","+86 135 6798 8627","Hong Kong","Kowloon","","Unit 2, LG 1, Mirror Tower 61 Mody Road Tsimshatsui","12.1","","","0","forma-international-limited","skip","no category booked",""
"FORMESSE GmbH & Co. KG","www.formesse.de","amena@formesse.de","+49 7654 911219","Germany","Löffingen","79843","Sägestr. 1","5.1","Smart Bedding | Bed, Bath & Living","Bed linen | Mattress protectors and pads","5","formesse-gmbh--co-kg","skip","Smart Bedding, Bed, Bath & Living",""
"Fotoba International Srl","www.fotoba.com","info@fotoba.com","+39 015 925344","Italy","Quaregna Cerreto","13854","Via Guglielmo Marconi 101","3.0","","","5","fotoba-international-srl","skip","no category booked",""
"Fowatytex","https://fowatytex.com/","mohamed@fowatytex.net","+20 40 2252931","Egypt","Gharbia","31951","Noaman El Aasar El Mahalla El Kubra","4.2","","","0","fowatytex","skip","no category booked",""
"friedola 1888 GmbH","www.friedola1888.de","evamaria.kuehler@friedola.com","+49 5651 303500","Germany","Meinhard","37276","Topfmühle 1","3.0","Bed, Bath & Living | Carpets & Rugs","Carpeting, flooring | Table, kitchen linen and foils","5","friedola-1888-gmbh","take","Carpets & Rugs","rugs"
"Friends Cotton Products","www.friendscotton.com","khursheed@friendscotton.com","+92 21 32578358","Pakistan","Karachi","75700","A/10 B, Textile Avenue, S.I.T.E.","8.0","Bed, Bath & Living","Terry goods and towelling","5","friends-cotton-products","skip","Bed, Bath & Living",""
"FROCA Int, S.L.U.","www.froca.com","export@froca.com","+34 965 81 00 80","Spain","Biar","03410","Pg. Els dos Pins 2","4.1","Decorative & Furniture Fabrics","Decorative fabrics | Furniture fabrics","3","froca-sl","skip","Decorative & Furniture Fabrics",""
"HongKong Frontever Home Limited","","rickfu@home-lead.cn","+852 5209 9569","Hong Kong","Kowloon","","Unit 3, on 10th Floor, Ricky Centre 36 Chong Yip Street","8.0","Bed, Bath & Living","Bed linen | Blankets","5","hongkong-frontever-home-limited","skip","Bed, Bath & Living",""
"Haining Fushida Textile Co., Ltd.","www.fsdtextile.com","apple@cnjoyway.com","+86 186 6830 8733","China","Haining Zhejiang","314413","No. 52-2 Fenghuang Road, Qianjiang Industrial Park, Dingqiao Town","12.1","Decorative & Furniture Fabrics","Furniture fabrics","5","haining-fushida-textile-co-ltd","skip","Decorative & Furniture Fabrics",""
"Fusion International Industrial Company Limited","","ficl.official@outlook.com","+852 6650 4787","Hong Kong","Kowloon","","Room 18, 27/F., Ho King Comm Ctr 2-16 Fayuen Street Mongkok","8.0","","","0","fusion-international-industrial-company-limited","skip","no category booked",""
"Gad Fashions (India) Pvt. Ltd.","","gad@gadhome.com","+91 141 239 5227","India","Jaipur","302020","Mansarover H102/C, D & E, RIICO Ind. Area","11.0","Window & Interior Decoration | Bed, Bath & Living","Curtains | Decorative cushions","5","gad-fashions-india-pvt-ltd","skip","Window & Interior Decoration, Bed, Bath & Living",""
"Gadoon Textile Mills Limited","https://gadoontextile.com/","knittng@gadoontextile.com","+92 21 35205479","Pakistan","Karachi","75350","Abdul Aziz Haji Hashim Tabba Street 7A, Muhammad Ali Housing Society","8.0","Bed, Bath & Living","Bed linen","6","gadoon-textile-mills-limited","skip","Bed, Bath & Living",""
"Galaxy Exports","","karthikeyan@galaxyexports.in","+91 4324 249 991","India","Karur","639001","No. 2 Ramakrishnapuram, II Street, North Karur","8.0","Decorative & Furniture Fabrics | Bed, Bath & Living","Decorative cushions | Table, kitchen linen and foils","5","galaxy-exports","skip","Decorative & Furniture Fabrics, Bed, Bath & Living",""
"Gao De Bao Trading Limited","","374401548@qq.com","+86 572 650 6918","Hong Kong","Kowloon","","Unit 1331, 13/F., Beverley Commercial Centre 87-105 Chatham Road South Tsimshatsui","8.0","","","0","gao-de-bao-trading-limited","skip","no category booked",""
"G&B Home Living Limited","","","","Great Britain and Northern Ireland","Blackburn","BB1 3BW","Stanley Street","3.0","","","0","gb-home-living-limited","skip","no category booked",""
"Gda Dokuma Tekstil San. ve Tic. Ltd. Sti","","","","Türkiye","Bursa","16140","Minarelicavus OSB Mah. N119. Sok No: 9/1","4.1","Decorative & Furniture Fabrics","Decorative fabrics | Furniture fabrics","0","gda-dokuma-tekstil-san-ve-tic-ltd-sti","skip","Decorative & Furniture Fabrics",""
"Gelin Tekstil Sanayi ve Ticaret A.S.","www.gelintekstil.com.tr","info@gelintekstil.com.tr","+90 258 372 19 93","Türkiye","Denizli","20016","Akcesme Mah. Bozburun Cad. No: 20","5.1","","","3","gelin-tekstil-sanayi-ve-ticaret-as","skip","no category booked",""
"GEMEGA UAB","www.gemega.eu","gemega@gemega.lt","+370 687 41902","Lithuania","Siauliai","78148","Liejyklos g. 14","4.0","","","0","gemega-uab","skip","no category booked",""
"Genius Textiles Network","www.geniustex.com","export@geniustex.com","+92 41 2557598","Pakistan","Faisalabad","38000","Chak No. 82 J.B. 3 km Gojra Road, Pansra","8.0","","","5","genius-textiles-network","skip","no category booked",""
"Gentug Tekstil Urunleri San. Ve Tic. A.S","www.gentug.com","h.ergenekonlu@gentug.com","+90 212 637 09 89","Türkiye","Istanbul","34179","Mehmet Nesih Özmen, Kat: 2, Sögüt","4.0","Smart Bedding | Bed, Bath & Living","Bed linen | Mattress protectors and pads","5","gentug-tekstil-urunleri-san-ve-tic-as","skip","Smart Bedding, Bed, Bath & Living",""
"Gerussi Di Gerussi Alessio & C. Sas","www.agerussi.com","info@agerussi.com","+39 0427 41205","Italy","Spilimbergo","33097","Via Arturo Malignani 5","4.0","Textile Technology | Functional features","Recyclability | Textile processing","4","gerussi-di-gerussi-alessio--c-sas","skip","Textile Technology, Functional features",""
"GG_Designs Martina Goll","www.gg-designs.de","martina.goll@gg-designs.de","+49 7195 52307","Germany","Schwaikheim","71409","Zeppelinstraße 25","4.2","Textile Design","Design studio","0","ggdesigns-martina-goll","skip","Textile Design: sells designs to manufacturers, not products to shoppers",""
"Ghia Industries ( Private ) Limited","www.ghiaindustries.com","","","Pakistan","Karachi","74200","Plot 06, Sector A III, Export Processing Zone","8.0","","","0","ghia-industries--private--limited","skip","no category booked",""
"Giacomini & Gambarova S.r.l.","www.velcoc.it","info@velcoc.com","+39 0438 48080","Italy","Vazzola","31028","Via XXV Luglio 50","12.0","","","5","giacomini--gambarova-srl","skip","no category booked",""
"GIANNADAKI AIKATERINI KAI GEORGIOS IKE IFANTOURGIA KRITIS IKE","","","+30 281 054 2518","Greece","Episkopi PED","700 08","Viopan Anopoleos","4.2","Bed, Bath & Living","Table, kitchen linen and foils | Terry goods and towelling","4","giannadaki-aikaterini-kai-georgios-ike-ifantourgia-kritis-ike","skip","Bed, Bath & Living",""
"Giannopoulos Bros SA","www.gbtextiles.gr","sales@gbtextiles.gr","+30 21 0531 9952","Greece","Egaleo","122 44","2 Averof Str. & Iera Odos Athens","3.0","Window & Interior Decoration | Decorative & Furniture Fabrics","Curtains | Decorative fabrics","5","giannopoulos-bros-sa","skip","Window & Interior Decoration, Decorative & Furniture Fabrics",""
"Gianti Fabrics, Inc.","www.gianti.com","wheatley@gianti-us.com","+1 786-202-1111","United States","Huntingdon Valley Pennsylvania","19006-1629","127 Pike Cir Ste C","3.0","Decorative & Furniture Fabrics","Decorative fabrics","0","gianti-fabrics-inc","skip","Decorative & Furniture Fabrics",""
"Gila Mirzai","www.mirzai.de","info@mirzai-carpets.com","+49 40 37517828","Germany","Hamburg","20457","Brook 4","3.0","Carpets & Rugs","Fitted Carpets","0","gila-mirzai","take","Carpets & Rugs","rugs"
"Gipanolar - Comercio Internacional de Texteis, Lda.","www.gipanolar.pt","gil@gipanolar.pt","","Portugal","Guimaraes","4835-324","Rua Ana Lopes Correia, 31 1 Esq.","5.0","Bed, Bath & Living","Terry goods and towelling","5","gipanolar---comercio-internacional-de-texteis-lda","skip","Bed, Bath & Living",""
"GLAMOUR Enterprise Trading Limited","www.tonghuigroup.com","even_zhuang@163.com","+86 573 8818 4718","Hong Kong","Wanchai","999077","Room 1002, Easey Comm Bldg., 253-261 Hennessy Road","12.1","Window & Interior Decoration | Decorative & Furniture Fabrics","Curtains | Furniture fabrics","5","glamour-enterprise-trading-limited","skip","Window & Interior Decoration, Decorative & Furniture Fabrics",""
"Glamour Group S.r.l.","www.glamour-textiles.it","chiara.turolla@glamour-textiles.it","+39 049 920 0996","Italy","Santa Giustina In Colle","35010","Viale dell' Artigianato 67","4.1","Decorative & Furniture Fabrics","Furniture fabrics | Outdoor fabrics","5","glamour-group-srl","skip","Decorative & Furniture Fabrics",""
"Global Rug Company","www.globalrugcompany.com","info@globalrugcompany.com","+91 87260 51782","India","Bhadohi","221401","Mahboobpur By Pass Road Mehboobpur","12.0","Carpets & Rugs","Carpeting, flooring | Fitted Carpets","5","global-rug-company","review","rug export house, confirm it sells to end buyers and not only to importers","rugs"
"Globaltex Home S.L.","www.globaltexhome.com","export@globaltexhome.com","","Spain","Alcoy","03804","Pgind Cotes Baixes, Calle G 21A","4.1","Decorative & Furniture Fabrics | Bed, Bath & Living","Outdoor fabrics | Table, kitchen linen and foils","5","globaltex-home-sl","skip","Decorative & Furniture Fabrics, Bed, Bath & Living",""
"Global Textile Alliance Belgium NV","www.gtatextilesbelgium.com","thibault.martens@lovehomefabrics.com","+32 175479","Belgium","Wielsbeke","8710","Grote Molstenstraat 21","3.1","Decorative & Furniture Fabrics | Fibres and Yarns, Textile Materials, Finishing","Furniture fabrics | Woven and knitted fabrics","5","global-textile-alliance-belgium-nv","skip","Decorative & Furniture Fabrics, Fibres and Yarns, Textile Materials, Finishing",""
"Globe Cotyarn Pvt. Ltd.","www.globecot.co.in","admin@globecot.co.in","+91 22 4947 9700","India","Mumbai","400093","AK Road, Chakala Andheri East B701 Rustomjee Central Park","9.0","Bed, Bath & Living","Bed linen","3","globe-cotyarn-pvt-ltd","skip","Bed, Bath & Living",""
"Glory Enterprise Trading Limited","www.glorygood.com","364744946@qq.com","+86 13 596 836 5848","Hong Kong","Wanchai","999077","Room 1002, 10/F, Easey Commercial Building, 253-261 Hennessy Road","12.1","Decorative & Furniture Fabrics","Decorative fabrics | Furniture fabrics","5","glory-enterprise-trading-limited","skip","Decorative & Furniture Fabrics",""
"G M Fabrics Pvt. Ltd.","www.gmfabrics.com","sales@gmfabrics.com","","India","Mumbai","400059","Plot 606 Makwana Road, GMF House","3.1","","","5","g-m-fabrics-pvt-ltd","skip","no category booked",""
"G.M. Syntex Pvt. Ltd.","https://gmsyntex.com/","admin@gmsyntex.com","+91 22 6903 9900","India","Mumbai","400059","Dhana Singh Processors Compound Wazir Glass lane, JB Nagar, Chakala Andheri (East)","3.1","","","5","gm-syntex-pvt-ltd","skip","no category booked",""
"Göksim Iplik Tekstil San. ve Tic. Ltd. Sti.","","","","Türkiye","Bursa","16245","Demirtas Organize Sanayi Bolgesi Gonca Sok. No: 1, Osmangazi","4.1","Fibres and Yarns, Textile Materials, Finishing","Fibres and yarns","3","goeksim-iplik-tekstil-san-ve-tic-ltd-sti","skip","Fibres and Yarns, Textile Materials, Finishing",""
"Goel Carpets And Handicrafts","","","","India","Agra","282004","20/121, Jamuna Kinara Rd","12.0","Carpets & Rugs","Fitted Carpets","0","goel-carpets-and-handicrafts","review","rug export house, confirm it sells to end buyers and not only to importers","rugs"
"Gohar Textile Mills (Pvt) Ltd.","www.gohartextile.com","gauhar@gohartextile.com","+92 41 8520771","Pakistan","Faisalabad","38000","208 Chak Road, Zia Town","8.0","Window & Interior Decoration | Bed, Bath & Living","Bed linen | Curtains","5","gohar-textile-mills-pvt-ltd","skip","Window & Interior Decoration, Bed, Bath & Living",""
"Gokal Exports","","","","India","Panipat","132103","65 Street No. 6, Des Raj Colony","12.0","Bed, Bath & Living | Carpets & Rugs","Blankets | Fitted Carpets","5","gokal-exports","review","rug export house, confirm it sells to end buyers and not only to importers","rugs"
"Gokhan Tekstil San. ve Tic. A.S.","www.gokhan.com.tr","gokhan@gokhan.com.tr","+90 258 268 06 57","Türkiye","Honaz, Denizli","20330","Organize Sanayi Bölgesi Fahri Karaca Cad. No: 13","5.0","Bed, Bath & Living","Terry goods and towelling","2","gokhan-tekstil-san-ve-tic-as","skip","Bed, Bath & Living",""
"Gold Berry","www.rugsbygoldberry.com","info@rugsbygoldberry.com","+91 95607 00035","India","New Delhi","110063","294 Paschim Vihar Extension 1st Floor","12.0","Carpets & Rugs","Fitted Carpets","0","gold-berry","review","rug export house, confirm it sells to end buyers and not only to importers","rugs"
"Golden Coir Tufts","www.goldencoirtufts.com","chandru@goldencoirtufts.com","+91 96555 09697","India","Coimbatore","642004","Akilandapuram Post, Pollachi SF No: 57/1A1, Singanallur","12.0","Carpets & Rugs","Carpeting, flooring | Door mats and clean-off systems","5","golden-coir-tufts","review","rug export house, confirm it sells to end buyers and not only to importers","rugs"
"Golden Terry Towel Private Limited","www.goldenterrytowel.com","","+91 99711 03363","India","Panipat","132103","VPO Jhattipur, G.T. Road","9.0","","","2","golden-terry-towel-private-limited","skip","no category booked",""
"Goldenwarp Pty Ltd","www.goldenwarp.com.au","lata@goldenwarp.com.au","+61 425 203 925","Australia","Middle Dural","2158","Bangor Road 9 Middle Dural, New South Wales","5.0","","","4","goldenwarp-pty-ltd","skip","no category booked",""
"Otto Golze & Söhne GmbH","www.golze.de","albrecht@golze.de","+49 5155 959182","Germany","Emmerthal","31860","Langes Feld 29","3.0","","","0","otto-golze--soehne-gmbh","skip","no category booked",""
"William Goodacre & Sons India Pvt. Ltd.","www.karan-group.com","","+91 477 224 3662","India","Alleppey","688012","XVIII Revi Karuna Karan Road","12.0","Carpets & Rugs","Door mats and clean-off systems | Fitted Carpets","5","william-goodacre--sons-india-pvt-ltd","review","rug export house, confirm it sells to end buyers and not only to importers","rugs"
"GoodWeave International","www.goodweave.org","sonny@goodweave.org","+1 917-553-7187","United States","Washington District of Columbia","20036","1140 Connecticut Ave NW","11.0","Associations, institutes, publishers","Labels, standards, certificates for sustainability","0","goodweave-international","skip","Associations, institutes, publishers",""
"Gourav International","www.dhingraexport.in","gauravdhingra@dhingraexport.in","+91 81989 36000","India","Panipat","132103","Old Industrial Area No. E-37, Behind Hali Park","8.0","","","5","gourav-international","skip","no category booked",""
"Gp Textron Iberia SL","www.gptextron.it","scampas@gptextron.com","+34 605 04 48 86","Spain","Sant just Desvern","08960","Frederic Mompou 1-4 3B","4.1","","","0","gp-textron-iberia-sl","skip","no category booked",""
"Grace Knitwear (Pvt) Limited","azhar@gracepak.com","azhar@gracepak.com","","Pakistan","Karachi","74900","Plot No. 46, Sector-28, Korangi Industrial Area","8.0","Bed, Bath & Living","Bed linen","4","grace-knitwear-pvt-limited","skip","Bed, Bath & Living",""
"GRACIOUS LIVING","www.graciousliving.in","rohan@graciousliving.in","+91 98739 53323","India","New Delhi","110020","D-117, Phase-i, Okhla Industrial Estate Phase 1","11.0","Bed, Bath & Living","Blankets | Decorative cushions","5","gracious-living","skip","Bed, Bath & Living",""
"Grasim Industries Ltd.","www.birlacellulose.com","rahul.singrodia@adityabirla.com","","India","Vadodara","390023","11th Floor, 1101-1102, Ocean Vikram Sarabhai Marg","4.0","Fibres and Yarns, Textile Materials, Finishing","Fibres and yarns","0","grasim-industries-ltd","skip","Fibres and Yarns, Textile Materials, Finishing",""
"Gruppo Grassi Srl","www.gruppograssi.it","","","Italy","Montemurlo","59013","Via Arrigo Boito 13/21","4.0","","","0","gruppo-grassi-srl","skip","no category booked",""
"F.lli Graziano Fu Severino S.r.l.","www.graziano.it","postmaster@graziano.it","+39 015 666122","Italy","Mongrando","13888","Via Martiri della Liberta 84","3.1","Decorative & Furniture Fabrics | Bed, Bath & Living","Bed linen | Fabrics for bed linen","5","flli-graziano-fu-severino-srl","skip","Decorative & Furniture Fabrics, Bed, Bath & Living",""
"Great Eastern Processors Private Limited","https://greateasternprocessors.com","sopan@greateasternprocessors.com","+91 98023 00019","India","Panipat","132103","Plot No. 19, Risalu Road","12.0","Bed, Bath & Living | Carpets & Rugs","Decorative cushions | Fitted Carpets","0","great-eastern-processors-private-limited","review","rug export house, confirm it sells to end buyers and not only to importers","rugs"
"Greathill Pacific (HK) Ltd.","www.greathill-pacific.com","info@greathill-pacific.com","+852 2115 9628","Hong Kong","Central","","26th Floor, Beautiful Group Tower 77 Connaught Road","12.1","","","5","greathill-pacific-hk-ltd","skip","no category booked",""
"Gruppo Carillo S.p.A.","www.viaroma60.it","info@viaroma60.it","+39 081 014 6002","Italy","Nola","80035","Interporto di Nola Lotto H Blocco","4.1","Window & Interior Decoration","Curtains","5","gruppo-carillo-spa","skip","Window & Interior Decoration",""
"GTechnologies S.r.l. a Socio Unico","www.brosiomeccanica.it","info@gtechnologies-srl.com","+39 031 778597","Italy","Cermenate","22072","Via Maestri Comacini 12","4.0","Textile Technology","Textile processing","5","gtechnologies-srl-a-socio-unico","skip","Textile Technology",""
"Hangzhou GuangChuan Hardware Co., Ltd","www.gcwj-hardware.com","helen_wei@gcone-hardware.com","+86 571 8779 7696","China","Hangzhou Zhejiang","311203","9188 Jianshe Fourth Road, Guali Town, Xiaoshan District","12.1","Window & Interior Decoration","Drapery and curtain hardware systems","3","hangzhou-guangchuan-hardware-co-ltd","skip","Window & Interior Decoration",""
"GÜLESER TEKSTIL SANAYI TICARET AS","www.guleser.com","guleser@guleser.com","+90 224 261 25 25","Türkiye","Osmangazi /Bursa","16245","Demirtas Org. San. Bolg. Ali Osman Sonmez cd. No: 11/1","4.1","Decorative & Furniture Fabrics | Bed, Bath & Living","Blankets | Furniture fabrics","0","gueleser-tekstil-sanayi-ticaret-as","skip","Decorative & Furniture Fabrics, Bed, Bath & Living",""
"Gül Tekstil Dokuma ve Iplik Tic. ve. San. A.S.","www.dcmtekstil.com.tr","dcm@dcmtekstil.com.tr","+90 224 261 16 16","Türkiye","Bursa","16369","Demirtas Organize Sanayi Bölgesi Mustafa Karaer Cad. No: 24","4.1","Window & Interior Decoration | Decorative & Furniture Fabrics","Curtains | Decorative fabrics","4","guel-tekstil-dokuma-ve-iplik-tic-ve-san-as","skip","Window & Interior Decoration, Decorative & Furniture Fabrics",""
"Gürle Suni Deri Tekstil San. ve Tic. A.S","www.gurlesunideri.com","ali.yilmaz@gurlesunideri.com","+90 282 655 53 26","Türkiye","Istanbul","34126","Gedikpasa Cami Sok. No: 8, Beyazit","3.1","Decorative & Furniture Fabrics","Artificial leather | Outdoor fabrics","5","guerle-suni-deri-tekstil-san-ve-tic-as","skip","Decorative & Furniture Fabrics",""
"Gul Ahmed Textile Mills Ltd.","www.gulahmed.com","marketing@gulahmed.com","+92 21 111 485 485","Pakistan","Karachi","75600","Plot No.H-7, Landhi, Industrial Area","9.0","","","4","gul-ahmed-textile-mills-ltd","skip","no category booked",""
"Gupta Creations","","raman@guptacreations.co.in","+91 90348 67029","India","Panipat","132103","No. 37, Sec-12, Huda, G.T. Road","12.0","Smart Bedding | Carpets & Rugs","Duvets and pillows | Fitted Carpets","5","gupta-creations","review","rug export house, confirm it sells to end buyers and not only to importers","rugs"
"Gupta International","www.guptainternational.com","rajeshgupta@guptainternational.com","+91 98961 11666","India","Panipat","132103","Pasina Khurd Road, Village Siwah","8.0","Bed, Bath & Living | Carpets & Rugs","Bath mats | Fitted Carpets","5","gupta-international","review","rug export house, confirm it sells to end buyers and not only to importers","rugs"
"Gur-Ol Iplik Nakis Ve Tekstil Sanayi Ithalat Ihracat Yazilim Hizmetleri Ticaret Ltd Sti","www.bndeco.com.tr","taner@bndeco.com","+90 532 287 97 72","Türkiye","Izmir","35860","Torbali Mahallesi Izmir Aydin Caddesi 49/1","5.1","Bed, Bath & Living","Bed linen | Blankets","0","gur-ol-iplik-nakis-ve-tekstil-sanayi-ithalat-ihracat-yazilim-hizmetleri-ticaret-ltd-sti","skip","Bed, Bath & Living",""
"Gursan Tekstil Turizm Insaat Sanayi Ve Ticaret Limited Sirketi","www.gursantekstil.com","marketing@gursantekstil.com","+90 258 371 49 79","Türkiye","Denizli","20020","Bozburun Mahallesi 7059 Sokak No:4, Merkezefendi","5.0","Bed, Bath & Living","Terry goods and towelling","5","gursan-tekstil-turizm-insaat-sanayi-ve-ticaret-limited-sirketi","skip","Bed, Bath & Living",""
"Guzelcan Suni Deri Tekstil San. ve Tic. AS","www.egesunideri.com","int@egesunideri.com","+90 232 436 18 70","Türkiye","Izmir","35860","Yedi Eylül Mahallesi 5562 Sokak Torbali","3.1","Decorative & Furniture Fabrics","Artificial leather | Furniture leather","5","guzelcan-suni-deri-tekstil-san-ve-tic-as","skip","Decorative & Furniture Fabrics",""
"Heinrich Häussling GmbH & Co.","www.haeussling.de","info@haeussling.de","+49 6321 91730","Germany","Neustadt an der Weinstraße","67433","Branchweilerhofstr. 200","4.0","","","4","heinrich-haeussling-gmbh--co","skip","no category booked",""
"Hafizia Art and Crafts Private Limited","www.hafizia.com","umair@hafizia.com","+91 5862 270 498","India","Sitapur","261001","785, Pakka Bagh, Old City","11.0","Carpets & Rugs","Fitted Carpets","5","hafizia-art-and-crafts-private-limited","review","rug export house, confirm it sells to end buyers and not only to importers","rugs"
"Hage Tekstil San. ve Tic. A.S.","www.hagetextile.com","mbasrik@hagetextile.com","+90 549 698 32 01","Türkiye","Kestel/Bursa","16450","Ahmet Vefik Pasa OSB Bosna Cad. 11","3.0","Window & Interior Decoration","Curtains","5","hage-tekstil-san-ve-tic-as","skip","Window & Interior Decoration",""
"H.G. Hahn-Haustextilien GmbH","www.hahn-haustex.de","verkauf@hahn-haustex.de","+49 2552 93990","Germany","Steinfurt","48565","Altenberger Str. 93","5.1","Bed, Bath & Living","Bed linen","5","hg-hahn-haustextilien-gmbh","skip","Bed, Bath & Living",""
"Haji Rafiuddin Waliuddin Pvt. Ltd.","www.hrw.com.pk","osamaessa@hrw.com.pk","+92 321 8258900","Pakistan","Karachi","75500","WSA 19- 21 Block 1 F B Area","8.0","Bed, Bath & Living","Table, kitchen linen and foils | Terry goods and towelling","5","haji-rafiuddin-waliuddin-pvt-ltd","skip","Bed, Bath & Living",""
"HALANTEX","www.halantex.pl","info@halantex.pl","+48 32 230 00 02","Poland","Przyszowice","44-178","ul. Spóldzielcza 31","5.1","","","5","halantex-sp-z-o-o","skip","no category booked",""
"Haley Studios Ltd.","www.haleystudios.com","richard@haleystudios.com","+44 1484 386813","Great Britain and Northern Ireland","Brighouse, West Yorkshire","HD6 3SA","12 Toothill Avenue","4.2","Wall Decoration | Textile Design","Design studio | Wallpapers","0","haley-studios-ltd","take","Wall Decoration","wallpaper"
"Ham Ram for Textiles","","hamram1973@gmail.com","+20 109 409 1073","Egypt","El Mahlla El-Kobra","31951","Noaman El-Assar El Zaraq Street 7","5.0","Bed, Bath & Living","Terry goods and towelling","5","ham-ram-for-textiles","skip","Bed, Bath & Living",""
"Hamza Weaving Factory","www.hamzaweaving.com","info@hamzaweaving.com","+92 321 4059940","Pakistan","Lahore","53710","17-km, Multan Road","8.0","Decorative & Furniture Fabrics | Bed, Bath & Living","Bed linen | Fabrics for bed linen","5","hamza-weaving-factory","skip","Decorative & Furniture Fabrics, Bed, Bath & Living",""
"Handicraft And Art Articles Export- Import Corporation","www.artexport.com.vn","dolanphuonghelen@gmail.com","+84 91 313 27 81","Vietnam","Ha Noi","10000","Cua Nam Ward No. 2a, Pham Su Manh Streer","8.0","Bed, Bath & Living","Bed linen | Table, kitchen linen and foils","5","handicraft-and-art-articles-export--import-corporation","skip","Bed, Bath & Living",""
"Bikaner Handloom Carpets","www.mmwool.com","india@mmwool.com","+91 98292 17022","India","Bikaner","334001","Near Sabji Mandi Pugal Road","12.0","Carpets & Rugs","Fitted Carpets","0","bikaner-handloom-carpets","review","rug export house, confirm it sells to end buyers and not only to importers","rugs"
"Handloom Export Promotion Council","www.hepcindia.com","fairs@hepcindia.com","+91 44 2827 8879","India","Chennai","600034","34 Cathedral Garden Road, Nungambakkam","8.0","Associations, institutes, publishers","Associations","4","handloom-export-promotion-council","skip","Associations, institutes, publishers",""
"Hangzhou Banff Down-Feather Products Co., Ltd.","www.featherware.com","andrew@featherware.com","+86 571 2281 2168","China","Hangzhou Zhejiang","311201","No. 318-8 Dongrui 4 Road, Xintang Str., Xiaoshan","8.0","","","5","hangzhou-banff-down-feather-products-co-ltd","skip","no category booked",""
"Hangzhou Jinhong Sanniao Down Products Co., Ltd.","www.jinhongsn.com","dw67926@126.com","+86 571 8273 3888","China","Hangzhou Zhejiang","311201","Xixu Xingtang Town, Xiaoshan District","8.0","Smart Bedding","Duvets and pillows | Fillings","5","hangzhou-jinhong-sanniao-down-products-co-ltd","skip","Smart Bedding",""
"Hanse Home Collection GmbH","www.hanse-home.com","info@hanse-home.com","+49 4121 8301640","Germany","Elmshorn","25335","Max-Planck-Str. 10","3.1","Carpets & Rugs","Fitted Carpets","5","hanse-home-collection-gmbh","take","Carpets & Rugs","rugs"
"Hanu Home-Tex India","hanuhome.com","hanu@hanuhome.com","","India","Panipat","132103","E-2417 Ansal Sushant City","12.0","","","5","hanu-home-tex-india","skip","no category booked",""
"Hargittai Disegni S.r.l.","www.hargittaidisegni.it","hargittaidisegni@gmail.com","+39 335 609 9804","Italy","Como","22100","Via Giuseppe Parini 10","4.2","","","0","hargittai-disegni-srl","skip","no category booked",""
"Harish International","www.harishinternational.com","harish@harishinternational.com","+91 95809 29696","India","Bhadohi","221401","Civil Lines Power House Road","12.0","Carpets & Rugs","Fitted Carpets","0","harish-international","review","rug export house, confirm it sells to end buyers and not only to importers","rugs"
"Haroon Corporation (private) Limited","www.harooncorporation.com","haroon@harooncorporation.com","","Pakistan","Faislabad","38850","Street 9, Muzaffar Colon P 417, Nisar Colony, Samundri Road","8.0","Bed, Bath & Living","Terry goods and towelling","5","haroon-corporation-private-limited","skip","Bed, Bath & Living",""
"HAROON FABRICS (PVT.) LIMITED","http://www.hrltex.com/","yousaf@hrltex.com","","Pakistan","Faisalabad","38000","10 KM, 209 RB Jaranwala Road","8.0","Bed, Bath & Living","Bed linen","5","haroon-fabrics-pvt-limited","skip","Bed, Bath & Living",""
"Harput Tekstil Sanayi Ve Tic. A.S.","www.harputholding.com.tr","export@harputtextile.com","","Türkiye","Osmangazi /Bursa","16245","Alasarkoy Mahallesi N: 513-101 Istanbul Cadasi","3.0","Window & Interior Decoration","Curtains | Indoor sun-protection systems (panel tracks, blinds)","5","harput-tekstil-sanayi-ve-tic-as","skip","Window & Interior Decoration",""
"H.A.R. Textile Mills (Pvt.) Limited","www.hartextile.com","kashif@hartextile.com","+92 300 8666250","Pakistan","Faisalabad","38000","5 KM, Jaranwala Road, Khurrianwalla","8.0","","","5","har-textile-mills-pvt-limited","skip","no category booked",""
"Hasham Towel","www.hashamtowel.net","hashamtowel@gmail.com","+92 21 35057896","Pakistan","Karachi","74900","Plot No. 126,Sector 24, Korangi, Industrial Area","8.0","Bed, Bath & Living","Terry goods and towelling","10","hasham-towel","skip","Bed, Bath & Living",""
"Hateks Hatay Tekstil Isletmeleri A.S.","www.hateks.com.tr","hateks@hateks.com.tr","+90 326 451 24 00","Türkiye","Hatay","31200","Yenisehir Mahallesi, Maresal Fevzi Cakmak Caddesi Cinar Apt. A, Daire 13","5.0","Bed, Bath & Living","Terry goods and towelling","5","hateks-hatay-tekstil-isletmeleri-as","skip","Bed, Bath & Living",""
"HBR Textiles","","mubashir@hbrtextiles.com","+92 61 4480812","Pakistan","Multan","60000","90 Vehari Road","8.0","","","5","hbr-textiles","skip","no category booked",""
"Hangzhou H.D.L. New Material Co., Ltd.","www.zj-hdl.com","lucia.888@163.com","+86 187 5810 1240","China","Hangzhou Zhejiang","315000","Wuhang Hangxin Village Yunhe Town Yuhang District","12.1","Window & Interior Decoration | Decorative & Furniture Fabrics","Decorative fabrics | Indoor sun-protection systems (panel tracks, blinds)","3","hangzhou-hdl-new-material-co-ltd","skip","Window & Interior Decoration, Decorative & Furniture Fabrics",""
"Healthcare Europe d.o.o.","www.healthcareeurope.rs","jelena.horvat@healthcareeurope.rs","+381 66 8226830","Serbia","Ruma","22400","Potes Rumska Petlja 5","4.0","Smart Bedding","Duvets and pillows | Mattresses","4","healthcare-europe-doo","skip","Smart Bedding",""
"Hefa Poliuretan Flok Suni Deri Sanayi ve Dis Ticaret Anonim Sirketi","www.hefaderi.com","export@hefagroup.com.tr","+90 533 938 06 38","Türkiye","Istanbul","34555","Hadimkoy Mahallesi No: 10 Cad., Arnavutkoy","4.1","Decorative & Furniture Fabrics","Artificial leather | Furniture fabrics","5","hefa-poliuretan-flok-suni-deri-sanayi-ve-dis-ticaret-anonim-sirketi","skip","Decorative & Furniture Fabrics",""
"Hefei Wilte Home Textile Co., Ltd.","www.wiltex.com.cn","jam662@gmail.com","+86 551 6262 1036","China","Hefei Anhui","230061","Room 1001, 10/F., Renhe Building, No. 319 Changjiang Middle Road, Luyang","8.0","","","0","hefei-wilte-home-textile-co-ltd","skip","no category booked",""
"Hefel Textil GmbH","www.hefel.com","hefel.textil@hefel.com","+43 5572 5030","Austria","Schwarzach","6858","Schwarzach-Tobelstr. 17","4.0","Smart Bedding","Duvets and pillows","5","hefel-textil-gmbh","skip","Smart Bedding",""
"W. Heino, ältestes Versandgeschäft von Erzeugnissen der Lüneburger Heide e.Kfm.","wheino.de","k.brockmann@wheino.de","+49 5193 4021","Germany","Schneverdingen","29640","Lünzmühlen 1","3.0","Decorative & Furniture Fabrics | Carpets & Rugs","Decorative cushions | Pelt","5","w-heino-aeltestes-versandgeschaeft-von-erzeugnissen-der-lueneburger-heide-ekfm","take","Carpets & Rugs","rugs"
"HeiQ Materials AG","www.heiq.com","info@heiq.com","+41 56 250 68 50","Switzerland","Schlieren","8952","Rütistrasse 12","4.0","Fibres and Yarns, Textile Materials, Finishing | Functional features","Climate-regulating | Textile finishing","5","heiq-materials-ag","skip","Fibres and Yarns, Textile Materials, Finishing, Functional features",""
"Helene Ekblom Surface and Pattern Design AB","www.heleneekblom.com","helene.ekblom@gmail.com","+46 70 607 72 54","Sweden","Kinna","511 57","Knätofsstigen 10","4.2","Textile Design","Design studio","0","helene-ekblom-surface-and-pattern-design-ab","skip","Textile Design: sells designs to manufacturers, not products to shoppers",""
"Hongkong Helios Import and Export Company Limited","www.helios-home.com","marco@helioshomeware.com","+86 573 8836 5920","Hong Kong","Wanchai","999077","Room 2107, 21/F, CC Wu Bldg 302-308 Hennessy Road","8.0","Bed, Bath & Living","Decorative cushions | Products in the outdoor area","5","hongkong-helios-import-and-export-company-limited","skip","Bed, Bath & Living",""
"HELLATEX Textil Gesellschaft m.b.H.","www.hellatex.at","office@hellatex.at","+43 7232 94100","Austria","St. Martin/Mkr","4113","Anzing 83","5.1","Smart Bedding | Bed, Bath & Living","Bed linen | Mattress protectors and pads","5","hellatex-textil-gesellschaft-mbh","skip","Smart Bedding, Bed, Bath & Living",""
"Nanjing Heniemo Home Textiles Co., Ltd.","www.heniemo.com","joy.ye@heniemo.cn","+86 25 8483 0870","China","Nanjing Jiangsu","210016","F11-12, No. 139 East Zhongshan Road, Xuanwu","8.0","Smart Bedding | Bed, Bath & Living","Bed linen | Duvets and pillows","5","nanjing-heniemo-home-textiles-co-ltd","skip","Smart Bedding, Bed, Bath & Living",""
"Heraud Rubans SAS","www.rubans-heraud.com","info@rubans-heraud.com","+33 4 71 61 75 04","France","La Seauve sur Semene","43140","Zone Industrielle Desforanges","3.0","Window & Interior Decoration","Window decoration accessories","5","heraud-rubans-sas","skip","Window & Interior Decoration",""
"Klaus Herding GmbH","www.herding-textiles.com","info@chb.de","","Germany","Rhede","46414","Carl-Herding-Weg 5","5.1","Bed, Bath & Living","Bed linen","5","klaus-herding-gmbh","skip","Bed, Bath & Living",""
"Heritage Overseas","www.heritageoverseas.in","mail@heritageoverseas.in","+91 94160 16889","India","Panipat","132103","Plot No. 659, Sec 29 (Part II), Huda","11.0","Carpets & Rugs","Fitted Carpets","5","heritage-overseas","review","rug export house, confirm it sells to end buyers and not only to importers","rugs"
"Heynen Systems b.v.","www.tricover.com","info@tricover.com","+31 320 226 849","Netherlands","Lelystad","8211 AH","Staalstraat 31","4.0","Fibres and Yarns, Textile Materials, Finishing","Woven and knitted fabrics","4","heynen-systems-bv","skip","Fibres and Yarns, Textile Materials, Finishing",""
"HFW Co., Ltd.","www.hfw-fashion.com","sai2@hfw-fashion.com","","Japan","Tokyo","178-0062","3 F 0005 Gakuen Sky Building, 6-29-20 Oizumi-cho, Nerima-ku","8.0","Smart Bedding","Duvets and pillows","0","hfw-co-ltd","skip","Smart Bedding",""
"Hijos de Antonio Ferre, S.A.","www.aferre.com","aferre@aferre.com","+34 966 56 74 25","Spain","Banyeres de Mariola","03450","Avenida les Molines 2","4.1","Window & Interior Decoration | Decorative & Furniture Fabrics","Curtains | Decorative fabrics","5","hijos-de-antonio-ferre-sa","skip","Window & Interior Decoration, Decorative & Furniture Fabrics",""
"Himalaya Concepts","www.himalayaconcepts.com","ashish@himalayaconcepts.com","+91 98398 25000","India","Bhadohi","221401","Jamunipur Colony, Hig\ii Plot 5\12","11.0","","","0","himalaya-concepts","skip","no category booked",""
"Himatsingka Europe (A Branch of Himatsingka America Inc.)","","nandini.bm@himatsingka.com","+91 99450 00136","Great Britain and Northern Ireland","London","W1V 7BU","5th Floor Watson House, 54-60 Baker Street","5.1","","","0","himatsingka-europe-a-branch-of-himatsingka-america-inc","skip","no category booked",""
"Hispano Tex S.A.U.","www.hispanotex.com","info@hispanotex.com","+34 935 83 14 70","Spain","Sant Cugat del Valles (Barcelona)","08174","Avda. Via Augusta, 3 - 2 planta Edificio Augusta Park Centre","4.1","Window & Interior Decoration | Decorative & Furniture Fabrics","Curtains | Decorative fabrics","5","hispano-tex-sau","skip","Window & Interior Decoration, Decorative & Furniture Fabrics",""
"HJL Trading Warenhandelsgesellschaft mbH","","info@hjl-laxen.de","+49 2593 9574800","Germany","Ascheberg","59387","Haselburger Damm 21b","5.1","Bed, Bath & Living","Bed linen | Terry goods and towelling","0","hjl-trading-warenhandelsgesellschaft-mbh","skip","Bed, Bath & Living",""
"Höpke Möbelstoff-Handels GmbH","www.hoepke.de","service@hoepke.de","+49 9565 79626","Germany","Niederfüllbach","96489","Simonsgasse 19-21","3.0","Decorative & Furniture Fabrics","Furniture fabrics | Furniture leather","5","hoepke-moebelstoff-handels-gmbh","skip","Decorative & Furniture Fabrics",""
"Hofmann Handtuft-Technik GmbH","www.hofmann-handtuft.de","info@hofmann-handtuft.de","+49 9081 29270","Germany","Nördlingen","86720","An der Lach 27","3.1","Textile Technology | Carpets & Rugs","Digital print technology | Fitted Carpets","5","hofmann-handtuft-technik-gmbh","take","Carpets & Rugs","rugs"
"Hohenberger Manufaktur für Tapeten I Taubert GmbH & Co. KG","www.hohenberger-wallcoverings.com","info@hohenberger-wallcoverings.com","+49 9233 714010","Germany","Hohenberg a.d. Eger","95691","Schirndinger Str. 10","3.0","Wall Decoration","Colours, varnish | Wallpapers","5","taubert-gmbh--co-kg","already live","already sourced in wave 2 or Salone","wallpaper"
"Hohmann GmbH & Co. KG","www.hohmann-weberei.de","info@hohmann-weberei.de","+49 9252 7000","Germany","Helmbrechts","95233","Bärenbrunn 4","3.0","Window & Interior Decoration | Decorative & Furniture Fabrics","Curtains | Furniture fabrics","5","hohmann-gmbh--co-kg","skip","Window & Interior Decoration, Decorative & Furniture Fabrics",""
"Home And Floor","www.homeandfloor.in","export@homeandfloor.in","","India","Panipat","132103","Street No. 2, Sanjay Colony Sugar Mill, Post Office","12.0","","","4","home-and-floor","skip","no category booked",""
"Homecare Textiles","www.homecaretextiles.com","naeem.moosani@homecaretextiles.com","","Pakistan","Karachi","75700","D115 S.I.T.E. Area","8.0","Bed, Bath & Living","Bed linen","5","homecare-textiles","skip","Bed, Bath & Living",""
"Home Creations","www.homecreations.in","home@homecreations.in","+91 98711 95556","India","Noida","201301","Gautham Budh Nagar B-72, Sector-57","12.0","Bed, Bath & Living | Carpets & Rugs","Fitted Carpets | Table, kitchen linen and foils","5","home-creations","review","rug export house, confirm it sells to end buyers and not only to importers","rugs"
"Home Flooring & Decor Pvt Ltd","www.rizwanexporthouse.com","habib@hfdrugs.com","","India","Bhadohi","221303","Puregulab, Gopiganj","12.0","Carpets & Rugs","Carpeting, flooring | Fitted Carpets","0","home-flooring--decor-pvt-ltd","review","rug export house, confirm it sells to end buyers and not only to importers","rugs"
"Homelines Textiles","www.homelinestex.com","sbabu@homelinestextiles.com","+91 98940 36806","India","Karur","639002","#12, Kamaraja Puram, 4th Cross","8.0","Decorative & Furniture Fabrics | Bed, Bath & Living","Decorative cushions | Table, kitchen linen and foils","5","homelines-textiles","skip","Decorative & Furniture Fabrics, Bed, Bath & Living",""
"Home & Maison Industry Limited","www.en.cathayash.com","mido.shan@cathayash.com","+86 21 6100 0755","Hong Kong","Wanchai","999077","Room 1101, 11/F., Capital Centre 151 Gloucester Road","8.0","Window & Interior Decoration | Bed, Bath & Living","Bed linen | Curtains","5","home--maison-industry-limited","skip","Window & Interior Decoration, Bed, Bath & Living",""
"Home Rugs Creation","","","","India","Panipat","132103","18/8/2-9/1-19/2/1 Home Rugs Creation, Mohit Nagar Barsat Road","12.0","Bed, Bath & Living | Carpets & Rugs","Bath mats | Fitted Carpets","5","home-rugs-creation","review","rug export house, confirm it sells to end buyers and not only to importers","rugs"
"Home Sources Global Limited","","info@hanyunhome.com","+86 139 0671 2730","Hong Kong","Kowloon","","Workshop 60, 3/F., Block A East Sun Industrial Centre 16 Shing Yip Street","8.0","","","0","home-sources-global-limited","skip","no category booked",""
"Hometex Corporation","www.hometex.com.pk","info@hometex.com.pk","+92 61 6301900","Pakistan","Multan","60000","17, Kassi Vehari Road","8.0","Bed, Bath & Living","Table, kitchen linen and foils | Terry goods and towelling","9","hometex-corporation","skip","Bed, Bath & Living",""
"Hometex Furniture LLC","","daisy_zh78@126.com","+971 4 272 2589","United Arab Emirates","Deira, Dubai","91869","Naif Road","12.0","","","0","hometex-furniture-llc","skip","no category booked",""
"Hometex Peru SAC","www.hometex-peru.com","","","Peru","Arequipa","04002","Calle Arica 106 - Cerro Colorado 106","4.0","Smart Bedding | Bed, Bath & Living","Blankets | Duvets and pillows","4","hometex-peru-sac","skip","Smart Bedding, Bed, Bath & Living",""
"Home Textiles","www.home-textiles.co.in","info@home-textiles.co.in","+91 98200 71305","India","Mumbai","400011","2-D, Thacker Industrial Estate, N M Joshi Marg, Lower Parel","8.0","","","5","home-textiles","skip","no category booked",""
"Home Zone LLP","www.homezone.in","kumaran@homezone.in","+91 98430 99000","India","Karur","639002","5/335 Ashok Nagar West","8.0","","","5","home-zone-llp","skip","no category booked",""
"Honda Technology Development Limited","","anna@hongkwang.com.hk","+852 2790 9086","Hong Kong","Tsuen Wan, N.T.","999077","Room H01, Blk EH, 10/F., Golden Bear Ind Ctr., 66-82 Chai Wna Kok St","8.0","Bed, Bath & Living | Carpets & Rugs","Bed linen | Door mats and clean-off systems","0","honda-technology-development-limited","take","Carpets & Rugs","rugs"
"Zhejiang Hongfeng Sci-Tech Co., Ltd","www.cxhffz.com","jason.cxhf@gmail.com","+86 572 650 5670","China","Huzhou Zhejiang","313109","Textile Industrial Park, 6 Xinhui Road, Jiapu Town, Changxing","8.0","Bed, Bath & Living | Fibres and Yarns, Textile Materials, Finishing","Bed linen | Textile finishing","3","zhejiang-hongfeng-sci-tech-co-ltd","skip","Bed, Bath & Living, Fibres and Yarns, Textile Materials, Finishing",""
"Jiangyin Hongliu Bedsheet Co., Ltd.","www.hongliu.js.cn","abbyliu@hongliu.js.cn","","China","Wuxi Jiangsu","214432","No. 15, Huadong Road, Jiangyin","8.0","Smart Bedding","Duvets and pillows","5","jiangyin-hongliu-bedsheet-co-ltd","skip","Smart Bedding",""
"Hossain Dyeing & Printing Mills Ltd. ( Unit – 2)","www.hossaindyeing.com","eftakhairul.islam@anwargroup.net","+880 1716-339726","Bangladesh","Dhaka","1000","Baitul Hossain Building, 14th Floor Dilkusha 27","8.0","Bed, Bath & Living","Table, kitchen linen and foils | Terry goods and towelling","5","hossain-dyeing--printing-mills-ltd--unit--2","skip","Bed, Bath & Living",""
"Hosver Tekstil Sanayi Ticaret Limited Sirketi","https://www.hosvertekstil.com.tr/","info@hosvertekstil.com.tr","+90 224 331 62 62","Türkiye","Bursa","16450","Ahmet Vefik Pasa OSB Mah. Karapinar Cad. No: 14, Kestel","3.0","","","0","hosver-tekstil-sanayi-ticaret-limited-sirketi","skip","no category booked",""
"House Covers Industries","www.house-covers.com","export@house-covers.com","+20 102 777 5100","Egypt","10th of Ramadan City","44629","Fifth Industrial Zone A5 37-38-40","4.2","Bed, Bath & Living","Blankets","5","house-covers-industries","skip","Bed, Bath & Living",""
"House of Incas","www.houseofincas.com","hoi@incas-group.com","+91 98110 31860","India","New Delhi","110020","X-8, Okhla Phase II","11.0","","","1","house-of-incas","skip","no category booked",""
"House of Looms","","","","India","Bhadohi","221401","Civil Lines Road, Power House","12.0","","","0","house-of-looms","skip","no category booked",""
"HOUSE OF RUGGEN","www.ruggen.in","info@ruggen.in","+91 70607 69129","India","Bhadohi","221402","","12.0","Carpets & Rugs","Fitted Carpets","0","house-of-ruggen-pvt-ltd","review","rug export house, confirm it sells to end buyers and not only to importers","rugs"
"Huafang Co., Ltd.","www.hfgf.cn","crh@hfgf.cn","","China","Binzhou Shandong","256602","118 Donghai 1st Road, Bincheng District","9.0","Bed, Bath & Living","Bed linen","5","huafang-coltd","skip","Bed, Bath & Living",""
"Hudabia Textile","www.hudabiatextile.com","ranaasfand@hudabiatextile.com","+92 321 2047070","Pakistan","Faisalabad","38000","19 Km Jaranwala Road","8.0","","","0","hudabia-textile","skip","no category booked",""
"Hüsler Nest Vertriebs GmbH","www.huesler-nest.de","","","Germany","Eichenzell","36124","Am Langen Acker 10","4.0","Smart Bedding","Bedsteads, bed slats, bedding systems | Duvets and pillows","5","huesler-nest-vertriebs-gmbh","skip","Smart Bedding",""
"Zhejiang Huide New Material Co., Ltd.","www.zjhdtextile.com","summer@zjhuide.com.cn","+86 186 2197 6515","China","Changxing Zhejiang","313100","No. 9-2 Xintang Road, Zhi Cheng Industrial Zone","8.0","","","5","zhejiang-huide-new-material-co-ltd","skip","no category booked",""
"Huifeng Intelligent Manufacturing Company Limited","www.huifengc.com","irentex@aliyun.com","+86 159 6753 1765","Hong Kong","Wanchai","999077","Room 1002, 10/F, Easey Commercial Building 253-261 Hennessy Road","8.0","Smart Bedding | Bed, Bath & Living","Bed linen | Duvets and pillows","5","huifeng-intelligent-manufacturing-company-limited","skip","Smart Bedding, Bed, Bath & Living",""
"Hungaria Pehely Feldolgozo Ipari Kft.","www.huntoll.hu","gabriella@huntoll.hu","+36 30 732 1616","Hungary","Mezökovacshaza","5800","Vasarhelyi ut. 35","4.0","Smart Bedding","Duvets and pillows | Fillings","5","hungaria-pehely-feldolgozo-ipari-kft","skip","Smart Bedding",""
"HUQAS APPAREL","","huzaifa@huqasapparel.com","+92 320 8665555","Pakistan","Faisalabad","38000","P-351/352 Punj Pulli, Ismail Road","8.0","Fibres and Yarns, Textile Materials, Finishing","Woven and knitted fabrics","5","huqas-apparel","skip","Fibres and Yarns, Textile Materials, Finishing",""
"Hussain Home Textile","www.hussainhometextile.com.pk","hussaint@brain.net.pk","+92 61 6301903","Pakistan","Multan","60000","17 Kassi Vehari Road, Plot No.171","8.0","Bed, Bath & Living","Table, kitchen linen and foils","3","hussain-home-textile","skip","Bed, Bath & Living",""
"HUSSAIN TEXTILES","www.hussaintextiles.com","hussain@hussaintextiles.com","+92 300 8202074","Pakistan","Karachi","74700","Plot # F/54, S.I.T.E Industrial D-2 Sindh","8.0","Bed, Bath & Living","Terry goods and towelling","5","hussain-textiles","skip","Bed, Bath & Living",""
"I Art Tour Limited","","tinazhou548@gmail.com","+852 3610 3176","Hong Kong","Central","","Unit 3A, 5/F., Far East Consortium Bldg 121 Des Voeux Road Central","8.0","Smart Bedding","Duvets and pillows | Mattresses","3","i-art-tour-limited","skip","Smart Bedding",""
"IBENA Textilwerke GmbH","www.ibena.de","info@ibena.de","+49 2871 2870","Germany","Bocholt","46395","Industriestr. 7-13","5.1","Bed, Bath & Living | Textile Technology","Bed linen | Digital print technology | Terry goods and towelling","0","ibena-textilwerke-gmbh","skip","Bed, Bath & Living, Textile Technology",""
"ICE-Agenzia per la Promozione all´Estero e l´Internazionalizzazione delle Imprese Italiane","www.ice.it","berlino@ice.it","+49 30 88440300","Italy","Rom","00144","Via Liszt 21","3.1;4.0;4.2","","","0","ice-agenzia-per-la-promozione-allestero-e-linternazionalizzazione-delle-imprese-italiane","skip","no category booked",""
"Ida Dokuma Tekstil San. Tic. Ltd. Sti.","","","","Türkiye","Bursa","16270","Samanli Mah. 4. Camlica Sok. No: 10/11","4.1","","","0","ida-dokuma-tekstil-san-tic-ltd-sti","skip","no category booked",""
"Ideal Fashion Industries","www.idealfashion.com.pk","yasir@idealfashion.com.pk","+92 300 2105048","Pakistan","Karachi","75300","C-2A, S.I.T.E, Main Manghopir Road","8.0","Bed, Bath & Living","Bed linen","3","ideal-fashion-industries","skip","Bed, Bath & Living",""
"IFI designs and colors","www.designsandcolors.com","exports@designsandcolors.com","+30 2399 051500","Greece","Kalamaria-Thessaloniki","551 34","Mavromati 16 & Kakoulidi 3","3.0","Window & Interior Decoration | Decorative & Furniture Fabrics","Curtains | Decorative fabrics","5","ifi-aebe","skip","Window & Interior Decoration, Decorative & Furniture Fabrics",""
"Ihsan Cotton Products (Pvt.) Ltd.","www.ihsancotton.com","madeups@ihsancotton.com","+92 42 35395262","Pakistan","Lahore","55150","4KM Raiwind Manga Road","8.0","","","5","ihsan-cotton-products-pvt-ltd","skip","no category booked",""
"IKT Surfaces and Textures SL","http://www.ikt-design.com","info@ikt-design.com","","Spain","Nules","12520","Calle La Mar 18","4.2","","","0","ikt-surfaces-and-textures-sl","skip","no category booked",""
"ILA HOME FASHIONS","www.ilahomefashions.com","devesh@ilahome.com","+91 180 264 9540","India","Panipat","132103","2Km Mile Stone, Near Karnal Octroi Post G.T. Road","11.0","","","0","ila-home-fashions","skip","no category booked",""
"Il Guanciale shpk","","","","Albania","Tirane","1001","Ndertese kapanon Rruga Mulliri i Vjeter Gjokaj, Vore","4.0","Decorative & Furniture Fabrics | Smart Bedding","Decorative cushions | Duvets and pillows","0","il-guanciale-shpk","skip","Decorative & Furniture Fabrics, Smart Bedding",""
"Iman Home Textile (Pvt.) Ltd.","www.imangroup.pk","ali@imanpk.com","+92 41 8816768","Pakistan","Faisalabad","38000","Muslim Town P-1089, Noorpur Road, Ali Block","8.0","Decorative & Furniture Fabrics | Bed, Bath & Living","Bed linen | Fabrics for bed linen","5","iman-home-textile-pvt-ltd","skip","Decorative & Furniture Fabrics, Bed, Bath & Living",""
"Imperial Export (India)","","arpit.khanna@imperialexportindia.com","+91 86070 00030","India","Panipat","132103","Plot No. 2, Sector-25, Part-2, Huda","8.0","Bed, Bath & Living","Bed linen | Blankets","5","imperial-export-india","skip","Bed, Bath & Living",""
"Indian Art Gallery","","suhail@indianartgallery.in","+91 94152 01423","India","Bhadohi, Uttar Pradesh","221401","Chauri Road Carpet City","11.0","Carpets & Rugs","Carpeting, flooring","5","indian-art-gallery","review","rug export house, confirm it sells to end buyers and not only to importers","rugs"
"Indian Carpet Centre","www.icchomes.com","info@icchomes.com","+91 93120 55162","India","New Delhi","110017","Adhchini 3A Sri Aurobindo Marg, New Delhi","12.0","Carpets & Rugs","Fitted Carpets","4","indian-carpet-centre","review","rug export house, confirm it sells to end buyers and not only to importers","rugs"
"Indian Cornucopia Lifestyle","","","+91 11 4165 5227","India","New Delhi","110020","F-24 Okhla Industrial Area Phase - 1","11.0","","","0","indian-cornucopia-lifestyle","skip","no category booked",""
"INDO COUNT INDUSTRIES LIMITED","www.indocount.com","asingh@indocount.com","+91 22 4151 1887","India","Mumbai","400021","301, Arcadia, 3rd Floor","9.0","Smart Bedding | Bed, Bath & Living","Bed linen | Mattress protectors and pads","5","indo-count-industries-limited","skip","Smart Bedding, Bed, Bath & Living",""
"Indorama Ventures Lifestyle Italy Spa","www.sinterama.com","","+39 015 249 5111","Italy","Sandigliano","13876","Via Antonio Gramsci 5","4.1","","","0","indorama-ventures-lifestyle-italy-spa","skip","no category booked",""
"Industrias Bitex, S.A.","www.industrias-bitex.com","bitex@industrias-bitex.com","+34 965 81 04 09","Spain","Biar","03410","Poligono Industrial 'Els Dos Pins' Parcela 70","4.1","Window & Interior Decoration | Decorative & Furniture Fabrics","Curtains | Technical textiles for the contract business","5","industrias-bitex-sa","skip","Window & Interior Decoration, Decorative & Furniture Fabrics",""
"INDUSTRIE RIUNITE SPALMATI SRL","www.irsspalmati.it","chiara.bettelli@irsspalmati.it","+39 0376 735366","Italy","Mariana Mantovana","46010","Zona Industriale 1","3.1","Decorative & Furniture Fabrics","Artificial leather | Outdoor fabrics","5","industrie-riunite-spalmati-srl","skip","Decorative & Furniture Fabrics",""
"Inertia International","inertia.sales1@gmail.com","arvind@inertiaintl.com","","India","Noida","201301","A-30 Sector-65, Gautam Buddha Nagar","12.0","","","0","inertia-international","skip","no category booked",""
"Infloor-Girloon GmbH & Co. KG","www.girloon.de","info@girloon.de","+49 5245 921940","Germany","Herzebrock-Clarholz","33442","Daimlerstr. 8-12","3.0","","","0","infloor-girloon-gmbh--co-kg","skip","no category booked",""
"Inivek Pte. Ltd.","","","","Singapore","Singapore","398007","#01-01 Mountbatten Road 229","8.0","Carpets & Rugs","Carpeting, flooring | Fitted Carpets","0","inivek-pte-ltd","take","Carpets & Rugs","rugs"
"inkfabrik Magali Beaulieu","www.inkfabrik.com","magali@inkfabrik.com","+33 6 71 72 45 41","France","La Souterraine","23300","8 rue Saint-Joseph","4.2","","","0","inkfabrik-magali-beaulieu","skip","no category booked",""
"Innaco Mak d.o.o.","","","","North Macedonia","Prilep","7500","Novo Lagovo Bb","4.0","","","0","innaco-mak-doo","skip","no category booked",""
"Innovative Design International","","bilal@design2100int.com","+91 98110 81645","India","Noida","201305","Block C, C-131 Hosiery Complex Road, Salapur Khadar, Phase-2 Gautam Budh Nagar","12.0","","","0","innovative-design-international","skip","no category booked",""
"Innovd (Shanghai) Industry Co., Ltd.","","","","China","Shanghai","201306","Room A-230, Building 1, No.1758 Luchaogang Road Lingang NewArea Pilot Free Trade Zone","12.1","","","0","innovd-shanghai-industry-co-ltd","skip","no category booked",""
"Interfabrics, S.L.","www.aquaclean.com","ajansen@aquaclean.com","+34 966 54 41 81","Spain","Alcoy","03801","Carretera de Alicante 76","4.1","Decorative & Furniture Fabrics","Furniture fabrics | Outdoor fabrics","4","interfabrics-sl","skip","Decorative & Furniture Fabrics",""
"International Textile Limited","www.internationaltextile.com","omer.arbi@internationaltextile.com","","Pakistan","Karachi","75600","Park Towers 205-208, 2nd Floor, Shahrah-E-Firdousi Clifton","9.0","Bed, Bath & Living","Table, kitchen linen and foils | Terry goods and towelling","5","international-textile-limited","skip","Bed, Bath & Living",""
"UAB 'INTERSCALIT'","www.interscalit.com","laimis.s@interscalit.com","+370 620 49569","Lithuania","Siauliu m. Siauliu m. sav.","76129","J. Basanaviciaus g. 103c","4.0","Smart Bedding","Duvets and pillows","2","uab--interscalit","skip","Smart Bedding",""
"Inter Tibbi Malzemeler Sanayi ve Ticaret Limited Sirketi","","","","Türkiye","Istanbul","34522","Osmangazi Mah. 3140 Sok. No: 2-1 Esenyurt","4.0","","","4","inter-tibbi-malzemeler-sanayi-ve-ticaret-limited-sirketi","skip","no category booked",""
"Inter Widex Wieslaw Mierzejewski","www.inter-widex.com.pl","info@inter-widex.com.pl","+48 89 741 44 86","Poland","Mragowo","11-700","ul. Gizycka 9","4.0","Smart Bedding","Duvets and pillows | Mattress protectors and pads","5","inter-widex-wieslaw-mierzejewski","skip","Smart Bedding",""
"Intrinsic Advanced Materials, LLC","","","","United States","Gastonia North Carolina","28054","531 Cotton Blossom Cir","4.0","Fibres and Yarns, Textile Materials, Finishing","Fibres and yarns | Woven and knitted fabrics","0","intrinsic-advanced-materials-llc","skip","Fibres and Yarns, Textile Materials, Finishing",""
"Ipet (HongKong) Industrial Limited","","ipetcare@gmail.com","+852 3174 6279","Hong Kong","Central","999077","Unit 3A, 5/F, Far East Consortium Building, 121 Des Voeux Road","8.0","Window & Interior Decoration | Bed, Bath & Living","Blankets | Curtains","2","ipet-hongkong-industrial-limited","skip","Window & Interior Decoration, Bed, Bath & Living",""
"Iris Innovations","www.irisinnovations.in","prathap@irisinnovations.in","+91 4324 248 087","India","Karur","639002","No. 207-A, Allwin Nagar, 1st Cross Covai Road, LNS Post","8.0","Bed, Bath & Living","Decorative cushions | Table, kitchen linen and foils","5","iris-innovations","skip","Bed, Bath & Living",""
"Irya Tekstil Sanayi Ve Ticaret Limited Sirketi","www.irya.com","cemal@irya.com","+90 8299656","Türkiye","Pamukkale, Denizli","20170","Akhan Mah.istiklal Cad.248 Sok. No: 1/a","5.1","Bed, Bath & Living","Terry goods and towelling","0","irya-tekstil-sanayi-ve-ticaret-limited-sirketi","skip","Bed, Bath & Living",""
"Isbay Tekstil Sanayi Ve Ticaret Limited Sirketi","www.isbaytekstil.com","sales@isbaytekstil.com","+90 224 211 28 01","Türkiye","Bursa","16245","Barakfakif OSB Mah. 17. Cad. No: 6a Kestel","4.1","","","5","isbay-tekstil-sanayi-ve-ticaret-limited-sirketi","skip","no category booked",""
"Islam Adel Muhammad Ali Abdullah And His Partner","www.nile-fiber.com","hossam_hassan@nilefiber.net","+20 100 010 1088","Egypt","Suez","11711","Expansion North Gulf Of Suez Industrial Area, Plot 495/96 A","4.1","Fibres and Yarns, Textile Materials, Finishing","Fibres and yarns | Textile finishing","3","islam-adel-muhammad-ali-abdullah-and-his-partner","skip","Fibres and Yarns, Textile Materials, Finishing",""
"Italpiume S.r.l.","www.italpiume.it","italpiume@italpiume.it","+39 0746 606281","Italy","Cittaducale","02015","Via Salaria 14","4.0","","","0","italpiume-srl","skip","no category booked",""
"J.A.D. Fabrics Sp. z o.o.","www.dankowski.pl","office@jadfabrics.pl","+48 600 809 402","Poland","Swarzedz","62-020","Zalasewo, Ul. Sielska 3","4.1","","","0","jad-fabrics-sp-z-oo","skip","no category booked",""
"Jaipur Rugs Company Limited","www.jaipurrugsco.com","jaipur@jaipurrugs.com","+91 88249 00646","India","Jaipur","302020","G-250 Mansarovar Ind. Area","11.0","","","0","jaipur-rugs-company-limited","skip","no category booked",""
"Jamal Fabrics (Pvt) Ltd.","www.jamalfabrics.com","jamal@jamalfabrics.com","+92 300 8000006","Pakistan","Lahore","54000","188 CCA Commercial, Phase 4, DHA","8.0","Decorative & Furniture Fabrics | Smart Bedding","Duvets and pillows | Fabrics for bed linen","5","jamal-fabrics-pvt-ltd","skip","Decorative & Furniture Fabrics, Smart Bedding",""
"Jambros Modern Flooring Co., Ltd.","www.jambrosinc.com","jambros.europe@yahoo.de","+86 10 8052 1733","China","Beijing Beijing Shi","100123","No. A8 Gaojing, Chaoyang Road A8125, 1st Floor, Chaoyang District","3.1","","","0","jambros-modern-flooring-co-ltd","skip","no category booked",""
"JAMILA ARTS","www.jamilaarts.com","sales@jamilaarts.com","+91 98390 34600","India","Bhadohi","221401","E3, Plot No.01 & 02, Carpet City Bida","12.0","Carpets & Rugs","Fitted Carpets","0","jamila-arts","review","rug export house, confirm it sells to end buyers and not only to importers","rugs"
"Jane Mosse Design","www.janemosse.co.uk","jane@janemosse.co.uk","+44 1264 361731","Great Britain and Northern Ireland","Andover, Hampshire","SP11 6HH","Enham Alamein The Old Farm House 83, Newbury Road","4.2","Textile Design","Design studio","0","jane-mosse-design","skip","Textile Design: sells designs to manufacturers, not products to shoppers",""
"Jawandsons Pvt. Ltd.","www.osterindia.com","balwant.jawsons@osterindia.com","","India","Ludhiana, Punjab","141123","B31-1147/5/18D, Chandigrah Road, Mundian Village Bholapur","8.0","","","0","jawandsons-pvt-ltd","skip","no category booked",""
"Jayanita Exports Private Limited","www.jayanita.com","sales@jayanita.com","","India","Greater Noida","201308","Plot No-2, Sector 40","3.0","","","0","jayanita-exports-private-limited","skip","no category booked",""
"JAY Franco Europe Limited","http://jayfranco.com","damien@jfranco.com","+1 718-916-2507","Great Britain and Northern Ireland","Newcastle Upon Tyne","NE1 1JF","1st Floor, 2 Collingwood Street","5.1","Bed, Bath & Living","Accessories | Bed linen","5","jay-franco-europe-limited","skip","Bed, Bath & Living",""
"JBY Creation SAS","www.jbycreation.fr","info@jbycreation.fr","+33 4 42 50 37 08","France","Rognac","13340","Nord 277 Avenue Laurent Lavoisier, ZI","3.0","Window & Interior Decoration | Decorative & Furniture Fabrics","Curtains | Decorative cushions","5","jby-creation-sas","skip","Window & Interior Decoration, Decorative & Furniture Fabrics",""
"JC International","","documents@jcinternational.co.in","+91 120 423 5940","India","Noida","201301","J-64, Sector -63 Guttam Buddhnagar","12.0","","","0","jc-international","skip","no category booked",""
"JEEA AHSEN TEXTILES (PVT.) LIMITED","www.jeeaahsen.com","asif@jeeaahsen.com","","Pakistan","Faisalabad","37020","Chak No. 7 J.B, Inside Zafar Fabrics (Pvt.) Limited","8.0","","","0","jeea-ahsen-textiles-pvt-limited","skip","no category booked",""
"Jerry Fabrics s.r.o.","www.jfabrics.cz","tesarova@jfabrics.cz","+420 605 063 812","Czech Republic","Jesenice","252 42","Topolova 485","5.1","Bed, Bath & Living","Bed linen | Terry goods and towelling","5","jerry-fabrics-sro","skip","Bed, Bath & Living",""
"Tongxiang Jiajun Textile Co., Ltd.","www.jiajunfz.com","lyx3366free@163.com","+86 135 8647 8106","China","Tongxiang Zhejiang","314503","655 Qianjin Road, Tudian Industrial Zone","12.1","Decorative & Furniture Fabrics","Decorative fabrics","5","tongxiang-jiajun-textile-co-ltd","skip","Decorative & Furniture Fabrics",""
"Ningbo Jiangbei Windowstar Trading Co., Ltd.","www.windowstar-china.com","juliettezhou@windowstar-china.com","+86 574 8738 3533","China","Ningbo Zhejiang","315000","Rm. 706 Building 2 KunTou Building, 199 Fengxu Road, Jiangbei","3.0","","","0","ningbo-jiangbei-windowstar-trading-co-ltd","skip","no category booked",""
"Jiangsu Tanghuang Group Co., Ltd.","www.tevel.cn","jessica@tevel.cn","+86 139 1458 0136","China","Zhenjiang Jiangsu","212327","Tevel Industry Park, Changli West Road, Huangtang Town, Danyang","9.0","Smart Bedding | Bed, Bath & Living","Bed linen | Duvets and pillows","0","jiangsu-tanghuang-group-coltd","skip","Smart Bedding, Bed, Bath & Living",""
"Zhejiang Jiersheng Textile Technology Co., Ltd","www.jestextile.com","kellyshen@jiersheng.com","+86 572 846 6583","China","Huzhou Zhejiang","313213","283 Hanghai Road, Deqing Area, Yuyue Town","12.1","Window & Interior Decoration | Decorative & Furniture Fabrics","Curtains | Decorative fabrics","5","zhejiang-jiersheng-textile-technology-co-ltd","skip","Window & Interior Decoration, Decorative & Furniture Fabrics",""
"J I International","","","","India","New Delhi","110024","F 160 Lajpat Nagar 1","11.0","","","5","j-i-international","skip","no category booked",""
"Jindal Ecotex Llp","www.jindalecotex.in","exports@jindalecotex.com","","India","Panipat","132103","E-43, Industrial Area, Near Old Court","8.0","","","5","jindal-ecotex-llp","skip","no category booked",""
"Jindal Texofab Ltd.","www.jindalhome.in","ravi.bohra@jindaltextiles.com","+91 99091 06555","India","Ahmedabad, Gujarat","382445","723, Phase 4, Vatva, GIDC","8.0","Smart Bedding | Bed, Bath & Living","Bed linen | Duvets and pillows","5","jindal-texofab-ltd","skip","Smart Bedding, Bed, Bath & Living",""
"Jindal Textile Industries Pvt.Ltd.","www.jindaltex.com","anshul.goel@jindaltex.com","+91 180 265 4003","India","Panipat","132103","E-1 Industrial Area Near Old Court","8.0","Bed, Bath & Living","Blankets","5","jindal-textile-industries-pvtltd","skip","Bed, Bath & Living",""
"Jing She International Co., Ltd.","","kelly25691229@gmail.com","","Taiwan","Taipei","112","1F, No. 86, Zhiyuan 2nd Rd. Beitou Dist.","12.1","Window & Interior Decoration | Decorative & Furniture Fabrics","Curtains | Decorative fabrics","0","jing-she-international-co-ltd","skip","Window & Interior Decoration, Decorative & Furniture Fabrics",""
"Zhejiang Jingzhi Import and Export Co., Ltd.","www.chinafabric.cc","shirleychen@rongwangtex.com","+86 572 611 4188","China","Huzhou Zhejiang","313100","Xuwang Industrial Park, Shuikou Village, Changxing","8.0","Decorative & Furniture Fabrics","Fabrics for bed linen | Furniture fabrics","3","zhejiang-jingzhi-import-and-export-co--ltd","skip","Decorative & Furniture Fabrics",""
"Zhejiang Jinnuo Textile Technology Co., Ltd.","www.jinnuotextile.com","yidan@jinnuotextile.com","+86 150 6724 2822","China","Huzhou Zhejiang","313109","Jiapu Industrial Zone B, Changxing","12.1","Window & Interior Decoration","Curtains","5","zhejiang-jinnuo-textile-technology-co--ltd","skip","Window & Interior Decoration",""
"Qingdao Jinxiang Hometextile Co., Ltd.","","xs930520@public.qd.sd.cn","+86 532 8099 9955","China","Qingdao Shandong","266000","Room 1111, Towel A, Qingdao Artech Plaza, No. 63 Haier Road","8.0","","","0","qingdao-jinxiang-hometextile-co-ltd","skip","no category booked",""
"Sri J. J. Lakshmi & Co.","info@jjlakshmi.com","info@jjlakshmi.com","+91 90001 33399","India","Seetharamapuram","534280","2-12/1, Ganesh Temple Street","8.0","","","0","sri-j-j-lakshmi--co","skip","no category booked",""
"J. K. Group of Companies","","kiyani@jkgroup.net","+92 41 2401011","Pakistan","Faisalabad","38000","29 KM Sheikhupura Road, Dramanwala More Khurrianwala .","8.0","Bed, Bath & Living","Bed linen | Terry goods and towelling","5","j-k-group-of-companies","skip","Bed, Bath & Living",""
"Joao & Feliciano S.A.","www.joaofeliciano.com","marta.castro@joaofeliciano.com","","Portugal","Riba de Ave","4765-252","Rua Joaquim Ferreira Junior 117","5.0","Bed, Bath & Living","Bed linen","5","joao--feliciano-sa","skip","Bed, Bath & Living",""
"John Cotton Europe Sp. z o.o.","www.johncotton.eu","kasia.chachelska@johncotton.eu","+48 74 845 64 46","Poland","Szczawno-Zdrój","58-310","John Cotton Europe 1","4.0","Smart Bedding","Duvets and pillows","4","john-cotton-europe-sp-z-oo","skip","Smart Bedding",""
"FRANCISCO JOVER, S.A.","www.jover.es","juanlu@jover.es","+34 965 59 05 07","Spain","Cocentaina","03820","Av. Alacant 69","4.1","Window & Interior Decoration | Decorative & Furniture Fabrics","Curtains | Technical textiles for the contract business","4","francisco-jover-sa","skip","Window & Interior Decoration, Decorative & Furniture Fabrics",""
"Textiles Joyper S.L.","www.texjoyper.es","jose@texjoyper.es","+34 965 59 03 38","Spain","Alcudia de Cocentaina","03820","Els Maulets","4.1","Decorative & Furniture Fabrics | Bed, Bath & Living","Decorative fabrics | Table, kitchen linen and foils","5","textiles-joyper-sl","skip","Decorative & Furniture Fabrics, Bed, Bath & Living",""
"J. R. Exports Pvt Ltd","www.jr-india.com","jrvns@jr-india.com","+91 98390 58300","India","Varanasi","221010","B-37/54-20 Girinagar Colony","12.0","Carpets & Rugs","Fitted Carpets","0","j-r-exports-pvt-ltd","review","rug export house, confirm it sells to end buyers and not only to importers","rugs"
"J. Sons Industries","www.jsonsindustries.com","info@jsonsindustries.com","+92 323 3232401","Pakistan","Karachi","75400","Plot No. 50, Sector-27, Korangi Industrial Area","8.0","Bed, Bath & Living","Terry goods and towelling","0","j-sons-industries","skip","Bed, Bath & Living",""
"Juan Campos, S.A.","www.juancampos.com","info@juancampos.com","+34 965 54 05 44","Spain","Alcoy","03801","Avenida de Elche 40","4.1","Window & Interior Decoration | Decorative & Furniture Fabrics","Curtains | Decorative fabrics | Outdoor fabrics","5","juan-campos-sa","skip","Window & Interior Decoration, Decorative & Furniture Fabrics",""
"Just Kids Ltd.","www.justkidsltd.co.uk","","","Great Britain and Northern Ireland","Sheffield","S6 4AA","58 Langsett Avenue","4.2","","","0","just-kids-ltd","skip","no category booked",""
"Kaaha Overseas","www.kaahaoverseas.com","","+91 99915 00010","India","Panipat","132103","Plot No-88 Sector-25 Part-1 Huda","12.0","Decorative & Furniture Fabrics | Carpets & Rugs","Decorative cushions | Fitted Carpets","5","kaaha-overseas","review","rug export house, confirm it sells to end buyers and not only to importers","rugs"
"Kabeer Industries","www.kabeerindustries.com","arun@kabeerindustries.com","+91 98961 21728","India","Panipat","132103","Plot# 17, Sec-29 Part-2 Huda","12.0","Bed, Bath & Living","Blankets | Decorative cushions","5","kabeer-industries","skip","Bed, Bath & Living",""
"Kabra Exports","www.kabraexports.com","kabra@kabraexports.com","","India","Greater Noida","201308","D-191 Export Promotion Industrial Area Gautambudh Nagar","12.0","","","1","kabra-exports","skip","no category booked",""
"Kacar Tekstil Turizm Yatirim Insaat Sanayi ve Ticaret Isletmeleri Anonim Sirketi","www.kacartextile.com","info@kacartextile.com","+90 224 241 46 50","Türkiye","Bursa","16140","No:29 Isiktepe OSB Mah. Kirmizi Cad. Nilüfer","3.1","Window & Interior Decoration | Decorative & Furniture Fabrics","Curtains | Furniture fabrics","5","kacar-tekstil-turizm-yatirim-insaat-sanayi-ve-ticaret-isletmeleri-anonim-sirketi","skip","Window & Interior Decoration, Decorative & Furniture Fabrics",""
"Kaleidoscope Surface Design Olesja Breuer","http://www.kaleidoscope-sd.com","info@kaleidoscope-sd.com","","Germany","Berlin","12623","Herderstr. 17","4.2","Wall Decoration | Textile Design","Design studio | Wall decoration, wall murals","0","kaleidoscope-surface-design-olesja-breuer","take","Wall Decoration","wallpaper"
"Kallergis Interior Textiles Ltd.","www.kallergisinteriors.gr","info@kallergisinteriors.gr","+30 21 0994 0947","Greece","Argiroupoli","164 52","Alimou 118","4.1","Decorative & Furniture Fabrics","Furniture fabrics | Outdoor fabrics","0","kallergis-interior-textiles-ltd","skip","Decorative & Furniture Fabrics",""
"Kamal Mills Pvt. Ltd.","www.kamalpk.com","junaid.tariq@kamal.com.pk","","Pakistan","Faisalabad","38000","3rd Km, Jhumra Khurrianwala Road","9.0","Bed, Bath & Living","Terry goods and towelling","5","kamal-mills-pvt-ltd","skip","Bed, Bath & Living",""
"Kamal Textile Mills (Private) Limited","www.kamaltextiles.com","muzzamil@kamaltextiles.com","+92 41 2424031","Pakistan","Faisalabad","38000","3.5 Km Jaranwala Road Khurrianwala","8.0","Window & Interior Decoration | Bed, Bath & Living","Bed linen | Curtains","5","kamal-textile-mills-private-limited","skip","Window & Interior Decoration, Bed, Bath & Living",""
"Kamýk Daunen s.r.o.","www.kamykdaunen.cz","info@kamykdaunen.cz","+420 778 476 511","Czech Republic","Kamyk nad Vltavou","262 63","Kamyk nad Vltavou 179","4.0","Smart Bedding","Duvets and pillows","3","kamk-daunen-sro","skip","Smart Bedding",""
"Hangzhou Kanghao Hualong Home Textile Products Co., Ltd.","","kristin@hualongfeather.com","","China","Hangzhou Zhejiang","311201","Building 1, No. 509, Dongrui 5th Road, Xintang Street, Xiaoshan District","8.0","","","0","hangzhou-kanghao-hualong-home-textile-products-co-ltd","skip","no category booked",""
"Kanha Worldwide LLP","kanhaexim.com","pradeep@kanhaworldwide.com","","India","Ahmedabad","382405","Sur-239-240/3 Palki, Saijpur-Gopalpur Road Narol, Daskroi","8.0","","","0","kanha-worldwide-llp","skip","no category booked",""
"Kanodia Fabrics (International)","www.kanodiadecor.com","sales@kanodiadecor.com","+91 98211 62536","India","Mumbai","400002","Kalbadevi Road 47, Dadiseth Agiary Lane, 2nd Fl.","8.0","Bed, Bath & Living","Bed linen","5","kanodia-fabrics-international","skip","Bed, Bath & Living",""
"Kanodia Global Pvt. Ltd.","www.kanodiaglobal.com","ashwani.kanodia@kanodiaglobal.com","","India","New Delhi","110020","Phase I B - 14/2, Okhla Industrial Area","8.0","","","5","kanodia-global-pvt-ltd","skip","no category booked",""
"Kansal International","","kansalinternational01@gmail.com","+91 98120 10137","India","Panipat","132103","Plot No. 124 Kansal International Sec-29, Part-1, Huda","12.0","Bed, Bath & Living | Carpets & Rugs","Blankets | Fitted Carpets","5","kansal-international","review","rug export house, confirm it sells to end buyers and not only to importers","rugs"
"KARAN EXPORTS","www.karanexports.com","","","India","Agra","282006","25/6 Old Vijay Nagar Colony","11.0","Carpets & Rugs","Fitted Carpets","0","karan-exports","review","rug export house, confirm it sells to end buyers and not only to importers","rugs"
"Kartar Associates","","preetym2000@gmail.com","+91 99822 21888","India","Ajmer","305001","Kartar Cottage, 2/32, Alwar Gate","11.0","Bed, Bath & Living","Bed linen | Table, kitchen linen and foils","5","kartar-associates","skip","Bed, Bath & Living",""
"Karupannya Rangpur Ltd.","www.karupannya.com.bd","selim@karupannya.com.bd","","Bangladesh","Rangpur","5400","Station Road","12.0","Carpets & Rugs","Fitted Carpets","5","karupannya-rangpur-ltd","review","rug export house, confirm it sells to end buyers and not only to importers","rugs"
"Karwel Z. Jedrychowski, K. Renski Spolka Jawna","www.karwel.com.pl","karwel@karwel.com.pl","+48 23 698 20 12","Poland","Dlutowo","13-203","Stare Dlutowo Ul. Tysiaclecia 39","3.0","","","5","karwel--z-jedrychowski-k-renski-spolka-jawna","skip","no category booked",""
"Kasatex Home Furnishing Pvt. Ltd.","www.rizwanexporthouse.com","","","India","Bhadohi","221303","Gopiganj, Puregulab","12.0","","","0","kasatex-home-furnishing-pvt-ltd","skip","no category booked",""
"Kaston Textiles Co., Ltd.","","","","Taiwan","Taoyuan","326019","Yangmei District No. 100, Ln. 796, Sec. 1, Minfu Rd.","12.1","","","0","kaston-textiles-co-ltd","skip","no category booked",""
"Kateka Co., Ltd.","https://www.katekacrafts.com/","katekatool@outlook.com","","Cambodia","Phnom Penh","12202","Building 19 Exchange Square 106","3.1","Decorative & Furniture Fabrics","Decorative fabrics | Furniture fabrics","0","kateka-co-ltd","skip","Decorative & Furniture Fabrics",""
"Katsu Creative Project","","k-c-p@mbox.kyoto-inet.or.jp","+81 75-882-9503","Japan","Ukyo-ku, Kyoto","615-0934","Hights Masaru 306, 31 Kitaura-cho Umezu","4.2","Textile Design","Design studio","0","katsu-creative-project","skip","Textile Design: sells designs to manufacturers, not products to shoppers",""
"Kausar Processing Industries (Pvt) Ltd.","www.kausar.com","ammar@kausar.com","+92 302 8666668","Pakistan","Faisalabad","38000","1 Km, Jaranwala Road, Khurrianwala","8.0","Smart Bedding | Bed, Bath & Living","Bed linen | Duvets and pillows","5","kausar-processing-industries-pvt-ltd","skip","Smart Bedding, Bed, Bath & Living",""
"Kaushal International","www.kaushalinternational.com","ajay@kaushalhome.com","+91 98110 40040","India","Noida","201301","E166, Sector 7","8.0","Bed, Bath & Living","Bed linen","5","kaushal-international","skip","Bed, Bath & Living",""
"Kav Exports","www.kavexports.in","sanjivekhanna@yahoo.com","+91 93357 38155","India","Bhadohi","221401","Khannapur 36 Civil Lines Road","11.0","Carpets & Rugs","Fitted Carpets","5","kav-exports","review","rug export house, confirm it sells to end buyers and not only to importers","rugs"
"KAV Global","","khanna.shrey20@gmail.com","+91 99560 61491","India","Bhadohi","221401","Civil Lines 36 Power House Road","11.0","Carpets & Rugs","Fitted Carpets","3","kav-global","review","rug export house, confirm it sells to end buyers and not only to importers","rugs"
"Kaybee Private Limited","www.grupokaybee.com","anuj.g@grupokaybee.com","+91 124 468 9913","India","Gurugram, Haryana","122001","3rd floor, B-Wing, 305-306, Signature To South City-1, Sector-29","8.0","","","0","kaybee-private-limited","skip","no category booked",""
"Kaynak Havlu Sanayi ve Ticaret A.S.","www.kaynaktextile.com","kaynakhavlu@kaynaktekstil.com","+90 258 371 00 21","Türkiye","Gümüsler- Denizli","20085","Zafer Mah. Kaynak Cad. No: 2","5.1","Bed, Bath & Living","Terry goods and towelling","4","kaynak-havlu-sanayi-ve-ticaret-as","skip","Bed, Bath & Living",""
"Kaysons Exports","","info@achalamit.in","","India","Agra","282002","105 Nehru Nagar","11.0","Bed, Bath & Living | Carpets & Rugs","Bath mats | Fitted Carpets","5","kaysons-exports","review","rug export house, confirm it sells to end buyers and not only to importers","rugs"
"Kayteks Örme Giyim San. ve Tic. A.S.","www.kayteks.com","melih@kayteks.com","","Türkiye","Denizli","20330","Denizli OSB Mah. 608 Cad. Kayteks Blok No: 4 Honaz","5.0","Fibres and Yarns, Textile Materials, Finishing","Woven and knitted fabrics","5","kayteks-oerme-giyim-san-ve-tic-as","skip","Fibres and Yarns, Textile Materials, Finishing",""
"K. B. Exports Pvt. Ltd.","www.kbexports.com","baig.sppakistan@gmail.com","+92 333 3505499","Pakistan","Karachi","38000","Sheikhupura Road, 19 K.M. .","8.0","Bed, Bath & Living","Bed linen | Terry goods and towelling","5","k-b-exports-pvt-ltd","skip","Bed, Bath & Living",""
"KBM Sp. z o.o.","www.kbm.com.pl","barbara.rotek@kbm.com.pl","+48 44 633 61 26","Poland","Belchatow","97-400","ul. Czyzewskiego 31a","3.0","Wall Decoration","Wallpapering accessories | Wallpapers","5","kbm-sp-z-oo","take","Wall Decoration","wallpaper"
"KBT Bettwaren Vertriebs GmbH & Co. KG","www.kbt.de","info@kbt-bettwaren.de","+49 2582 66280","Germany","Everswinkel","48351","Boschweg 47","4.0","Smart Bedding","Duvets and pillows","0","kbt-bettwaren-vertriebs-gmbh--co-kg","skip","Smart Bedding",""
"KeJe GmbH","www.kejegmbh.de","","","Germany","Essen","45329","Carnaperhof 7","3.0","","","0","keje-gmbh","skip","no category booked",""
"Theo Keller GmbH","www.theko-collection.com","info@theko-collection.com","+49 2327 308320","Germany","Bochum","44867","Lohackerstr. 30","3.0","Carpets & Rugs","Fitted Carpets","0","theo-keller-gmbh","take","Carpets & Rugs","rugs"
"Kerala Balers Private Limited","www.karan-group.com","mendez@karan-group.com","+91 477 224 3454","India","Alappuzha","688007","Kommady Ward A.S. Road Post Box No. 2823","12.0","Carpets & Rugs","Door mats and clean-off systems | Fitted Carpets","5","kerala-balers-private-limited","review","rug export house, confirm it sells to end buyers and not only to importers","rugs"
"Kerem Boyama Nakis Tekstil ve Örme San. Tic. Ltd. Sti.","www.keremtekstil.com.tr","info@keremtekstil.com.tr","+90 258 371 75 01","Türkiye","Denizli","20020","Bozburun Mah. 7115 Sok. No: 1","5.1","Bed, Bath & Living","Bed linen","4","kerem-boyama-nakis-tekstil-ve-oerme-san-tic-ltd-sti","skip","Bed, Bath & Living",""
"Keshardeo Combines","www.keshardeo.com","info@keshardeo.com","+91 22 3512 0666","India","Mumbai","400013","Kamala City, Senapati Bapat Marg Unit No. 203, 2nd floor, Trade World 'C' Wing Lower Parel (West)","8.0","Bed, Bath & Living","Terry goods and towelling","0","keshardeo-combines","skip","Bed, Bath & Living",""
"Kets Tekstil Turizm Ticaret A.S.","www.kadifeteks.com","kets@kadifeteks.com","+90 212 549 26 30","Türkiye","Istanbul","34670","Ikitelli Org. Sanayi Bölgesi Turgut Ozal Cad.No: 126","3.1","Decorative & Furniture Fabrics","Furniture fabrics | Technical textiles for the contract business","4","kets-tekstil-turizm-ticaret-as","skip","Decorative & Furniture Fabrics",""
"Khanna Carpet Collection","","","","India","Bhadohi","221401","Khannapuri, Civil Lines Road","11.0","Carpets & Rugs","Fitted Carpets","0","khanna-carpet-collection","review","rug export house, confirm it sells to end buyers and not only to importers","rugs"
"Khataiwalas Textiles & Home Furnishings","www.khataiwalas.com","khataiwalas@hotmail.com","+91 98290 53612","India","Jaipur, Rajasthan","302022","Tonk Road G1-271, Sitapura Industrial Area","12.0","","","0","khataiwalas-textiles--home-furnishings","skip","no category booked",""
"Khurshid Textiles","www.khurshidtextiles.com","hammad@khurshidtextiles.com","","Pakistan","Lahore","54400","73 Babar Block","8.0","","","3","khurshid-textiles","skip","no category booked",""
"Khyber Weavers International","www.khyberweavers.com","info@khyberweavers.com","+92 300 8419170","Pakistan","Kasur","55050","17-K M, Ferozepur Road, Near Wadana Stop, Kasur","11.0","","","0","khyber-weavers-international","skip","no category booked",""
"King Yarn","www.nirayatk.in","info@niryatak.in","+91 99355 84477","India","Kanpur Nagar","208011","O Block 133/23 Kidwai Nagar","12.0","Carpets & Rugs","Fitted Carpets","5","king-yarn","review","rug export house, confirm it sells to end buyers and not only to importers","rugs"
"Kishan International","www.kishansilkint.com","vickysilks1@gmail.com","+91 80 4147 2193","India","Bangalore","560009","# 14, 14/1, 14/2, Seshadri Road","11.0","Window & Interior Decoration | Decorative & Furniture Fabrics","Curtains | Decorative fabrics","5","kishan-international","skip","Window & Interior Decoration, Decorative & Furniture Fabrics",""
"K.K.P Fine Linen Pvt. Ltd.","www.kkpfinelinen.com","flsm@kkpindia.com","+91 4286 276 066","India","Namakkal","637001","88 Salem Road","9.0","","","5","kkp-fine-linen-pvt-ltd","skip","no category booked",""
"Klassik Lamitex Pvt. Ltd.","","info@klassik.in","","India","Rewari, Haryana","123106","Sanpli, PO Raliawas 84 Milestone, NH-8","3.1","","","0","klassik-lamitex-pvt-ltd","skip","no category booked",""
"KN Terry Tex","","rameez@babeimpex.com","+92 300 8215025","Pakistan","Karachi","75600","D62/A SITE Superhighway D62/A","8.0","Bed, Bath & Living","Terry goods and towelling","5","kn-terry-tex","skip","Bed, Bath & Living",""
"Kobe Fabrics B.V.","","","","Netherlands","Tilburg","5026 SC","La Defense 11","3.0","Window & Interior Decoration | Decorative & Furniture Fabrics","Curtains | Furniture fabrics","0","kobe-fabrics-bv","skip","Window & Interior Decoration, Decorative & Furniture Fabrics",""
"Kobe Tekstil San. Ve Tic. Ltd. Sti.","www.kobetekstil.com.tr","sultan@kobetekstil.com.tr","+90 7021602","Türkiye","Honaz / Denizli","20330","Organize Sanayi Bölgesi, 2. Kisim Hüsnü Örnek Cad. No: 27","5.0","","","5","kobe-tekstil-san-ve-tic-ltd-sti","skip","no category booked",""
"Kohinoor Carpet","www.kohinoorcarpets.in","chhaya@kohinoorcarpet.in","","India","Panipat","132103","Tehsil Camp 283 Subhash Nagar, G.T. Road","12.0","","","0","kohinoor-carpet","skip","no category booked",""
"Kohinoor Textile Mills Limited","www.kmlg.com","khalid.munir@kmlgpk.com","+92 51 5495382","Pakistan","Rawalpindi","46000","Peshawar Road","9.0","Smart Bedding | Bed, Bath & Living","Bed linen | Duvets and pillows","0","kohinoor-textile-mills-limited","skip","Smart Bedding, Bed, Bath & Living",""
"Peter Kohl Nachf. Franz Kohl KG","www.peterkohl.com","info@peterkohl.com","+49 6145 5090","Germany","Flörsheim am Main","65439","Hafenstr. 25","4.0","Smart Bedding","Fillings","0","peter-kohl-nachf-franz-kohl-kg","skip","Smart Bedding",""
"Kolon Industries, Inc.","https://www.kolonindustries.com/en/product/polyesterind","selim_oh@kolon.com","+82 10-8027-0283","Korea, the Republic of (South)","Seoul","07793","Kolon One & Only Tower 110 Magokdong-ro, Gangseo-gu","4.0","Smart Bedding | Fibres and Yarns, Textile Materials, Finishing","Fibres and yarns | Mattress protectors and pads","4","kolon-industries-inc","skip","Smart Bedding, Fibres and Yarns, Textile Materials, Finishing",""
"Korteks Mensucat Sanayi ve Ticaret Anonim Sirketi","www.korteks.com.tr","korteks.info@zorlu.com","+90 224 219 11 00","Türkiye","Bursa","16140","Fethiye OSB Mahallesi Sarı Cad. No: 9","4.1","Fibres and Yarns, Textile Materials, Finishing","Fibres and yarns","5","korteks-mensucat-sanayi-ve-ticaret-anonim-sirketi","skip","Fibres and Yarns, Textile Materials, Finishing",""
"Kovantex BV","www.kovantex.be","info@kovantex.be","+32 56 71 76 57","Belgium","Harelbeke","8530","Vaarnewijkstraat 9","3.1","","","0","kovantex-bv","skip","no category booked",""
"Krass + Wissing GmbH Textile Bänder","www.krasspluswissing.de","info@krasspluswissing.de","+49 2552 93840","Germany","Steinfurt","48565","Webereistr. 1","4.0","Window & Interior Decoration","Curtains | Window decoration accessories","5","krass--wissing-gmbh-textile-baender","skip","Window & Interior Decoration",""
"Kresta loom Pvt., Ltd.","","director@krestaloom.com","","India","Noida","201301","First floor, B-77, Sector -67 Gautam Buddha Nagar","12.1","","","0","kresta-loom-pvt-ltd","skip","no category booked",""
"Krishna Sales Corporation","www.krishnacorp.com","","","India","Hathras","204101","B 3 4 5, Industrial Estate","12.0","","","0","krishna-sales-corporation","skip","no category booked",""
"KRITI & KUNAL","www.kritiandkunal.com","","","India","Delhi","110092","I P Extension Delhi 2 Madhuvan","4.2","Wall Decoration | Textile Design","Design studio | Wallpapers","0","kriti--kunal","take","Wall Decoration","wallpaper"
"Krushna Cotex Pvt. Ltd.","www.deesangroup.com","pravin.kavathekar@deesangroup.com","+91 22 4276 6666","India","Mumbai, Maharashtra","400054","4/A, Vikas Centre, 104, S.V. Road","8.0","","","5","krushna-cotex-pvt-ltd","skip","no category booked",""
"KT Exclusive GmbH","www.kt-exclusive.com","yana@kt-exclusive.com","+49 211 4155840","Germany","Düsseldorf","40472","Wahlerstr. 37 C","3.0","Wall Decoration | Decorative & Furniture Fabrics","Decorative fabrics | Wallpapers","5","kt-exclusive-gmbh","already live","already sourced in wave 2 or Salone","wallpaper"
"Kücükcalik Tekstil San. ve Tic. A.S","www.kucukcalik.com.tr","info@kcalik.com","+90 224 714 80 85","Türkiye","Bursa","16400","Suleymaniye Organize Sanayi Bölgesi 1. Cad. No: 39 Sonu Inegöl","3.0","","","5","kuecuekcalik-tekstil-san-ve-tic-as","skip","no category booked",""
"Kücükerler Tekstil San. ve Tic. Ltd. Sti","www.kucukerler.com","sales2@kucukerler.com","+90 224 261 54 84","Türkiye","Bursa","16369","Dosab Cigdem Sok. No: 12","4.1","Decorative & Furniture Fabrics","Decorative fabrics | Furniture fabrics","4","kuecuekerler-tekstil-san-ve-tic-ltd-sti","skip","Decorative & Furniture Fabrics",""
"Kücüker Tekstil San. ve Tic. A.S.","www.kucuker.com","merve@kucuker.com","+90 258 267 15 16","Türkiye","Denizli","20170","Güzelköy Güzelköy Mah. 233 Sokak No: 4","5.1","","","4","kuecueker-tekstil-san-ve-tic-as","skip","no category booked",""
"Laaj International","www.laajinternational.com","laaj@laajinternational.com","+91 11 4141 8661","India","New Delhi","110028","A/2 Phase-1, Naraina Industrial Area","12.0","Bed, Bath & Living","Bed linen | Blankets","5","laaj-international","skip","Bed, Bath & Living",""
"Ladin Ithalat Ihracat Sanayi ve Ticaret Ltd. Sti.","www.ladinne.com","info@ladinne.com","+90 258 269 19 62","Türkiye","Denizli","20330","Organize Sanayi Bolgesi 2. Kisim Ali Riza Ozturk Cad. No: 19","5.1","Bed, Bath & Living","Bed linen | Terry goods and towelling","5","ladin-ithalat-ihracat-sanayi-ve-ticaret-ltd-sti","skip","Bed, Bath & Living",""
"Laguna Lakástextil Kereskedelmi Kft.","www.lagunatextil.com","info@lagunatextil.com","+36 94 512 976","Hungary","Szombathely","9700","Minerva utca 3","3.0","","","0","laguna-lakstextil-kereskedelmi-kft","skip","no category booked",""
"Laiq Rehman Textile Mills Pvt. Ltd.","","paom@pakagrogroup.com","+92 302 8247033","Pakistan","Karachi","74000","Suit No.1409-1410 14th fl., Chapal Plaza Hasrat Mohani Road","8.0","Bed, Bath & Living","Terry goods and towelling","1","laiq-rehman-textile-mills-pvt-ltd","skip","Bed, Bath & Living",""
"Lakhany Silk Mills (Pvt) Ltd.","www.lsmtowels.com","furqanlakhany@lsmtowels.com","+92 21 34526401","Pakistan","Karachi","75350","8-C, Muhammad Ali Housing Society","8.0","","","0","lakhany-silk-mills-pvt-ltd","skip","no category booked",""
"Lakshmi Handicrafts","www.crewelleather.com","upiplani@crewelleather.com","+91 124 428 4000","India","Gurgaon","122001","37-B, Udyog Vihar Phase VI","11.0","","","5","lakshmi-handicrafts","skip","no category booked",""
"Lalee OHG","www.lalee.de","info@lalee.de","+49 2421 555900","Germany","Düren","52353","Am Langen Graben 28b","3.1","Bed, Bath & Living | Carpets & Rugs","Bath mats | Fitted Carpets","5","lalee-ohg","take","Carpets & Rugs","rugs"
"Lale Mefrusat Sanayi Ticaret ve Pazarlama Anonim Sirketi","www.la-teks.com.tr","info@la-teks.com","+90 212 789 27 07","Türkiye","Istanbul","34540","Muratbey Merkez Mah. No: 64/1 Catalca Yolu Cad., Catalca","4.1","Window & Interior Decoration","Curtains","3","lale-mefrusat-sanayi-ticaret-ve-pazarlama-anonim-sirketi","skip","Window & Interior Decoration",""
"LAL Industries","www.lalindustries.com","usman@lal1999.com","+92 61 6741134","Pakistan","Multan","60000","Khanewal Road 15-km","8.0","","","2","lal-industries","skip","no category booked",""
"Lameirinho - Indústria Textil, S.A.","www.lameirinho.pt","marketing@lameirinho.pt","+351 253 422 000","Portugal","Guimaraes","4835-309","Rua do Burgo 651","5.0","Bed, Bath & Living","Bed linen","4","lameirinho---indstria-textil-sa","skip","Bed, Bath & Living",""
"Laminats Orient S.L.","www.laminatesorient.eu","orient@laminatesorient.eu","+34 972 86 40 00","Spain","Hostalric","17450","C/ Via Romana s/n","4.0","Decorative & Furniture Fabrics | Fibres and Yarns, Textile Materials, Finishing","Fabrics for bed linen | Woven and knitted fabrics","5","laminats-orient-sl","skip","Decorative & Furniture Fabrics, Fibres and Yarns, Textile Materials, Finishing",""
"LLC 'LANAVITTA'","lanavitta.com","0957739893@ukr.net","+380 95 773 9893","Ukraine","Sumy","40020","Peremohy avenue 147","4.2","Bed, Bath & Living","Blankets","0","llc-lanavitta","skip","Bed, Bath & Living",""
"Larsen Production ApS","www.cellsolution.eu","c.horn@cellsolution.eu","","Denmark","Them","8653","Mosevangen 1","4.0","Smart Bedding | Functional features","Duvets and pillows | Functional features Smart Bedding","2","larsen-production-aps","skip","Smart Bedding, Functional features",""
"L`Atelier Design Studio Eurl","www.latelierstudio.com","arnaud@latelierstudio.com","+33 6 30 04 06 15","France","Marseille","13001","16 Domaine Ventre","4.2","Textile Design","Design studio","0","latelier-design-studio-eurl","skip","Textile Design: sells designs to manufacturers, not products to shoppers",""
"Lauren Wan Design","https://www.laurenwan.com/","lauren@laurenwan.com","+1 201-218-2868","United States","Demarest New Jersey","07627","7 Laurel Road","4.2","Textile Design","Design studio","0","lauren-wan-design","skip","Textile Design: sells designs to manufacturers, not products to shoppers",""
"LDS PRODUCTION uvoz-izvoz DOOEL Shtip","www.lds.mk","office@lds.mk","+389 71 260 553","North Macedonia","Shtip","2000","Zheleznichka 24b","4.0","Smart Bedding","Duvets and pillows | Mattress protectors and pads","4","lds-production-uvoz-izvoz-dooel-shtip","skip","Smart Bedding",""
"Lealea Enterprise Co., Ltd.","https://www.lealeagroup.com.tw/","jackson@lealea.com.tw","","Taiwan","Taipei","104488","11F, No. 162, Songjiang Rd. Zhongshan Dist.","12.1","Window & Interior Decoration","Curtains","5","lealea-enterprise-co-ltd","skip","Window & Interior Decoration",""
"Le Cadeau Berbere","www.lecadeauberbere.com","artfolk2000@gmail.com","+212 661-312100","Morocco","Marrakech","40000","51 Place Jemaa Lfna","3.0","","","0","le-cadeau-berbere","skip","no category booked",""
"Lech Fabrics Sp. z o.o.","www.lechfabrics.com","lech@lechfabrics.com","+48 61 817 21 99","Poland","Kostrzyn","62-025","Krajowa 17","3.1","Decorative & Furniture Fabrics","Decorative fabrics | Furniture fabrics","5","lech-fabrics-sp-z-oo","skip","Decorative & Furniture Fabrics",""
"Lee Design Studio","www.leedesignstudio.kr","lee.studio@hotmail.com","+82 70-7500-5891","Korea, the Republic of (South)","Seoul","02862","Rm. 302, Seongbuk Building 261","4.2","Wall Decoration | Textile Design","Design studio | Wallpapers","0","lee-design-studio","take","Wall Decoration","wallpaper"
"Lefebvre Textile SAS","www.today.fr","gregory.bricout@today.fr","+33 3 20 62 24 18","France","Seclin","59113","20 Rue Luyot","5.1","Decorative & Furniture Fabrics | Bed, Bath & Living","Bed linen | Decorative fabrics","5","lefebvre-textile-sas","skip","Decorative & Furniture Fabrics, Bed, Bath & Living",""
"Lenzing AG","www.lenzing.com","office@lenzing.com","","Austria","Lenzing","4860","Werkstraße 2","4.0","Decorative & Furniture Fabrics | Smart Bedding","Fillings | Furniture fabrics","5","lenzing-ag","skip","Decorative & Furniture Fabrics, Smart Bedding",""
"Leo Rugs","https://leorugs.com/","a.hamed@leorugsco.com","+20 100 177 6680","Egypt","10th of Ramadan","3862","Plot 6, between A1 & A6, Industrial Zone","3.1","Carpets & Rugs","Fitted Carpets","5","leo-rugs","review","rug export house, confirm it sells to end buyers and not only to importers","rugs"
"Lexsz Plastics Ltd.","","sales.rachel@lexsz.com","","Nigeria","Ogun","110015","Km 40, Lagos Expressway Mowe","4.0","","","2","lexsz-plastics-ltd","skip","no category booked",""
"Libeco NV","www.libeco.com","info@libeco.be","+32 51 48 89 21","Belgium","Meulebeke","8760","Tieltstraat 112","3.1","Window & Interior Decoration | Decorative & Furniture Fabrics","Curtains | Decorative fabrics | Fabrics for bed linen | Furniture fabrics","5","libeco-nv","skip","Window & Interior Decoration, Decorative & Furniture Fabrics",""
"Liberty Mills Ltd.","www.libertymillslimited.com","muneer.ahmed@libertymillslimited.com","+92 21 32578103","Pakistan","Karachi","75700","A/51-A, S.I.T.E.","9.0","Bed, Bath & Living","Bed linen | Blankets","5","liberty-mills-ltd","skip","Bed, Bath & Living",""
"Lifefun International Trade Co., Limited","http://rainbowhomefashion.com","zj@rainbow555.com","","Hong Kong","Kowloon","","Flat 2401-16, Wing Shing Industrial Building 26 Ng Fong Street San Po Kong","8.0","Smart Bedding | Bed, Bath & Living","Bed linen | Duvets and pillows","5","lifefun-international-trade-co-limited","skip","Smart Bedding, Bed, Bath & Living",""
"LILI GRAFFITI Sarl","www.liligraffiti.fr","nathalie@liligraffiti.fr","+33 3 66 97 96 06","France","Ronchin","59790","44 Rue Francisco Ferrer","4.2","Textile Design","Design studio | Style bureau","0","lili-graffiti-sarl","skip","Textile Design: sells designs to manufacturers, not products to shoppers",""
"UAB ""Linas LT""","www.linas.lt","vilita.kubiliene@linas.lt","+370 658 00137","Lithuania","Panevezys","35114","S. Kerbedzio Str. 23","4.2","Bed, Bath & Living","Blankets | Table, kitchen linen and foils","5","uab-linas-lt","skip","Bed, Bath & Living",""
"SA Etablissements Linder","www.linder.fr","linder@linder.fr","+33 4 74 63 99 66","France","Violay","42780","395 Rue Celestin Linder","3.0","Window & Interior Decoration | Decorative & Furniture Fabrics","Curtains | Decorative fabrics","5","sa-etablissements-linder","skip","Window & Interior Decoration, Decorative & Furniture Fabrics",""
"Linen Home","www.linenhome.com.pk","ahsan@linenhome.com.pk","+92 41 8766411","Pakistan","Faisalabad","38000","Chak# 117 J.B. Dhanola-Samana Road","8.0","","","5","linen-home","skip","no category booked",""
"Line Textile Co., Ltd.","www.linetextile.co.kr","linepjw@linetextile.co.kr","+82 10-5415-2863","Korea, the Republic of (South)","Seoul","04598","2 Floor 25, 11-gil, Dasan-ro Jung-gu","8.0","Decorative & Furniture Fabrics | Bed, Bath & Living","Bed linen | Fabrics for bed linen","0","line-textile-co-ltd","skip","Decorative & Furniture Fabrics, Bed, Bath & Living",""
"Li Peng Enterprise Co., Ltd.","www.lipeng.com.tw","crystal@lipeng.com.tw","","Taiwan","Taipei","104488","5F, No. 162, Songjiang Rd. Zhongshan Dist.","12.1","Window & Interior Decoration","Curtains","5","li-peng-enterprise-co-ltd","skip","Window & Interior Decoration",""
"Zhejiang Liuqiao Industrial Co., Ltd.","www.lqfeather.com","yingzt@mail.lqfeather.com","","China","Hangzhou Zhejiang","311201","No. 288 Dongkang Road, Xintang Street","4.0","","","0","zhejiang-liuqiao-industrial-co-ltd","skip","no category booked",""
"LIVING HOME Bed & Bath GmbH","www.livinghomebedandbath.com","info@livinghomebedandbath.com","+49 711 239720","Germany","Stuttgart","70180","Olgastrasse 87","5.1","Bed, Bath & Living","Bed linen","0","living-home-bed--bath-gmbh","skip","Bed, Bath & Living",""
"Jiande Longma Hometextiles Co., Ltd.","www.jdlmijf.com","juebingjiang@gmail.com","+86 571 6471 3228","China","Jiande Zhejiang","311606","98 Jiaoshuwan Industrial Zone, Xiaya","8.0","Bed, Bath & Living","Blankets","5","jiande-longma-hometextiles-co-ltd","skip","Bed, Bath & Living",""
"Looms & Knots","www.loomsnknots.com","ashish@loomsnknots.com","+91 90530 02501","India","Karnal","132114","Tehsil Gharaunda, Alipur Khalsa Khasra No. 37/18,19/1,19/2,20/1","12.0","Carpets & Rugs","Fitted Carpets","4","looms--knots","review","rug export house, confirm it sells to end buyers and not only to importers","rugs"
"Loomtex Exports","www.instagram.com/loomtex_exports","kaleeswaran.p@zenclassicgroup.com","","India","Chennai","600031","107, Harrington Road, Chetpet #3, 2nd Floor, Salzburg Square","8.0","","","5","loomtex-exports","skip","no category booked",""
"LOOOK Design Studio - Lea Leiner","www.loook-studio.com","lea@loook-studio.com","+49 179 6641582","Germany","Berlin","10827","Kolonnenstr. 56","4.2","Textile Design","Design studio | Style bureau","0","loook-design-studio---lea-leiner","skip","Textile Design: sells designs to manufacturers, not products to shoppers",""
"Louisun Korea Co., Ltd.","","sharkko@mylouisun.com","","Korea, the Republic of (South)","Seoul","06616","Seocho-Gu Rm #601 Bldg. 160 Palas Building, Sewonro","12.0","Bed, Bath & Living","Blankets","5","louisun-korea-co-ltd","skip","Bed, Bath & Living",""
"L S Mills Limited","www.lsmills.com","info@lsmills.in","","India","Theni, Tamil Nadu","625531","#351, Madurai Road","9.0","Smart Bedding | Bed, Bath & Living","Bed linen | Duvets and pillows","5","l-s-mills-limited","skip","Smart Bedding, Bed, Bath & Living",""
"LUCK STAAR EXPORTS","www.luckstaar.com","info@luckstaar.com","+91 4324 237 269","India","Karur","639002","149/G, Kamarajapuram North, Sengunthapuram P.O.","8.0","Bed, Bath & Living","Table, kitchen linen and foils","5","luck-staar-exports","skip","Bed, Bath & Living",""
"Lucky Impex","www.luckyimpex.com","info@luckyimpex.com","+92 21 34542772","Pakistan","Karachi","75350","157, Banglore Town, Tipu Sultan Road","8.0","Smart Bedding | Bed, Bath & Living","Bed linen | Duvets and pillows","5","lucky-impex","skip","Smart Bedding, Bed, Bath & Living",""
"Lucky Textile Mills Ltd.","www.luckytextilemills.biz","shahidlakhani@luckytextilemills.biz","+92 321 2595578","Pakistan","Karachi","75950","L-8 Block 21, Federal B Area","9.0","Window & Interior Decoration | Bed, Bath & Living","Bed linen | Curtains","5","lucky-textile-mills-ltd","skip","Window & Interior Decoration, Bed, Bath & Living",""
"Lüks Kadife Tic. ve San. A.S.","www.lukskadife.com.tr","","+90 352 321 40 61","Türkiye","Kayseri","38070","Organize Sanayi Bölgesi 18 Cad.","4.1","","","2","lueks-kadife-tic-ve-san-as","skip","no category booked",""
"Luisella D. disegni di Donegana Luisella","","luiselladonegana@gmail.com","+39 031 271285","Italy","Como","22100","Via Recchi 2","4.2","Textile Design","Design studio","0","luisella-d-disegni-di-donegana-luisella","skip","Textile Design: sells designs to manufacturers, not products to shoppers",""
"Lumatex Industria Textil, Lda.","www.lumatex.com","manuela@lumatex.com","+351 253 560 260","Portugal","Guimaraes","4835-209","Rua de Santo Amaro 911","5.0","Bed, Bath & Living","Bed linen","5","lumatex-industria-textil-lda","skip","Bed, Bath & Living",""
"LUSHH Home International Limited","","635262823@qq.com","","Hong Kong","Central","999077","Room 301, Kam On Bldg 176A Queen's Road Central","12.1","Window & Interior Decoration","Curtains","0","lushh-home-international-limited","skip","Window & Interior Decoration",""
"Luxury Home Furnishings","www.luxuryhomefurnishings.in","raghav@luxuryhomefurnishings.in","+91 90505 00999","India","Panipat","132103","Plot No. 5, Sector-29, Part-2, Huda","8.0","Decorative & Furniture Fabrics | Smart Bedding","Decorative cushions | Duvets and pillows","5","luxury-home-furnishings","skip","Decorative & Furniture Fabrics, Smart Bedding",""
"Maa Collections","www.maacollections.com","info@maacollections.com","","India","Panipat","132103","Plot No. 123, Sec-29, Part-1, Huda Haryana","12.0","Bed, Bath & Living | Carpets & Rugs","Blankets | Fitted Carpets","5","maa-collections","review","rug export house, confirm it sells to end buyers and not only to importers","rugs"
"Mac Carpet","www.maccarpet.com","info@maccarpet.com","+20 55 4499250","Egypt","10th of Ramadan City, Sharkia","44629","Industrial Zone B1-B3","3.1","Bed, Bath & Living | Carpets & Rugs","Bath mats | Door mats and clean-off systems","5","mac-carpet","review","rug export house, confirm it sells to end buyers and not only to importers","rugs"
"Magna Processing Industries (Pvt) Ltd.","www.magnaprocessing.com","info@magnaprocessing.com","+92 41 2424070","Pakistan","Faisalabad","38000","2.6 KM Khurrianwala-Jaranwala Road","8.0","Smart Bedding | Bed, Bath & Living","Bed linen | Duvets and pillows","5","magna-processing-industries-pvt-ltd","skip","Smart Bedding, Bed, Bath & Living",""
"Maguari Textile","www.maguaritextile.com","karachi@maguaritextile.com","+92 21 36962433","Pakistan","Karachi","75700","Plot # Ci-45, Sector 6/B, North, Karachi Industrial Area","8.0","Window & Interior Decoration | Decorative & Furniture Fabrics","Curtains | Furniture fabrics","5","maguari-textile","skip","Window & Interior Decoration, Decorative & Furniture Fabrics",""
"Mahaajay Spinners India Pvt. Ltd.","www.mahaspinners.com","asokan@mahaspinners.com","+91 94437 11309","India","Salem","636140","Gundukallur 3/91 Salem, Attur Main Road","8.0","","","5","mahaajay-spinners-india-pvt-ltd","skip","no category booked",""
"Mahalaxmi Exports Pvt. Ltd.","www.mrtglobal.com","anand@mahalaxmigroup.net","+91 99099 11259","India","Ahmedabad","380015","Polytechnic Road, Ambawadi YSL Avenue, Opp, Ketav Petrol Pump","8.0","Bed, Bath & Living","Bed linen","5","mahalaxmi-exports-pvt-ltd","skip","Bed, Bath & Living",""
"MAHEE INTERNATIONAL","www.maheeinternational.com","","+92 21 32590147","Pakistan","Karachi","74200","F/413-B Area","8.0","Bed, Bath & Living","Bed linen | Terry goods and towelling","5","mahee-international","skip","Bed, Bath & Living",""
"Mahi Exports","www.mahiexports.net","sorabh@mahiexports.net","","India","Mumbai","400093","1st Floor, Unit No.116, Ackruti Star MIDC, Central Road, Andheri East","8.0","Bed, Bath & Living","Terry goods and towelling","5","mahi-exports","skip","Bed, Bath & Living",""
"Mahmood Textile Mills Ltd.","www.mahmoodgroup.com","akmal@mahmoodgroup.com","+92 345 7235174","Pakistan","Multan","60000","No. 28 Mehr Manzil, Lahori Gate, P.O. Box,","8.0","Decorative & Furniture Fabrics | Fibres and Yarns, Textile Materials, Finishing","Fabrics for bed linen | Fibres and yarns","1","mahmood-textile-mills-ltd","skip","Decorative & Furniture Fabrics, Fibres and Yarns, Textile Materials, Finishing",""
"Maisonette Tekstil Sanayi ve Ticaret AS","www.maisonette.com.tr","turker.guldemet@sankohavlu.com","+90 342 211 56 22","Türkiye","Gaziantep","27620","3. Organize Sanayi Bolgesi 83304","5.1","Bed, Bath & Living","Terry goods and towelling","5","maisonette-tekstil-sanayi-ve-ticaret-as","skip","Bed, Bath & Living",""
"Mako Textil SL","","gabriel@makotextil.com","+34 966 50 08 39","Spain","Cocentaina","03830","Avda. Xativa 88","4.1","","","0","mako-textil-sl","skip","no category booked",""
"Makroteks Tekstil San. ve. Tic. Ltd. Sti","www.makroteks.com","info@makroteks.com","+90 258 274 65 95","Türkiye","Denizli","20155","Akhan Mah. Ataturk Bulv. No: 117 Pamukkale","5.1","Bed, Bath & Living","Terry goods and towelling","5","makroteks-tekstil-san-ve-tic-ltd-sti","skip","Bed, Bath & Living",""
"Malani Exim International","www.malanigroup.com","malani@malanigroups.com","+91 98110 47185","India","New Delhi","110054","5-A Ganpati Cottage, Ground Floor, 1-A Court Road","12.0","Window & Interior Decoration","Curtains | Window decoration accessories","5","malani-exim-international","skip","Window & Interior Decoration",""
"Malani Overseas Pvt. Ltd.","www.malanihome.com","sales@malanihome.com","+91 11 4165 7041","India","Delhi","110054","1-B Court Road, Civil Lines","12.0","Window & Interior Decoration","Window decoration accessories","5","malani-overseas-pvt-ltd","skip","Window & Interior Decoration",""
"Mallana Asia Import & Export Pte. Ltd.","http://www.jbgsourcing.com/","","","Singapore","Singapore","079903","International Plaza, #22-02 10 Anson Road","8.0","","","5","mallana-asia-import--export-pte-ltd","skip","no category booked",""
"Mallow International","www.mallow.in","sub@mallow.in","","India","Semmadai, Karur","639006","S.F.No 535, Salem Bye Pass Road","8.0","Window & Interior Decoration | Bed, Bath & Living","Curtains | Decorative cushions | Table, kitchen linen and foils","5","mallow-international","skip","Window & Interior Decoration, Bed, Bath & Living",""
"Manglam Arts","www.manglam.com","","+91 77260 76296","India","Jaipur","302018","Durgapura Station Road FCI Godown","11.0","Decorative & Furniture Fabrics | Smart Bedding","Duvets and pillows | Fabrics for bed linen","5","manglam-arts","skip","Decorative & Furniture Fabrics, Smart Bedding",""
"Manifattura CBM srl","www.manifatturacbm.it","commerciale@manifatturacbm.it","+39 334 183 7219","Italy","Agliana","51031","Via Settola","4.2","Bed, Bath & Living","Blankets","2","manifattura-cbm-srl","skip","Bed, Bath & Living",""
"Manifattura Lombarda S.r.l.","www.lombardatrapunte.it","info@manifatturalombarda.it","+39 035 731523","Italy","Leffe","24026","Via Costi 7","4.2","Bed, Bath & Living","Blankets","5","manifattura-lombarda-srl","skip","Bed, Bath & Living",""
"Manifatture Filtes S.r.l.","www.manifatturefiltes.it","amministrazione@manifatturefiltes.it","+39 0573 534521","Italy","Prato","59100","Viale Vittorio Veneto 11","3.1","Decorative & Furniture Fabrics | Bed, Bath & Living","Furniture fabrics | Table, kitchen linen and foils","5","manifatture-filtes-srl","skip","Decorative & Furniture Fabrics, Bed, Bath & Living",""
"Manubhai Vithaldas Exports Pvt. Ltd.","","mkt@manubhai.net","+91 22 6625 1900","India","Mumbai","400031","Naigaum Wadala Cross Road A-45, 3rd Floor, Royal Industrial Estate Wadala (West)","8.0","","","5","manubhai-vithaldas-exports-pvt-ltd","skip","no category booked",""
"Marburger Tapetenfabrik J.B. Schaefer GmbH & Co. KG","www.marburg.com","contact@marburg.com","+49 6422 810","Germany","Kirchhain","35274","Bertram-Schaefer-Str. 11","3.0","Wall Decoration","Wallpapers","2","marburger-tapetenfabrik-jb-schaefer-gmbh--co-kg","already live","already sourced in wave 2 or Salone","wallpaper"
"Marda Impex","www.mardaimpex.com","info@mardaimpex.com","+91 217 239 1858","India","Solapur","413006","Plot No D 13 D 14 Midc Akkalkot Road","8.0","Bed, Bath & Living","Terry goods and towelling","5","marda-impex","skip","Bed, Bath & Living",""
"Marie Adeline","www.marieadeline.com","marieadelinedesign@gmail.com","+33 6 21 35 25 91","France","Paris","75003","64 rue du Vertbois","4.2","Textile Design","Design studio","0","marie-adeline","skip","Textile Design: sells designs to manufacturers, not products to shoppers",""
"Mario & Antonio Lda.","www.marioeantonio.com","sandramota@marioeantonio.com","+351 22 201 5146","Portugal","Porto","4050-523","Rua do Rosario, 127, 1","5.0","Smart Bedding | Bed, Bath & Living","Bed linen | Duvets and pillows","5","mario--antonio-lda","skip","Smart Bedding, Bed, Bath & Living",""
"Marizé","www.marize.pt","marize@marize.pt","+351 253 560 200","Portugal","Gandarela - Guimaraes","4835-587","Apartado 418 Z.I. de Pardelhas - Rua de Mirao","5.0","Bed, Bath & Living","Bed linen","0","fabrica-de-tecidos-marize--lda","skip","Bed, Bath & Living",""
"Markiss Tekstil Dokuma Konf. Danismanlik San. Ve Tic. Ltd. Sti.","","","","Türkiye","Kestel /Bursa","16440","Ahmet Vefik Pasa Mah. Hasan Kestelli OSB Cad. No: 12/1 1","3.0","","","0","markiss-tekstil-dokuma-konf-danismanlik-san-ve-tic-ltd-sti","skip","no category booked",""
"Marsteks Dosemelik Kumas Dokuma Tekstil Konfeksiyon San. Tic. Ltd. Sti.","www.marsteks.com","info@marsteks.com","+90 224 261 58 68","Türkiye","Bursa","16369","DOSAB, Ali Osman Sonmez Cad. No: 32, Osmangazi","3.1","","","1","marsteks-dosemelik-kumas-dokuma-tekstil-konfeksiyon-san-tic-ltd-sti","skip","no category booked",""
"Marteks Marmara Tekstil San. ve Tic. A.S","www.marteks.com.tr","marteks@marteks.com.tr","+90 224 714 98 60","Türkiye","Inegöl, Bursa","16400","Organize Sanayi Bölgesi 3 Cadde","3.1","Window & Interior Decoration | Decorative & Furniture Fabrics","Curtains | Decorative fabrics","0","marteks-marmara-tekstil-san-ve-tic-as","skip","Window & Interior Decoration, Decorative & Furniture Fabrics",""
"Marzotto Lab S.r.l. - Div. Lanerossi Home Textile","https://lanerossi.com/","info@lanerossi.com","+39 0445 693625","Italy","Valdagno","36078","Largo Santa Margherita 1","4.2","Bed, Bath & Living","Blankets","6","marzotto-lab-srl---div-lanerossi-home-textile","skip","Bed, Bath & Living",""
"Masias Maquinaria, S.L.","www.masiasmaquinaria.com","masmaq@masias.com","+34 972 29 31 50","Spain","Sant Joan les Fonts","17857","Calle Major de Santa Magdalena 1","4.0","Smart Bedding","Duvets and pillows","5","masias-maquinaria-sl","skip","Smart Bedding",""
"Master Textile Mills Ltd.","www.mastertex.com","marketing@mastertex.com","+92 300 8465681","Pakistan","Lahore","54000","3 Km Off Manga - Raiwind Road","8.0","Smart Bedding","Duvets and pillows","5","master-textile-mills-ltd","skip","Smart Bedding",""
"MATS n MORE","www.matsnmore.in","pramod@matsnmore.in","","India","Alleppey","688522","IV/446A, Valavanadu, Pollathtai P.O.","12.0","","","5","mats-n-more","skip","no category booked",""
"Maurya International","www.mauryainternational.com","akshat@mauryainternational.com","+91 90513 44440","India","Bhadohi","221401","Civil Lines, Pakri","12.0","Carpets & Rugs","Carpeting, flooring | Fitted Carpets","4","maurya-international","review","rug export house, confirm it sells to end buyers and not only to importers","rugs"
"Maxland Home Textile Industrial Co., Ltd.","www.maxlandhometex.com.tw","eric@maxlandhometex.com.tw","+886 2 2542 2200","Taiwan","Taipei","10457","5F, No. 69, Sec. 2, Nanjing E. Rd.","12.1","Window & Interior Decoration","Curtains","3","maxland-home-textile-industrial-co--ltd","skip","Window & Interior Decoration",""
"May Best Home Co., Limited","www.maybesthome.com","info@maybesthome.com","+852 6734 4914","Hong Kong","Kowloon","999077","Suite A, 6/F., Ritz Plaza 122 Austin Road Tsimshatsui","8.0","Bed, Bath & Living","Blankets | Decorative cushions","5","may-best-home-co-limited","skip","Bed, Bath & Living",""
"MCS Textile Solutions Lda.","www.mcs-pt.com","victorcastro@mcs-pt.com","+351 22 786 0980","Portugal","Campo (Valongo)","4440-043","Rua da Central 460","3.0","","","0","mcs-textile-solutions-lda","skip","no category booked",""
"M-Design Edgar Meyer","www.m-design-rm.de","info@m-design-rm.de","+49 5273 36120","Germany","Beverungen","37688","Zum Osterfeld 10","4.2","Textile Design","Design studio","0","m-design-edgar-meyer","skip","Textile Design: sells designs to manufacturers, not products to shoppers",""
"Mega Cotton Textiles","www.mctexpk.com","tariq@mctexpk.com","+92 61 6777519","Pakistan","Multan","60000","Near Ansari Chowk, Ansar Colony Home Textile Export Zone, Budla Road","8.0","","","5","mega-cotton-textiles","skip","no category booked",""
"Megaplast Dis Ticaret ve Pazarlama A.S.","www.megaplast.com.tr","sales@megaplast.com.tr","+90 530 960 61 58","Türkiye","Tuzla, Istanbul","34597","Istanbul Deri Organize Sanayi Bölgesi, Kropon Sok. No: 2","3.1","","","4","megaplast-dis-ticaret-ve-pazarlama-as","skip","no category booked",""
"Meghna International LLP","","tarun@meghnaexport.com","+91 98122 00060","India","Panipat","132103","Plot# 769, Sector 29, Part-2 Huda Industrial Area","12.0","","","0","meghna-international-llp","skip","no category booked",""
"Meher Spring Pvt Ltd","","info@meherspring.com","+92 42 35781400","Pakistan","Lahore","74000","20-Km Multan Road 1","8.0","Decorative & Furniture Fabrics | Bed, Bath & Living","Bed linen | Technical textiles for the contract business","5","meher-spring-pvt-ltd","skip","Decorative & Furniture Fabrics, Bed, Bath & Living",""
"Qingdao Meitai Hometextile Co., Ltd.","","jingbaozhou@163.com","+86 532 8502 8292","China","Qingdao Shandong","266071","Room 2207, Tope Yihe International Bldg. (A), 10 Hongkong Middle Road","8.0","","","5","qingdao-meitai-hometextile-co-ltd","skip","no category booked",""
"Mekotex (Private) Limited","www.mekotex.com","nauman@mekotex.com","+92 345 8265148","Pakistan","Karachi","74800","Main National Highway Head Office, Plot No. 495, 501 Korangi","9.0","","","0","mekotex-private-limited","skip","no category booked",""
"Menderes Tekstil Sanayi Ve Ticaret Anonim Sirketi","www.menderes.com","burcinkargici@menderes.com","+90 212 656 07 45","Türkiye","Izmir","35530","Adalet Mahallesi K: 42, No: 47-A","5.1","Decorative & Furniture Fabrics | Bed, Bath & Living","Bed linen | Decorative fabrics","5","menderes-tekstil-sanayi-ve-ticaret-anonim-sirketi","skip","Decorative & Furniture Fabrics, Bed, Bath & Living",""
"Menekse Tekstil San. ve Tic. A.S.","www.meneksetextile.com","info@meneksetextile.com","+90 258 371 74 00","Türkiye","Denizli","20020","Bozburun Cad. No: 19","5.1","Bed, Bath & Living","Terry goods and towelling","5","menekse-tekstil-san-ve-tic-as","skip","Bed, Bath & Living",""
"Alonso Mercader S.A.","export@alonsomercader.com","export@alonsomercader.com","+34 937 53 83 75","Spain","Vilassar de Dalt","08339","C/ Eduard Calvet i Pintó 22","4.1","Decorative & Furniture Fabrics","Artificial leather | Outdoor fabrics","5","alonso-mercader-sa","skip","Decorative & Furniture Fabrics",""
"MERCIS d.o.o.","www.mercis.si","","","Slovenia","Radomlje","1235","Puchova ulica 3","3.1","Window & Interior Decoration | Decorative & Furniture Fabrics","Curtains | Furniture fabrics","5","mercis-doo","skip","Window & Interior Decoration, Decorative & Furniture Fabrics",""
"Merdenik Tekstil A.S.","https://merdenik.com/","sales@merdenik.com","+90 532 490 29 31","Türkiye","Bursa","16010","Osmangazi Alasarkoy Mah. 7 Asma Sk. No: 9/1","4.1","Fibres and Yarns, Textile Materials, Finishing","Fibres and yarns | Woven and knitted fabrics","5","merdenik-tekstil-as","skip","Fibres and Yarns, Textile Materials, Finishing",""
"Merinos Hali San. ve Tic. A.S.","www.merinos.com.tr","info@merinos.com.tr","+90 342 211 40 00","Türkiye","Sehitkamil / Gaziantep","27200","Vali Lütfullah Bilgin Bulvari No. 21 4. Organize Sanayi Bölgesi","3.1","","","5","merinos-hali-san-ve-tic-as","skip","no category booked",""
"UAB 'Merkys'","www.merkys.com","info@merkys.com","+370 310 31647","Lithuania","Varenos m., Varenos r. sav.","65206","Pramones g. 2","4.0","Smart Bedding","Duvets and pillows | Mattress protectors and pads","5","uab-merkys","skip","Smart Bedding",""
"Qingdao Merris Home Co., Ltd.","www.merrishome.com","bessieguo@merrishome.com","+86 135 8320 4787","China","Qingdao Shandong","266000","Rm. 1207 Heda Intl Blgd. No. 177 Heilongjiang South Rd. Shibei","8.0","","","0","qingdao-merris-home-co-ltd","skip","no category booked",""
"Metro Fabrics","www.metrofab.in","gopal@metrokarur.com","+91 4324 230 354","India","Karur","639001","Ramakrishnapuram North 44 - 46, Fifty Feet Road","8.0","Bed, Bath & Living","Bed linen | Decorative cushions","5","metro-fabrics","skip","Bed, Bath & Living",""
"MetroMat Matbaacilik Bilgisayar Otomotiv Teknik Tekstil San. Ve Tic. Ltd. Sti.","www.metromat.com.tr","info@metromat.com.tr","","Türkiye","Bursa","16245","Demirtas Dumlupinar OSB Mah. Nergis Sokak No: 3","4.1","Window & Interior Decoration | Decorative & Furniture Fabrics","Curtains | Furniture fabrics","5","metromat--matbaacilik-bilgisayar-otomotiv-teknik-tekstil-san-ve-tic-ltd-sti","skip","Window & Interior Decoration, Decorative & Furniture Fabrics",""
"Meyteks Tekstil San. ve Tic. Ltd. Sti.","www.meyteks.com.tr","info@meyteks.com.tr","+90 258 269 24 14","Türkiye","Denizli","20065","Organize San. Bölgesi Bereket Cad. No: 22","5.0","","","4","meyteks-tekstil-san-ve-tic-ltd-sti","skip","no category booked",""
"millenium floor _ MFX","www.milleniumfloor.net","contact@milleniumfloor.com","","France","Paris","75008","25 Rue De Ponthieu","3.0","Carpets & Rugs","Fitted Carpets","0","sas-mfx","take","Carpets & Rugs","rugs"
"Mi Casa es Tu Casa Lda.","www.micasaestucasa.pt","comercial@micasaestucasa.pt","+351 253 108 148","Portugal","Moreira de Cónegos","4815-311","Rua do Outeirinho - Fracao A 111","5.0","Bed, Bath & Living","Bed linen | Blankets","5","mi-casa-es-tu-casa-lda","skip","Bed, Bath & Living",""
"Microcotton Inc.","www.microcotton.com","sabarinathan.n@microcotton.com","+1 936-282-1103","United States","New York","10001","Room 600, 6th Floor 10 West, 33rd Street","5.0","Bed, Bath & Living","Bed linen | Terry goods and towelling","5","microcotton-inc","skip","Bed, Bath & Living",""
"Millennia Looms Private Limited","","info@rkscarpets.com","+91 76079 48090","India","Bhadohi","221401","Opposite Carpet City Bhadohi Varana c/o Rupesh Kumar & Sons Sant Ravidas Nagar","11.0","","","0","millennia-looms-private-limited","skip","no category booked",""
"Minteks Tekstil San ve Tic. Ltd. Sti.","www.minteks.com.tr","tayfunozcelik@minteks.com.tr","+90 224 449 01 00","Türkiye","Nilufer, Bursa","16110","Gorukle Izmir Yolu 27. km Baskoy No: 672/1","5.1","Bed, Bath & Living","Bed linen | Terry goods and towelling","4","minteks-tekstil-san-ve-tic-ltd-sti","skip","Bed, Bath & Living",""
"Mirtex International Company","www.mirtexstyles.com","basit@mirtexstyles.com","+92 21 36880922","Pakistan","Karachi","75800","D20, Phase-I, SITE, Superhighway","8.0","Bed, Bath & Living","Bed linen | Terry goods and towelling","5","mirtex-international-company","skip","Bed, Bath & Living",""
"Misr Spain for Blankets Co.","www.misrspain.com","info@misrspain.com","+20 48 2442079","Egypt","Sadat City, Menofia","","Plot 1/2/3, 1st Industrial Ext., P.O. Box 78","4.2","Bed, Bath & Living","Blankets","5","misr-spain-for-blankets-co","skip","Bed, Bath & Living",""
"Manufactures Industrials De Tortella SA Mitsa","www.mitsa.com","","+34 972 28 70 77","Spain","Tortella","17853","Ctra. Argelaguer S/N","4.0","Smart Bedding | Bed, Bath & Living","Bed linen | Mattress protectors and pads","4","manufactures-industrials-de-tortella-sa-mitsa","skip","Smart Bedding, Bed, Bath & Living",""
"Mittal Creations India","www.mittalcreationsindia.com","parvesh@mittalcreationsindia.com","","India","Panipat","132103","Plot No. 96, Sector-29, Part-2 Huda","8.0","","","0","mittal-creations-india","skip","no category booked",""
"Mittal Home Fashion","https://mittalhomefashion.com/","","+91 83675 00005","India","Panipat","132103","Plot 32, Sector 25, Part 2 Huda","8.0","","","0","mittal-home-fashion","skip","no category booked",""
"Mittal International","www.mittal-india.com","mittal@mittal-india.com","+91 180 661 2600","India","Panipat","132103","275, Sector 29, Part 2, Huda","8.0","","","0","mittal-international","skip","no category booked",""
"Mivar-Viva AS","www.mivar-viva.ee","mivar-viva@mivar-viva.ee","+372 434 4945","Estonia","Viljandi","71020","Raua 5","4.0","Smart Bedding","Duvets and pillows | Mattress protectors and pads","0","mivar-viva-as","skip","Smart Bedding",""
"Miyanbazaz Exports","Www.miyanbazazexports.com","shailesh@miyanbazazexports.com","","India","Jaipur","302022","F-122, Epip, Sitapura Industrial Area, Tonk Road","11.0","Bed, Bath & Living","Bed linen | Decorative cushions","5","miyanbazaz-exports","skip","Bed, Bath & Living",""
"M.K. Sons (Pvt) Ltd.","www.mksons.com","","+92 41 2428551","Pakistan","Faisalabad","38000","2-KM, Jarranwala Road Khurrianwala 1","9.0","Window & Interior Decoration | Bed, Bath & Living","Bed linen | Curtains","4","mk-sons-pvt-ltd","skip","Window & Interior Decoration, Bed, Bath & Living",""
"M Lau Constantin","","crealau@aol.com","+33 6 09 82 22 15","France","Paris","75015","19 rue Ferdinand Fabre","4.2","Textile Design","Design studio","0","m-lau-constantin","skip","Textile Design: sells designs to manufacturers, not products to shoppers",""
"MM Hometex","","mmhometex@gmail.com","+91 98106 82626","India","Faridabad, Haryana","121003","14/6, 1ST Floor Mewla Maharajpur","12.0","Decorative & Furniture Fabrics | Bed, Bath & Living","Blankets | Decorative cushions","5","mm-hometex","skip","Decorative & Furniture Fabrics, Bed, Bath & Living",""
"MM Textile","www.kitotex.net","kitotex@gmail.com","+20 112 464 8145","Egypt","Elmahalla Elkoubra","31951","Damro Road St. 1 Elgharbia","5.0","","","5","mm-textile","skip","no category booked",""
"MOBOIS SAS","www.mobois.com","marketing@mobois.com","+33 4 74 81 60 52","France","Lect","39260","4 rue Les Grands Champs","3.0","","","5","mobois-sas","skip","no category booked",""
"Modanli Tekstil San. ve Tic. Ltd. Sti.","www.modanli.com.tr","","+90 532 658 53 84","Türkiye","Gürsu, Bursa","16250","Kurtulus OSB Mah. Turgut Ozal Cad. No:5","3.0","Window & Interior Decoration | Decorative & Furniture Fabrics","Curtains | Decorative fabrics","5","modanli-tekstil-san-ve-tic-ltd-sti","skip","Window & Interior Decoration, Decorative & Furniture Fabrics",""
"mode...information GmbH","www.modeinfo.com","sales@modeinfo.com","+49 2206 6007770","Germany","Overath","51491","Pilgerstr. 20","4.1;4.2","Textile Design","Colour codes | Design studio","0","modeinformation-gmbh","skip","Textile Design: sells designs to manufacturers, not products to shoppers",""
"Ningbo Modern Textile Co., Ltd.","www.moderntextile.com.cn","fzm@moderntextile.com.cn","+86 574 8726 5146","China","Ningbo","315016","Room 1008, Unit A, City Plaza","8.0","","","0","ningbo-modern-textile-co-ltd","skip","no category booked",""
"MODEVSA HALI VE EV TEKSTILI URUNLERI TIC. LTD. STI.","www.modevsa.com","info@modevsa.com","+90 530 112 45 63","Türkiye","Bağcilar Istanbul","34218","Mahmutbey Mah. 2580 Sokak. No: 4","3.1","","","4","modevsa-hali-ve-ev-tekstili-urunleri-tic-ltd-sti","skip","no category booked",""
"Möbelimport Sweden AB","","","","Sweden","Malmö","212 32","Grengatan 10","3.1","","","0","moebelimport-sweden-ab","skip","no category booked",""
"Mohan Spintex India Limited","www.mohanspintex.com","avphomtex@mohanspintex.com","+91 94917 83399","India","Vijayawada, Andhra Pradesh","520004","Eluru Road, Gunadala #48-12-17, Near EST Bus Stop.","9.0","Smart Bedding","Duvets and pillows","5","mohan-spintex-india-limited","skip","Smart Bedding",""
"A. Molina & C. S.p.A.","www.molinapiumini.it","daniela.m@molinapiumini.it","+39 0331 360920","Italy","Cairate (Varese)","21050","Via Dante 36","4.0","Smart Bedding","Duvets and pillows | Fillings","5","a-molina--c-spa","skip","Smart Bedding",""
"Momina Rugs","www.mominarugs.com","ra@mominarugs.com","+91 98390 34600","India","Bhadohi","221401","E1, Plot No.181 -185 And E3, 3-7, Carpet City, Bida","12.0","Carpets & Rugs","Fitted Carpets","0","momina-rugs","review","rug export house, confirm it sells to end buyers and not only to importers","rugs"
"Momtex Expo Ltd.","www.momtexexpo.com","delwar.chowdhury@momtexexpo.com","","Bangladesh","Narsingdi","1603","Panchdona South Kongshardi","9.0","","","0","momtex-expo-ltd","skip","no category booked",""
"Moosburger GmbH & Co KG","www.moosburger-kg.com","office@moosburger-kg.at","+43 5573 82134","Austria","Hörbranz","6912","Ziegelbachstraße 54","4.0","Smart Bedding","Duvets and pillows | Mattress protectors and pads","5","moosburger-gmbh--co-kg","skip","Smart Bedding",""
"Moralis Sophie Greta","","","","Belgium","De Haan","8420","Tramlijn-Oost 3","3.1","Carpets & Rugs","Fitted Carpets","5","moralis-sophie-greta","take","Carpets & Rugs","rugs"
"Mount Fuji Textiles Limited","www.mountfujitextiles.com","safdar@mountfujitextiles.com","+92 21 32567798","Pakistan","Karachi","75700","D-148, S.I.T.E","8.0","","","5","mount-fuji-textiles-limited","skip","no category booked",""
"Moussa Textilimport","","moussa.textilimport@t-online.de","+49 2761 53290","Germany","Olpe","57462","In der Wüste 13a","5.0","Bed, Bath & Living","Table, kitchen linen and foils | Terry goods and towelling","5","moussa-textilimport","skip","Bed, Bath & Living",""
"MRC Textiles (Pvt.) Ltd.","www.mrctex.com","uzair@mrctex.com","+92 321 4089500","Pakistan","Faisalabad","38000","P 424/2 Muslim Town No 1, Sargodha Road","8.0","Decorative & Furniture Fabrics | Smart Bedding","Duvets and pillows | Fabrics for bed linen","5","mrc-textiles-pvt-ltd","skip","Decorative & Furniture Fabrics, Smart Bedding",""
"Msb Alfa Plastik Tekstil Sanayi ve Ticaret Anonim Sirketi","www.msbalfa.com.tr","selim@msbalfa.com.tr","","Türkiye","Tekirdag","59930","No:44-10 Vakiflar Organize Sanayi Mahallesi D:100","4.2","Bed, Bath & Living","Bath mats | Table, kitchen linen and foils","0","msb-alfa-plastik-tekstil-sanayi-ve-ticaret-anonim-sirketi","skip","Bed, Bath & Living",""
"Mubashar Corporation (Pvt) Ltd.","www.mcl.net.pk","ajmal@mcl.net.pk","+92 41 8860012","Pakistan","Faisalabad","38000","P-153 Sitara Sapna City, Masjid Ismail Road","8.0","","","5","mubashar-corporation-pvt-ltd","skip","no category booked",""
"Mubeen Maqbool Industries","www.mmindus.com","asif@mmindus.com","+92 41 2424081","Pakistan","Faisalabad","38000","3-KM, Jaranwala Road, Khurrianwala .","8.0","Decorative & Furniture Fabrics | Bed, Bath & Living","Bed linen | Decorative fabrics","3","mubeen-maqbool-industries","skip","Decorative & Furniture Fabrics, Bed, Bath & Living",""
"MUCHAO design studio","","info@chenhaolee.tsdr.org","+49 1512 0783596","Germany","München","80937","Josef-Ressel Str. 18","4.2","Textile Design","Design studio","0","muchao-design-studio","skip","Textile Design: sells designs to manufacturers, not products to shoppers",""
"Xinle Mulan Electrical Appliances Co., Ltd.","www.ml-electricblanket.com","info@ml-electricblanket.com","+86 130 1214 8111","China","Shijiazhuang Hebei","050700","Mucun Township, 88 Business Street, Xinle City","8.0","Bed, Bath & Living","Blankets","5","xinle-mulan-electrical-appliances-co--ltd","skip","Bed, Bath & Living",""
"Multan Industries","www.multanindustries.com","ali@multanindustries.com","+92 61 6777015","Pakistan","Multan","60000","Plot No. 17-B Hometex Export Zone","8.0","Bed, Bath & Living","Table, kitchen linen and foils | Terry goods and towelling","0","multan-industries","skip","Bed, Bath & Living",""
"Mundia Exports","www.mundiaexports.com.pk/","saqlain@mundiaexport.com","+92 21 32585413","Pakistan","Karachi","75700","14-A, Manghopir Road, S.I.T.E.","8.0","Bed, Bath & Living","Bed linen","2","mundia-exports","skip","Bed, Bath & Living",""
"Mundotextil - Industrias Texteis S.A.","www.mundotextil.pt","isabel@mundotextil.pt","+351 253 489 420","Portugal","Vizela","4815-413","Rua da Saudade 280 a 400","5.0","Bed, Bath & Living","Terry goods and towelling","4","mundotextil---industrias-texteis-sa","skip","Bed, Bath & Living",""
"Munkhbumuud LLC","","","","Mongolia","Ulaanbaatar","13373","27 Building, 13 Khoroolol, 6 Khoroo, Bayanzurkh District 4","4.2","Bed, Bath & Living","Blankets","5","munkhbumuud-llc","skip","Bed, Bath & Living",""
"Gebrüder Munzert GmbH & Co. KG","www.munzert.de","info@munzert.de","+49 9282 309","Germany","Naila","95119","Ernst-Richard-Funke-Str. 17-19","4.1","Decorative & Furniture Fabrics","Furniture fabrics | Outdoor fabrics","5","gebrueder-munzert-gmbh--co-kg","skip","Decorative & Furniture Fabrics",""
"Mursel Mert Tekstil San. Tic. Ltd. Sti.","www.biyelli.com.tr","biyelli@biyelli.com.tr","+90 536 894 92 26","Türkiye","Bursa","16370","Vatan Mah. 10. Deniz Sok Yildirim 1/2","4.0","Smart Bedding","Duvets and pillows","5","mursel-mert-tekstil-san-tic-ltd-sti","skip","Smart Bedding",""
"Musso Durani Tekstil Turizm San. ve Tic. Ltd. Sti.","","","","Türkiye","Bursa","16245","Demirtas Dumlupinar OSB Mah. Ali Osman Sönmez Cad., Papatya Sok. No: 13/2, Osmangazi","3.0","Window & Interior Decoration","Curtains","5","musso-durani-tekstil-turizm-san-ve-tic-ltd-sti","skip","Window & Interior Decoration",""
"Mustaqim Dyeing Printing Industries (Private) Limited","www.mustaqim.com","mustaqim@mustaqim.com","","Pakistan","Karachi","75700","D-14/A Bada Board S.I.T.E.","9.0","Smart Bedding","Duvets and pillows","5","mustaqim-dyeing-printing-industries-private-limited","skip","Smart Bedding",""
"Musterwerke","www.musterwerke.de","musterwerke@gmail.com","","Germany","Berlin","10557","Lehrter Str. 11","4.2","Textile Design","Design studio","0","musterwerke","skip","Textile Design: sells designs to manufacturers, not products to shoppers",""
"Muvantex NV","www.muvantex.com","info@muvantex.com","+32 56 71 32 01","Belgium","Deerlijk","8540","Kortrijkse Heerweg 209","3.1","","","5","muvantex-nv","skip","no category booked",""
"My Home Collections Pvt. Ltd.","www.myhomecollections.com","info@myhomecollections.com","+91 120 432 0911","India","Noida","201305","B-205A, Phase-II Gautambuddha Nagar","8.0","Smart Bedding | Bed, Bath & Living | Carpets & Rugs","Blankets | Decorative cushions | Duvets and pillows | Fitted Carpets","3","my-home-collections-pvt-ltd","review","rug export house, confirm it sells to end buyers and not only to importers","rugs"
"Myhome Tekstil Ithalat Ihracat San. Tic. Ltd. Sti.","www.myhometextile.com","marketing2@myhometextile.com","+90 549 449 55 66","Türkiye","Denizli","20020","Akcesme Mahallesi 2053 Sokak Merkezefe No: 1","5.0","Bed, Bath & Living","Table, kitchen linen and foils | Terry goods and towelling","5","myhome-tekstil-ithalat-ihracat-san-tic-ltd-sti","skip","Bed, Bath & Living",""
"MZE-Möbel-Zentral-Einkauf GmbH","www.mze.de","info@mze.de","+49 8165 95260","Germany","Neufahrn b. Freising","85375","Lohweg 31","3.0","Services & Software | Associations, institutes, publishers","Associations | Services","4","mze-moebel-zentral-einkauf-gmbh","skip","Services & Software, Associations, institutes, publishers",""
"Nachik Ltd","www.nachik.com","nachik@nachik.com","+972 3-683-6716","Israel","Tel Aviv","6688602","Herzel st 39","3.1","Decorative & Furniture Fabrics","Artificial leather | Furniture fabrics","5","nachik-ltd","skip","Decorative & Furniture Fabrics",""
"Nähmaschinenfabrik Emil Stutznäcker GmbH & Co. KG","www.mammut.de","info@mammut.de","+49 2234 2180","Germany","Köln","50858","Max-Planck-Str. 3","4.0","Textile Technology","Textile processing","4","naehmaschinenfabrik-emil-stutznaecker-gmbh--co-kg","skip","Textile Technology",""
"Nagaria Textile Mills (Pvt) Ltd.","","","","Pakistan","Karachi","75120","Plot # HT/2, Landhi Industrial Area","8.0","","","5","nagaria-textile-mills-pvt-ltd","skip","no category booked",""
"NAHEED FINE TEX LTD.","https://naheedgroup.com/naheedfinetex/","ishteaque.hasan@naheedgroup.com","+880 1847-270698","Bangladesh","Dhaka","1215","12 Karwan Bazar BDBL Bhabon 12th Floor","8.0","Bed, Bath & Living","Bed linen","5","naheed-fine-tex-ltd","skip","Bed, Bath & Living",""
"Nana Secret","https://nanasecret.com.eg/","info@nanasecret.com.eg","+20 103 333 2626","Egypt","Sharkia","44916","10th Of Ramadan Third Industrial Zone","4.2","","","0","nana-secret","skip","no category booked",""
"Nandan Terry Limited","www.nandanterry.com","anshuman@nandanterry.com","+91 70690 03140","India","Ahmedabad","380058","Ambli Road Shanti Corporate House, near Hira Rupa Hall","9.0","","","3","nandan-terry-limited","skip","no category booked",""
"Nandhi Fabrics","www.nandhifabrics.com","chandru@nandhifabrics.com","","India","Karur","639002","34- Kamarajapuram (East)","8.0","Bed, Bath & Living","Table, kitchen linen and foils","5","nandhi-fabrics","skip","Bed, Bath & Living",""
"Nandini Textile","www.nandinitextile.com","nandinitextile@gmail.com","+91 93253 52922","India","Solapur","413001","Padam Residency Samrat Chowk 703, Opp Mahesh Colony Hari","8.0","","","5","nandini-textile","skip","no category booked",""
"Nangong Jiashuo Fur Co., Ltd.","https://shop1430153730412.1688.com","zhaowenxi@jiashuofur.com","","China","Xingtai Hebei","051800","Nangong Economic Development Zone","8.0","Carpets & Rugs","Fitted Carpets","1","nangong-jiashuo-fur-co-ltd","review","rug export house, confirm it sells to end buyers and not only to importers","rugs"
"Narin Yun Ipek Tekstil San. ve Tic. Ltd. Sti.","www.narinyunipek.com","info@narinyunipek.com","","Türkiye","Güngören, Istanbul","34165","Sanayi Mah. Ferah Sok. No: 2/1","3.0","Window & Interior Decoration | Decorative & Furniture Fabrics","Curtains | Decorative fabrics","5","narin-yun-ipek-tekstil-san-ve-tic-ltd-sti","skip","Window & Interior Decoration, Decorative & Furniture Fabrics",""
"Narma OÜ","www.narma.ee","info@narma.ee","+372 472 5520","Estonia","Lihula","90302","Raudtee 4","3.0","","","0","narma-oue","skip","no category booked",""
"Naseem Fabrics","www.naseemfabrics.com","kashif@naseemfabrics.com","+92 41 8505121","Pakistan","Faisalabad","38000","Chak 209, 12-KM Jaranwala Road 786","8.0","Decorative & Furniture Fabrics | Smart Bedding","Duvets and pillows | Fabrics for bed linen","5","naseem-fabrics","skip","Decorative & Furniture Fabrics, Smart Bedding",""
"National Jute Board","jute.com","jute@njbindia.in","","India","Kolkata","700156","175, Action Area-I, Newtown Patsan Bhawan, 5th & 6th Floor, CF- 6/1 Street","12.1","","","0","national-jute-board","skip","no category booked",""
"Natural Fibre Exports","","","","India","Bhadohi","221401","1103, Gyanpur, Sant Ravidas Nagar","12.0","Carpets & Rugs","Fitted Carpets","0","natural-fibre-exports","review","rug export house, confirm it sells to end buyers and not only to importers","rugs"
"Nature Field Housewear Co., Ltd","","crystal@refinehomefashion.com","","China","Yantai Shandong","265500","No. 1 Of Guangdong Road, Fushan Economic Development Zone","9.0","","","5","nature-field-housewear-co-ltd","skip","no category booked",""
"Naturtex Gyapjú - és Tollfeldolgozó Kft.","www.naturtex.hu","info@naturtex.hu","+36 62 464 006","Hungary","Szeged","6728","Cserje sor 9","4.0","","","5","naturtex-gyapj---s-tollfeldolgoz-kft","skip","no category booked",""
"Naveena Industries Ltd.","www.naveena.net","noman.majid@naveena.net","+92 300 8272012","Pakistan","Karachi","75350","Naveena House, Block 7 & 8","8.0","","","0","naveena-industries-ltd","skip","no category booked",""
"Navkar Home","www.navkarhome.com","info@navkarhome.com","+91 94142 17811","India","Bikaner","334601","A-286, IGC Khara Bikaner","12.0","Carpets & Rugs","Fitted Carpets","7","navkar-home","review","rug export house, confirm it sells to end buyers and not only to importers","rugs"
"Nawaz Fabrics","www.nawazfabrics.com","waseem@nawazfabrics.com","+92 61 6354387","Pakistan","Multan","60000","Outside Delhi Gate 898, Baghban Pura, Street No. 04","8.0","Bed, Bath & Living","Table, kitchen linen and foils","5","nawaz-fabrics","skip","Bed, Bath & Living",""
"Nazu International","www.nazuintl.com","abdulhadi@nazuintl.com","","Pakistan","Karachi","00000","F-601/B, S.I.T.E.","8.0","","","5","nazu-international","skip","no category booked",""
"N. C. John & Sons Pvt Ltd","www.ncjohn.com","shammi@ncjohn.com","+91 94470 33255","India","Alappuzha, Kerala","688001","W-16/329, Vazhicherry","12.0","","","0","n-c-john--sons-pvt-ltd","skip","no category booked",""
"NedGraphics Software B.V.","www.nedgraphics.com","info@nedgraphics.com","+31 30 307 3530","Netherlands","De Bilt","3732 AG","Groenekanseweg 70","4.2","Textile Technology","Software solutions","5","nedgraphics-software-bv","skip","Textile Technology",""
"Neelum Fabrics","","","","Pakistan","Faisalabad","38000","132 Regency Arcade, The Mall (Mall Road)","8.0","Bed, Bath & Living","Bed linen | Terry goods and towelling","5","neelum-fabrics","skip","Bed, Bath & Living",""
"NeiperHome S.A.","www.neiper.pt","geral@neiper.pt","+351 252 980 010","Portugal","Guimaraes","4765-486","Rua das Escolas 1466","5.0","Bed, Bath & Living","Terry goods and towelling","5","neiperhome-sa","skip","Bed, Bath & Living",""
"Neis, Mermer, Maden, Tekstil, Insaat, Müh. San. ve Tic. Ltd.","www.neistextile.com","ismail@neistextile.com","+90 532 747 37 78","Türkiye","Denizli","20050","Bozburun Mah., Merkezefendi 7057 Sok. 13/B","5.0","Bed, Bath & Living","Bed linen","0","neis-mermer-maden-tekstil-insaat-mueh-san-ve-tic-ltd","skip","Bed, Bath & Living",""
"Neo Home Group S.L.","www.neohome.biz","lourdes@neohomeonline.com","+34 962 90 90 52","Spain","Ontinyent","46870","Pol Ind L´altet, C/ Caus 5","4.1","Decorative & Furniture Fabrics","Decorative fabrics","5","neo-home-group-sl","skip","Decorative & Furniture Fabrics",""
"Neriah Industria","","","","India","Kottayam","686532","Kurichy P.O. XVII-630/A, Neriathara Building","12.1","","","0","neriah-industria","skip","no category booked",""
"Nesa Tekstil Sanayi Ve Ticaret Anonim Sirketi","www.nesatekstil.com.tr","","","Türkiye","Denizli","20010","Karakurt Is Merkezi No: 119 Saraylar Mahallesi","5.1","Bed, Bath & Living","Terry goods and towelling","5","nesa-tekstil-sanayi-ve-ticaret-anonim-sirketi","skip","Bed, Bath & Living",""
"Nese Plastik San. ve Tic. A.S.","www.neseplastik.com","nese@neseplastik.com","+90 262 658 10 90","Türkiye","Cayirova, Kocaeli","41420","TOSB Otomotiv Yan Sanayi Ihtisas No: 3 Org. San. Bolg. 5. Cadde","4.2","Bed, Bath & Living","Bath mats | Table, kitchen linen and foils","5","nese-plastik-san-ve-tic-as","skip","Bed, Bath & Living",""
"Nese Tekstil San. ve Tic. A.S.","","","","Türkiye","Honaz/Denizli","20330","Organize Sanayi Bolgesi 2. Kisim Hüsnü Örnek Caddesi No:13","5.1","","","5","nese-tekstil-san-ve-tic-as","skip","no category booked",""
"Net Tekstil San. ve Tic. A.S.","www.netbrode.com","info@netbrode.com","+90 212 746 54 88","Türkiye","Istanbul","34197","Cobancesme Mah. Mithatpasa Cad. Tepecik Sok. No: 14C","4.1","Window & Interior Decoration","Curtains","5","net-tekstil-san-ve-tic-as","skip","Window & Interior Decoration",""
"Neutex Home Deco GmbH","www.neutex.com","deco@neutex.com","+49 9281 49650","Germany","Hof","95028","Fabrikzeile 21","3.0","Decorative & Furniture Fabrics","Decorative fabrics","4","neutex-home-deco-gmbh","skip","Decorative & Furniture Fabrics",""
"New Zeenat Textile Mills","www.newzeenat.com","fahad@newzeenat.com","+92 21 32572375","Pakistan","Karachi","74000","Plot No. A-16, SITE","8.0","Smart Bedding | Bed, Bath & Living","Duvets and pillows | Terry goods and towelling","5","new-zeenat-textile-mills","skip","Smart Bedding, Bed, Bath & Living",""
"Nihat Bursali Tekstil San. ve Tic. A.S.","www.nbteks.com","melikebursali@nbteks.com","+90 224 261 56 50","Türkiye","Osmangazi/Bursa","16245","Demirtas Organize Sanayi Bölgesi (Dosab) Sardunya 2 Sok. No: 13","5.0","Bed, Bath & Living","Terry goods and towelling","5","nihat-bursali-tekstil-san-ve-tic-as","skip","Bed, Bath & Living",""
"Anonymos Viomixaniki Kai Eboriki Etairei Etaireia Adelfoi Nikolaidi AE","www.nikotex.gr","nikotex@nikotex.gr","+30 231 068 4400","Greece","Stavroupoli","564 29","Anthokèpoi Eukarpia","3.1","Carpets & Rugs","Fitted Carpets","4","anonymos-viomixaniki-kai-eboriki-etairei-etaireia-adelfoi-nikolaidi-ae","take","Carpets & Rugs","rugs"
"Nile Linen Group","www.nilelinengroup.com.eg","omaima.salah@nilelinengroup.com.eg","+20 3 4500256","Egypt","Alexandria","00203","Amria Free Zone","5.0","Bed, Bath & Living","Bed linen | Table, kitchen linen and foils","5","nile-linen-group","skip","Bed, Bath & Living",""
"Nilo Cashmere Pvt. Ltd.","https://nilocashmere.com/","","","Nepal","Kathmandu","44600","Chandragiri - 8, Matatirtha","4.2","Bed, Bath & Living | Fibres and Yarns, Textile Materials, Finishing","Blankets | Woven and knitted fabrics","5","nilo-cashmere-pvt-ltd","skip","Bed, Bath & Living, Fibres and Yarns, Textile Materials, Finishing",""
"Ningbo Y.F Import & Export Co., Ltd.","www.ningbo-hometextiles.com","vivian.ye@greendown.net","+86 574 8764 2087","China","Ningbo Zhejiang","315000","7th Floor, the Bund Building, 132 Renmin Road, Jiangbei","12.0","","","5","ningbo-yf-import--export-co-ltd","skip","no category booked",""
"Nipun International","","raman@guptacreations.co.in","+91 90348 67029","India","Panipat","132103","Adjoining Sec 29, Opp. Bbmb, Near G.T. Road","12.0","","","0","nipun-international","skip","no category booked",""
"Nirmal International","www.nirmalintl.com","nirmal@nirmalintl.com","+91 98122 38919","India","Panipat","132103","Near Panipat Toll Plaza . M.A.S.D. Public School Road","12.0","Carpets & Rugs","Fitted Carpets","5","nirmal-international","review","rug export house, confirm it sells to end buyers and not only to importers","rugs"
"Nirtex Exports And Investments Pvt. Ltd.","www.nirtexgroup.com","nirtex@hotmail.com","+91 98204 39754","India","Mumbai, Maharashtra","400052","13/150, Ramkrishna Nagar 3rd Road, Khar West","8.0","Bed, Bath & Living","Table, kitchen linen and foils | Terry goods and towelling","5","nirtex-exports-and-investments-pvt-ltd","skip","Bed, Bath & Living",""
"Niryatak Handloom Cooperative Socieity Ltd","www.niryatak.in","info@niryatak.in","+91 99355 84477","India","Kanpur","208013","35-A, Shujat Ganj Kanpur Nagar","12.0","Carpets & Rugs","Fitted Carpets","5","niryatak-handloom-cooperative-socieity-ltd","review","rug export house, confirm it sells to end buyers and not only to importers","rugs"
"Nishat Chunian Limited","www.nishat.net","info@nishat.net","+92 42 35761730","Pakistan","Lahore","54660","31-Q Gulberg II","9.0","","","5","nishat-chunian-limited","skip","no category booked",""
"Nishat Mills Limited","www.nishatmillsltd.com","mukhtar@nishatmills.com","+92 42 35260061","Pakistan","Lahore","54600","Nishat Avenue 5km Off 22km Ferozepur Road","9.0","","","0","nishat-mills-limited","skip","no category booked",""
"Hangzhou Niton Imp. & Exp. Co., Ltd","www.hzniton.com","anna@hzniton.com","+86 571 8732 1106","China","Hangzhou Zhejiang","311106","1/F., Bldg. 24, 535 Shunfeng Road, Linping District","8.0","Smart Bedding","Duvets and pillows","3","hangzhou-niton-imp--exp-co-ltd","skip","Smart Bedding",""
"N.N.M & COMPANY","http://nnmcompany.co.in","nnm.pandiyan@gmail.com","+91 74488 30247","India","Karur","639001","9D Old, 18 New, Ramakrishnapuram North","8.0","","","5","nnm--company","skip","no category booked",""
"NOLA BUSINESS PARK CIS - INTERPORTO CAMPANO","www.cis.it","info@cis.it","+39 081 311 9511","Italy","Napoli","80121","Via F. Crispi 74","4.1","Decorative & Furniture Fabrics | Associations, institutes, publishers","Associations | Furniture fabrics","5","cis-spa","skip","Decorative & Furniture Fabrics, Associations, institutes, publishers",""
"Noman Terry Towel Mills Limited","www.nttml.com","fakhrul.alam@nttml.com","+880 2-9567873","Bangladesh","Dhaka","1000","C/A Adamjee Court 115-120 Motijheel","9.0","Bed, Bath & Living","Bath mats | Bathroom curtains | Blankets | Table, kitchen linen and foils | Terry goods and towelling","7","noman-terry-towel-mills-limited","skip","Bed, Bath & Living",""
"Nongfu Trading Company Limited","","coco@wxbedding.com","+86 139 8946 9060","Hong Kong","Wanchai","999077","Room 1002, 10/F, Easey Commercial Building 253-261 Hennessy Road","8.0","Smart Bedding","Duvets and pillows | Mattress protectors and pads","5","nongfu-trading-company-limited","skip","Smart Bedding",""
"Noorpur Industries","www.noorpur.com.pk","noorpur@noorpur.com.pk","+92 21 35062913","Pakistan","Karachi","74900","Plot No.78,Sector 24, Korangi, Industrial Area","8.0","Bed, Bath & Living","Terry goods and towelling","5","noorpur-industries","skip","Bed, Bath & Living",""
"Nooteboom Textiel B.V.","www.nooteboomtextiles.com","info@ant1852.com","+31 13 571 1212","Netherlands","Tilburg","5047 TR","Kranenberg 6","4.1","Decorative & Furniture Fabrics","Decorative fabrics | Furniture fabrics","5","nooteboom-textiel-bv","skip","Decorative & Furniture Fabrics",""
"Norafin Industries (Germany) GmbH","www.norafin.de","kerstin.knorr@norafin.com","","Germany","Mildenau","09456","Gewerbegebiet Nord 3","3.0","Wall Decoration","Wall decoration, wall murals","5","norafin-industries-germany-gmbh","take","Wall Decoration","wallpaper"
"North Hills Home Inc.","www.northhillshome.com","","","United States","Manhasset New York","11030","5 Folie CT","12.0","Window & Interior Decoration","Curtains | Indoor sun-protection systems (panel tracks, blinds)","5","north-hills-home-inc","skip","Window & Interior Decoration",""
"Yantai North Home Textile Co., Ltd.","www.northhometextiles.com","julian@northhometextile.com","+86 535 293 8590","China","Yantai Shandong","265508","No. 66 Jinfeng Road, Fushan District","9.0","Smart Bedding | Bed, Bath & Living","Bed linen | Duvets and pillows","5","yantai-north-home-textile-co-ltd","skip","Smart Bedding, Bed, Bath & Living",""
"Norvigroup Denmark A/S","www.quiltsofdenmark.dk","s.madsen@qod.dk","","Denmark","Vamdrup","6580","Pantonevej 1","4.0","Smart Bedding","Duvets and pillows","3","norvigroup-denmark-as","skip","Smart Bedding",""
"Nouvelltex","www.nouvelltex.com","","","Pakistan","Faisalabad","38000","Abad 406-C, Chandni Chowk, Ghulam Muhammad","8.0","","","5","nouvelltex","skip","no category booked",""
"Novartiplast Italia S.p.A.","www.novartiplastitalia.it","cecchi@novartiplastitalia.it","+39 02 966 1121","Italy","Cogliate","20815","Via E. de Amicis 14","3.1","Decorative & Furniture Fabrics","Artificial leather | Outdoor fabrics","5","novartiplast-italia-spa","skip","Decorative & Furniture Fabrics",""
"N S Creations Pvt. Ltd","www.nscreations.co.in","neeraj@nscreations.co.in","+91 98101 14680","India","Noida","201301","Block A-18, Sector 68 Dist. Gautam Budh Nagar","12.0","Bed, Bath & Living","Blankets | Decorative cushions","5","n-s-creations-pvt-ltd","skip","Bed, Bath & Living",""
"OBB Oberbadische Bettfedernfabrik GmbH","www.obb.de","info@obb.de","+49 7621 15200","Germany","Lörrach","79539","Mühlestr. 54","4.0","Smart Bedding","Duvets and pillows","5","obb-oberbadische-bettfedernfabrik-gmbh","skip","Smart Bedding",""
"OCI Orient-Carpet-Import GmbH Im- und Export von Orient-Teppichen","www.oci-carpets.de","hj2@oci-carpets.de","+49 160 1573212","Germany","Coesfeld","48653","Stockum 2A","3.0","Carpets & Rugs","Fitted Carpets","0","oci-orient-carpet-import-gmbh-im--und-export-von-orient-teppichen","take","Carpets & Rugs","rugs"
"OEKO-TEX AG","www.oeko-tex.com","communication@oekotex.com","+41 44 501 26 00","Switzerland","Zürich","8002","Gutenbergstrasse 1","5.1","","","5","oeko-tex-ag","skip","no category booked",""
"Öncü Grup A.S.","www.oncugrup.com.tr","oncu@oncugrup.com.tr","+90 212 565 14 24","Türkiye","Bayrampasa/ Istanbul","34030","Orta Mahalle Topkapi Maltepe Street 10","4.2","Bed, Bath & Living","Bathroom curtains | Table, kitchen linen and foils","7","oencue-grup-as","skip","Bed, Bath & Living",""
"Ozgur Tekstil - Konfeksiyon Sanayi Ve Ticaret Anonim Sirketi","www.ozgurtekstil.com.tr","dogan@ozgurtekstil.com.tr","","Türkiye","Denizli","20330","Ozgur Tekstil, Denizli Osb Mahallesi 22","5.0","","","5","ozgur-tekstil---konfeksiyon-sanayi-ve-ticaret-anonim-sirketi","skip","no category booked",""
"Shandong Olivia Artex & Household Products Co., Ltd.","www.sdat.com","bluemountain801@hotmail.com","+86 133 3639 8297","China","Qingdao Shandong","266071","Room 712, Building A, China Resources Building, No. 6 Shandong Road, Shinan District","8.0","","","0","shandong-olivia-artex--household-products-co-ltd","skip","no category booked",""
"Onno Raadersma","www.raadersma.com","onno@raadersma.com","+31 6 24652591","Netherlands","Rotterdam","3029 AK","Marconistraat 52","4.2","Wall Decoration | Carpets & Rugs","Carpeting, flooring | Wallpapers","0","onno-raadersma","take","Carpets & Rugs, Wall Decoration","wallpaper"
"Orca Home Teknik Tekstil Ith. Ihr. San. Ve Tic. Ltd. Sti.","www.orcaweave.com","canerbalto@orcaweave.com","+90 224 211 67 02","Türkiye","Nilüfer/Bursa","16120","Ücevler Mah. 70 (220) Sok.","4.1","Window & Interior Decoration | Decorative & Furniture Fabrics","Curtains | Furniture fabrics","5","orca-home-teknik-tekstil-ith-ihr-san-ve-tic-ltd-sti","skip","Window & Interior Decoration, Decorative & Furniture Fabrics",""
"Oriental Art Covers","www.orientalartcovers.com","covers72@gmail.com","+91 93356 79936","India","Bhadohi","221401","Daropur, Kashipur Post Box No 187","12.0","","","0","oriental-art-covers","skip","no category booked",""
"Oriental Weavers Carpets Factory","www.orientalweavers.com","owc@orientalweavers.com","+20 2 2672121","Egypt","Cairo","11361","El Shaeed Zakaria Khalil Str. 8","3.1","Carpets & Rugs","Carpeting, flooring","5","oriental-weavers-carpets-factory","review","rug export house, confirm it sells to end buyers and not only to importers","rugs"
"Orient Textile Mills (Pvt.) Ltd.","www.orienttextilemills.com","wahid.tumbi@orienttextilemills.com","+92 21 35001592","Pakistan","Karachi","75120","Plot No. 501, Landhi, Main National Highway","9.0","Decorative & Furniture Fabrics | Bed, Bath & Living","Bed linen | Fabrics for bed linen","3","orient-textile-mills-pvt-ltd","skip","Decorative & Furniture Fabrics, Bed, Bath & Living",""
"Outlast Technologies GmbH","www.outlast.com","info@outlast.com","","Germany","Heidenheim an der Brenz","89520","In den Seewiesen 26/1","4.0","Fibres and Yarns, Textile Materials, Finishing | Functional features","Functional features Smart Bedding | Woven and knitted fabrics","5","outlast-technologies-gmbh","skip","Fibres and Yarns, Textile Materials, Finishing, Functional features",""
"Ozanteks Tekstil San. ve Tic. A.S.","www.ozanteks.com.tr","info@ozanteks.com.tr","+90 258 371 64 00","Türkiye","Denizli","20020","Bozburun Mah., 7042 Sok. No: 6","5.1","Bed, Bath & Living","Bath mats | Bed linen | Table, kitchen linen and foils | Terry goods and towelling","5","ozanteks-tekstil-san-ve-tic-as","skip","Bed, Bath & Living",""
"Ozdilek Ev Tekstil Sanayi Ve Ticaret Anonim Sirketi","www.ozdilektekstil.com.tr","ozdilek@ozdilek.com.tr","+90 224 219 60 00","Türkiye","Bursa","16190","Soganli Mahallesi N: 343-3-1","5.1","Bed, Bath & Living","Bed linen | Terry goods and towelling","5","ozdilek-ev-tekstil-sanayi-ve-ticaret-anonim-sirketi","skip","Bed, Bath & Living",""
"Ozgul Ambalaj Tekstil Otomotiv Sanayi Ve Ticaret Limited Sirketi","www.ozgulambalaj.com","sales@ozgulambalaj.com","+90 216 632 01 48","Türkiye","Istanbul (Anatolia)","34791","Safa Mahallesi No: 389a","4.0","Smart Bedding","Fillings","5","ozgul-ambalaj-tekstil-otomotiv-sanayi-ve-ticaret-limited-sirketi","skip","Smart Bedding",""
"Ozhane Tekstil Sanayi Ve Ticaret Limited Sirketi","https://www.ozhanetekstil.com.tr/","sales@ozhanetekstil.com.tr","+90 532 792 85 06","Türkiye","Denizli","20040","Hacıeyüplü Mah. 3220 Sokak No:31/C Zemin 2","5.0","Bed, Bath & Living","Bed linen | Terry goods and towelling","3","ozhane-tekstil-sanayi-ve-ticaret-limited-sirketi","skip","Bed, Bath & Living",""
"Paar GmbH","","","","Germany","Northeim","37154","Lange Lage 6-8","4.0","","","0","paar-gmbh","skip","no category booked",""
"Pac-Fung Feather Co Ltd","www.pac-fung.com","jamien@pac-fung.com","+852 2389 1391","Hong Kong","Kowloon","","Unit 6, 9/F., Tower B Hoi Luen Ind Ctr 55 Hoi Yuen Road Kwun Tong","8.0","Smart Bedding | Bed, Bath & Living","Bed linen | Duvets and pillows","5","pac-fung-feather-co-ltd","skip","Smart Bedding, Bed, Bath & Living",""
"Pakeezah Dyeing & Bleaching","www.pakeezah.net","sales@pakeezah.net","+92 346 2695471","Pakistan","Karachi","75560","Industrial Area DP-50/B, Sector 12-D North Karachi","8.0","Smart Bedding | Bed, Bath & Living","Bed linen | Mattress protectors and pads","5","pakeezah-dyeing--bleaching","skip","Smart Bedding, Bed, Bath & Living",""
"Pak Home Textile","www.pakhometextiles.com","afzal@pakhometextiles.com","+92 300 0979599","Pakistan","Faisalabad","38000","Sargodha Road Plot # 17 AL HAMAD Industrail Estate Small Estate Cha # 8jb","8.0","","","5","pak-home-textile","skip","no category booked",""
"Pala Ithalat Ihracat Suni Deri San. ve Tic. Ltd. Sti.","","cengiz@pala.com.tr","+90 532 335 81 48","Türkiye","Ergene Tekirdag","59930","Velimese Organize Sanayi Bölgesi 255 Sok. No: 3-1","3.1","Decorative & Furniture Fabrics","Artificial leather | Outdoor fabrics","5","pala-ithalat-ihracat-suni-deri-san-ve-tic-ltd-sti","skip","Decorative & Furniture Fabrics",""
"Paliwal Home Furnishings","","parth@paliwalhomefurnishings.com","+91 98120 61623","India","Panipat, Haryana","132103","185, Sector 25, Part-2, Huda","11.0","Bed, Bath & Living | Carpets & Rugs","Bath mats | Fitted Carpets","5","paliwal-home-furnishings","review","rug export house, confirm it sells to end buyers and not only to importers","rugs"
"Palm Fibre (India) Private Limited","","palm@palmfibreindia.com","+91 477 225 8172","India","Fort Cochin","682001","Ernakulam Calvethy Road","11.0","","","0","palm-fibre-india-private-limited","skip","no category booked",""
"Panache (India) International","www.houseofpanache.in","info@panacheintl.in","+91 98106 19905","India","Moradabad","244002","Village-Dhanupura Opp. CNG Station, Delhi Road","11.0","","","0","panache-india-international","skip","no category booked",""
"Pan Overseas","www.panoverseas.com","mridul@panoverseas.com","+91 97292 01515","India","Panipat","132103","Plot No. 4, Pan Overseas, Sec-25, Huda Part-I","8.0","Bed, Bath & Living","Bath mats | Bed linen","5","pan-overseas","skip","Bed, Bath & Living",""
"P.A.P. Exports","www.papexpo.com","","+91 4324 233 007","India","Karur, Tamilnadu","639001","No. 5 North Pradhakshnam Road","8.0","","","5","pap-exports","skip","no category booked",""
"Paras Dream Decor","www.pddexports.com","abichandanijiya@pddexports.com","+91 96548 06194","India","Gurgaon","122004","Plot No. 99, Sector-35, HSIIDC Udyog Vihar Phase -VII","8.0","Decorative & Furniture Fabrics | Bed, Bath & Living","Decorative cushions | Table, kitchen linen and foils","5","paras-dream-decor","skip","Decorative & Furniture Fabrics, Bed, Bath & Living",""
"Parato S.r.l.","www.parato.it","mgruotolo@parato.it","+39 06 928 6331","Italy","Aprilia","04011","Via della Tecnica 28-33","3.0","Wall Decoration","Wallpapers","5","parato-srl","take","Wall Decoration","wallpaper"
"Pardeep Exports","www.pardeepexports.com","info@pardeepexports.com","","India","Huda, Panipat","132103","Plot No. 50-P, Sector 29 Part-2","12.0","","","4","pardeep-exports","skip","no category booked",""
"Patodia Exports","","patodiaexports@hands-carpets.com","+91 5414 225 760","India","Bhadohi","221401","Saraiyya Gyanpur Road","11.0","Carpets & Rugs","Fitted Carpets","0","patodia-exports","review","rug export house, confirm it sells to end buyers and not only to importers","rugs"
"The PatternClub UG (haftungsbeschränkt)","www.patternclub.eu","a.doubacis@patternclub.eu","+49 170 2139771","Germany","Krefeld","47803","Gutenberg Str 63","4.2","Textile Design","Design studio","0","the-patternclub-ug-haftungsbeschraenkt","skip","Textile Design: sells designs to manufacturers, not products to shoppers",""
"Pattern Collective Ltd.","www.patterncollective.com","karen@patterncollective.com","+44 7957 248483","Great Britain and Northern Ireland","Surrey","KT81 PD","West Molesey 21 Dunstall Way","4.2","","","0","pattern-collective-ltd","skip","no category booked",""
"Paulig Teppichweberei GmbH","www.paulig1750.de","marketing@paulig.de","+49 9324 982017","Germany","Schwarzach a. Main","97359","Gewerbering-Nord 1","3.0","Carpets & Rugs","Fitted Carpets","5","paulig-teppichweberei-gmbh","take","Carpets & Rugs","rugs"
"Paul Textiles & Towel Industries","www.paultextiles.com","paul@paultextiles.com","+92 21 32566923","Pakistan","Karachi","75700","F-143, S.I.T.E.","8.0","Bed, Bath & Living","Terry goods and towelling","5","paul-textiles--towel-industries","skip","Bed, Bath & Living",""
"Pearl Fabrics Company","www.pearlexports.com","sultan@pearlexports.com","+92 21 35073073","Pakistan","Karachi","74900","Plot No. 15, Sector 16, Korangi, Industrial Area","8.0","","","5","pearl-fabrics-company","skip","no category booked",""
"Hangzhou PECC Tex Co., Ltd.","www.zpecc.com","oliver@zpecc.com","","China","Hangzhou, Zhejiang","310030","6-909, Xixi Century Center, 136 Shuanglong Street, Jiangcun Jiedao","8.0","","","0","hangzhou-pecc-tex-co-ltd","skip","no category booked",""
"Peerless International","www.peerless-international.com","sandeep@peerless-international.com","","India","Panipat","132103","Near Sita Ram Khushal Chand Petrol Pump, G.T. Road","11.0","Bed, Bath & Living","Bath mats | Blankets","5","peerless-international","skip","Bed, Bath & Living",""
"Texteis Penedo S.A.","www.tpenedo.pt","geral@tpenedo.pt","+351 253 422 300","Portugal","Guimaraes","4835-132","Rua da Liberdade, 341 - Mascotelos","5.0","Bed, Bath & Living","Bed linen","0","texteis-penedo-sa","skip","Bed, Bath & Living",""
"Qingdao Pengda Arts & Crafts Co., Ltd.","www.pengdaarts.com","qdpengda@public.qd.sd.cn","+86 139 0639 5212","China","Qingdao Shandong","266200","16, Tianshan 2nd Road Jimo District, Tongji","12.0","","","0","qingdao-pengda-arts--crafts-co-ltd","skip","no category booked",""
"Pereira da Cunha S.A.","www.pereiradacunha.pt","anabela@pereiradacunha.pt","+351 253 520 330","Portugal","Guimaraes","4835-164","Polvoreira Rua da Estrada Nacional 105, 992","5.0","","","4","pereira-da-cunha-sa","skip","no category booked",""
"J. Pereira Fernandes II, S.A.","www.jpfernandes.com","pedro@jobimor.com","+351 915 427 282","Portugal","Sao Jorge de Selho, Guimaraes","4835-324","R. Fonte da Venda 98","5.0","Smart Bedding | Bed, Bath & Living","Bed linen | Duvets and pillows","5","j-pereira-fernandes-ii-sa","skip","Smart Bedding, Bed, Bath & Living",""
"Pereira & Freitas, Lda.","www.valentinibianco.pt","manuelapereira@valentinibianco.pt","","Portugal","Guimaraes","4835-164","Rua da Estrada Nacional 105, 2381","5.1","","","5","pereira--freitas-lda","skip","no category booked",""
"Perissa Home Pvt. Ltd.","","kris@perissahome.com","+91 98969 00032","India","Panipat","132103","Shed No. 6 And 9 Village Passina Kalan Tehsil Bapoli","11.0","Carpets & Rugs","Fitted Carpets","5","perissa-home-pvt-ltd","review","rug export house, confirm it sells to end buyers and not only to importers","rugs"
"Petra Group Carpet Kimya San. Tic. A. S.","www.petracarpet.com","sales.europa@petracarpet.com","+90 530 911 76 16","Türkiye","Gaziantep","27500","5. Organize Sanayi Bolgesi 83539 Nolu Cadde 32","3.1","","","0","petra-group-carpet-kimya-san-tic-a-s","skip","no category booked",""
"Phong Phu Home Textile Joint Stock Company","www.phongphuhometextile.com","natuan@phongphucorp.com","+84 90 675 22 85","Vietnam","Khanh hoa Province","70000","Hanh Tri Village, Ninh Son Commune","8.0","","","0","phong-phu-home-textile-joint-stock-company","skip","no category booked",""
"Phu Nghia Fine Arts Company Limited","","nguyenquoctrieu@vnn.vn","+84 91 323 20 05","Vietnam","Hanoi City","10000","Chuong My District Phu Huu Village 1, Phu Nghia Commune","8.0","","","0","phu-nghia-fine-arts-company-limited","skip","no category booked",""
"Picart Textiles","www.picarttextiles.com","picarttextiles@gmail.com","","Pakistan","Karachi","74800","Estate Plot F-363/A, Sindh Industrial Trading","8.0","","","5","picart-textiles","skip","no category booked",""
"Piel SA","www.pielsa.es","mangeles.sanchis@pielsa.es","+34 670 40 59 81","Spain","Agullent","46890","Avenida Cordel de Murcia 6","4.1","Decorative & Furniture Fabrics","Decorative fabrics | Outdoor fabrics","4","piel-sa","skip","Decorative & Furniture Fabrics",""
"PIK COLLECTION","www.pikcollection.pl","office@pikmeble.pl","+48 667 109 107","Poland","Bialystok","15-776","Konstytucji 3 Maja 34","4.1","Decorative & Furniture Fabrics","Decorative fabrics | Furniture fabrics","3","pik-spj-hurt-detal-k-i-b-nartowicz","skip","Decorative & Furniture Fabrics",""
"Pintail International B.V.","www.pintail.nl","info@pintail.nl","+31 546 452 152","Netherlands","Almelo","7609 RG","Twentepoort Oost 32","4.1","Decorative & Furniture Fabrics","Furniture fabrics | Outdoor fabrics","5","pintail-international-bv","skip","Decorative & Furniture Fabrics",""
"Pioneer Linens","www.pioneerlinens.in","rishik@pioneerlinens.in","","India","Ahmedabad","382405","11 to 17 & 20, Shri Shyam Industrial Park, Opp. Akash Fashion, Saijpur Gopalpur Road, Narol","8.0","","","0","pioneer-linens","skip","no category booked",""
"Piscatextil-Industria Textil, Lda.","www.piscatextil.com","liliana@piscatextil.pt","+351 253 539 770","Portugal","Guimaraes","4835-015","Rua Amadeu Carvalho 20","5.0","Smart Bedding | Bed, Bath & Living","Bath mats | Duvets and pillows","0","piscatextil-industria-textil-lda","skip","Smart Bedding, Bed, Bath & Living",""
"Piubelle-Confeccoes, Industria e Comércio, SA","www.piubelle.pt","joana.liberal@piubelle.pt","+351 22 960 5163","Portugal","Maia","4475-353","Rua da Liberdade 77","5.0","Smart Bedding | Bed, Bath & Living","Bed linen | Duvets and pillows","5","piubelle-confeccoes-industria-e-comrcio-sa","skip","Smart Bedding, Bed, Bath & Living",""
"Planet Textile Industries","www.planet.com.pk","marketing@planet.com.pk","+92 300 0208906","Pakistan","Karachi","75700","Plot # F-321 B Industrial Area S.I.T.E","8.0","","","5","planet-textile-industries","skip","no category booked",""
"Pluchi World Private Limited","www.pluchi.com","alka@pluchi.com","","India","Sonipat","131028","Plot No. 300-1, EPIP, HSIIDC Sector-35, Kundli Industrial Area","11.0","Bed, Bath & Living","Blankets","5","pluchi-world-private-limited","skip","Bed, Bath & Living",""
"P.M.M. Textiles","www.pmmtex.com","mail@pmmtex.com","+91 4324 274 298","India","Karur","639001","47, New Street","8.0","Bed, Bath & Living","Table, kitchen linen and foils","5","pmm-textiles","skip","Bed, Bath & Living",""
"Pointcarré Sarl","www.pointcarre.com","contact@pointcarre.com","+33 2 99 67 40 67","France","Rennes","35000","30 Rue Jean-Marie Duhamel","4.2","Textile Technology","Software solutions","4","pointcarr-sarl","skip","Textile Technology",""
"Polani Textiles","www.polanitex.com","info@polanitex.com","+92 21 32582791","Pakistan","Karachi","75700","Plot # B-24/A S.I.T.E.","8.0","Bed, Bath & Living","Terry goods and towelling","4","polani-textiles","skip","Bed, Bath & Living",""
"Polat Iplik Tekstil Sanayi ve Ticaret Limited Sirketi","www.polatbattaniye.com.tr","mustafapolat@polatbattaniye.com.tr","+90 533 234 61 62","Türkiye","Usak","64000","No:27 Tekstil OSB Mah.","4.2","Bed, Bath & Living | Fibres and Yarns, Textile Materials, Finishing","Blankets | Fibres and yarns","5","polat-iplik-tekstil-sanayi-ve-ticaret-limited-sirketi","skip","Bed, Bath & Living, Fibres and Yarns, Textile Materials, Finishing",""
"Polisilk, S.A.","www.polisilk.com","polisilk@polisilk.com","","Spain","Sant salvador de Guardiola","08253","Poligono Industrial De Salellas, Ctra. Manresa-Igualada Km 3 S/N","4.1","","","0","polisilk-sa","skip","no category booked",""
"Ponni Fab","www.ponnifab.in","amutha@ponnifab.in","+91 4324 222 735","India","Karur, Tamil Nadu","639006","Kishore Garden, NH-7","8.0","Window & Interior Decoration | Bed, Bath & Living","Curtains | Table, kitchen linen and foils","5","ponni-fab","skip","Window & Interior Decoration, Bed, Bath & Living",""
"Pooppally Coir Mills","www.pooppallycoir.com","dilip@pooppallycoir.com","+91 98460 31275","India","Alappuzha, Kerala","688007","A.S. Road, P.O. 2623","12.1","","","0","pooppally-coir-mills","skip","no category booked",""
"Poornima Handicrafts Pvt. Ltd.","www.poornimahandicrafts.com","mohit@poornimahandicrafts.com","+91 141 231 1966","India","Jaipur","302022","F-118-120, Garment Zone - Epip Sitapura, Industrial Area","11.0","","","5","poornima-handicrafts-pvt-ltd","skip","no category booked",""
"Potterton Books","www.pottertonbooks.co.uk","ros@pottertonbooks.co.uk","+44 1845 501218","Great Britain and Northern Ireland","Thirsk, North Yorkshire","YO7 3LZ","The Old Rectory Sessay","4.1","","","0","potterton-books","skip","no category booked",""
"Pragya Creations","","","","India","Bhadohi","221401","Khannapur Civil Lines Road","11.0","","","0","pragya-creations","skip","no category booked",""
"Premier Fine Linens Pvt. Ltd.","www.premierfinelinens.com","hometextiles@premiermills.com","+91 422 715 0100","India","Coimbatore","641028","1E-1, RR Land Mark, Nave India Road","9.0","Smart Bedding | Bed, Bath & Living","Bed linen | Duvets and pillows","5","premier-fine-linens-pvt-ltd","skip","Smart Bedding, Bed, Bath & Living",""
"Prem Textiles International (p) Ltd.","www.premtextiles.com","mail@premtextiles.com","+91 731 272 1555","India","Indore","452015","21-C Sector C Ind. Area Sanwer Rd.","8.0","Bed, Bath & Living","Bed linen","5","prem-textiles-international-p-ltd","skip","Bed, Bath & Living",""
"Prince Co., Ltd.","www.prince-fiber.com","princefiber3007@gmail.com","+82 54-834-9496","Korea, the Republic of (South)","Uiseong","37363","62 Nonggongmajeon-gil, Bongyang-myeon","4.1","Fibres and Yarns, Textile Materials, Finishing","Fibres and yarns","3","prince-co-ltd","skip","Fibres and Yarns, Textile Materials, Finishing",""
"Prints of Orange LLC","www.printsoforange.com","printsoforange@gmail.com","+1 631-377-9968","United States","Milford Connecticut","06460","85 Lafayette Street","4.2","","","0","prints-of-orange-llc","skip","no category booked",""
"Priya Handlooms","","selvaraj@priyahandloom.com","+91 98424 47989","India","Karur, Tamil Nadu","639002","Erode Main Road 2/480, Athur Pirivu, Andankovil West","8.0","","","5","priya-handlooms","skip","no category booked",""
"Producent Poscieli, Kolder, Przescieradel Poduszek Koma Sp. z o.o.","","biuro@koma.info.pl","+48 784 191 126","Poland","Radom","26-600","Rolnicza 12","4.0","Smart Bedding","Duvets and pillows","4","producent-poscieli-kolder-przescieradel-poduszek-koma-sp-z-oo","skip","Smart Bedding",""
"Proneem Sarl","www.proneem.com","info@proneem.com","+33 4 84 26 80 70","France","Marseille","13009","Parc De Marseille Batiment A Du Swen Imp Paradou","4.0","Fibres and Yarns, Textile Materials, Finishing | Functional features","Functional features Smart Bedding | Textile finishing","5","proneem-sarl","skip","Fibres and Yarns, Textile Materials, Finishing, Functional features",""
"Pt. Harvestindo International","","rain@pt-hi.com","+62 21 59353354","Indonesia","Kabupaten Tangerang","15560","Kampung Picung, Rt.003 Rw.005","8.0","Fibres and Yarns, Textile Materials, Finishing","Fibres and yarns","0","pt-harvestindo-international","skip","Fibres and Yarns, Textile Materials, Finishing",""
"Pufas Werk KG","www.pufas.de","info@pufas.de","+49 5541 700301","Germany","Hann. Münden","34346","Im Schedetal 1","3.0","Wall Decoration","Colours, varnish","5","pufas-werk-kg","take","Wall Decoration","wallpaper"
"PUKRA EXPORTS","www.pukraexports.net","pradeep@pukraexports.net","+91 98430 30383","India","Karur","639002","No. 50, Gandhipuram Middle Street","8.0","Bed, Bath & Living","Bed linen | Table, kitchen linen and foils","5","pukra-exports","skip","Bed, Bath & Living",""
"P&W International Co., Ltd.","www.pwwall.com","pwseoulkorea@yahoo.com","","Korea, the Republic of (South)","Yong-In City, Kyunggi-Do","17166","Cheoin-Gu Wonyang Ro,Wonsam-Myun","3.0","","","0","pw-international-co-ltd","skip","no category booked",""
"Qasim Weaving","http://www.qasimweaving.com/","naveed@qasimweaving.com","","Pakistan","Karachi","74200","A-25/D, S.I.T.E","8.0","","","1","qasim-weaving","skip","no category booked",""
"Qayyum Exports","www.qayyumexports.com","info@qayyumexports.com","+91 5414 225 737","India","Bhadohi","221401","Qayyum House, Station Road","12.0","Carpets & Rugs","Fitted Carpets","5","qayyum-exports","review","rug export house, confirm it sells to end buyers and not only to importers","rugs"
"Qingdao Canaan Home Fashion Products Co., Ltd.","www.canaanhome.com.cn","shuch@canaanhome.com.cn","+86 523 5866 8023","China","Qingdao Shandong","266011","2F, Building 6, No. 34 Guantao Road, Shibei","8.0","Smart Bedding | Bed, Bath & Living","Bed linen | Duvets and pillows","4","qingdao-canaan-home-fashion-products-co-ltd","skip","Smart Bedding, Bed, Bath & Living",""
"Qingdao Suntex Co., Ltd.","www.sun-tex.com","info@sun-tex.com","+86 532 8588 4810","China","Qingdao Shandong","266071","1802, No. 1 Bldg., Shinan Software Park, 288 Ningxia Road","12.0","Bed, Bath & Living","Decorative cushions | Table, kitchen linen and foils","5","qingdao-suntex-co-ltd","skip","Bed, Bath & Living",""
"Quality Textiles B.V.","www.quality-textiles.com","ad@quality-textiles.com","+31 412 614 519","Netherlands","Oss","5349 AT","Galliersweg 7","4.1","","","0","quality-textiles-bv","skip","no category booked",""
"Rachel Child Designs Ltd.","www.rachelchilddesigns.co.uk","studio@rachelchilddesigns.co.uk","+44 1298 25966","Great Britain and Northern Ireland","Buxton, High Peak","SK17 6SW","Flat 3, 151 Park Road","4.2","Textile Design","Design studio | Style bureau","0","rachel-child-designs-ltd","skip","Textile Design: sells designs to manufacturers, not products to shoppers",""
"Radiaant Expovision Pvt., Ltd.","www.radiaantexpovision.in","sheetal.sahni@radiaantexpovision.in","+91 120 438 2700","India","Noida","201301","Gautam Budh Nagar A 70, Sector 64","8.0","Smart Bedding | Bed, Bath & Living","Decorative cushions | Duvets and pillows","0","radiaant-expovision-pvt-ltd","skip","Smart Bedding, Bed, Bath & Living",""
"Rafias Prisim Textil S.r.l.","","mirtarafias@gmail.com","+54 9 11 5009-9964","Argentina","Valentin Alsina","B1822DFA","Florida 51","4.1","Wall Decoration","Wallpapers","5","rafias-prisim-textil-srl","take","Wall Decoration","wallpaper"
"Rafiq Jamil Textile Industries Private Limited","www.rafiqjamiltextile.com","m.yousaf@rafiqjamiltextile.com","+92 300 7619297","Pakistan","Depalpur","53600","12-Km Depalpur Road","8.0","","","0","rafiq-jamil-textile-industries-private-limited","skip","no category booked",""
"Rafsol S.L.","www.rafsol.com","rafasoler@rafsol.com","+34 962 90 76 00","Spain","Agullent (Valencia)","46890","Pol.ind. IP4 C/ Passeig de Habana 14","4.1","Decorative & Furniture Fabrics","Decorative fabrics","2","rafsol-sl","skip","Decorative & Furniture Fabrics",""
"Raga Tex India Private Limited","www.ragatextile.com","info@ragatex.in","+91 80125 63901","India","Coimbatore","641035","Vellanaipatti Road Na, 7/172, Andakkapalayam","12.0","","","5","raga-tex-india-private-limited","skip","no category booked",""
"Raghukaushal Textile Pvt. Ltd.","","export@raghukaushal.com","","India","Ahmedabad","380023","107 Rsl Dyecot Compound, Rakhial Road","8.0","Bed, Bath & Living","Bed linen","1","raghukaushal-textile-pvt-ltd","skip","Bed, Bath & Living",""
"Raghuvir Exim Limited","www.raghuvirexim.com","hardik.agarwal@raghuvirexim.com","+91 2717 615 500","India","Ahmedabad","380058","Shilaj Rancharda Road, Shilaj Block 1035A, near Ayodhya Township","8.0","Window & Interior Decoration | Bed, Bath & Living","Bed linen | Curtains","5","raghuvir-exim-limited","skip","Window & Interior Decoration, Bed, Bath & Living",""
"Raghuvir Lifestyle Private Limited","www.raghuvirlifestyle.com","marketing@raghuvirlifestyle.com","+91 79 2640 8295","India","Ahmedabad, Gujarat","380006","Opposite Mayors Bunglows No: 504, 5th Floor, Abhijeet III","8.0","","","0","raghuvir-lifestyle-private-limited","skip","no category booked",""
"Ragolle Rugs NV","www.ragolle.com","info@ragolle.be","+32 56 77 74 79","Belgium","Waregem","8790","Maalbeekstraat 1","3.1","Carpets & Rugs","Fitted Carpets","0","ragolle-rugs-nv","take","Carpets & Rugs","rugs"
"Rainbow Classic Textile Co., Ltd","www.rainbowclassic-textile.com","Info@rainbowclassic-textile.com","+86 198 1234 1931","China","Hangzhou Zhejiang","311243","BADA Industry Zone Guali Town, Xiaoshan District","12.1","Window & Interior Decoration | Bed, Bath & Living","Curtains | Table, kitchen linen and foils","5","rainbow-classic-textile-co-ltd","skip","Window & Interior Decoration, Bed, Bath & Living",""
"Rainbow Hosiery Pvt. Ltd.","www.rainbowhosiery.com","shakeel@rainbowtextile.com","+92 321 8298855","Pakistan","Karachi","75850","Plot No. 88 16-B North Karachi Industrial Area","8.0","","","5","rainbow-hosiery-pvt-ltd","skip","no category booked",""
"Rainbow Industries","","aasim.shah@rainbow-industries.com","","Pakistan","Multan","60650","Khanewal Road 810/A","8.0","Bed, Bath & Living","Table, kitchen linen and foils | Terry goods and towelling","5","rainbow-industries","skip","Bed, Bath & Living",""
"Raj Textile","","","","India","Panipat","132103","Plot No. 144, Sector 29 (Part 2) Huda","12.0","Bed, Bath & Living","Blankets | Decorative cushions","5","raj-textile","skip","Bed, Bath & Living",""
"Rakhava Impex","www.rakhava.in","expo@rakhava.in","","India","Karur","639001","4th Cross, 1 St Street No. 17/1, Ramakrishnapuram","8.0","Bed, Bath & Living","Decorative cushions | Table, kitchen linen and foils","5","rakhava-impex","skip","Bed, Bath & Living",""
"Ramchander Motilal Exim","http://www.rmexim.com/","rmexim@hotmail.com","","India","Jaipur","302003","61 Ramganj Bazar","12.0","Carpets & Rugs","Carpeting, flooring | Fitted Carpets","0","ramchander-motilal-exim","review","rug export house, confirm it sells to end buyers and not only to importers","rugs"
"Ramesh Textiles India Pvt. Ltd.","www.rameshtextiles.com","rameshtx@gmail.com","+91 731 402 7101","India","Indore, Madhya Pradesh","452015","B-27/A, Sector C, Sanwer Road","8.0","","","5","ramesh-textiles-india-pvt-ltd","skip","no category booked",""
"Ranga Fab","www.rangafab.in","raja@rangafab.in","+91 4324 232 386","India","Karur, Tamil Nadu","639002","5-A, Barti Nagar (W)","8.0","","","0","ranga-fab","skip","no category booked",""
"Ranyal Textiles","www.ranyal.com","shahrukh@ranyal.com","+92 21 32417996","Pakistan","Karachi","74000","Suite 209 - 210 International Trade Center","8.0","Bed, Bath & Living","Bed linen | Terry goods and towelling","5","ranyal-textiles","skip","Bed, Bath & Living",""
"Denizli Rateks Tekstil San. ve Tic. A.S.","www.goldstarteks.com","aguntas@goldstarteks.com","+90 258 371 34 35","Türkiye","Denizli","20020","Bozburun Mahallesi No: 3","5.1","Bed, Bath & Living","Bed linen | Terry goods and towelling","5","denizli-rateks-tekstil-san-ve-tic-as","skip","Bed, Bath & Living",""
"Rateria International Private Limited","rateria.com","anil@rateria.com","","India","Noida","201301","Gautam Budh Nagar A-24/25, Sector- 58","9.0","","","5","rateria-international-private-limited","skip","no category booked",""
"Rayri International Co., Limited","www.rayri.com","jack@rayri.com","+86 573 8848 0000","Hong Kong","Kowloon","999077","Room D, 10/F, Tower A, Billion Centre 1 Wang Kwong Road Kowloon Bay","8.0","Smart Bedding | Bed, Bath & Living","Fillings | Products in the outdoor area","3","rayri-international-co-limited","skip","Smart Bedding, Bed, Bath & Living",""
"R B Wovens Private Limited","www.rbwovens.com","siva@rbwovens.com","+91 99000 27377","India","Erode","638011","60, Raja Street, Sanjay Nagar","9.0","Bed, Bath & Living","Bed linen | Table, kitchen linen and foils","4","r-b-wovens-private-limited","skip","Bed, Bath & Living",""
"Rekor Dokumacilik San. ve Tic. A.S.","www.rekordokuma.com.tr","operations@rekordokuma.com","+90 224 241 80 70","Türkiye","Bursa","16159","Isiktepe OSB Mah. Turkuaz Cad. No: 40 Nilufer","4.1","Window & Interior Decoration | Decorative & Furniture Fabrics","Curtains | Furniture fabrics","4","rekor-dokumacilik-san-ve-tic-as","skip","Window & Interior Decoration, Decorative & Furniture Fabrics",""
"Reliance Industries Limited","www.recron.com","rakesh.bali@ril.com","+91 22 3555 5000","India","Navi Mumbai","400701","8A First Floor, Cabin CA-41 Reliance Corporate Park Ghansoli, Thane Belapur Road","4.0","Fibres and Yarns, Textile Materials, Finishing","Fibres and yarns","5","reliance-industries-limited","skip","Fibres and Yarns, Textile Materials, Finishing",""
"Repar Industrial Corporation","www.repar.com.tw","henry@repar.com.tw","+886 2 2562 6707","Taiwan","Taipei","104","Zhongshan District 12F, No. 26, Sec. 2, Minquan E. Road","12.1","Window & Interior Decoration","Indoor sun-protection systems (panel tracks, blinds)","5","repar-industrial-corporation","skip","Window & Interior Decoration",""
"RE-TREND RUGS","Www.retrendrugs.com","retrendrugs@yahoo.com","+91 96999 78185","India","Bhadohi","221401","Sant Ravidas Nagar, Uttar Pradesh Bhadohi, Nai Bazar","12.0","Carpets & Rugs","Carpeting, flooring","0","re-trend-rugs","review","rug export house, confirm it sells to end buyers and not only to importers","rugs"
"Manuel Revert y Cia, S.A.","www.revert.es","jpeiro@revert.es","+34 962 91 81 00","Spain","Agullent","46890","Paseo de La Habana, 6, Poligono Industrial IP3 Km 54,750","4.1","Decorative & Furniture Fabrics","Artificial leather | Furniture fabrics","5","manuel-revert-y-cia-sa","skip","Decorative & Furniture Fabrics",""
"Bernard Reyn Interieurstoffen BV","www.reynaldo.nl","info@reynaldo.nl","+31 40 251 0424","Netherlands","Eindhoven","5652 BA","Rooijakkersstraat 3a","4.1","","","0","bernard-reyn-interieurstoffen-bv","skip","no category booked",""
"Rhodenium Private Limited","www.rhodenium.com","","","India","Pune","412115","Survey No. 1065 & 1066, Pirangut, Tal Mulshi","8.0","","","0","rhodenium-private-limited","skip","no category booked",""
"Rhythm Home Creations","","info@rhythmhomecreations.com","+91 98121 00085","India","Panipat","132103","Plot # 25, Sector 25 , Part 1 Huda","12.0","","","0","rhythm-home-creations","skip","no category booked",""
"Riba Textiles Ltd.","amitgarg@ribatextiles.com","amitgarg@ribatextiles.com","","India","New Delhi","110019","DD 14 Nehru Enclave","9.0","","","0","riba-textiles-ltd","skip","no category booked",""
"Tianjin Richpeace Al Co., Ltd.","www.richpeace.com","yuanxiumin@richpeace.com","+86 22 2253 0820","China","Tianjin Tianjin Shi","301800","No. 6 Baozhong Road, Baodi Economic Development Zone, Baodi District","4.0","Textile Technology","Software solutions | Textile processing","5","tianjin-richpeace-al-co-ltd","skip","Textile Technology",""
"Rifer - Indústria Textil, Lda.","www.rifertextiles.com","info@rifertextiles.com","+351 252 990 260","Portugal","Vila Nova de Famalicão","4770-405","Avenida de Riopele 68 Pousada de Saramagos","5.0","Decorative & Furniture Fabrics | Smart Bedding","Duvets and pillows | Fabrics for bed linen","5","rifer---indstria-textil-lda","skip","Decorative & Furniture Fabrics, Smart Bedding",""
"Hangzhou Rika Textile Co., Ltd.","www.rikatextile.com","jasonru@rikatextile.com","+86 571 8892 1597","China","Hangzhou Zhejiang","310000","Suite 3316, Building 5 Shangfengxuan, Huanle Cheng, Nanyuan Linping","8.0","Smart Bedding","Duvets and pillows | Mattress protectors and pads","5","hangzhou-rika-textile-co-ltd","skip","Smart Bedding",""
"RIKOR BVBA","rikortextiles.be","hans@rikortextiles.be","+32 468 28 53 05","Belgium","Marke","8510","Pestelstraat 1","12.1","","","0","rikor-bvba","skip","no category booked",""
"RI.MA.C S.r.l.","www.rimac.it","rimac@rimac.it","+39 0321 721882","Italy","Cerano","28065","Via Prati Nuovi 48","4.0","Bed, Bath & Living | Textile Technology","Bed linen | Textile processing","5","rimac-srl","skip","Bed, Bath & Living, Textile Technology",""
"Rioma SL","www.rioma.com","","+34 957 66 41 56","Spain","Montilla, Cordoba","14550","Avda. Santa Maria 22","4.1","Decorative & Furniture Fabrics | Bed, Bath & Living","Decorative cushions | Furniture fabrics","5","rioma-sl","skip","Decorative & Furniture Fabrics, Bed, Bath & Living",""
"Rising International (HK) Limited","","sales.risingintl@outlook.com","+852 2152 1630","Hong Kong","Kowloon","","Room 1405A, 14/F., The Belgian Bank Bldg. 721-725 Nathan Road Mongkok","12.1","","","0","rising-international-hk-limited","skip","no category booked",""
"Rizwan Enterprises","www.rizwanenterprises.com.pk","rehan@rizwanenterprises.com.pk","+92 21 32594191","Pakistan","Karachi","75400","F. 50 Site Area","8.0","","","0","rizwan-enterprises","skip","no category booked",""
"Wuxi R & J Textile Co., Ltd.","www.runjintex.com","luofei@runjintex.com","+86 5183386288","China","Wuxi Jiangsu","214181","No. 301 Building 23, Hengsheng Technology Park, Qianzhou Subdistrict, Huishan","8.0","Smart Bedding | Bed, Bath & Living","Bed linen | Duvets and pillows","0","wuxi-r--j-textile-co-ltd","skip","Smart Bedding, Bed, Bath & Living",""
"RKD Furnishings Pvt. Ltd.","http://www.rkd.in","kunal.jain@rkd.in","+91 98120 20069","India","Panipat","132103","Plot No. 262-263, Sector 29, Part 2, Huda","8.0","","","5","rkd-furnishings-pvt-ltd","skip","no category booked",""
"R.L. Khanna & Co. (Overseas)","","zuber@rlkhanna.com","+91 124 234 7790","India","Gurgaon","122016","Plot No. 401, Udyog Vihar, Phase 3","12.0","","","0","rl-khanna--co-overseas","skip","no category booked",""
"Rohleder GmbH","www.rohleder.com","info@rohleder.com","","Germany","Konradsreuth","95176","Hofer Str. 25","3.1","Decorative & Furniture Fabrics","Furniture fabrics","3","rohleder-gmbh","skip","Decorative & Furniture Fabrics",""
"Romero Home Pvt. Ltd.","www.romeroliving.com","info@romerohome.in","+91 97115 72668","India","Panipat, Haryana","132103","590/4, 3rd floor Pachranga Bazaar","8.0","Bed, Bath & Living","Blankets","5","romero-home-pvt-ltd","skip","Bed, Bath & Living",""
"ROOMI FABRICS LIMITED","www.masood-roomi.com","rana.akram@masood-roomi.com","+92 300 9659440","Pakistan","Multan","60000","Masood Roomi House 05","9.0","Bed, Bath & Living","Bed linen | Terry goods and towelling","5","roomi-fabrics-limited","skip","Bed, Bath & Living",""
"ROOMI TEX","www.roomitex.com","hammad@roomitex.net","+92 21 32568982","Pakistan","Karachi","75700","F-122/B, Near Sami Pharma, S.I.T.E.","8.0","Window & Interior Decoration | Bed, Bath & Living","Bed linen | Curtains","5","roomi-tex","skip","Window & Interior Decoration, Bed, Bath & Living",""
"Roseate","","","","India","Panipat","132103","Industrial Area, No. 155, Sector 29, Huda Part 2, G.T. Road","8.0","","","0","roseate","skip","no category booked",""
"Royal Flooring NV","www.royal-flooring.com","carine@royal-flooring.com","+32 56 25 43 13","Belgium","Kortrijk","8500","Luipaardstraat 12","12.1","","","0","royal-flooring-nv","skip","no category booked",""
"Royal Home Brands","","mkt@royalhomebrands.org","","Pakistan","Karachi","75850","New Karachi Industrial Area Plot # 152, 13/1, Sector 6-B","8.0","","","0","royal-home-brands","skip","no category booked",""
"Rozz Connor","","rozzconnor@hotmail.com","+44 20 8979 0248","Great Britain and Northern Ireland","East Molesey, Surrey","KT8 9JP","30 30 Arnison Road","4.2","","","0","rozz-connor","skip","no category booked",""
"RSB Cottex Limited","www.rsbgroup.com","pranav@bmhouse.in","","India","Ahmedabad","380015","1003-1005, 10th floor, Parshwanath Busin Prahlad Nagar","8.0","","","0","rsb-cottex-limited","skip","no category booked",""
"Rudra Rugs","https://rudrarugs.com/","orders@rudrarugs.com","","India","Bhadohi, Uttar Pradesh","221401","Abhiyanpur Chauri Road","11.0","Carpets & Rugs","Fitted Carpets","0","rudra-rugs","review","rug export house, confirm it sells to end buyers and not only to importers","rugs"
"Rugs Creation","www.rugscreation.com","vinay@rugscreation.com","","India","Karnal","132114","Khalsa Tehsil Gharaunda Karnal Plot No. 168, Village Alipur","11.0","Carpets & Rugs","Fitted Carpets","3","rugs-creation","review","rug export house, confirm it sells to end buyers and not only to importers","rugs"
"RUGS Inc.","www.rugsinc.in","pradeep@rugsinc.in","+91 120 415 2869","India","Noida","201301","D-114, 1st and 2nd Floor, Sector-63","12.0","Carpets & Rugs","Fitted Carpets","5","rugs-inc","review","rug export house, confirm it sells to end buyers and not only to importers","rugs"
"Rugs In Style Incorporation","www.rugsinstyle.com","ris@rugsinstyle.com","","India","Ghaziabad","201001","Plot No: 1/65, South Side, G T Road","12.0","Carpets & Rugs","Fitted Carpets","1","rugs-in-style-incorporation","review","rug export house, confirm it sells to end buyers and not only to importers","rugs"
"Rug Weavers","www.rugweavers.co","rugweavers07@gmail.com","+91 87076 69774","India","Bhadohi","221401","Rug Weavers Noorkhanpur","12.0","Carpets & Rugs","Fitted Carpets","1","rug-weavers","review","rug export house, confirm it sells to end buyers and not only to importers","rugs"
"Ruhe Diseno SLU","www.uon-studio.com","hi@uon-studio.com","+34 954 70 92 07","Spain","Sevilla","41018","Avenida San Francisco Javier, 22 Edificio Hermes 4 2","4.2","Wall Decoration | Textile Design","Design studio | Wallpapers","0","ruhe-diseno-slu","take","Wall Decoration","wallpaper"
"Rupesh Kumar & Sons","www.rupeshrugs.com","forex@rkscarpets.com","+91 76079 48090","India","Bhadohi","221401","Opp. Carpet City, Shardapuri Sant Ravidas Nagar","11.0","","","0","rupesh-kumar--sons","skip","no category booked",""
"Rustam Towel (Pvt) Ltd.","www.rustamtowel.com","marketing@rustamtowel.com","+92 42 35271753","Pakistan","Lahore","54600","Kahna-nau 22-Km, Ferozepure Road, Rui Nala","8.0","","","5","rustam-towel-pvt-ltd","skip","no category booked",""
"Ruther & Einenkel GmbH & Co. KG","www.ruther-einenkel.de","info@ruther-einenkel.de","+49 3733 14080","Germany","Annaberg-Buchholz","09456","Annenstr. 5","3.0","Window & Interior Decoration","Window decoration accessories","5","ruther--einenkel-gmbh--co-kg","skip","Window & Interior Decoration",""
"Saad Textile Mills (Pvt) Ltd.","www.saadtextile.com","maham@saadtextile.com","+92 300 4400326","Pakistan","Lahore","54660","Chowk 1 KM Defence Road, off Bhuptian","9.0","Bed, Bath & Living","Terry goods and towelling","5","saad-textile-mills-pvt-ltd","skip","Bed, Bath & Living",""
"Sachdeva Fabric World Pvt.Ltd.","www.sachdevafabricworld.com","ravi@sachdevaworld.com","","India","Gurugram","122001","Plot No.57, Sector-37, Udyog Vihar Phase-6, Near Bikaner Sweets Shop","12.0","Bed, Bath & Living","Blankets","5","sachdeva-fabric-world-pvtltd","skip","Bed, Bath & Living",""
"Sacli Tekstil San. ve Tic. A.S.","www.sacli.com.tr","sacli@sacli.com.tr","+90 212 619 31 04","Türkiye","Sultangazi /Istanbul","34265","Esentepe Mah. Sehit Esma Akgül Cevik Sok. No: 7","4.2","Bed, Bath & Living | Carpets & Rugs","Blankets | Fitted Carpets","5","sacli-tekstil-san-ve-tic-as","review","rug export house, confirm it sells to end buyers and not only to importers","rugs"
"Sadaqat Limited","www.sadaqatgroup.net","hassan.suleri@sadaqatgroup.net","+92 322 8880271","Pakistan","Faisalabad","37630","2 Km, Sahianwala Road","9.0","Bed, Bath & Living | Fibres and Yarns, Textile Materials, Finishing","Bed linen | Woven and knitted fabrics","5","sadaqat-limited","skip","Bed, Bath & Living, Fibres and Yarns, Textile Materials, Finishing",""
"Sadiq Towels Pvt Ltd","www.sadiqtowels.com","asim@sadiqtowel.com","+92 42 5781656","Pakistan","Karachi","75850","Sadiq Towel Pvt Ltd. H36 Phase # 2, Gulshan Maymar, Site Super Highway, Industrial Area karachi","8.0","","","0","sadiq-towels-pvt-ltd","skip","no category booked",""
"SAFAS Tekstil Turizm Insaat San. Tic. AS","www.fioretta.com","info@fioretta.com","+90 224 261 28 38","Türkiye","Bursa","16110","DOSAB Leylak Sok. No: 3","3.0","Window & Interior Decoration","Curtains","5","safas-tekstil-turizm-insaat-san-tic-as","skip","Window & Interior Decoration",""
"S.A.F Towels Pvt Ltd.","www.saftowels.com","info@saftowels.com","+92 300 9242443","Pakistan","Karachi","","Plot # NC-01 Deh Mouch Goth Suparco Road Kemari Town","8.0","Bed, Bath & Living","Terry goods and towelling","4","saf-towels-pvt-ltd","skip","Bed, Bath & Living",""
"SAH Enterprises Inc.","www.sahent.com","rahilkapadia@texstyle.com.pk","+92 21 35080157","Pakistan","Karachi","75150","Plot # 4, 5, 6, 13, 14, 15, Sector B-IX","8.0","Decorative & Furniture Fabrics | Bed, Bath & Living","Blankets | Furniture fabrics","5","sah-enterprises-inc","skip","Decorative & Furniture Fabrics, Bed, Bath & Living",""
"Sahib International","www.sahibinternational.com","devinder@sahibinternational.com","+91 98963 57713","India","Panipat","132103","Plot #102, Sector-29, Part-2, Huda","12.0","","","5","sahib-international","skip","no category booked",""
"Sahil International (PNP)","www.sahilinternationalpnp.com","info@sahilinternationalpnp.com","+91 180 265 0280","India","Panipat","132103","E-1, Industrial Area","12.0","","","0","sahil-international-pnp","skip","no category booked",""
"Sahil Plastic Pvt. Ltd.","www.sahilplastics.com","muzammil.kudia@sahilplastics.com","+91 98207 10317","India","Mumbai, Maharashtra","400013","603/604, Marathon Icon, Marathon","12.0","Bed, Bath & Living | Carpets & Rugs","Fitted Carpets | Products in the outdoor area","5","sahil-plastic-pvt-ltd","review","rug export house, confirm it sells to end buyers and not only to importers","rugs"
"Salam Textile","","info@salamtextile.com","+92 321 8223617","Pakistan","Karachi","47900","Plot B 151, Sector 27, Korrangi Industrial Area","8.0","Bed, Bath & Living","Terry goods and towelling","5","salam-textile","skip","Bed, Bath & Living",""
"Salzburger Handdrucke Jordis KG","www.jordis.at","info@jordis.at","+43 662 642879","Austria","Salzburg","5020","Blumensteinstraße 1","3.0","Decorative & Furniture Fabrics","Decorative fabrics | Fabrics for bed linen | Furniture fabrics","0","salzburger-handdrucke-jordis-kg","skip","Decorative & Furniture Fabrics",""
"Sama Textile (Private) Limited","www.samatextiles.com","arif.james@samatextiles.com","+92 307 6450495","Pakistan","Lahore","54600","0.4 KM, Services Road, In Front of Ring Road, Bulleh Shah Interchange, Ferozepur Road","8.0","","","0","sama-textile-private-limited","skip","no category booked",""
"Samira Fabrics (Pvt) Ltd.","www.samirafab.com","ali@samirafab.com","+92 42 35718204","Pakistan","Lahore","54660","55-P, Gulberg II","8.0","Bed, Bath & Living","Bed linen | Terry goods and towelling","5","samira-fabrics-pvt-ltd","skip","Bed, Bath & Living",""
"Zhejiang Samsung Down Co., Ltd.","www.downplus.net","amy@samsungdown.com","+86 159 9017 2266","China","Hangzhou Zhejiang","311201","Room 809, Floor 8, Building 5, No. 288, Xiaoshao E. Road, Xintang Street","8.0","","","4","zhejiang-samsung-down-co-ltd","skip","no category booked",""
"Samteks Home Pazarlama Sanayi Ve Ticaret Limited Sirketi","www.samtekshome.com","seyyal@samtekshome.com","","Türkiye","Denizli","20160","Eskihisar Mah. Modal Is Merkezi 313/4","4.2","","","0","samteks-home-pazarlama-sanayi-ve-ticaret-limited-sirketi","skip","no category booked",""
"Sandana Consulting SAS","","vsandana2@wanadoo.fr","+33 4 77 29 40 96","France","Saint Chamond","42400","74 Rue General de Gaulle","4.0","","","0","sandana-consulting-sas","skip","no category booked",""
"Sanders-Kauffmann GmbH","www.sanders-kauffmann.eu","info@sanders-kauffmann.eu","+49 5461 8040","Germany","Bramsche","49565","Maschstr. 2","4.0","","","0","sanders-kauffmann-gmbh","skip","no category booked",""
"SANDRA JACOBS DESIGN","www.sandrajacobs.nl","info@sandrajacobs.nl","+31 6 10856471","Netherlands","Vught","5264 PJ","Nieuwe Linie 10","4.2","Wall Decoration | Textile Design","Design studio | Wallpapers","0","sandra-jacobs-design","take","Wall Decoration","wallpaper"
"Sanem Plastik Sanayi ve Ticaret A.S.","www.sanemplastik.com","info@sanemplastik.com","+90 232 853 76 00","Türkiye","Izmir","35875","Yazibasi Mah. Karabag Sok. No: 17 Torbali","4.2","Bed, Bath & Living","Table, kitchen linen and foils","5","sanem-plastik-sanayi-ve-ticaret-as","skip","Bed, Bath & Living",""
"Sangat Overseas","www.sangatoverseas.com","sarabjeetso@gmail.com","","India","Panipat","132103","Purewal Colony, Near Malike Garden","12.0","Bed, Bath & Living","Bath mats | Blankets","3","sangat-overseas","skip","Bed, Bath & Living",""
"Sanodor srl.","www.sanodor.ro","contact@sanodor.ro","+40 744 650 096","Romania","Piatra Neamt","610249","Mihai Viteazul 19, Bld. C1, Appt. 36","4.0","Smart Bedding | Bed, Bath & Living","Bed linen | Duvets and pillows | Mattress protectors and pads","5","sanodor-srl","skip","Smart Bedding, Bed, Bath & Living",""
"Santa Amalia Alta Decoracion SL","www.santaamaliadecoracion.com","export@santaamaliadecoracion.com","+34 957 65 60 06","Spain","Montilla","14550","Calle San Francisco Solano, 33 - Plt 2","4.1","Decorative & Furniture Fabrics","Decorative fabrics","5","santa-amalia-alta-decoracion-sl","skip","Decorative & Furniture Fabrics",""
"Santham Exports","www.santhamexports.com","santham@santhamexports.com","+91 4324 230 964","India","Karur","639001","9/821, Rasi Nagar, Chinn Andan Kovil Rd.","8.0","Bed, Bath & Living","Table, kitchen linen and foils","5","santham-exports","skip","Bed, Bath & Living",""
"Santosh Fab","","santoshfab94@gmail.com","","India","Panipat","132103","Near Shalini Gas Agency, Barsat Road, Noorwala","12.0","","","0","santosh-fab","skip","no category booked",""
"Santosh Handtex","www.santoshhandtex.com","info@santoshhandtex.com","+91 99967 78683","India","Panipat","132103","Barsat Road, Near Mohan Spinners Noorwala","12.0","","","5","santosh-handtex","skip","no category booked",""
"S.A. Overseas","","mail@saoverseas.co.in","+91 98101 33654","India","Panipat","132103","Plot No. 23, Sector-29, Part-2, Huda","12.0","","","0","sa-overseas","skip","no category booked",""
"Sapana Polyweave Private Limited","www.sapanamats.com","exports@sapanamats.com","+91 22 6980 3901","India","Mumbai","400063","Off. Western Express Highway F-501,Lotus Corporate Park Highway, Goregaon (East)","12.0","Carpets & Rugs","Fitted Carpets","5","sapana-polyweave-private-limited","review","rug export house, confirm it sells to end buyers and not only to importers","rugs"
"Sapphire Textile Mills Limited","www.sapphire.com.pk","furqan.mahmood@sapphiretextiles.com.pk","+92 42 111 000 091","Pakistan","Lahore","55210","Tricon Corporate Center, 4th Floor","","","","0","sapphire-textile-mills-limited","skip","no category booked",""
"Sara Textiles Limited","www.saratextiles.com","gmmarketing2@saratextiles.com","+91 120 466 7272","India","Noida","201301","Sara House, B-8, Sector 4 Uttar Pradesh","9.0","Bed, Bath & Living","Terry goods and towelling","5","sara-textiles-limited","skip","Bed, Bath & Living",""
"Sarathy Export Fabrics","www.sarathyexport.in","sukumar@sarathyexport.com","","India","Karur","639002","L.N.S. Post S.F. No. 2147, New Bye Pass Road","8.0","Bed, Bath & Living","Decorative cushions | Table, kitchen linen and foils","0","sarathy-export-fabrics","skip","Bed, Bath & Living",""
"Sarla Handicrafts Pvt. Ltd.","www.sarlahandicrafts.com","amit@sarlahandicrafts.com","+91 180 266 3646","India","Panipat","132103","Near Flora, Sector-29, Part-1, Huda","12.0","","","5","sarla-handicrafts-pvt-ltd","skip","no category booked",""
"Sarlas Anonymous Commercial and Industrial Company","www.sarlas.gr","info@sarlas.com","+30 21 0258 6200","Greece","N. Ionia","142 31","L Irakleiou 143","3.0","Decorative & Furniture Fabrics","Decorative fabrics | Furniture fabrics | Outdoor fabrics","5","sarlas-anonymous-commercial-and-industrial-company","skip","Decorative & Furniture Fabrics",""
"Satar Carpet GmbH","www.satar-carpet.com","satar-carpet@web.de","+49 36809 812","Germany","Hamburg","20457","Brooktorkai 3-4","3.0","Carpets & Rugs","Fitted Carpets","5","satar-carpet-gmbh","take","Carpets & Rugs","rugs"
"Saurer Spinning Solutions GmbH & Co. KG","www.saurer.com","info.spinning@saurer.com","+49 2451 9051000","Germany","Übach-Palenberg","52531","Carlstr. 60","8.0","Fibres and Yarns, Textile Materials, Finishing | Textile Technology","Fibres and yarns | Textile processing","5","saurer-spinning-solutions-gmbh--co-kg","skip","Fibres and Yarns, Textile Materials, Finishing, Textile Technology",""
"Saya Weaving Mills (Pvt) Ltd.","www.sayatex.com","export@sayatex.com","+92 21 32426055","Pakistan","Karachi","74000","204, Saya Centre, MR6/53/1, Muhammad Feroz Street, Jodia Bazar","9.0","","","5","saya-weaving-mills-pvt-ltd","skip","no category booked",""
"Saze Home Private Limited","","info@sazehome.com","+91 98399 80461","India","Gautam budh Nagar","201305","Nagla Charandas, Dadri, Saze Home No-24, Block-D, Hosiery Complex Noida","11.0","Decorative & Furniture Fabrics | Smart Bedding","Decorative cushions | Duvets and pillows","2","saze-home-private-limited","skip","Decorative & Furniture Fabrics, Smart Bedding",""
"Schlaraffia GmbH","www.schlaraffia.de","","","Germany","Bocholt","46395","Moorweg 16","4.0","Smart Bedding","Bedsteads, bed slats, bedding systems | Duvets and pillows | Mattresses","0","schlaraffia-gmbh","skip","Smart Bedding",""
"Schwarzwald Schlafsysteme GmbH","https://www.schwarzwald-schlafsysteme.de/","info@hn8.de","+49 7832 7050","Germany","Haslach im Kinzigtal","77716","Schwarzwaldstr. 6","4.0","Smart Bedding","Bedsteads, bed slats, bedding systems | Mattresses","0","schwarzwald-schlafsysteme-gmbh","skip","Smart Bedding",""
"SCM Home (Zhejiang) Co., Ltd.","http://twhome.en.alibaba.com/","davidzhang@jlachina.com","+86 135 8883 3310","China","Hangzhou Zhejiang","310030","No. 201, Zhenhua Road, Xihu District","9.0","","","0","scm-home-zhejiang-coltd","skip","no category booked",""
"S Duraisamy And Sons Pvt. Ltd","sdsons.in","babu@sdsons.in","","India","Madurai","625014","Ma Reserve Lines, Madurai North 1A, Old Natham Road","8.0","","","5","s-duraisamy-and-sons-pvt-ltd","skip","no category booked",""
"Sefpro Trade Textile Industries (Egypt)","www.sefprotrade.com","","+20 102 347 1776","Egypt","El mahalla el Kubra","31951","El Mustashar Street","5.0","","","0","sefpro-trade-textile-industries-egypt","skip","no category booked",""
"Sehgal Rugs","","","","India","Bhadohi, Uttar Pradesh","221401","Power House Road, Civil Lines","12.0","","","0","sehgal-rugs","skip","no category booked",""
"Selin Tekstil Sanayi ve Ticaret Limited Sirketi","www.selintekstil.com","info@selintekstil.com","+90 258 372 20 87","Türkiye","Denizli","20020","Akcesme Mah. Bozburun Cad. No: 44 Merkezefendi","5.0","Bed, Bath & Living","Terry goods and towelling","5","selin-tekstil-sanayi-ve-ticaret-limited-sirketi","skip","Bed, Bath & Living",""
"Seral Ev ve Otel Tekstil San. Tic. A.S.","www.seraltekstil.com.tr","seda.akyuz@seraltekstil.com.tr","+90 362 266 60 83","Türkiye","Samsun","55300","Sabanoglu Organize Sanayi Bölgesi Yasardogu Cad. Tekkeköy No: 56","4.0","","","5","seral-ev-ve-otel-tekstil-san-tic-as","skip","no category booked",""
"Sergio K LLC","www.sergiokhome.com","ksergiok@yahoo.com","+1 626-371-5776","United States","Acadia California","91007","615 Las Tunas Dr., Unit C","12.1","","","0","sergio-k-llc","skip","no category booked",""
"Seroyal Trade Limited","","frank.jin@splendorint.com","+86 513 5508 1716","Hong Kong","Kowloon","999077","Flat F, 6/F., Mega Cube 8 Wang Kwong Road Kowloon Bay","8.0","Smart Bedding | Bed, Bath & Living","Blankets | Duvets and pillows","5","seroyal-trade-limited","skip","Smart Bedding, Bed, Bath & Living",""
"Sesli Tekstil San. ve Tic. A.S.","www.sesli.com.tr","hasank@sesli.com.tr","+90 506 469 57 33","Türkiye","Usak","64100","Organize Sanayi Bölgesi 110 Cadde No: 355","4.2","Bed, Bath & Living | Carpets & Rugs","Blankets | Fitted Carpets","5","sesli-tekstil-san-ve-tic-as","review","rug export house, confirm it sells to end buyers and not only to importers","rugs"
"SETEX-Textil-GmbH","www.setex.de","info@setex.de","+49 2852 96400","Germany","Hamminkeln","46499","Frankenstr. 15","4.0","Smart Bedding | Bed, Bath & Living","Bed linen | Mattress protectors and pads","5","setex-textil-gmbh","skip","Smart Bedding, Bed, Bath & Living",""
"Yantai Seven Creeks Home Textile Co., Ltd.","","wayne-sch@sevencreekshometextile.com","+86 159 6354 1001","China","Yantai Shandong","264000","No.29 Haite Road, Zhifu","8.0","Bed, Bath & Living","Bed linen | Blankets","0","yantai-seven-creeks-home-textile-co--ltd","skip","Bed, Bath & Living",""
"SGNP RUGS Nepal","sgnprugs.com","sgnpcustom@gmail.com","+977 981-3808939","Nepal","Kathmandu","44600","Floor Sundartole Road","12.0","","","0","sgnp-rugs-nepal","skip","no category booked",""
"Shaad Brothers","shaadbrothers.com","info@shaadbrothers.com","+91 85878 28381","India","Bhadohi","221401","Near Badi Masjid 1 Qazipur","12.0","Carpets & Rugs","Carpeting, flooring | Fitted Carpets","0","shaad-brothers","review","rug export house, confirm it sells to end buyers and not only to importers","rugs"
"Shabab Fabrics Ltd.","www.shababfabrics.com","mailbox@shababfabrics.com","+880 9638-333222","Bangladesh","Dhaka","1206","Baridhara House 340, Lane #5 (East) DOHS","8.0","","","5","shabab-fabrics-ltd","skip","no category booked",""
"Shahson Commercials Private Limited","","shahcom@del3.vsnl.net.in","+91 95558 80888","India","New Delhi","110020","B-264, Okhla Industrial Area, Phase-I","12.0","","","0","shahson-commercials-private-limited","skip","no category booked",""
"Shaoxing Keqiao Hetian Textile Co., Ltd.","www.hetiantex.com","edward_textiles@163.com","","China","Shaoxing Zhejiang","312000","1 Building, Siqiao Village Binhai Industrial Zone Keqiao Dist.","12.1","","","0","shaoxing-keqiao-hetian-textile-co-ltd","skip","no category booked",""
"Sharadha Terry Products Ltd.","www.microcotton.com","sharadha@microcotton.com","+91 20 2664 0933","India","Coimbatore","641305","Mettupalayam No. 8 Badrakaliamman Koil Street","12.0","","","0","sharadha-terry-products-ltd","skip","no category booked",""
"M/S Sharco Enterprises","www.sharcoenterprises.com","sanjiv@sharcoindia.com","","India","New Delhi, Delhi","110092","A 81, Madhuban, Vikas Marg","12.0","Decorative & Furniture Fabrics | Bed, Bath & Living","Blankets | Decorative cushions","5","ms-sharco-enterprises","skip","Decorative & Furniture Fabrics, Bed, Bath & Living",""
"Sharco International LLP","","rohan@sharcointernational.com","+91 99109 44699","India","Noida, Uttar Pradesh","201305","Complex, Phase 2, Gautambuddha Building No. 184A, Block C, Hosiery Nagar","12.0","Bed, Bath & Living","Blankets | Decorative cushions","5","sharco-international-llp","skip","Bed, Bath & Living",""
"Sharvaay Textiles Pvt. Ltd.","","info@sharvaay.com","","India","Ahmedabad","380054","A101, Elanza Crest, Opp.Gateway Hotel Sindhu Bhavan Marg.","8.0","","","0","sharvaay-textiles-pvt-ltd","skip","no category booked",""
"Shashi Exports","","abhinav@shashiexports.in","+91 98961 35200","India","Panipat","132103","No. 65 Sector-25, Part-1, Huda","11.0","","","0","shashi-exports","skip","no category booked",""
"SH Carpet Industries","shcarpet.com","panden@shcarpet.com","+977 985-1021157","Nepal","Kathmandu","44600","497 Dhapasi","12.0","","","4","sh-carpet-industries","skip","no category booked",""
"Shear Illusions","","neerja@shearillusions.in","+91 98106 17974","India","Faridabad","121002","Plot No. 2, Karkhana Bagh, 16/5, Mathura Road","12.0","Smart Bedding | Bed, Bath & Living","Decorative cushions | Duvets and pillows","5","shear-illusions","skip","Smart Bedding, Bed, Bath & Living",""
"Sheen Tex India","www.sheentexindia.com","sbhaskar@sheentexindia.com","+91 99969 14628","India","Panipat","132103","190/191 Sector 25, Part-2","12.0","Decorative & Furniture Fabrics | Bed, Bath & Living","Bathroom curtains | Decorative cushions","5","sheen-tex-india","skip","Decorative & Furniture Fabrics, Bed, Bath & Living",""
"Shehzad Enterprises","www.shehzadtextile.com","info@shehzadtextile.com","+92 21 69625550","Pakistan","Karachi","74200","North Karachi Industrial Area DP-5, Sector 6B","8.0","Bed, Bath & Living","Terry goods and towelling","5","shehzad-enterprises","skip","Bed, Bath & Living",""
"Xuzhou Shengkun Silk Manufacturing Co., Ltd.","www.shengkunsilk.com","mwm@silkquilt.com.cn","+86 516 8370 5085","China","Xuzhou Jiangsu","221003","Room 509-510, Loft #3, Greenland Business Center, Kunlun Avenue, Xincheng","8.0","Smart Bedding | Bed, Bath & Living","Bed linen | Duvets and pillows","5","xuzhou-shengkun-silk-manufacturing-co-ltd","skip","Smart Bedding, Bed, Bath & Living",""
"Shenzhen Natural Home Textile Co., Ltd.","www.naturaldown.en.alibaba.com","nancy@naturaldown.com.cn","+86 755 2865 9386","China","Shenzhen Guangdong","518115","No. 28 Longxing Road, Dakang Village, Henggang Town, Longgang District","8.0","","","0","shenzhen-natural-home-textile-co-ltd","skip","no category booked",""
"Shivam Exports","www.shivamexportsindia.com","info@shivamexportsindia.com","+91 98134 93931","India","Panipat, Haryana","132103","Plot No. 86, Sector 29, Part 1, Huda","12.0","","","0","shivam-exports","skip","no category booked",""
"Shivani Impex","www.shivaniimpex.com","vishal.shah@shivaniimpex.com","+91 98205 84645","India","Mumbai","400058","801, Jamuna Vihar, Juhu Lane, Andheri (West)","8.0","Smart Bedding | Bed, Bath & Living","Bed linen | Duvets and pillows","5","shivani-impex","skip","Smart Bedding, Bed, Bath & Living",""
"Shiwani Textile","www.shiwanitextile.com","export@shiwanitextile.com","+92 300 8292263","Pakistan","Karachi","75850","Plot # B-30/a, Scheme 33, Phase I, S.i.t.e Super Highway","8.0","Bed, Bath & Living","Table, kitchen linen and foils | Terry goods and towelling","5","shiwani-textile","skip","Bed, Bath & Living",""
"Shree India","www.shreeindia.in","rohitkella@gmail.com","+91 98291 69191","India","Jaipur","302022","J - 489 Sitapura Ind. Area","8.0","","","0","shree-india","skip","no category booked",""
"Shreysha Textiles Pvt Ltd.","www.shreysha.com","mohit@shreysha.com","+91 98100 00447","India","Noida, U.P.","201301","D298, Sector-63","12.0","","","0","shreysha-textiles-pvt--ltd","skip","no category booked",""
"Shyam Exports","https://shyamexports.in/","mohitgarg@shyamexports-india.com","+91 95895 08739","India","Panipat","132103","Plot No. 66-67, Sector 25, Part 1, Huda","11.0","","","4","shyam-exports","skip","no category booked",""
"Shyam Industries","www.shyamindustries.co.in","romi@shyamindustries.co.in","+91 80596 00045","India","Panipat","132103","Plot No. 222 & 223, Sector-29, Part-1, Huda","8.0","","","5","shyam-industries","skip","no category booked",""
"Shyam Overseas","www.shyamoverseas.in","office@shyamoverseas.in","+91 98963 44545","India","Panipat","132103","O-36 Industrial Area","12.0","","","4","shyam-overseas","skip","no category booked",""
"SIC Sp. z o.o.","www.sic.com.pl","kontakt@sic.com.pl","+48 42 680 81 00","Poland","Ksawerow","95-054","ul. Towarowa 4","3.1","Decorative & Furniture Fabrics","Decorative fabrics | Furniture fabrics","0","sic-sp-z-oo","skip","Decorative & Furniture Fabrics",""
"Firma Handlowa Zawisza Jan Sienkiewicz","www.zawisza-hajnowka.pl","office@zawisza-hajnowka.pl","+48 602 669 182","Poland","Hajnówka","17-200","Marszałka Józefa Piłsudskiego 55","3.1","","","0","firma-handlowa-zawisza-jan-sienkiewicz","skip","no category booked",""
"Sigma Vietnam Industrial Co., Ltd.","www.sigmatex.net","hujiawen@quanke.com","+84 275 6520 777","Vietnam","Vinh Long Province","80000","Giao Long Industrial Park Giao Long Commune, Av-Avi Area","9.0","Bed, Bath & Living","Bed linen | Terry goods and towelling","5","sigma-vietnam-industrial-co-ltd","skip","Bed, Bath & Living",""
"Silverfox Textiles Pvt. Ltd.","","","","Pakistan","Faisalabad","38000","227, Karar Wala, Jaranwala Road","8.0","Smart Bedding | Bed, Bath & Living","Bed linen | Duvets and pillows","5","silverfox-textiles-pvt-ltd","skip","Smart Bedding, Bed, Bath & Living",""
"Simak Cherry EOOD","www.simakcherry.com","info@simakcherry.com","+359 32 235 312","Bulgaria","Plovdiv","4000","Kuklenko Shose 15","4.1","Decorative & Furniture Fabrics","Artificial leather | Outdoor fabrics","1","simak-cherry-eood","skip","Decorative & Furniture Fabrics",""
"SIMALFA®","www.simalfa.ch","info@simalfa.ch","+41 4333030","Switzerland","Rafz","8197","Vor Eiche 10","4.0","Smart Bedding | Textile Technology | Functional features","Climate-regulating | Mattresses | Recyclability | Textile processing","0","alfa-klebstoffe-ag","skip","Smart Bedding, Textile Technology, Functional features",""
"PT. Sinar Mega Adimulia","","","","Indonesia","Kota Administrasi Jakarta Utara","14350","Jl. Komp. Royal Danau Sunter, Selatan Blok C3, Sunter Jaya","3.1","","","0","pt-sinar-mega-adimulia","skip","no category booked",""
"Siratex Srl","","","+39 335 630 7877","Italy","Cologno Monzese","20093","Via Per Vimodrone 21","4.1","","","0","siratex-srl","skip","no category booked",""
"Sirenateks Tekstil Sanayi Ve Ticaret Limited Sirketi","www.sirenateks.com.tr","serengallevci@sirenateks.com.tr","+90 539 463 79 34","Türkiye","Bursa","16450","Alfateks D: 2, No: 9 Ahmetvefikpasa Mahallesi Bahtiyar Sokak","3.0","Decorative & Furniture Fabrics","Decorative fabrics","0","sirenateks-tekstil-sanayi-ve-ticaret-limited-sirketi","skip","Decorative & Furniture Fabrics",""
"Siretessile S.r.l.","www.siretessile.com","info@siretessile.com","+39 0423 8301","Italy","Cornuda","31041","Via dell'Industria 75","4.0","","","5","siretessile-srl","skip","no category booked",""
"Sky Fabrics","","","","Pakistan","Faisalabad","38000","Teaching Hospital Sargodha Road, Samana Street, near Madinah","8.0","Bed, Bath & Living","Bed linen","5","sky-fabrics","skip","Bed, Bath & Living",""
"Sociedade Textil Vital Marques Rodrigues Filhos, S.A.","www.vitaltecidos.pt","comercial2@vitaltecidos.pt","+351 253 523 459","Portugal","Guimaraes","4835-139","Rua de Santo Amaro N 510","5.0","Bed, Bath & Living","Bed linen | Terry goods and towelling","5","sociedade-textil-vital-marques-rodrigues-filhos-sa","skip","Bed, Bath & Living",""
"Socius Global Sourcing Limited","","","","Great Britain and Northern Ireland","Harlow","CM17 9DR","97 Pilkingtons","8.0","Bed, Bath & Living","Table, kitchen linen and foils | Terry goods and towelling","5","socius-global-sourcing-limited","skip","Bed, Bath & Living",""
"Soff-ART S.R.L.","www.soffart.com","soffart@soffart.com","+39 0744 813535","Italy","Terni","05100","Via Maestri Del Lavoro 49","4.0","Smart Bedding","Duvets and pillows","2","soff-art-srl","skip","Smart Bedding",""
"The Soft Bedding Company Ltd.","www.softbedding.ie","info@softbedding.ie","+353 98 37030","Ireland","Westport, Co. Mayo","F28YD89","The Demense","4.0","Smart Bedding","Duvets and pillows","4","the-soft-bedding-company-ltd","skip","Smart Bedding",""
"Soft Options","www.softoptions.net","info@softoptionsindia.com","+91 120 484 7501","India","Delhi","110052","Ashok Vihar, Phase-4 A-1 Commercial Centre, Nimri","8.0","","","0","soft-options","skip","no category booked",""
"Soft-Tex Global BV","www.softtex-global.com","ben.ducatteeuw@softtex-global.com","+32 472 98 61 02","Belgium","Waregem","8792","Desselgem-Dries 42","4.0","","","0","soft-tex-global-bv","skip","no category booked",""
"Sohail Weaving Industries","www.sohailhometex.com","nasir@sohailhometex.com","+92 300 9200966","Pakistan","Karachi","75850","Plot No. C-4 SITE Super Highway C-4","8.0","Bed, Bath & Living","Bath mats | Terry goods and towelling","5","sohail-weaving-industries","skip","Bed, Bath & Living",""
"Som Kagit ve Karton Isleme San. ve Tic A.S.","www.sompaper.com.tr","info@sompaper.com.tr","+90 262 502 13 04","Türkiye","Kocaeli","41455","Cerkesli OSB Mah. Imes OSB 8","3.0","","","0","som-kagit-ve-karton-isleme-san-ve-tic-as","skip","no category booked",""
"Sonart Tekstil San. ve Tic. Ltd. Sti.","","","+90 212 771 13 40","Türkiye","Istanbul","34555","Hadimkoy Sahmaran Mah. No:1/c, Arnavutkoy","3.1","Decorative & Furniture Fabrics","Artificial leather | Furniture leather","3","sonart-tekstil-san-ve-tic-ltd-sti","skip","Decorative & Furniture Fabrics",""
"Sooshi Products Limited","","","","Great Britain and Northern Ireland","Bolton","BL7 0HB","Station House","4.2","","","0","sooshi-products-limited","skip","no category booked",""
"Sorema, S.a.","www.sorema.pt","sorema@sorema.pt","+351 22 733 0780","Portugal","Espinho","4500-654","Lugar do Souto Rua Dos Limites, 145","5.0","","","0","sorema-sa","skip","no category booked",""
"Spring International","http://springinternational.in/","deepak@springinternational.in","+91 99912 00015","India","Panipat","132103","Siwah Rishalu Road, Chautala Road,","11.0","","","0","spring-international","skip","no category booked",""
"Sree Angalamman Exports","www.sreeangalamman.com","info@sreeangalamman.com","+91 98439 76419","India","Karur","639002","No. 5, Gowripuram Extension, 3rd. Cross, Anna Nagar","8.0","Bed, Bath & Living","Table, kitchen linen and foils","2","sree-angalamman-exports","skip","Bed, Bath & Living",""
"Sree Arasu Export","www.sreearasuexport.com","param@sreearasuexport.com","+91 96777 76551","India","Karur","639003","Door No.2 /134, Puthu Nagar Appipalayam Post, Manmangalam TK Karuppampala","8.0","Bed, Bath & Living","Table, kitchen linen and foils","5","sree-arasu-export","skip","Bed, Bath & Living",""
"Sri Eesan International","www.srieesan.com","shanmugam@srieesan.com","+91 98430 31939","India","Karur","639001","Old No 9a/1 New No 30, 50 Feet Road Ramakrishnapuram","8.0","Window & Interior Decoration | Bed, Bath & Living","Curtains | Table, kitchen linen and foils","5","sri-eesan-international","skip","Window & Interior Decoration, Bed, Bath & Living",""
"Sri Jothi Impex","www.srijothiimpex.com","info@srijothiimpex.com","+91 80567 88588","India","Karur","639002","Sengunthapuram Post No. 2A, Kamarajapuram 1st Cross","8.0","Bed, Bath & Living","Decorative cushions | Table, kitchen linen and foils","2","sri-jothi-impex","skip","Bed, Bath & Living",""
"Sri Laxmi Export","www.srilaxmiexport.com","ramesh@srilaxmiexport.com","+91 4324 241 408","India","Karur","639002","# 648, Allwin Nagar","8.0","Bed, Bath & Living","Table, kitchen linen and foils","5","sri-laxmi-export","skip","Bed, Bath & Living",""
"S.R. Kumar Intl.","www.srkumar.com","info@srkumar.com","+91 11 2589 1384","India","New Delhi","110028","Naraina Industrial Area, Phase-2 A-21/23","12.0","Bed, Bath & Living","Bed linen | Terry goods and towelling","5","sr-kumar-intl","skip","Bed, Bath & Living",""
"Starbellatex, Lda","","rui.azevedo@almeidastextile.pt","","Portugal","Moreira de Cónegos","4815-364","Rua Nossa Senhora Da Ajuda, 193","5.0","Bed, Bath & Living","Bed linen | Table, kitchen linen and foils","5","starbellatex-lda","skip","Bed, Bath & Living",""
"Star Fabrics","www.star-fabrics.com","bilal@star-fabrics.com","+92 41 8811891","Pakistan","Faisalabad","38000","Sargodha Road 119 J.B. Chak Samana, Dhanola Road","8.0","Smart Bedding | Bed, Bath & Living","Bed linen | Duvets and pillows","5","star-fabrics","skip","Smart Bedding, Bed, Bath & Living",""
"Staroon Group Limited","www.staroon.com","staroon@staroon.com","+86 137 5733 9799","Hong Kong","Wanchai","999077","Room 1002, 10/F., Easey Commercial Building 253-261 Hennessy Road","8.0","Smart Bedding","Duvets and pillows | Mattress protectors and pads","5","staroon-group-limited","skip","Smart Bedding",""
"STEF Caroline & Betina","","caroline.bettina@orange.fr","+33 1 42 72 09 54","France","Paris","75020","29 rue des Orteaux","4.2","Textile Design","Design studio","0","stef-caroline--betina","skip","Textile Design: sells designs to manufacturers, not products to shoppers",""
"Stef Descamps Rizo","www.elkastudio.com","elkastudio@gmail.com","+33 9 51 89 43 07","France","Paris","75006","4 Rue Jean François Gerbillon","4.2","Textile Design","Design studio","0","stef-descamps-rizo","skip","Textile Design: sells designs to manufacturers, not products to shoppers",""
"Bettwaren Stendebach & Co.","www.stendebach.eu","info@stendebach.eu","+49 2602 9995300","Germany","Montabaur","56410","Horresser Berg 5","4.0","Smart Bedding","Duvets and pillows | Mattresses","5","bettwaren-stendebach--co","skip","Smart Bedding",""
"Stepptex Ges.m.b.H.","www.stepptex.at","info@stepptex.at","+43 5223 25355","Austria","Absam","6067","Rhombergstraße 9","4.0","","","5","stepptex-gesmbh","skip","no category booked",""
"Story Home","www.izaytextile.com","export@izaytextile.com","+90 506 690 74 34","Türkiye","Merkezefendi /Denizli","20030","Gumuscay Mah. D: 1, No: 64 Sokak 4018/1","5.0","Bed, Bath & Living","Bed linen","5","izay-tekstil-ith-ihr-san-tic-ltd-sti","skip","Bed, Bath & Living",""
"STS Dis Ticaret Ve Tekstil Sanayi Limite","","","+90 342 503 28 82","Türkiye","Sehitkamil / Gaziantep","27000","2. Org. San. Bölgesi 83211 Nolu Cad. No: 3","4.2","","","0","sts-dis-ticaret-ve-tekstil-sanayi-limite","skip","no category booked",""
"STTS International GmbH","www.stts-international.de","info@stts-international.de","+49 33203 884149","Germany","Kleinmachnow","14532","Rudolf-Breitscheid-Str. 42","4.2","Bed, Bath & Living","Blankets","5","stts-international-gmbh","skip","Bed, Bath & Living",""
"Stuco Taschentücher Stuchlik GmbH","www.stuchlik.de","stuchlik@stuchlik.de","+49 8541 97460","Germany","Vilshofen","94474","Bahnhofstr. 5","5.1","","","0","stuco-taschentuecher-stuchlik-gmbh","skip","no category booked",""
"Studio 1987 LLC","","","","United States","Saint Petersburg Florida","33702","7901 4th St N Ste 5793","4.2","Textile Design","Design studio","0","studio-1987-llc","skip","Textile Design: sells designs to manufacturers, not products to shoppers",""
"Studio Lid Moroccan rugs","www.studiolid.com","info@studiolid.com","+212 641-197707","Morocco","Marrakech","40000","251 Rue Sidi Ghanem","3.0","","","0","studio-lid-moroccan-rugs","skip","no category booked",""
"Studio Orbit","www.studioorbit.com","loka@mail.dk","+45 40 28 44 66","Denmark","Kolding","6000","Assensvej 9","4.2","Textile Design","Design studio","0","studio-orbit","skip","Textile Design: sells designs to manufacturers, not products to shoppers",""
"Stylcon s.r.o.","www.stylcon.cz","stylcon@stylcon.cz","+420 777 701 912","Czech Republic","Praha 6","160 00","Národni obrany 824/35","3.0","Window & Interior Decoration","Drapery and curtain hardware systems | Indoor sun-protection systems (panel tracks, blinds)","5","stylcon-sro","skip","Window & Interior Decoration",""
"Styler for Manufacturing Blankets, Carpets and Garments (ASLAN)","","","","Egypt","Port Said","","South District, Industrial Area Ismailia - Port Said Road","4.2","","","0","styler-for-manufacturing-blankets-carpets-and-garments-aslan","skip","no category booked",""
"Sublime International","www.sublimeintl.com","info@sublimeintl.com","","Pakistan","Faisalabad","38000","P-1717, Street # 13, Samanabad","8.0","Bed, Bath & Living","Bed linen | Table, kitchen linen and foils","5","sublime-international","skip","Bed, Bath & Living",""
"Subra Tex","www.subratex.com","subra@subratex.in","+91 99444 42962","India","Karur","639001","40, Ramakrishnapuram North","8.0","Bed, Bath & Living","Bed linen | Table, kitchen linen and foils","5","subra-tex","skip","Bed, Bath & Living",""
"SUBRENAT SAS","www.subrenat.com","contact@subrenat.com","+33 3 20 11 87 33","France","Mouvaux","59420","91 rue de l'Epinette","4.0","Decorative & Furniture Fabrics | Functional features","Flame-retardant | Furniture fabrics","5","subrenat-sas","skip","Decorative & Furniture Fabrics, Functional features",""
"Sudarshan Jeans Private Limited","www.sjlindia.in","aashish.balotia@sjlindia.in","+91 98902 89191","India","Kolhapur","416216","Plot No T-2, Five Star MIDC Kasaba Sangaon, Kagal","8.0","","","0","sudarshan-jeans-private-limited","skip","no category booked",""
"Suerte-Elegancia Sp. z o.o.","https://suerte-elegancia.com/","info@suerte-elegancia.com","","Poland","Warszawa","04-109","Korytnicka 46 M52","3.0","","","0","suerte-elegancia-sp-z-oo","skip","no category booked",""
"Suez For Polyester Mahmoud Mohamed Ramdan And Osama Amin Amin Nassar And Their Partners","","sales@suezpolyester.net","+20 115 044 7374","Egypt","Suez","43111","Number 74,75,76 Ataqa Industrial Area Behind El Suez Factory For Steel Piece","4.0","Fibres and Yarns, Textile Materials, Finishing","Fibres and yarns","0","suez-for-polyester-mahmoud-mohamed-ramdan-and-osama-amin-amin-nassar-and-their-partners","skip","Fibres and Yarns, Textile Materials, Finishing",""
"Sufi Weaving Industries (private) Limited","www.sufiweaving.com","ah@sufiweaving.com","+92 41 8751495","Pakistan","Faisalabad","38000","Kashmir Road Amin Town P 8003 Punjab","8.0","","","5","sufi-weaving-industries-private-limited","skip","no category booked",""
"Su Home Ceyiz Ic ve Dis Tic. Ltd. Sti.","velevhome.com.tr","omer@suceyiz.com","+90 532 626 33 91","Türkiye","Beylikdüzü /Istanbul","34520","Beylikdüzü O.S.B. Mah. Leylak Cad. No: 2-4","4.0","","","0","su-home-ceyiz-ic-ve-dis-tic-ltd-sti","skip","no category booked",""
"Sujata Exports","www.sujataexports.com","","","India","Varanasi, Uttar Pradesh","221106","D-15, D-18, Big Industrial Estate, Chandpur","11.0","","","5","sujata-exports","skip","no category booked",""
"Sumangalam Exports Pvt. Ltd.","www.sumangalam.com","sales@sumangalam.com","+91 22 6633 1200","India","Mumbai","400021","6-B Nirmal Building, Nariman Point","8.0","Bed, Bath & Living","Bed linen | Terry goods and towelling","5","sumangalam-exports-pvt-ltd","skip","Bed, Bath & Living",""
"Sumas Tekstil San. ve Tic. A.S.","www.cottonbox.com.tr","info@cottonbox.com.tr","","Türkiye","Merkezefendi /Denizli","20050","Hacieyuplu mah.3125 Sokak No: 8","5.1","","","5","sumas-tekstil-san-ve-tic-as","skip","no category booked",""
"Nanjing Summit Home Textile Co., Limited","www.smttextile.com","contact@smttextile.com","+86 25 8465 0229","Hong Kong","Kowloon","999077","Room F, 6/F., Mega Cube 8 Wang Kwong Road Kowloon Bay","8.0","Bed, Bath & Living","Bed linen | Blankets","3","nanjing-summit-home-textile-co-limited","skip","Bed, Bath & Living",""
"Sundeep Exports","","info@sundeepexports.com","+91 91982 44801","India","Mirzapur","231001","Mirzapur-cum-Vindhyachal Katra Bazirao","12.0","","","0","sundeep-exports","skip","no category booked",""
"Sunfree Smart Technology GmbH","","","+49 2333 7926900","Germany","Ennepetal","58256","Thüngenfeld 10","","","","0","sunfree-smart-technology-gmbh","skip","no category booked",""
"Sunnair Textiles","www.sunnairtextiles.com","info@sunnairtextiles.com","+92 41 8555612","Pakistan","Faisalabad","38000","Koh-I-Noor City, Jaranwala Road Office # 13, 3rd Floor, Legacy Tower","8.0","","","0","sunnair-textiles","skip","no category booked",""
"Sunrise Tex Sourcing","www.sunrisetexsourcing.com","sunrisetex1@gmail.com","+91 99798 50499","India","Ahmedabad, Gujarat","380058","A/103/2, Aarohi Club Plots, Opp. Kavisha Bopal Ghuma Road, Bopal","8.0","Smart Bedding | Bed, Bath & Living","Bed linen | Duvets and pillows","0","sunrise-tex-sourcing","skip","Smart Bedding, Bed, Bath & Living",""
"Sunrise Textiles (China) Co., Ltd.","www.sunrisetex.com","hou@sunrisetex.com","+86 20 3829 6961","China","Guangzhou Guangdong","510623","RM 2603, West Block, Star Intern. Bldg. No. 8 Jinsui Road Pearl River New City, Tianhe District","8.0","Bed, Bath & Living","Bed linen | Terry goods and towelling","5","sunrise-textiles-china-co-ltd","skip","Bed, Bath & Living",""
"Sunrise Vietnam Industrial Limited Company","http://www.sunrisezjg.com/","ibex777@163.com","","Vietnam","Phu Tho","29700","Cam Khe Town, Cam Khe District Cam Khe Industrial Park, Lot CN 18.3","8.0","","","0","sunrise-vietnam-industrial-limited-company","skip","no category booked",""
"Sunvictory Enterprise Co., Ltd.","daniel@sunvictory.cn","daniel@sunvictory.cn","","China","Shenzhen Guangdong","518056","Nanxin Road, Rm. 3301, Bldg. A Yangguang Kechuang Center, Nanshan District","8.0","","","5","sunvictory-enterprise-co-ltd","skip","no category booked",""
"Sunvim Group Co., Ltd.","www.sunvim.com","terencetan@sunvim.com","+86 536 285 5007","China","Weifang Shandong","261500","No. 1, Sunvim (Furi) Street, Gaomi","9.0","Bed, Bath & Living","Bed linen | Terry goods and towelling","5","sunvim-group-co-ltd","skip","Bed, Bath & Living",""
"Super Tekstil San. ve Tic. A.S.","www.supertekstil.com","rabiaozkan@supertekstil.com","+90 212 465 65 25","Türkiye","Ikitelli, Kücükcekmece, Istanbul","34303","Mehmet Akif Mah. Bahariye Cad.","3.0","","","5","super-tekstil-san-ve-tic-as","skip","no category booked",""
"Surya Carpet Pvt. Ltd.","www.surya.com","amar.tiwari@surya.com","+91 98735 52708","India","Bhadohi","221301","Ugapur Aurai","12.0","Carpets & Rugs","Carpeting, flooring | Fitted Carpets","5","surya-carpet-pvt-ltd","review","rug export house, confirm it sells to end buyers and not only to importers","rugs"
"Surya Exports","","pranavpahwa@suryaexports.net","+91 11 4170 5050","India","New Delhi","110020","D-14/3, Okhla Industrial Area, Phase-II","8.0","","","3","surya-exports","skip","no category booked",""
"Surya International","www.vasu-surya.com","soni@vasusurya.com","+91 98100 29413","India","New Delhi","110028","B-87, Naraina Industrial Area Phase II","12.0","Decorative & Furniture Fabrics | Bed, Bath & Living","Decorative cushions | Table, kitchen linen and foils","0","surya-international","skip","Decorative & Furniture Fabrics, Bed, Bath & Living",""
"Surya Overseas","https://suryaoverseas.org/","sachin@suryaoverseas.org","+91 97292 00567","India","Panipat","132103","near Shiv Mandir Colony Across Both Canals, Jatal Road","8.0","","","1","surya-overseas","skip","no category booked",""
"SURYA RUG HOUSE","www.sarawagirugs.com","info@sarawagirugs.com","+977 985-1020429","Nepal","Kathmandu","44600","SBI Building 5th Floor Chucheepati","12.0","","","0","surya-rug-house","skip","no category booked",""
"Sutlej Textiles & Industries Ltd.","www.sutlejtextiles.com","amitsuryavanshi@sutlejtextiles.com","+91 22 4219 8800","India","Goregaon (East), Mumbai","400063","185/A, Graham Firth Steel Compound, near E-Wing, 5th & 6th Floor, Lotus Corporate Park Off. Western Express Highway","3.1","","","5","sutlej-textiles--industries-ltd","skip","no category booked",""
"Suzhou Taihu Snow Silk Co., Ltd.","www.taihusnow.com","carol@taihuxue.com","+86 135 8497 0970","China","Suzhou Jiangsu","215231","No. 2428, 318 National Road, Zhenze Town, Wujiang District","9.0","","","5","suzhou-taihu-snow-silk-co-ltd","skip","no category booked",""
"Svepol EAD","www.svepol.com","sales@svepol.com","+359 2 953 0387","Bulgaria","Sofia","1715","App. 8 Aleksander Malinov Blvd 85 Mladost","4.0","Smart Bedding | Fibres and Yarns, Textile Materials, Finishing","Fibres and yarns | Fillings","5","svepol-ead","skip","Smart Bedding, Fibres and Yarns, Textile Materials, Finishing",""
"Symposium Design Limited","www.symposiumdesign.com","info@symposiumdesign.com","+44 7837 087036","Great Britain and Northern Ireland","Cheadle","SK8 3TD","Cheadle Royal Business Park Clarke Nicklin House Brooks Drive","4.2","Textile Design","Design studio | Style bureau","0","symposium-design-limited","skip","Textile Design: sells designs to manufacturers, not products to shoppers",""
"Taka Kumas Tekstil San. ve Tic. Ltd. Sti","www.takafabrics.com","okanakcam@takafabrics.com","+90 224 494 10 03","Türkiye","BURSA","16090","D:1, No:28 Kucukbalikli Mah. 6. Cad. Osmangazi","3.1","Decorative & Furniture Fabrics","Furniture fabrics | Outdoor fabrics","4","taka-kumas-tekstil-san-ve-tic-ltd-sti","skip","Decorative & Furniture Fabrics",""
"TAL HANDWOVEN CLASSICS LLP","","info@talindia.com","","India","New Delhi","110017","C-136 Sarvodaya Enclave","11.0","","","0","tal-handwoven-classics-llp","skip","no category booked",""
"TANA BANA Design Services","www.tana-bana.com","info@tana-bana.com","+1 973-538-3707","United States","Morristown New Jersey","07960","85 Gaston Road","4.2","","","0","tana-bana--design-services","skip","no category booked",""
"Tanriverdi Mensucat San. A.S.","www.tanriverdi.com","export@tanriverdi.com","+90 212 789 19 29","Türkiye","Besiktas, Istanbul","34337","Etiler Mah. Etiler Sok. No: 2","","","","5","tanriverdi-mensucat-san-as","skip","no category booked",""
"Tapices, Alfombras, Preparación Industrial, S. A.","www.tintestapisa.com","tapisa@unifam.es","+34 965 40 16 50","Spain","Crevillente","03330","Polígono Industrial I-4, Carretera De La Estación S/N","3.1","Fibres and Yarns, Textile Materials, Finishing","Fibres and yarns","4","tapices-alfombras-preparacin-industrial-s-a","skip","Fibres and Yarns, Textile Materials, Finishing",""
"Tarkett Holding GmbH","www.tarkett.de","info.de@tarkett.com","","Germany","Ludwigshafen am Rhein","67061","Rheinallee 13","3.0","","","0","tarkett-holding-gmbh","skip","no category booked",""
"Tasvira Carpets","www.tasviracarpets.com","tasviracarpet68@gmail.com","+91 98390 49393","India","Bhadohi","221401","Civil Lines, Power-House Road Po Box 158 Khannapur Bhadohi","12.0","","","0","tasvira-carpets","skip","no category booked",""
"Tatiana Design V.O.F.","www.tatianadesign.nl","info@tatianadesign.nl","+31 30 636 2051","Netherlands","Zeist","3701 JG","Voorheuvel 60A","4.2","Textile Design","Design studio","0","tatiana-design-vof","skip","Textile Design: sells designs to manufacturers, not products to shoppers",""
"Tawelie for Textile","","towelietex@gmail.cim","+20 120 162 6666","Egypt","10th of Ramadan","","South Industrial Area 6 Million District B 215","4.2","","","0","tawelie-for-textile","skip","no category booked",""
"T.C. Terrytex Ltd.","www.tctl.in","rajnish@tctl.in","","India","Mohali","140501","Village Sarsini Lalru","8.0","Bed, Bath & Living","Terry goods and towelling","5","tc-terrytex-ltd","skip","Bed, Bath & Living",""
"TCT Linens Pvt., Ltd.","","mahendran@thecreativetexture.com","+91 77080 03487","India","Coimbatore, Tamil Nadu","641028","Phase I, Sowripalaya Post #169B, 80 Feet Road, Rajiv Gandhi Nagar","9.0","","","5","tct-linens-pvt-ltd","skip","no category booked",""
"TED BED EAD","www.ted-bed.com","sgelgelian@ted.bg","+359 32 271 700","Bulgaria","Plovdiv","4000","6-th September Blvd. 222a","4.0","Smart Bedding","Duvets and pillows | Mattresses","5","ted-bed-ead","skip","Smart Bedding",""
"Teijin Polyester (Thailand) Ltd.","","weerachai.c@teijin-frontier.com","+66 2 516 2111","Thailand","Patumthani","12120","Kluang Nueng, Kluang Luang 1/1 Moo 3","4.0","Smart Bedding | Functional features","Functional features Smart Bedding | Mattresses","3","teijin-polyester-thailand-ltd","skip","Smart Bedding, Functional features",""
"Teksko Kadife A.S.","www.tekskokadife.com","ozgurkaya@tekskotekstil.com","+90 212 886 56 60","Türkiye","Esenyurt, Istanbul","34522","M. Deniz Kopuz Cad. Osmangazi Mah. 4","4.1","Decorative & Furniture Fabrics","Decorative fabrics | Furniture fabrics","5","teksko-kadife-as","skip","Decorative & Furniture Fabrics",""
"Tela's Design Lda.","www.telasdesign.com","geral@telasdesign.com","","Portugal","Guimaraes","4835-315","Rua Da Circunvalacao 1508 B","4.2","Textile Design","Design studio | Style bureau","0","telas-design-lda","skip","Textile Design: sells designs to manufacturers, not products to shoppers",""
"Telia Home","","jessica@yufei-textile.com","+86 21 6266 2516","China","Shanghai","200051","Room 1006, Building B, No. 1065 West Zhongshan Road, Changning District","12.1","Window & Interior Decoration | Bed, Bath & Living","Blankets | Curtains","5","solear-taiwan-ltd","skip","Window & Interior Decoration, Bed, Bath & Living",""
"Teppich de Orienta","","info@tdomail.com","","India","Sant Ravidas Nagar, Bhadohi","221401","TDO Naya Bazar Road,Near Gas Agency","12.0","","","0","teppich-de-orienta","skip","no category booked",""
"Teppich World","","teppichworld@gmail.com","+91 99195 49333","India","Sant Ravidas Nagar","221401","Peerkhanpur Peerkhanpur Road Uttar Pradesh","11.0","","","0","teppich-world","skip","no category booked",""
"Terry Tex International","www.terry-tex.com","info@terry-tex.com","+92 21 35113695","Pakistan","Karachi","79400","Industrial Area ID-5, Sector 30, Korangi Industrial Area","8.0","Bed, Bath & Living","Table, kitchen linen and foils | Terry goods and towelling","5","terry-tex-international","skip","Bed, Bath & Living",""
"Tesis Srl","www.hometesis.it","commerciale@hometesis.it","+39 4110221","Italy","Napoli","80134","Via Toledo 156","4.1","Window & Interior Decoration","Curtains","5","tesis-srl","skip","Window & Interior Decoration",""
"Tessitura Pertile S.r.l.","www.pertile.com","giorgio@pertile.com","+39 011 947 2850","Italy","Chieri","10023","Via A. Gastaldi 24","3.1;4.2","Decorative & Furniture Fabrics | Bed, Bath & Living","Blankets | Fabrics for bed linen","5","tessitura-pertile-srl","skip","Decorative & Furniture Fabrics, Bed, Bath & Living",""
"TEX. Athenea, SL","www.texathenea.net","","+34 965 81 50 03","Spain","Villena","03400","Ctra Caudete Km 1","4.1","Decorative & Furniture Fabrics | Bed, Bath & Living","Bed linen | Decorative fabrics","5","tex-athenea-sl","skip","Decorative & Furniture Fabrics, Bed, Bath & Living",""
"Tex idea GmbH","www.texidea.de","u.schuerhaus@texidea.de","+49 5971 898620","Germany","Salzbergen","48499","Holsterfeld 10","5.1","Bed, Bath & Living","Bed linen","5","tex-idea-gmbh","skip","Bed, Bath & Living",""
"TEX-IND 1965 S.r.l. Tessitura Industriale Piemontese","www.tex-ind.com","giorgia@tex-ind.com","+39 011 945 3943","Italy","Poirino","10046","Frazione Valle Masio 73","4.1","Window & Interior Decoration","Curtains","4","tex-ind-1965-srl-tessitura-industriale-piemontese","skip","Window & Interior Decoration",""
"Tex India","www.texindia.net","texindia@texindia.net","","India","Panipat","132103","Plot No. 117, Sector-25, Part-2, Huda","12.0","Bed, Bath & Living | Carpets & Rugs","Bath mats | Fitted Carpets","5","tex-india","review","rug export house, confirm it sells to end buyers and not only to importers","rugs"
"Texo Estilo LLC","www.texoestilo.com","moustafa@texoestilo.com","+20 110 009 0195","Egypt","Giza","3640402","K 26 Alex, Cairo Road, Aburwoash Industrial 42","12.0","Carpets & Rugs | Functional features","Fitted Carpets | Functional features Carpets & Rugs","5","texo-estilo-llc","review","rug export house, confirm it sells to end buyers and not only to importers","rugs"
"TEXPA GmbH","www.texpa.de","","","Germany","Saal a.d.Saale","97633","Mittelweg 9","4.0","Textile Technology","Textile processing","5","texpa-gmbh","skip","Textile Technology",""
"Texteis Da -Domingos Almeida SA","www.texteis-da.pt","rosa.maria@texteis-da.pt","","Portugal","Lordelo Gmr","4815-169","Guimaraes Zona Industrial de Mide","5.0","Smart Bedding | Bed, Bath & Living","Bed linen | Duvets and pillows","5","texteis-da--domingos-almeida-sa","skip","Smart Bedding, Bed, Bath & Living",""
"Texteis Leiper Lda.","www.texteisleiper.pt","geral@texteisleiper.pt","+351 253 423 790","Portugal","Guimaraes","4835-549","Rua da Variante, Pousada 2650","5.0","Smart Bedding | Bed, Bath & Living","Bed linen | Duvets and pillows","5","texteis-leiper-lda","skip","Smart Bedding, Bed, Bath & Living",""
"Textialpaca Perú S.A.C.","www.textialpacaperu.com","exports@textialpacaperu.com","+51 914 037 278","Peru","Arequipa","04017","Jerusalen 514","4.2","Bed, Bath & Living","Blankets","6","textialpaca-per-sac","skip","Bed, Bath & Living",""
"Textil Blanca 1941, S.L. Unipersonal","","","","Spain","Olot","17800","Carretera La Canya 169","4.0","Smart Bedding","Duvets and pillows","5","textil-blanca-1941-sl-unipersonal","skip","Smart Bedding",""
"TEXTILE CHANNEL","www.textilechannel.com","info@textilechannel.com","","Pakistan","Karachi","75700","F-441/A S.I.T.E","8.0","Bed, Bath & Living","Bed linen | Terry goods and towelling","5","textile-channel","skip","Bed, Bath & Living",""
"Textile Italy Srl","www.farfallarossa.it","lucazhan@farfallarossa.net","+39 333 145 9933","Italy","Roma","00131","Via Carciano 27","12.0","","","5","textile-italy-srl","skip","no category booked",""
"Textiles Frau Perez S.L.","www.textilesfrauperezsl.com","tfrau@textilesfrauperezsl.com","+34 965 54 01 21","Spain","Alcoy - Alicante","03801","C/ Fila Navarros, Pol. Ind. Beniata 11","4.1","Decorative & Furniture Fabrics | Bed, Bath & Living","Decorative cushions | Decorative fabrics","5","textiles-frau-perez-sl","skip","Decorative & Furniture Fabrics, Bed, Bath & Living",""
"Textiles Visatex, S.L","www.grupovisatex.com","textiles@visatex.com","+34 965 59 21 30","Spain","Muro de Alcoy","03830","Pol. Ind. El Pi - C/ Transport 45","4.1","Decorative & Furniture Fabrics","Decorative fabrics","5","textiles-visatex-sl","skip","Decorative & Furniture Fabrics",""
"Textile World","www.textileworldindia.com","pawangupta@textileworldindia.com","","India","Panipat","132103","Risalu Road, Siwah, NH-1","8.0","Bed, Bath & Living","Bath mats | Decorative cushions","5","textile-world","skip","Bed, Bath & Living",""
"TEX-Style Designs DI Gyula Feher & C. SA","https://www.instagram.com/texstyledesign","mr.feher@gmail.com","+39 331 545 1649","Italy","Como","22100","Via Dante 37","4.2","Decorative & Furniture Fabrics | Textile Design","Decorative fabrics | Design studio","0","tex-style-designs-di-gyula-feher--c-sa","skip","Textile Design: sells designs to manufacturers, not products to shoppers",""
"Tex World - Bath Fashion","www.texworld.com.pk","info@texworld.com.pk","+92 322 2001204","Pakistan","Karachi","74900","Plot No. 146-A, Sector 23, Korangi Industrial Area","8.0","Bed, Bath & Living","Terry goods and towelling","5","tex-world---bath-fashion","skip","Bed, Bath & Living",""
"The Cotton Textile Export Promotion Council (TEXPROCIL)","www.texprocil.org","info@texprocil.org","+91 22 4944 4000","India","Mumbai","400004","Engineering Centre, 5th Floor, Shrimad Rajachandraji Marg Charni Road (East) 9","9.0","Bed, Bath & Living | Fibres and Yarns, Textile Materials, Finishing","Bed linen | Woven and knitted fabrics","5","the-cotton-textile-export-promotion-council-texprocil","skip","Bed, Bath & Living, Fibres and Yarns, Textile Materials, Finishing",""
"The Home Rugs","www.thehomerugs.com","sales@thehomerugs.com","+91 72378 25817","India","Sitapur","261201","Biswan Gata No. 551 & 552, Jalalpur Road, Jalalpur","12.0","","","0","the-home-rugs","skip","no category booked",""
"Theni Guru Krishna Textile Mills Pvt. Ltd.","www.atktextiles.com","maheswaran@atktextiles.com","+91 4546 253 985","India","Theni, Tamil Nadu","625531","207-B, Bye Pass Road, Unjampatty Village","8.0","Smart Bedding","Duvets and pillows","5","theni-guru-krishna-textile-mills-pvt-ltd","skip","Smart Bedding",""
"Tidwell Living Private Limited","","mayank@tidwellliving.com","+91 99968 00050","India","Panipat, Haryana","132103","Plot No.195, HUDA Sector-29, Part-II","11.0","Bed, Bath & Living | Carpets & Rugs","Bath mats | Fitted Carpets","5","tidwell-living-private-limited","review","rug export house, confirm it sells to end buyers and not only to importers","rugs"
"Tima Ltd.","","joyttima@gmail.com","+886 952 886 696","Taiwan","Hsinchu City","300076","North District 9f-3, No. 307, Beida Road","12.0","Window & Interior Decoration","Drapery and curtain hardware systems | Window decoration accessories","5","tima-ltd","skip","Window & Interior Decoration",""
"Tirotex State Owned Enterprise","www.tirotex.com","marketing1@tirotex.com","+373 533 27 720","Moldova","Tiraspol, Pridnestrovie (498)","3300","October Industrial Hub A","5.0","Decorative & Furniture Fabrics | Bed, Bath & Living","Bed linen | Fabrics for bed linen","5","tirotex-state-owned-enterprise","skip","Decorative & Furniture Fabrics, Bed, Bath & Living",""
"Tisca Austria GmbH","www.tiscarugs.com","beratung@tiscarugs.com","+43 5550 23110","Austria","Thüringen","6712","Werkstraße 5","3.0","Carpets & Rugs","Fitted Carpets","5","tisca-austria-gmbh","take","Carpets & Rugs","rugs"
"Tissage Meublatex","www.tissage-mx.com","contact.tissage@meublatex.com","+216 98 250 122","Tunisia","Hammam Sousse Medina","4011","Hammam Sousse Route De Tunis 4011","5.0","Bed, Bath & Living | Carpets & Rugs","Fitted Carpets | Terry goods and towelling","5","tissage-meublatex","take","Carpets & Rugs","rugs"
"TJ Home International Trading (Hongkong) Co., Limited","www.tjhometextile.com","chris@tjhometextile.com","+86 135 8579 8010","Hong Kong","Wanchai","999077","Room A, 20/F., ZJ300 300 Lockhart Road","8.0","Smart Bedding","Duvets and pillows | Mattress protectors and pads","3","tj-home-international-trading-hongkong-co-limited","skip","Smart Bedding",""
"t+m Service GmbH","www.textil-mode.de","info@textil-mode.de","+49 30 7262200","Germany","Berlin","10179","Wallstr. 58/59","4.1","Associations, institutes, publishers","Associations","0","tm-service-gmbh","skip","Associations, institutes, publishers",""
"Tongkun Group Zhejiang Hengteng Differential Chemical Fiber Co. Ltd.","https://www.zjtkgf.com/","charlesshen@tongkunchina.com","+86 573 8818 8051","China","Huzhou Zhejiang","313100","Laohudong Village, Changxing District, South Taihu Lake Industry Cluster Area, Yuhang","8.0","Bed, Bath & Living | Fibres and Yarns, Textile Materials, Finishing","Bed linen | Woven and knitted fabrics","3","tongkun-group-zhejiang-hengteng-differential-chemical-fiber-co-ltd","skip","Bed, Bath & Living, Fibres and Yarns, Textile Materials, Finishing",""
"Beijing Topli Decorative Materials Co., Ltd.","www.topli.com.cn","jackiefu@topli.com.cn","+86 10 6930 3546","China","Beijing","102451","No. 1 Dongshankou Vilage North, Zhoukoudian Town, Fangshan District","3.0","","","0","beijing-topli-decorative-materials-co--ltd","skip","no category booked",""
"Topphone International Trading Limited","","miranda88yan@outlook.com","+86 575 8559 2585","Hong Kong","Kowloon","999077","Room 812, 8 Floor, Hung Tat Industrial Building 43 Hung To Road Kwun Tong","12.1","Window & Interior Decoration | Bed, Bath & Living","Curtains | Decorative cushions","5","topphone-international-trading-limited","skip","Window & Interior Decoration, Bed, Bath & Living",""
"Toscana Gomma S.p.A.","www.toscanagomma.eu","info@toscanagomma.it","+39 0384 6881","Italy","Robbio","27038","Via Cavalieri di Vittorio Veneto 4","4.0","Decorative & Furniture Fabrics | Smart Bedding","Duvets and pillows | Furniture fabrics","3","toscana-gomma-spa","skip","Decorative & Furniture Fabrics, Smart Bedding",""
"Tosunoglu Tekstil San. ve Tic. A.S.","www.tosunoglu.com.tr","tosunoglu@tosunoglu.com.tr","+90 258 371 36 31","Türkiye","Denizli","20085","Denizli OSB Mah. Fahri Karaca No: 11 Tosunoglu","3.1","Decorative & Furniture Fabrics","Furniture fabrics | Outdoor fabrics","5","tosunoglu-tekstil-san-ve-tic-as","skip","Decorative & Furniture Fabrics",""
"Toukou Japan Co, Ltd.","www.toukoujp.com","souken@toukoujp.com","+81 3-6661-6156","Japan","Tokyo","103-0003","7-7 Nihonnbashi Yokoyamacho Chuo-ku","8.0","","","0","toukou-japan-co-ltd","skip","no category booked",""
"Towellers Limited","www.towellers.com","mahjabeen@towellers.com","","Pakistan","Karachi","75950","Block 1, F.B. Area Towellers House, W.S.A. 30/31","9.0","Bed, Bath & Living","Blankets | Terry goods and towelling","5","towellers-limited","skip","Bed, Bath & Living",""
"Towel Tex Limited","www.toweltex.net","sohel@toweltex.net","+880 2-48963175","Bangladesh","Uttara, Dhaka","1230","Road 15, Sector 3, House # 19","8.0","Bed, Bath & Living","Terry goods and towelling","5","towel-tex-limited","skip","Bed, Bath & Living",""
"Ningbo Traditional Textile Co., Ltd.","www.cathayan.com.cn","floranceluo@traditional-textile.com.cn","+86 574 8756 2656","China","Ningbo Zhejiang","315033","No. 99, Lane 520, Tong Ning Road, Jiangbei District","8.0","Bed, Bath & Living","Blankets","5","ningbo-traditional-textile-co-ltd","skip","Bed, Bath & Living",""
"Trans-Textil GmbH","www.trans-textil.de","info@trans-textil.de","+49 8654 66070","Germany","Freilassing","83395","Pommernstr. 11-13","4.0","","","0","trans-textil-gmbh","skip","no category booked",""
"TRAUMINA GmbH","www.traumina.de","info1@traumina.de","+49 7843 94330","Germany","Renchen","77871","Johann-Keller-Str. 2","4.0","Smart Bedding","Duvets and pillows","4","traumina-gmbh","skip","Smart Bedding",""
"Travancore Cocotuft Pvt. Ltd.","www.cocotuft.com","mr6@cocotuft.com","","India","Cherthala","688539","CoirPark, Thiruvizha","12.0","Carpets & Rugs | Functional features","Door mats and clean-off systems | Functional features Carpets & Rugs","5","travancore-cocotuft-pvt-ltd","review","rug export house, confirm it sells to end buyers and not only to importers","rugs"
"Trechel Espana S.L.","www.trechel-fabrics.com","trechel_sp@hotmail.com","+34 966 50 02 06","Spain","Cocentaina","03820","Avd. Xativa 50","4.1","Window & Interior Decoration","Curtains","5","trechel-espana-sl","skip","Window & Interior Decoration",""
"TRENDART SA","www.trendart.eu","admin@trendart.eu","+41 91 224 19 15","Switzerland","Pedrinate","6832","Via Tinelle 21a","4.2","","","0","trendart-sa","skip","no category booked",""
"TRENDIES TRADING LLC","","","","United Arab Emirates","Dubai","283562","Shop No.4 Al Shafar Building Exit 43 Shikh Zayed Rd.","4.1","","","0","trendies-trading-llc","skip","no category booked",""
"Trend Tekstil Sanayi ve Ticaret A.S.","trendtextile.com","urekkali@trendtextile.com","","Türkiye","Bursa","16110","DOSAB Orkide Cad 4","4.1","Window & Interior Decoration","Curtains","0","trend-tekstil-sanayi-ve-ticaret-as","skip","Window & Interior Decoration",""
"Triangle Weavers Private Limited","www.triangleweavers.com","","+91 96057 95470","India","Cherthala, Alappuzha","688525","XI /663 Muhamma P.O.","12.0","","","4","triangle-weavers-private-limited","skip","no category booked",""
"Trident Limited","www.tridentindia.com","andrewkingsley@tridentindia.com","+44 7768 906906","India","Barnala","148101","Raikot Road, Sanghera","9.0","Bed, Bath & Living","Bed linen | Terry goods and towelling","5","trident-limited","skip","Bed, Bath & Living",""
"Trishna Handloom Cooperative Society Ltd","","","+91 99355 84477","India","Kanpur","208013","60 Sujatganj","12.0","Carpets & Rugs","Fitted Carpets","5","trishna-handloom-cooperative-society-ltd","review","rug export house, confirm it sells to end buyers and not only to importers","rugs"
"Trishulin Overseas","www.trishulin.com","trishulinoverseas@gmail.com","+91 78273 25965","India","Greater Noida","201306","E 85, Export Promotion Industrial Park, Kasna","11.0","","","5","trishulin-overseas","skip","no category booked",""
"UAB TRIVILITA","www.trivilita.com","info@trivilita.lt","+370 41 545127","Lithuania","Siauliai","LT-76200","Tilzes 227","4.0","","","0","uab-trivilita","skip","no category booked",""
"TRS Exports","","","","India","Panipat","132103","1st Floor, Opp Miglani Woollen Mills Across Kacha Railway Crossing","12.0","Decorative & Furniture Fabrics | Carpets & Rugs","Carpeting, flooring | Decorative cushions","0","trs-exports","review","rug export house, confirm it sells to end buyers and not only to importers","rugs"
"T.S. Exports","","","","India","Bhadohi","221401","Civil Lines, Powerhouse Road","12.0","","","0","ts-exports","skip","no category booked",""
"Tüzemen Mak. Tekstil San. Tic. Ltd. Sti.","www.tuzemengroup.com","sales1@tuzementekstil.com","+90 224 346 06 32","Türkiye","Yildirim /Bursa","16350","Samanli Mah. Sel Sk. B Blok No: 67F","3.0","Window & Interior Decoration","Curtains","5","tuezemen-mak-tekstil-san-tic-ltd-sti","skip","Window & Interior Decoration",""
"Tufko International","","abraham@tufkomats.com","+91 94472 28311","India","Kottayam","686508","Kanjirapally 17/106c Kollamkulam Building, Anakal Po","12.0","","","4","tufko-international","skip","no category booked",""
"Turkish Home Textile Industrialists' and Businessmen´s Association - TETSIAD","www.tetsiad.org","info@tetsiad.org","+90 212 292 04 04","Türkiye","Beyoglu, Istanbul","34421","Ömer Avni Mah. Meclis-i Mebusan Cad. No: 71 6","4.1","","","0","turkish-home-textile-industrialists-and-businessmens-association---tetsiad","skip","no category booked",""
"Turkuaz Tekstil San. ve Tic. A.S.","www.turktex.net","info@turktex.net","+90 224 261 31 10","Türkiye","Bursa","16110","DOSAB Mine Sok. No: 6 Osmangazi","4.1","Fibres and Yarns, Textile Materials, Finishing","Fibres and yarns","5","turkuaz-tekstil-san-ve-tic--as","skip","Fibres and Yarns, Textile Materials, Finishing",""
"Turkuaz Tekstil Sanayi ve Ticaret A.S.","www.turkuaztex.com","turkuaz@turkuaztex.com","+90 258 371 74 53","Türkiye","Merkezefendi/Denizli","20020","Akcesme Mah. 2053 Sok. No: 3","5.0","Bed, Bath & Living","Terry goods and towelling","5","turkuaz-tekstil-sanayi-ve-ticaret-as","skip","Bed, Bath & Living",""
"TVK Exports","www.tvkexports.com","info@tvkexports.com","+91 98430 64095","India","Karur, Tamil Nadu","639001","9/D-13, Ramakrishnapuram, 50 Feet Road","8.0","","","0","tvk-exports","skip","no category booked",""
"TYLEX s.r.o.","","","","Czech Republic","Letovice","679 61","Brnenská 1187 /4","3.0","Window & Interior Decoration","Curtains","5","tylex-sro","skip","Window & Interior Decoration",""
"Kemal Ugurlu Tekstil San. ve Tic. A.S.","www.ugurlutekstil.com.tr","kemal@ugurlutekstil.com.tr","+90 258 372 11 01","Türkiye","Denizli","20330","Organize Sanayi Bolgesi 1. Kisim Fahri Karaca Cad. No: 9","5.0","","","0","kemal-ugurlu-tekstil-san-ve-tic-as","skip","no category booked",""
"Uludag Textile Exporters´ Association - Turkish Home Textile","www.utib.org.tr","fuarlar@uib.org.tr","+90 224 219 10 00","Türkiye","Nilufer, Bursa","16215","Isiktepe OSB Mah. Kahverengi Cad. No: 19","4.1","Associations, institutes, publishers","Associations","1","uludag-textile--exporters-association---turkish-home-textile","skip","Associations, institutes, publishers",""
"UMMI Textile (Pvt.) Ltd.","www.ummitextile.com","info@ummitextile.com","+92 41 8755801","Pakistan","Faisalabad","38000","75/D, Ummi Plaza Commercial Center, Amin","8.0","","","4","ummi-textile-pvt-ltd","skip","no category booked",""
"Unibro Industries Limited","www.unibrogroup.com","unibro@unibro.com.pk","+92 21 35884978","Pakistan","Karachi","75500","Phase 1, Defence Housing Authority Unibro House, 114, 9th East Street","8.0","","","5","unibro-industries-limited","skip","no category booked",""
"UNIFAM Union Nacional De Fabricantes De Alfombras, Moquetas","www.unifam.es","unifam@unifam.es","+34 966 68 19 79","Spain","Crevillente","03330","C/Jaime Balmes, 4 Bajo","3.1","Fibres and Yarns, Textile Materials, Finishing | Carpets & Rugs","Fibres and yarns | Fitted Carpets","5","unifam-union-nacional-de-fabricantes-de-alfombras-moquetas","take","Carpets & Rugs","rugs"
"Uniglob Sp. z o.o.","www.uniglob.pl","poczta@uniglob.pl","+48 42 616 12 01","Poland","Stryków","95-010","Ozorkowska 8","3.0","","","0","uniglob-sp-z-oo","skip","no category booked",""
"Union Fabrics (Pvt.) Ltd.","www.unionfabrics.com","aamir.iqbal@unionfabrics.com","+92 21 32567881","Pakistan","Karachi","75700","E-20/B, Central Avenue, SITE","8.0","","","3","union-fabrics-pvt-ltd","skip","no category booked",""
"UNION TEXTILE INDUSTRIES","www.uniontextile.com.pk","ali@uniontextile.com.pk","+92 21 36834623","Pakistan","Karachi","75950","L-26/A, Block # 22","8.0","Bed, Bath & Living","Terry goods and towelling","5","union-textile-industries","skip","Bed, Bath & Living",""
"UNITED COIR FACTORY","www.unitedcoir.com","unicoir@gmail.com","+91 98952 99052","India","Alappuzha","688007","45/519, Kalapura Ward, Kommady","12.0","Carpets & Rugs","Door mats and clean-off systems","5","united-coir-factory","review","rug export house, confirm it sells to end buyers and not only to importers","rugs"
"United Overseas","www.unitedoverseas.in","rajesh@unitedoverseas.in","","India","Panipat","132105","Village Sutana Lahori Road, Near Saini Farm","12.0","","","5","united-overseas","skip","no category booked",""
"United Textile Printing Industries (Pvt) Ltd.","www.unitedlimited.com","united2@unitedlimited.com.pk","+92 41 8531936","Pakistan","Faisalabad","38000","P-720, St-4, Sharif Pura, Maqbool Road","8.0","","","0","united-textile-printing-industries-pvt-ltd","skip","no category booked",""
"United Textiles Co.","www.unitedtextiles.net","m.adel@unitedtextiles.net","+20 2 35392474","Egypt","Giza","12677","Abou Rawash Inds. Zone Kilo 28, Cairo/Alex. Desert Road","4.2","","","0","united-textiles-co","skip","no category booked",""
"United Towel Exporters (Pvt) Ltd.","www.unitedtowel.com","ute@unitedtowel.com","+92 21 35061118","Pakistan","Karachi","74900","Plot # 2 & 17, Sector 20, Korangi B14","9.0","Bed, Bath & Living","Terry goods and towelling","5","united-towel-exporters-pvt-ltd","skip","Bed, Bath & Living",""
"Universal Etiket San. Ve Tic. A.S.","www.universaletiket.com","emre@universaletiket.com","","Türkiye","Bayrampasa /Istanbul","34040","Muratpasa Mahallesi, 7. Blok, No: 7/3","4.0","Smart Bedding","Duvets and pillows","1","universal-etiket-san-ve-tic-as","skip","Smart Bedding",""
"Universal Knitwears","www.universalknitwears.com","suraj@universalknitwears.com","+91 98112 22680","India","Sonipat, Haryana","131028","448, E.P.I.P Kundli, Industrial Estate","11.0","Bed, Bath & Living","Blankets | Decorative cushions","5","universal-knitwears","skip","Bed, Bath & Living",""
"Universal XXI, S.L.","www.universalxxi.es","david.garcia@universalxxi.es","+34 965 40 02 50","Spain","Crevillente","03330","Poligono Industrial I-4 Carretera de la Estacion, S/N","3.1","Carpets & Rugs","Fitted Carpets","5","universal-xxi-sl","take","Carpets & Rugs","rugs"
"Uniwin Viet Nam Company Limited","","","","Vietnam","Long Tho Ward","","Industrial Zone Street No 1, Nhon Trach 6","8.0","Bed, Bath & Living","Blankets","3","uniwin-viet-nam-company-limited","skip","Bed, Bath & Living",""
"UNLAND International GmbH","www.unland.de","verkauf@unland.de","+49 4492 880","Germany","Saterland","26683","Gerhard-Unland-Str. 1","3.0","Window & Interior Decoration","Curtains | Indoor sun-protection systems (panel tracks, blinds)","5","unland-international-gmbh","skip","Window & Interior Decoration",""
"Unlimited Style Rugs","www.unlimitedstylerugs.com","","","India","Gurugram","122001","Qutab Plaza, 125, Dlf Phase-1","11.0","Carpets & Rugs","Fitted Carpets","3","unlimited-style-rugs","review","rug export house, confirm it sells to end buyers and not only to importers","rugs"
"Ural Medikal Tic. ve Paz. A.S.","www.uralgroupmedical.com","info@uralgrup.com.tr","","Türkiye","Beykoz /Istanbul","34830","Cavusbasi Yavuz Selim Mah. Cumhuriyet Cad. No: 72","4.0","Smart Bedding","Duvets and pillows | Mattresses","5","ural-medikal-tic-ve-paz-as","skip","Smart Bedding",""
"Usman & Sons","www.usmansons.net","feroz@usmansons.net","+92 300 9224698","Pakistan","Karachi","75850","Plot No. A-95, Phase-1, S.I.T.E, Super Highway, Scheme 33","8.0","","","0","usman--sons","skip","no category booked",""
"Ustaoglu Tekstil San. ve Tic. Ltd. Sti.","www.ustaoglutekstil.com","mesut@ustaoglutekstil.com","","Türkiye","Kestel /Bursa","16450","Barakfakih OSB Cadde No: 10 14","4.1","Window & Interior Decoration","Curtains","5","ustaoglu-tekstil-san-ve-tic-ltd-sti","skip","Window & Interior Decoration",""
"Utopia Industries (Private) Limited","www.utopia.pk","contact@utopiaindustries.pk","","Pakistan","Karachi","75850","Plot # Z-63 S.I.T.E Super Highway, Phase","8.0","Smart Bedding | Bed, Bath & Living","Bed linen | Mattress protectors and pads","5","utopia-industries-private-limited","skip","Smart Bedding, Bed, Bath & Living",""
"Uzunlar Dokuma Tekstil Sanayi Ve Ticaret Limited Sirketi","www.uzunlartekstil.com","info@uzunlartekstil.com","+90 224 503 86 00","Türkiye","Bursa","16245","No: 13 Demirtas Dumlupinarosb Mahallesi","4.1","","","0","uzunlar-dokuma-tekstil-sanayi-ve-ticaret-limited-sirketi","skip","no category booked",""
"Valley OÜ","www.valley.ee","info@valley.ee","+372 444 7780","Estonia","Vändra","87701","Vihtra tee 1a","3.0","Carpets & Rugs","Fitted Carpets","0","valley-oue","take","Carpets & Rugs","rugs"
"Vanelli Tekstil Sanayi ve Ticaret A.S.","www.vanellitextile.com","export@vanellitextile.com","+90 224 242 70 70","Türkiye","Bursa","16140","Fethiye OSB Mahallesi Turkuaz Caddesi No:24 Nilüfer","4.1","Window & Interior Decoration","Curtains","4","vanelli-tekstil-sanayi-ve-ticaret-as","skip","Window & Interior Decoration",""
"Vanhoutte Carpets NV","www.vanhouttecarpets.be","info@vanhouttecarpets.be","+32 56 71 55 57","Belgium","Waregem","8791","Wagenaarstraat 70","3.1","Carpets & Rugs","Fitted Carpets","4","vanhoutte-carpets-nv","take","Carpets & Rugs","rugs"
"VANICO SA","www.vanico.com","export@vanico.com","+34 966 50 10 39","Spain","Cocentaina","03820","Carretera De Serelles 3","4.1","Window & Interior Decoration | Decorative & Furniture Fabrics","Curtains | Technical textiles for the contract business","5","vanico-sa","skip","Window & Interior Decoration, Decorative & Furniture Fabrics",""
"Varada Living LLP","","maneeshagg@outlook.com","+91 97964 70717","India","Panipat","132103","Khasra No. 266, Behind Tvs Showroom, G.T. Road Shiv Nagar","12.0","","","0","varada-living-llp","skip","no category booked",""
"Vateks Vatan Tekstil San. Tic. Ltd. Sti.","www.vateks.com.tr","mehmet@vateks.com.tr","+90 258 371 51 52","Türkiye","Denizli","20050","Hacieyuplu Mah. 3101 Sk No: 3","5.1","","","4","vateks-vatan-tekstil-san-tic-ltd-sti","skip","no category booked",""
"AV-Design Inh. Alla Vaysman","","allav56@googlemail.com","+49 163 6501359","Germany","Gummersbach","51645","Alter Weg 1A","4.2","Wall Decoration | Textile Design","Design studio | Wallpapers","0","av-design-inh-alla-vaysman","take","Wall Decoration","wallpaper"
"Francisco Vaz da Costa Marques Filhos & Ca. S.A.","www.bovi.pt","mail@bovi.pt","+351 253 420 050","Portugal","Guimaraes","4800-023","Rua do Pombal 194","5.0","","","5","francisco-vaz-da-costa-marques-filhos--ca-sa","skip","no category booked",""
"VCH Tekstil Anonim Sirketi","","vchcinar@gmail.com","+90 532 362 37 97","Türkiye","Bursa","16090","Kücükbalikli Mah. 1.katip Sk. Otimer Is Merkezi 5-I","4.1","","","0","vch-tekstil-anonim-sirketi","skip","no category booked",""
"Velamen S.A.","www.velfont.com","","","Spain","Barcelona","08029","Avda. Josep Tarradellas, 123, 3rd Floor","4.0","Smart Bedding","Duvets and pillows | Mattress protectors and pads","5","velamen-sa","skip","Smart Bedding",""
"Vennila Tex Exports","www.vennilatexexports.com","saran.vennila@gmail.com","+91 4324 274 216","India","Karur","639002","14, Sengunthapuram 1 Cross","8.0","","","5","vennila-tex-exports","skip","no category booked",""
"Verbatex NV","www.verbatex.be","carpets@verbatex.com","+32 56 36 39 00","Belgium","Kortrijk","8501","Mellestraat 196","3.1","Carpets & Rugs","Fitted Carpets","5","verbatex-nv","take","Carpets & Rugs","rugs"
"Verbeekdesigns V.O.F.","www.verbeekdesigns.nl","info@verbeekdesigns.nl","+31 40 787 3192","Netherlands","Eindhoven","5617 AC","Klokgebouw 215","4.2","Textile Design","Design studio","0","verbeekdesigns-vof","skip","Textile Design: sells designs to manufacturers, not products to shoppers",""
"Verdi Collection GmbH","www.verdi-collection.de","","+49 9221 8780930","Germany","Kulmbach","95326","E.-C.-Baumann-Str. 4","3.0","Window & Interior Decoration | Decorative & Furniture Fabrics","Curtains | Decorative fabrics","5","verdi-collection-gmbh","skip","Window & Interior Decoration, Decorative & Furniture Fabrics",""
"Veritas Tekstil Konfeksiyon Pazarlama Sanayi ve Ticaret A.S.","www.lappartement.eu","beste.cetinkaya@lappartement.eu","+90 258 502 00 74","Türkiye","Denizli","20330","Organize Sanayi Bolgesi Mah. Fahri Karaca Cad. No: 14","5.1","Bed, Bath & Living","Bed linen | Terry goods and towelling","5","veritas-tekstil-konfeksiyon-pazarlama-sanayi-ve-ticaret-as","skip","Bed, Bath & Living",""
"Verstraete & Verbauwede Fabrics nv","www.verstraete-verbauwede.be","info@verstraete-verbauwede.be","+32 56 71 72 73","Belgium","Deerlijk","8540","Waregemstraat 619-623","4.1","","","1","verstraete--verbauwede-fabrics-nv","skip","no category booked",""
"Vescom Velvets BV","","","+31 492 536 855","Netherlands","Deurne","5753 AV","Sint Jozefstraat 20","4.1","Window & Interior Decoration | Decorative & Furniture Fabrics","Curtains | Furniture fabrics","0","vescom-velvets-bv","skip","Window & Interior Decoration, Decorative & Furniture Fabrics",""
"Vialman SL","www.vialman.com","info@vialman.com","+34 962 35 01 40","Spain","Bocairent","46880","Carre Comarca De La Marina, Num. 45 Pol. Industrial El Regadiu","4.1","","","5","vialman-sl","skip","no category booked",""
"Vietnam Zt Textile Company Limited","","","","Vietnam","Trang Bang Township","","Lot B13.1-2, D12 Street, Thanh Thanh Cong, Industrial Zone","12.0","Decorative & Furniture Fabrics | Bed, Bath & Living","Blankets | Furniture fabrics","4","vietnam-zt-textile-company-limited","skip","Decorative & Furniture Fabrics, Bed, Bath & Living",""
"Vikram Carpets","www.vikramcarpets.com","","","India","Mirzapur, Uttar Pradesh","231001","Katra Bajirao, Katra Bajirao","12.0","Carpets & Rugs","Fitted Carpets","5","vikram-carpets","review","rug export house, confirm it sells to end buyers and not only to importers","rugs"
"Textiles Vilber S.L.","www.vilber.es","export@vilber.es","","Spain","Tavernes de la Valldigna","46760","Carretera CV-50 Tavernes A Alzira Km 4","4.1","Wall Decoration | Decorative & Furniture Fabrics","Decorative fabrics | Wallpapers","5","textiles-vilber-sl","take","Wall Decoration","wallpaper"
"Villafelpos - Comércio E Indústria Textil, S.a.","www.villafelpos.com","geral@villafelpos.com","+351 253 520 570","Portugal","Guimaraes","4835-249","Zona Industrial Do Candoso S. Tiago Rua De Sezim,","5.0","Bed, Bath & Living","Terry goods and towelling","3","villafelpos---comrcio-e-indstria-textil-sa","skip","Bed, Bath & Living",""
"Vini Exports (NSEZ)","www.viniexports.com","sales@viniexports.com","+91 98102 59497","India","Noida, UP","201305","142 H, NSEZ, Phase II","9.0","Bed, Bath & Living","Bed linen | Decorative cushions","5","vini-exports-nsez","skip","Bed, Bath & Living",""
"Vino Kadife Tekstil San. ve Tic. Ltd. Sti.","www.vinokadife.com","info@vinokadife.com","+90 224 261 32 33","Türkiye","Osmangazi, Bursa","16245","Dosab Istanbul Cad. No: 584","4.1","Decorative & Furniture Fabrics","Decorative fabrics | Furniture fabrics","4","vino-kadife-tekstil-san-ve-tic-ltd-sti","skip","Decorative & Furniture Fabrics",""
"Vishal Carpets","www.vishalcarpets.com","","","India","Sant Ravidas Nagar","221401","Gyanpur Road","12.0","Carpets & Rugs","Fitted Carpets","0","vishal-carpets","review","rug export house, confirm it sells to end buyers and not only to importers","rugs"
"Vishnu Carpets","www.vishnucarpet.com","saksham@vishnucarpet.com","+91 180 400 3688","India","Panipat","132103","No. 330, Sec-29, Part-2, Huda","11.0","Decorative & Furniture Fabrics | Carpets & Rugs","Decorative cushions | Fitted Carpets","5","vishnu-carpets","review","rug export house, confirm it sells to end buyers and not only to importers","rugs"
"Vishwa Industires","www.vishwaindustries.com","info@vishwaindustries.com","","India","Solapur","413006","148, 149, Shanti Nagar","8.0","","","0","vishwa-industires","skip","no category booked",""
"Viuda de Rafael Gandia S.A.","www.vda-rafaelgandia.es","vda-rafaelgandia@vda-rafaelgandia.es","+34 965 54 17 34","Spain","Alcoi (Alicante)","03801","C/ Alacant 57","4.1","Decorative & Furniture Fabrics | Bed, Bath & Living","Decorative cushions | Decorative fabrics","5","viuda-de-rafael-gandia-sa","skip","Decorative & Furniture Fabrics, Bed, Bath & Living",""
"VMD Textiles","www.vmdtextiles.com","muthukumar@vndtextiles.com","","India","Karur","639003","SF.No. 197/2A, Kakkavadi PO, Kullampatti","8.0","","","5","vmd-textiles","skip","no category booked",""
"Vowalon Beschichtung GmbH","www.vowalon.eu","info@vowalon.de","","Germany","Treuen","08233","Bahnhofstr. 46-48","3.1","Decorative & Furniture Fabrics","Artificial leather | Technical textiles for the contract business","5","vowalon-beschichtung-gmbh","skip","Decorative & Furniture Fabrics",""
"VTM Limited","www.vtmill.com","jayaraj.s@vtmill.com","+91 83444 57777","India","Virudhunagar","626003","P.O. Box 39, Sulakarai","9.0","Smart Bedding | Bed, Bath & Living","Bed linen | Duvets and pillows","5","vtm-limited","skip","Smart Bedding, Bed, Bath & Living",""
"WAGNER TEXTIL GmbH","www.wagner-handelsgmbh.de","nadine.karsten@wagner-handelsgmbh.de","+49 7253 8804535","Germany","Bad Schönborn","76669","Rochusstr. 79","4.0","","","0","wagner-textil-gmbh","skip","no category booked",""
"Wahid International","","wahidinternationalbhadohi@gmail.com","+91 73099 91433","India","Bhadohi","221401","501 Chauri Road Bhadohi","12.0","","","5","wahid-international","skip","no category booked",""
"Wallace Langford And Associates","www.wallacelangford.in","anil@wallacelangford.in","+91 478 286 2638","India","Alappuzha","688525","MGP V/797B, Muhamma","12.0","","","0","wallace-langford-and-associates","skip","no category booked",""
"The Wallfashion House NV","","","","Belgium","Tielt","8700","Wakkensesteenweg 49","3.0","Wall Decoration","Wall decoration, wall murals | Wallpapers","4","the-wallfashion-house-nv","take","Wall Decoration","wallpaper"
"Wallquest Inc.","www.wallquest.com","","+1 610-293-1330","United States","Wayne Pennsylvania","19087","465 Devon Park Drive","3.0","","","0","wallquest-inc","skip","no category booked",""
"Wamzak Corporation","www.wamzak.com","waqas@wamzak.com","","Pakistan","Faisalabad","38000","Sheikhupura Road P-3874, Street. No. 2, Ashrafabad","8.0","Decorative & Furniture Fabrics | Functional features","Flame-retardant | Technical textiles for the contract business","5","wamzak-corporation","skip","Decorative & Furniture Fabrics, Functional features",""
"Waqas Textile","www.waqastextile.com","waqastex@waqastextile.com","+92 41 8741054","Pakistan","Faisalabad","38000","Central Jail 14-km, Jaranwala Road, Opp. Street","8.0","Decorative & Furniture Fabrics | Bed, Bath & Living","Bed linen | Fabrics for bed linen","5","waqas-textile","skip","Decorative & Furniture Fabrics, Bed, Bath & Living",""
"Weave India","","","","India","Panipat","132103","Sector 25, Plot No. 73, Part-1, Huda","12.0","","","0","weave-india","skip","no category booked",""
"Weaversindia LLP","www.weavers-india.com","shilpa@weavers-india.com","","India","Panipat","132103","Plot 16, Sector 29, Part II, Huda Industrial Area","12.0","","","0","weaversindia-llp","skip","no category booked",""
"Weavers International","www.weaversinternational.com","daniyal@weaversinternational.com","+92 322 8441085","Pakistan","Karachi","75080","Plot # 11, Street 2/1 Sector 25 Korangi Industrial Area","8.0","","","2","weavers-international","skip","no category booked",""
"Weavers Tekstil San. ve Tic. AS","www.weavers.com.tr","info@weavers.com.tr","+90 224 241 69 00","Türkiye","Bursa","16140","Minarelicavus OSB Turuncu Cad. No: 30 Nilüfer","3.1","Decorative & Furniture Fabrics","Decorative fabrics | Furniture fabrics","4","weavers-tekstil-san-ve-tic-as","skip","Decorative & Furniture Fabrics",""
"Weavetex Exports","www.weavetexexports.in","business@weavetexexports.in","+91 130 237 2405","India","Sonepat, Haryana","131028","Plot No. 405, Phase III, Sector-53, EPIP HSIIDC, Kundli Industrial Area","8.0","","","5","weavetex-exports","skip","no category booked",""
"Weavetex India","www.weavetexglobal.com","info@weavetexglobal.com","+91 98996 52652","India","Morthal Khas, Sonipat","131027","Plot No. 6A; HSIIDC Industrial Estate","8.0","","","5","weavetex-india","skip","no category booked",""
"Weavewell Exports Pvt. Ltd.","www.weavewell.in","kapil@weavewell.in","+91 180 265 0894","India","Panipat","132103","O/10 Industrial Area","8.0","","","5","weavewell-exports-pvt-ltd","skip","no category booked",""
"Weidmann GmbH","www.weidmann-gewebe.de","wstextil@weidmann-gewebe.de","+49 7162 930410","Germany","Süßen","73079","Fabrikstr. 10","4.0","Fibres and Yarns, Textile Materials, Finishing","Fibres and yarns | Textile finishing","0","weidmann-gmbh","skip","Fibres and Yarns, Textile Materials, Finishing",""
"Welcron Co., Ltd.","www.welcron.com","micro11@welcron.com","+82 2-2107-6627","Korea, the Republic of (South)","Seoul","08381","12 Digital-ro 27-gil, Guro-gu","4.0","Smart Bedding","Duvets and pillows | Mattress protectors and pads","3","welcron-co-ltd","skip","Smart Bedding",""
"Wells International LLC","","yuhao.li@wellshomefashions.com","+1 217-419-6989","United States","Marlboro New Jersey","07746","4 Timber Lane, Ste A","12.0","","","0","wells-international-llc","skip","no category booked",""
"Welspun UK Limited","https://www.welspun.com/","","","Great Britain and Northern Ireland","Stockport","SK4 1BS","6th Floor, Regent House Heaton Lane","5.1","Bed, Bath & Living","Bed linen | Terry goods and towelling","5","welspun-uk-limited","skip","Bed, Bath & Living",""
"Wendre AS","www.wendre.ee","olli.liljavirta@wendre.com","+358 50 0830649","Estonia","Pärnu linn","80041","Lina tn 31","4.0","Smart Bedding","Duvets and pillows | Mattresses","0","wendre-as","skip","Smart Bedding",""
"Hangzhou Window Ease Deco Co., Ltd.","","","","China","Hangzhou Zhejiang","311256","Buliding 1, No. 292, Qianhuang Luomu Village, Yiqiao Town, Xiaoshan","12.1","","","0","hangzhou-window-ease-deco-ltd-co","skip","no category booked",""
"Woltory Enterprise Co., Limited","www.woltoryhome.en.alibaba.com","woltoryhome@gmail.com","+852 6872 7576","Hong Kong","Kowloon","999077","Room 701, 7/F, Sino Centre 582-592 Nathan Road Mongkok","8.0","Window & Interior Decoration | Bed, Bath & Living","Indoor sun-protection systems (panel tracks, blinds) | Terry goods and towelling","4","woltory-enterprise-co-limited","skip","Window & Interior Decoration, Bed, Bath & Living",""
"Wilh. Wülfing GmbH & Co. KG","www.wilh-wuelfing.de","info@wilh-wuelfing.de","+49 2861 80040","Germany","Borken","46325","Weseler Landstr. 26","5.1","Smart Bedding | Bed, Bath & Living","Bed linen | Mattress protectors and pads","0","wilh-wuelfing-gmbh--co-kg","skip","Smart Bedding, Bed, Bath & Living",""
"Wuxi JHT Homewares Co., Ltd.","www.jhthome.com","info@jhthome.com","+86 510 8362 1166","China","Wuxi Jiangsu","214177","No. 66 Huichang Road, Huishan Industry Park, Huishan District","9.0","Smart Bedding | Bed, Bath & Living","Bed linen | Duvets and pillows","5","wuxi-jht-homewares-co-ltd","skip","Smart Bedding, Bed, Bath & Living",""
"Yabi Home Textile (Hong Kong) Company Limited","www.yabee.cn","yabi04@vip.163.com","+86 755 2515 5428","Hong Kong","Kowloon","","Unit D3, 11/F., Luk Hop Industrial Building 8 Luk Hop Street San Po Kong","8.0","","","0","yabi-home-textile-hong-kong-company-limited","skip","no category booked",""
"Yagi & Co., Ltd.","https://www.yaginet.co.jp/","","","Japan","Osaka","541-0056","2-2-8, Kyutaromachi, Chuo-Ku","4.0","Fibres and Yarns, Textile Materials, Finishing | Functional features","Fibres and yarns | Functional features Smart Bedding","5","yagi--co-ltd","skip","Fibres and Yarns, Textile Materials, Finishing, Functional features",""
"Yajie Vietnam Company Limited","","tony@yajiecarpet.com","","Vietnam","Da Nang","","Thanh Vinh Extended Industr. Cluster Lot B4, Street No 11b, Hoa Lien Ward","12.1","","","0","yajie-vietnam-company-limited","skip","no category booked",""
"Yantai Pacific Home Fashion Co., Ltd.","www.pacifichomefashion.com","wangdan@pacifichomefashion.net","+86 535 361 3728","China","Yantai Shandong","265500","No. 28 Yingfu Road, Fushan District","9.0","Window & Interior Decoration","Curtains","5","yantai-pacific-home-fashion-co-ltd","skip","Window & Interior Decoration",""
"Yarana Textile Mills","www.yaranatextile.com","adnan@yaranatextile.com","+92 300 4305800","Pakistan","Karachi","74000","I. I. Chundriga Road Suite No. 304, 3rd floor, Uni-Tower","8.0","","","0","yarana-textile-mills","skip","no category booked",""
"Yelda Tekstil Plastik Makina San. ve Tic Ltd. Sti.","","info@yeldatekstil.com","+90 212 472 01 04","Türkiye","Istanbul","34307","Otopark Apt., No:2, Kucukcekmece Kucukcekmece Ikitelli OSB Mah. Marmara Sanayi Sitesi, Marmara Otopark Sok. Otop","3.0","","","5","yelda-tekstil-plastik-makina-san-ve-tic-ltd-sti","skip","no category booked",""
"Yellow Boy Retail Services Pvt., Ltd.","www.jmplasticmats.com","jmplasticmats@gmail.com","","India","Bangalore","560082","Jayanagar 6th Block F2, # 67, 25th Cross Road","12.0","","","5","yellow-boy-retail-services-pvt-ltd","skip","no category booked",""
"Yifang Trading Company Limited","www.jinliya.com.cn","364744946@qq.com","+86 159 6836 5848","Hong Kong","Wanchai","999077","Room 1002, Easey Comm Bldg., 253-261 Hennessy Road","12.1","Decorative & Furniture Fabrics","Decorative fabrics | Furniture fabrics","5","yifang-trading-company-limited","skip","Decorative & Furniture Fabrics",""
"Shandong Yinfung Hometextiles Co., Ltd.","www.yinfung.com.cn","sales@yinfung.com.cn","","China","Qingdao Shandong","264400","5F, Yinfung Building, 122-1, Zhuzhou Road, Laoshan District","8.0","Window & Interior Decoration | Smart Bedding","Curtains | Duvets and pillows","5","shandong-yinfung-hometextiles-co-ltd","skip","Window & Interior Decoration, Smart Bedding",""
"Yon Pamuklu Dokuma San. ve Tic. Ltd. Sti.","www.yondokuma.com","info@yondokuma.com","+90 258 213 00 22","Türkiye","Merkezefendi /Denizli","20020","Sumer Mah. 2482/2 Sk. 4B 95","5.0","Bed, Bath & Living","Bed linen","4","yon-pamuklu-dokuma-san-ve-tic-ltd-sti","skip","Bed, Bath & Living",""
"York WallCoverings, Inc.","www.yorkwallcoverings.com","efallon@yorkdesigngroup.com","+1 717-880-6161","United States","York","17404-3373","750 Linden Ave","3.0","","","0","york-wallcoverings-inc","skip","no category booked",""
"Youjin Textile Co., Ltd.","www.youjintex.co.kr","yjtext@youjintex.co.kr","+82 53-615-5512","Korea, the Republic of (South)","Daegu","42982","#14, Nongongjungangro 51 gil","12.0","Window & Interior Decoration | Decorative & Furniture Fabrics","Curtains | Technical textiles for the contract business","5","youjin-textile-co-ltd","skip","Window & Interior Decoration, Decorative & Furniture Fabrics",""
"YUNO DESIGN STUDIO","www.yunodesignstudio.com","yunodesignstudio@gmail.com","","Korea, the Republic of (South)","","","","4.2","Textile Design","Design studio","0","yuno-design-studio","skip","Textile Design: sells designs to manufacturers, not products to shoppers",""
"Yunus Textile Mills Ltd.","www.yunustextile.com","nomanriaz@yunustextile.com","+92 21 35081305","Pakistan","Karachi","75120","H-23/1, Landhi Industrial Area","9.0","","","0","yunus-textile-mills-ltd","skip","no category booked",""
"Zaber & Zubair Fabrics Limited","www.znzfab.com","sayem@znzfab.com","+880 2-9801146","Bangladesh","Gazipur","1710","Pagar, Tongi","9.0","","","1","zaber--zubair-fabrics-limited","skip","no category booked",""
"Zafar Fabrics (Private) Limited","www.zafarfabrics.com","bilal@zafarfabrics.com","+92 41 8812380","Pakistan","Faisalabad","37020","Khurrianwala 3-K.M., Jhumra Road","8.0","","","1","zafar-fabrics-private-limited","skip","no category booked",""
"Zahret El Mehalla Weaving & Dyeing Co.","http://www.zahretelmehalla.com","info@zahretelmehalla.com","+20 40 2387890","Egypt","El Mehalla El Kobra","31911","Ring Road 10","5.0","Bed, Bath & Living","Terry goods and towelling","5","zahret-el-mehalla-weaving--dyeing-co","skip","Bed, Bath & Living",""
"Zaman Textile Mills Ltd.","www.zamantextile.com","kashif@zamantextile.com","+92 21 35123731","Pakistan","Mehran Town","74990","A-1/15, Sector 15. Korangi Industrial Area","8.0","","","0","zaman-textile-mills-ltd","skip","no category booked",""
"Zentralverband Raum und Ausstattung Bundesinnungsverband für das Raumaus- statter-, Sattler- und Feintäschner- Handwerk","www.zvr.de","mail@zvr.de","+49 7131 935872","Germany","Heilbronn","74074","Ferdinand-Braun-Str. 26","3.0","","","0","zentralverband-raum-und-ausstattung-bundesinnungsverband-fuer-das-raumaus--statter--sattler--und-feintaeschner--handwerk","skip","no category booked",""
"Zeyd Tekstil Insaat Hayvancilik Ith. Ihr. A.S.","www.zeydtekstil.com","c.kilic@zeydtekstil.com","+90 258 371 02 85","Türkiye","Merkezefendi, Denizli","20085","Akcesme Mahallesi 2023 Sok. No: 11/A","4.0","Smart Bedding","Mattress protectors and pads","2","zeyd-tekstil-insaat-hayvancilik-ith-ihr-as","skip","Smart Bedding",""
"Zhejiang Yulong Industry Co., Ltd.","www.yulonggroup.com","sunnywishyou@vip.sina.com","+86 575 8999 0805","China","Shaoxing Zhejiang","312000","Hongqiao Road No. 4 Yangxunqiao Town, Keqiao District","12.0","","","0","zhejiang-yulong-industry-co-ltd","skip","no category booked",""
"Zhenlong Enterprise Trading Limited","victoriatextiles.en.made-in-china.com","yzwice@msn.cn","+86 513 8253 5016","Hong Kong","Wanchai","999077","Room 1002, Easey Comm Bldg 253-261 Hennessy Road","8.0","Decorative & Furniture Fabrics | Bed, Bath & Living","Bed linen | Fabrics for bed linen","5","zhenlong-enterprise-trading-limited","skip","Decorative & Furniture Fabrics, Bed, Bath & Living",""
"Zhejiang ZhongDing Hometex Co., Ltd","","x.jacky@greenlandbedding.com","+86 571 8285 8320","China","Hangzhou Zhejiang","311201","No. 99 Xiaoshao East Road, Xintang Street, Xiaoshan District","8.0","Smart Bedding","Duvets and pillows | Mattress protectors and pads","4","zhejiang-zhongding-hometex-co-ltd","skip","Smart Bedding",""
"Zibo Green Textile Co., Ltd.","www.ruifatex.com","liugang6@hotmail.com","","China","Zibo Shandong","255300","1577 Sichou Road, Zhoucun","12.0","","","2","zibo-green-textile-co-ltd","skip","no category booked",""
"ZIS Textile Pvt. Ltd.","https://www.zistextiles.com/","zafarceo@zistextiles.com","+92 300 8665870","Pakistan","Faisalabad","38000","Khurrianwala 3KM Sheikhpura Road","8.0","","","1","zis-textile-pvt-ltd","skip","no category booked",""
"Ziyaoglu Tekstil ve Ticaret A.S.","www.ziyaoglutekstil.com","info@ziyaoglutekstil.com","+90 224 371 98 60","Türkiye","Kestel-Bursa","16450","Kale Mah. Dilek Sok. No:7","3.0","Window & Interior Decoration","Curtains","0","ziyaoglu-tekstil-ve-ticaret-as","skip","Window & Interior Decoration",""
"China ZLC International Co., Ltd.","www.zlc-hometextil.cn","","","China","Xi'an Shaanxi","710065","C-708 Van Metropolis, No. 35 Tangyan Road","8.0","","","0","china-zlc-international-co-ltd","skip","no category booked",""
"Zleepmate ApS","https://zleepmate.com/","","+45 24 64 87 66","Denmark","Kolding","6000","Esbjergvej 101","4.0","Smart Bedding","Duvets and pillows | Mattresses","5","zleepmate-aps","skip","Smart Bedding",""
"Zoeppritz GmbH","www.zoeppritz.com","info@zoeppritz.com","+49 89 94397360","Germany","München","80337","Lindwurmstr. 125","5.1","","","0","zoeppritz-gmbh","skip","no category booked",""
"ZOHA CARPETS LLP","www.zoha.in","rafey@zoha.co.in","+91 98116 26672","India","Bhadohi","221409","Bhadohi Nai Bazar Lohiya Nagar, Pathraha Road, Nai Bazar, Sant Ravidas Nagar Sant Ravidas Nagar","12.0","","","0","zoha-carpets-llp","skip","no category booked",""
"Zorel Tekstil Imalat Pazarlama Sanayi Ve Ticaret Limited Sirketi","www.zoreltekstil.com.tr","info@zoreltekstil.com.tr","+90 258 385 72 07","Türkiye","Denizli","20330","Denizli OSBMahallesi No: 10","5.0","Bed, Bath & Living","Bath mats | Terry goods and towelling","5","zorel-tekstil-imalat-pazarlama-sanayi-ve-ticaret-limited-sirketi","skip","Bed, Bath & Living",""
"Zorlu Dis. Tic. A.S.","https://www.zorlu.com.tr/","burak.kaya@zorlu.com","+90 212 456 20 00","Türkiye","Istanbul","34394","Büyükdere Cad. Levent 199","5.1","","","0","zorlu-dis-tic-as","skip","no category booked",""
"Zoya Home","www.zoyahome.in","info@zoyahome.in","","India","Karnal","132114","(Behind Victor Int. School) Barsa Vill. Barsat, Barsat Road","12.0","Carpets & Rugs","Fitted Carpets","0","zoya-home","review","rug export house, confirm it sells to end buyers and not only to importers","rugs"
