"company","domain","contact_first","contact_name","contact_title","contact_email","email_on_company_domain","contact_rank","contacts_at_company","contact_linkedin","domain_matches_name","website","email","email2","phone","country","city","address","source","event","hall","stand","picked","categories","products","studio","verdict","why","site_live","final_url","has_tryon","sells_to","site_quote","site_note","email_pattern","reason","tool_level","tool_name","tool_evidence","business_role","product_type","site_matches","segment","clay_priority"
"[more] Bernhard Müller GmbH","more-moebel.de","Bernhard","Bernhard Müller","Managing Partner","bernhardmueller@more-moebel.de","yes","1","1","","yes","www.more-moebel.de","contact@more-moebel.de","s.schindelegger@more-moebel.de","+49 (40) 660622","DEU","Hamburg","Bahrenfelder Steindamm 67 A","Salone del Mobile 2026","SMI","11","D19 D21","","Bedrooms | Dining rooms, living rooms","Wooden dining tables | Bedrooms | Living rooms | Wooden sideboards | Upholstered beds | Wooden beds | Extension dining tables | Leather chairs | Wooden stools | Wooden living room tables | Marble living room tables | Dining rooms | Wooden chairs","furniture","take","Salone Internazionale del Mobile","yes","https://www.more-moebel.de/en","no","consumer, via dealers","Designfurniture from more, high quality and exclusive interior such as chairs, tables, beds and cubboards as well as made to measure products.","","role inbox","No visualiser yet and markets to shoppers and routes them to dealers, so this is the full pitch rather than an upgrade","NONE","","","","CATALOGUE","yes","B","1"
"Acerbis","mdfitalia.com","Silvia","Silvia Ministero","Responsabile marketing digitale","silvia.ministero@mdfitalia.it","yes","1","1","https://www.linkedin.com/in/silvia-ministero-28748758","brand","www.mdfitalia.it","info@mdfitalia.it","valeria.salvi@mdfitalia.it","+39 0317570301","ITA","Mariano Comense","Via Fratelli Cervi 4/a","Salone del Mobile 2026","SMI","24","C14 D19","","Bedrooms | Dining rooms, living rooms | Outdoor furniture | Upholstered furniture | Furniture","Leisure armchairs | Plastic chairs | Wooden dining tables | Metal and glass dining tables | Marble dining tables | Metal and glass living room tables | Living rooms | Wooden sideboards | Wooden bookcases | Mattresses | Metal bookcases | Extension dining tables | Leather chairs | Wooden living room tables | Marble living room tables | Dining rooms | Metal stools | Sofas and armchairs | Outdoor furniture and accessories | Metal sideboards | Metal chairs | Stacking or folding chairs | Leather stools | Metal beds | Hall furniture | Wooden stools | Wooden chairs","furniture","take","Salone Internazionale del Mobile","yes","https://www.mdfitalia.com/it","yes","consumer, via dealers","MDF Italia, azienda di design milanese, ridefinisce i canoni del design contemporaneo. Scopri le collezioni iconiche e le soluzioni d’arredo raffinate.","","role inbox","Already runs a visualiser and markets to shoppers and routes them to dealers, so the gap is what happens after the render. Sharpest segment","ADVANCED","pCon","widget on page: pCon","","BOTH","yes","C","1"
"Albatros","albatroswellness.it","Alessandro","","Direttore commerciale","alessandro@bellostarubinetterie.com","REVIEW","1","1","https://www.linkedin.com/in/alessandro-rorato-282393305","yes","www.albatroswellness.it","info@albatroswellness.it","marketing@megius.com","+39 0499048704","ITA","Veggiano","Via Galileo Galilei 5","Salone del Mobile 2026","ARB","6","A22 A24","","Sanitary ware, tapware, radiators, coverings, wellness","Saunas, turkish bath and spa | Bath tubs and whirlpool tubs","furniture","take","International Bathroom Exhibition","yes","https://albatroswellness.it/","no","consumer, sells online","Scopri il nostro ampio assortimento di vasche idromassaggio, saune multifunzione, box doccia e minipiscine. Il benessere è qui!","","role inbox","No visualiser yet and sells direct to shoppers, so this is the full pitch rather than an upgrade","NONE","","","","CATALOGUE","yes","B","1"
"Alchymia srl","alchymia.srl","Lucio","Lucio Doro","Founder","lucio@alchymia.it","yes","1","1","","yes","www.alchymia.it","info@alchymia.it","arianna@alchymia.it","+39 0362525244","ITA","Lentate sul Seveso","Viale Brianza 34","Salone del Mobile 2026","SMI","15","B03 B04","","Dining rooms, living rooms","Wooden dining tables | Metal and glass living room tables | Wooden living room tables | Wooden chairs","furniture","take","Salone Internazionale del Mobile","yes","https://www.alchymia.srl/","no","consumer, via dealers","Vibrant colours and flowing lines define the visual language of Decor and Design. Each piece becomes part of a refined aesthetic narrative, where innovation and heritage find perfect harmony.","","role inbox","No visualiser yet and markets to shoppers and routes them to dealers, so this is the full pitch rather than an upgrade","NONE","","","","BOTH","yes","B","1"
"Ambienta","ambientaitalia.com","Rolando","Rolando Polli","Owner","rp@ambientasgr.com","REVIEW","1","1","https://www.linkedin.com/in/rolando-polli-83a07515","yes","www.ambientaitalia.com","info@international-trading.it","info@stepdesign.it","+39 0824922870","ITA","Apice","Contrada San Donato","Salone del Mobile 2026","SMI","3","C25","","Dining rooms, living rooms","Plastic chairs | Plastic dining tables | Plastic stools","furniture","take","Salone Internazionale del Mobile","yes","https://www.ambientaitalia.com","no","consumer, sells online","","","role inbox","No visualiser yet and sells direct to shoppers, so this is the full pitch rather than an upgrade","NONE","","","","CATALOGUE","check","B","1"
"Ancona Grupa d.o.o.","ancona-grupa.hr","Dolores","","Digital Marketing Manager","dolores.grubesa@ancona-grupa.hr","yes","1","1","https://www.linkedin.com/in/dolores-grubeša-976a98154","yes","www.ancona-grupa.hr","info@ancona-grupa.hr","mladen.salinovic@ancona-grupa.hr","+385 (31) 840840","HRV","Djakovo","Makarska ulica 29","Salone del Mobile 2026","SMI","3","D01","","Bedrooms | Dining rooms, living rooms | Outdoor furniture | Upholstered furniture | Furniture","Leisure armchairs | Wooden dining tables | Extension dining tables | Leather chairs | Wooden living room tables | Metal stools | Sofas and armchairs | Mirrors | Outdoor furniture and accessories | Leather furniture | Metal chairs | Upholstered beds | Leather stools | Wooden stools | Wardrobes | Wooden chairs","furniture","take","Salone Internazionale del Mobile","yes","https://ancona-grupa.hr/","no","consumer, sells online","Ancona Grupa modern furniture factory","","role inbox","No visualiser yet and sells direct to shoppers, so this is the full pitch rather than an upgrade","NONE","","","","CATALOGUE","yes","B","1"
"Andrea Bizzotto spa","bizzotto.com","Agostino","Agostino Bizzotto","CEO","agostino_bizzotto@bizzotto.com","yes","1","1","","yes","www.bizzotto.com","info@bizzotto.com","tania_grigolo@bizzotto.com","+39 0424832311","ITA","Bassano del Grappa","Via Motton 9","Salone del Mobile 2026","SMI","5","A09","","Dining rooms, living rooms | Outdoor furniture | Upholstered furniture | Furniture","Leisure armchairs | Plastic chairs | Wooden dining tables | Metal and glass dining tables | Marble dining tables | Metal and glass living room tables | Wooden sideboards | Wooden bookcases | Extension dining tables | Leather chairs | Wooden living room tables | Marble living room tables | Rush and rattan furniture | Metal stools | TV tables | Mirrors | Sofas and armchairs | Outdoor umbrellas | Outdoor furniture and accessories | Metal chairs | Leather stools | Hall furniture | Wooden stools | Plastic stools | Wooden chairs","furniture","take","Salone Internazionale del Mobile","yes","https://www.bizzotto.com","no","consumer, sells online","","","role inbox","No visualiser yet and sells direct to shoppers, so this is the full pitch rather than an upgrade","NONE","","","RETAILER","BOTH","yes","B","1"
"APcollection srl","apcollection.be","Pauline","Pauline Montironi","Chief Executive Officer","pauline@apcollection.be","yes","1","1","https://be.linkedin.com/in/pauline-montironi-8b7135251","yes","www.apcollection.be","info@apcollection.be","alexis@apcollection.be","+32 (48) 7207020","BEL","Strépy-Bracquegnies","18 Rue de la Croix du Maïeur","Salone del Mobile 2026","SMI","18","A01 B02","","Children's furniture | Upholstered furniture | Furniture","Leisure armchairs | Sofas and armchairs | Mirrors | Home cinema / Home-theatre seating | Leather furniture | Children's bedrooms | Pet furniture","furniture","take","Salone Internazionale del Mobile","yes","https://apcollection.be/","no","consumer, sells online","","","role inbox","No visualiser yet and sells direct to shoppers, so this is the full pitch rather than an upgrade","NONE","","","","BOTH","yes","B","1"
"Arcahorn srl","arcahorn.com","Giorgio","Giorgio Guerra","Company Leader","giorgio.guerra@arcahorn.com","yes","1","1","","yes","www.arcahorn.com","export@arcahorn.com","export@arcahorn.com","+39 0717500737","ITA","Recanati","C.da San Francesco 4","Salone del Mobile 2026","SMI","15","A06","","Dining rooms, living rooms | Upholstered furniture | Furniture","Wooden dining tables | Sofas and armchairs | Mirrors | Wooden trolleys | Wooden sideboards | Wooden bookcases | Hall furniture | Wooden living room tables | Cocktail cabinets | Marble living room tables | Wooden chairs","furniture","take","Salone Internazionale del Mobile","yes","https://arcahorn.com/","no","consumer, sells online","Arredamento e complementi realizzati con scrupolosa attenzione ai dettagli. Progettati per arredare gli ambienti più esclusivi.","","role inbox","No visualiser yet and sells direct to shoppers, so this is the full pitch rather than an upgrade","NONE","","","","BOTH","yes","B","1"
"Arredoclassic srl","arredoclassic.com","Jelena","Jelena Raicevic","Executive Sales & Marketing manager","j.raicevic@arredoclassic.com","yes","1","1","https://www.linkedin.com/in/jelenaraicevic","yes","www.arredoclassic.com","info@arredoclassic.com","j.raicevic@arredoclassic.com","+39 0721497244","ITA","Montecchio di Vallefoglia","Via Marche 40/c","Salone del Mobile 2026","SMI","1","B06","","Dining rooms, living rooms | Upholstered furniture","Sofas and armchairs | Dining rooms","furniture","take","Salone Internazionale del Mobile","yes","https://arredoclassic.com/","no","consumer, sells online","Arredoclassic, italian classic furniture maker. Discover our Made In Italy product designed with classic and modern style. Furniture with timeless appeal.","","role inbox","No visualiser yet and sells direct to shoppers, so this is the full pitch rather than an upgrade","NONE","","","","CATALOGUE","yes","B","1"
"Arteinmotion","arteinmotion.com","Carlo","Carlo Panciroli","CEO","carlo@arteinmotion.com","yes","1","1","","yes","www.arteinmotion.com","info@arteinmotion.com","carlo@arteinmotion.com","+39 0522924056","ITA","Reggio Emilia","Via Euripide 13","Salone del Mobile 2026","SMI","5","A34","","Light fixtures | Dining rooms, living rooms | Upholstered furniture | Furniture","Metal stools | TV tables | Mirrors | Metal and glass dining tables | Sofas and armchairs | Metal and glass living room tables | Light fixtures | Metal bookcases | Leather chairs | Cocktail cabinets","furniture","take","Salone Internazionale del Mobile","yes","https://www.arteinmotion.com","no","consumer, sells online","Arredi di lusso Made in Italy realizzati con autentiche parti di aereo: eliche, tavoli motore, bar, reception, specchi e lampadari su misura.","","role inbox","No visualiser yet and sells direct to shoppers, so this is the full pitch rather than an upgrade","NONE","","","","BOTH","yes","B","1"
"Artisan d.o.o.","artisan.ba","Valentina","Valentina Ćosić","Marketing Manager","valentina@artisan.ba","yes","1","1","https://www.linkedin.com/in/valentina-mrkonjic","yes","www.artisan.ba","info@artisan.ba","valentina@artisan.ba","+387 (32) 667910","BIH","Tesanj","Medakovo b.b.","Salone del Mobile 2026","SMI","18","C01","","Bedrooms | Dining rooms, living rooms | Upholstered furniture | Furniture","Wooden dining tables | Sofas and armchairs | Mirrors | Wooden sideboards | Wooden bookcases | Wooden beds | Stacking or folding chairs | Extension dining tables | Wooden living room tables | Wooden stools | Wooden chairs","furniture","take","Salone Internazionale del Mobile","yes","https://artisan.ba/","no","consumer, via dealers","Artisan solid wood furniture - Design, manufacture and interior decoration. Chairs, tables, beds, sideboards, shelves and custom made furniture.","","role inbox","No visualiser yet and markets to shoppers and routes them to dealers, so this is the full pitch rather than an upgrade","NONE","","","","CATALOGUE","yes","B","1"
"Asnaghi Interiors Design","asnaghi.com","Francesca","Francesca Asnaghi","Owner","francesca@asnaghi.com","yes","1","1","","yes","www.asnaghi.com","info@asnaghi.com","francesca@asnaghi.com","+39 03627714","ITA","Meda","Via Molino 2","Salone del Mobile 2026","SMI","15","B37","","Bedrooms | Dining rooms, living rooms | Furniture","Wooden dining tables | Bedrooms | Living rooms | Wooden bookcases | Upholstered beds | Wooden beds | Wooden living room tables | Wooden stools | Cocktail cabinets | Wardrobes | Dining rooms | Wooden chairs","furniture","take","Salone Internazionale del Mobile","yes","https://www.asnaghi.com/en/","no","consumer, sells online","The Asnaghi interior design team designs - for professionals and private individuals - unique luxury furnishings in classic and contemporary style.","","role inbox","No visualiser yet and sells direct to shoppers, so this is the full pitch rather than an upgrade","NONE","","","","BOTH","yes","B","1"
"B&B Italia spa","bebitalia.com","Carlo","","Sales Director EMEA","carlo.martinengo@bebitalia.it","yes","1","1","https://www.linkedin.com/in/carlo-martinengo-911abb21","yes","www.bebitalia.it","info@bebitalia.com","yman.sola@ext.bebitalia.it","+39 031795111","ITA","Novedrate","Strada Provinciale 32, nr 15","Salone del Mobile 2026","SMI","9","E03 E11 F02 F06","","Upholstered furniture","Sofas and armchairs","furniture","take","Salone Internazionale del Mobile","yes","https://www.bebitalia.com/en-us/","no","consumer, sells online","B&B Italia: leader of high quality modern furniture, contemporary furniture, outdoor furniture and furnishing for home and businesses","","role inbox","No visualiser yet and sells direct to shoppers, so this is the full pitch rather than an upgrade","NONE","","","RETAILER","BOTH","yes","B","1"
"Bath Collection S.L","thebathcollection.com","Beatriz","Beatriz Sánchez del Olmo","Responsable de marketing","bsanchez@thebathcollection.com","yes","1","1","https://www.linkedin.com/in/beatriz-sánchez-del-olmo-13b14a302","yes","www.thebathcollection.com","info@bathcogroup.com","pgomez@bathcogroup.com","+34 (942) 321222","ESP","Santander","Bajada del Caleruco 21A","Salone del Mobile 2026","ARB","6","A30","","Sanitary ware, tapware, radiators, coverings, wellness | Bathroom furniture and accessories","Bathroom accessories | Bathroom furniture | Sanitary ware","furniture","take","International Bathroom Exhibition","yes","https://www.thebathcollection.com","no","consumer, via dealers","Bathco, empresa líder en el sector del baño, cuenta con lavabos, encimeras y sanitarios de diseño innovador y gran calidad.","","role inbox","No visualiser yet and markets to shoppers and routes them to dealers, so this is the full pitch rather than an upgrade","NONE","","","","CATALOGUE","yes","B","1"
"Bellosta Carlo & C. srl Rubinetterie","bellostarubinetterie.com","Maurizio","Maurizio Bellosta","CEO","maurizio@bellostarubinetterie.com","yes","1","1","","yes","www.bellostarubinetterie.com","info@bellostarubinetterie.com","lara@bellostarubinetterie.com","+39 032294684","ITA","Briga Novarese","Via Roma trav. S. Botticelli 12","Salone del Mobile 2026","ARB","10","B12 B14","","Sanitary ware, tapware, radiators, coverings, wellness","Bathroom, laundry and/or kitchen tapware","furniture","take","International Bathroom Exhibition","yes","https://bellostarubinetterie.com/","no","consumer, sells online","","","role inbox","No visualiser yet and sells direct to shoppers, so this is the full pitch rather than an upgrade","NONE","","","","BOTH","yes","B","1"
"Billards Toulet","maisontoulet.com","Hubert","Hubert Coisne","Co-manager","h.coisne@billard-toulet.com","REVIEW","1","1","","yes","www.billard-toulet.com","toulet@billard-toulet.com","s.bouthors@billard-toulet.com","+33 (3) 20462554","FRA","Bondues","Avenue du Général de Gaulle 600","Salone del Mobile 2026","SMI","15","A26","","Dining rooms, living rooms","Game tables and billiards","furniture","take","Salone Internazionale del Mobile","yes","https://maisontoulet.com/","no","consumer, sells online","Découvrez les billards, les babyfoot et autres tables de jeux fabriqués en France, par Maison Toulet. Fabrication sur Mesure depuis 1857","","other","No visualiser yet and sells direct to shoppers, so this is the full pitch rather than an upgrade","NONE","","","","BOTH","yes","B","1"
"Bonaldo spa","bonaldo.com","Mariana","Mariana Sanzò","Digital Marketing Manager","msanzo@bonaldo.it","yes","1","1","https://www.linkedin.com/in/marianasanzo","yes","www.bonaldo.com","info@bonaldo.com","mlstefani@bonaldo.it","+39 0499299011","ITA","Villanova di Camposampiero","Via Straelle 3","Salone del Mobile 2026","SMI","9","G09 H08","","Bedrooms | Dining rooms, living rooms | Upholstered furniture | Furniture","Wooden dining tables | Metal and glass dining tables | Bedrooms | Wooden sideboards | Wooden bookcases | Metal bookcases | Wooden living room tables | Metal stools | Mirrors | Metal sideboards | Plastic bookcases | Upholstered beds | Wooden beds | Leather stools | Metal beds | Plastic stools | Leisure armchairs | Plastic chairs | Marble dining tables | Metal and glass living room tables | Extension dining tables | Leather chairs | TV tables | Sofas and armchairs | Metal chairs | Hall furniture | Wooden stools | Wooden chairs","furniture","take","Salone Internazionale del Mobile","yes","https://www.bonaldo.com/en","no","consumer, via dealers","Bonaldo: a way of imagining, creating, living and furnishing. Modern Italian forniture Bonaldo. Discover the collections","","role inbox","No visualiser yet and markets to shoppers and routes them to dealers, so this is the full pitch rather than an upgrade","NONE","","","","CATALOGUE","yes","B","1"
"Bossini spa","bossini.it","Leonardo","Leonardo Bossini","Founder","leonardo.bossini@bossini.it","yes","1","1","","yes","www.bossini.it","info@bossini.it","anna.bossini@bossini.it","+39 0302134211","ITA","Castenedolo","Via G. Matteotti 170/a","Salone del Mobile 2026","ARB","6","C49","","Sanitary ware, tapware, radiators, coverings, wellness | Bathroom furniture and accessories","Bathroom accessories | Bathroom, laundry and/or kitchen tapware","furniture","take","International Bathroom Exhibition","yes","https://www.bossini.it/en","no","consumer, sells online","New products","","role inbox","No visualiser yet and sells direct to shoppers, so this is the full pitch rather than an upgrade","NONE","","","","","yes","B","1"
"Brabbu","brabbu.com","Nicole","","Marketing Manager","ndury@stella-jones.com","REVIEW","1","1","https://www.linkedin.com/in/nicole-lawrence","yes","www.brabbu.com","info@brabbu.com","saralanca@brabbu.com","+351 (914) 470214","PRT","Fanzeres","Rua Da Portelinha 136","Salone del Mobile 2026","SMI","15","A01 A03","","Bedrooms | Dining rooms, living rooms | Upholstered furniture | Furniture","Leisure armchairs | Wooden dining tables | Metal and glass dining tables | Marble dining tables | Bedrooms | Metal and glass living room tables | Living rooms | Home cinema / Home-theatre seating | Wooden sideboards | Wooden bookcases | Marble or stone furniture | Metal bookcases | Leather chairs | Wooden living room tables | Marble living room tables | Dining rooms | Sofas and armchairs | Mirrors | Metal sideboards | Leather furniture | Upholstered beds | Leather stools | Hall furniture | Wooden stools | Wooden chairs","furniture","take","Salone Internazionale del Mobile","yes","https://www.brabbu.com","no","consumer, sells online","BRABBU is a design brand that reflects an intense way of living, bringing fierceness, strength and power into an urban lifestyle","","role inbox","No visualiser yet and sells direct to shoppers, so this is the full pitch rather than an upgrade","NONE","","","MAKER","CATALOGUE","yes","B","1"
"CairoRcs Media spa","cairorcsmedia.it","Marco","Marco Canzian","Direttore Marketing","marco.canzian@cairorcsmedia.it","yes","1","1","https://www.linkedin.com/in/marcocanzian","yes","www.cairorcsmedia.it","cairorcs@cairorcsmedia.it","luca.liguori@cairorcsmedia.it","+39 0225841","ITA","Milano","Via Rizzoli 8","Salone del Mobile 2026","SMI","","FRONTE PADD 6/10 S19","","Trade newspapers, magazines and publications","Trade newspapers, magazines and publications","furniture","take","Salone Internazionale del Mobile","yes","https://www.cairorcsmedia.it","no","consumer, via dealers","CairoRCS Media è la concessionaria pubblicitaria di brand come La7, Corriere della Sera e Gazzetta dello Sport. Pubblicità su giornali, tv e siti web.","","other","No visualiser yet and markets to shoppers and routes them to dealers, so this is the full pitch rather than an upgrade","NONE","","","","CUSTOM","yes","B","1"
"Calia Italia","caliaitalia.com","Vincenzo","","Export Sales Director","vincenzo@caliatrade.com","REVIEW","1","1","https://www.linkedin.com/in/vincenzo-calia-a253272a1","yes","www.caliaitalia.com","info@caliatrade.com","marienza@caliatrade.com","+39 08353031","ITA","Matera","Contrada Serritello La Valle","Salone del Mobile 2026","SMI","1","A06 B05","","Upholstered furniture","Sofas and armchairs","furniture","take","Salone Internazionale del Mobile","yes","https://www.caliaitalia.com","no","consumer, sells online","Calia Italia The Shape of Comfort, progetta, realizza ed esporta in tutto il mondo divani e poltrone sintesi di stile e comfort.","","role inbox","No visualiser yet and sells direct to shoppers, so this is the full pitch rather than an upgrade","BASIC","","etto Divani modulari Poltrone Pouf & Bench Tutti i prodotti CONFIGURATORE PUNTI VENDITA IT EN FR DE RU IT EN FR DE RU Collezioni Superior Modular Premium Night & Day Outdoor Tutte le collezi","RETAILER","BOTH","yes","B","1"
"Cantori spa","cantori.it","Federica","Federica Cantori","Responsabile marketing presso","federica.cantori@cantori.it","yes","1","2","https://www.linkedin.com/in/federica-cantori","yes","www.cantori.it","info@cantori.it","federicacantori@cantori.it","+39 071730051","ITA","Camerano","Via Della Sbrozzola 16","Salone del Mobile 2026","SMI","15","B05","","Bedrooms | Dining rooms, living rooms | Outdoor furniture | Upholstered furniture | Furniture","Wooden dining tables | Metal and glass dining tables | Wooden trolleys | Bedrooms | Wooden sideboards | Wooden bookcases | Marble or stone furniture | Mattresses | Metal bookcases | Wooden living room tables | Dining rooms | Metal stools | Outdoor umbrellas | Mirrors | Outdoor furniture and accessories | Metal sideboards | Leather furniture | Upholstered beds | Wooden beds | Leather stools | Metal beds | Rocking-chairs | Metal or glass trolleys | Leisure armchairs | Marble dining tables | Metal and glass living room tables | Living rooms | Home cinema / Home-theatre seating | Modular living rooms | Convertible furniture | Extension dining tables | Leather chairs | Marble living room tables | Rush and rattan furniture | TV tables | Sofas and armchairs | Upholstered rocking-chairs | CD-racks | Metal chairs | Glass furniture | Stacking or folding chairs | Hall furniture | Cocktail cabinets | Wooden stools | Sofa beds and armchair beds | Wooden chairs","furniture","take","Salone Internazionale del Mobile","yes","https://www.cantori.it/it/","no","consumer, via dealers","Cantori Spa da oltre 40 anni realizza mobili artigianali per arredare ogni ambiente della tua casa, dalla camera da letto al salotto.","","role inbox","No visualiser yet and markets to shoppers and routes them to dealers, so this is the full pitch rather than an upgrade","NONE","","","","BOTH","yes","B","1"
"Cantori spa","cantori.it","emanuele","emanuele ballarini","Assistente responsabile marketing","emanuele.ballarini@cantori.it","yes","2","2","https://www.linkedin.com/in/emanuele-ballarini-90b6b6256","yes","www.cantori.it","info@cantori.it","federicacantori@cantori.it","+39 071730051","ITA","Camerano","Via Della Sbrozzola 16","Salone del Mobile 2026","SMI","15","B05","","Bedrooms | Dining rooms, living rooms | Outdoor furniture | Upholstered furniture | Furniture","Wooden dining tables | Metal and glass dining tables | Wooden trolleys | Bedrooms | Wooden sideboards | Wooden bookcases | Marble or stone furniture | Mattresses | Metal bookcases | Wooden living room tables | Dining rooms | Metal stools | Outdoor umbrellas | Mirrors | Outdoor furniture and accessories | Metal sideboards | Leather furniture | Upholstered beds | Wooden beds | Leather stools | Metal beds | Rocking-chairs | Metal or glass trolleys | Leisure armchairs | Marble dining tables | Metal and glass living room tables | Living rooms | Home cinema / Home-theatre seating | Modular living rooms | Convertible furniture | Extension dining tables | Leather chairs | Marble living room tables | Rush and rattan furniture | TV tables | Sofas and armchairs | Upholstered rocking-chairs | CD-racks | Metal chairs | Glass furniture | Stacking or folding chairs | Hall furniture | Cocktail cabinets | Wooden stools | Sofa beds and armchair beds | Wooden chairs","furniture","take","Salone Internazionale del Mobile","yes","https://www.cantori.it/it/","no","consumer, via dealers","Cantori Spa da oltre 40 anni realizza mobili artigianali per arredare ogni ambiente della tua casa, dalla camera da letto al salotto.","","role inbox","No visualiser yet and markets to shoppers and routes them to dealers, so this is the full pitch rather than an upgrade","NONE","","","","BOTH","yes","B","1"
"Caracole","caracole.com","Holly","","Head of Marketing | Brand Strategy & Digital Transformation","holly.gordon@sherrillfurniture.com","REVIEW","1","1","https://www.linkedin.com/in/gohollylynn","yes","www.caracole.com","info@caracole.com","hgordon@caracole.com","+1 (800) 4688730","USA","Greensboro","1150 Pleasant Ridge Rd.","Salone del Mobile 2026","SMI","15","A21 A25","","Bedrooms | Dining rooms, living rooms | Upholstered furniture | Furniture","Wooden dining tables | Metal and glass dining tables | Marble dining tables | Bedrooms | Metal and glass living room tables | Living rooms | Wooden sideboards | Marble or stone furniture | Modular living rooms | Extension dining tables | Wooden living room tables | Marble living room tables | Dining rooms | Sofas and armchairs | Mirrors | Upholstered beds | Wooden chairs","furniture","take","Salone Internazionale del Mobile","yes","https://caracole.com/","no","consumer, sells online","Discover Caracole's luxury furniture collections featuring contemporary design, refined craftsmanship, and timeless pieces for living, dining, and bedroom interiors.","","role inbox","No visualiser yet and sells direct to shoppers, so this is the full pitch rather than an upgrade","NONE","","","","CATALOGUE","yes","B","1"
"Caranto","venetacucine.com","Paolo","Paolo Colle","Direttore marketing","paolo.colle@venetacucine.com","yes","1","1","https://www.linkedin.com/in/paolo-colle-8b08051a","brand","www.venetacucine.com","info@venetacucine.com","paolo.colle@venetacucine.com","+39 04228471","ITA","Biancade di Roncade","Via Paris Bordone 84","Salone del Mobile 2026","EUC","2","B01 A01 A02","","Kitchen furnishing accessories","Kitchen furnishing accessories","furniture","take","EuroCucina","yes","https://www.venetacucine.com/it","no","consumer, via dealers","","","role inbox","No visualiser yet and markets to shoppers and routes them to dealers, so this is the full pitch rather than an upgrade","NONE","","","","CUSTOM","yes","B","1"
"Centro Studi Poltronova per il Design srl","poltronova.it","Roberta","Roberta Meloni","CEO and Founder","r.meloni@poltronova.it","yes","1","1","","yes","www.poltronova.it","info@centrostudipoltronova.it","d.dangelo@poltronova.it","+39 0550241189","ITA","Firenze","Via Lorenzo Bartolini 2","Salone del Mobile 2026","SMI","24","D33","","Dining rooms, living rooms | Upholstered furniture | Furniture","Sofas and armchairs | Mirrors | Extension dining tables | Wooden living room tables | Plastic living room tables | Hall furniture","furniture","take","Salone Internazionale del Mobile","yes","https://www.poltronova.it","no","consumer, sells online","Italian Furniture & Interior Design","","role inbox","No visualiser yet and sells direct to shoppers, so this is the full pitch rather than an upgrade","NONE","","","","","check","B","1"
"Cilek Mobilya as","cilek.com","Muzaffer","Muzaffer Çilek","Co-founder","muzaffer@cilek.com","yes","1","1","","yes","www.cilek.com","salessupport@cilek.com","nihal.deniz@cilek.com","+90 (224) 7212866","TUR","Inegöl / Bursa","Kursunlu Mh. Kursunlu San. Cd. N:10","Salone del Mobile 2026","SMI","15","B41","","Children's furniture","Children's bedrooms","furniture","take","Salone Internazionale del Mobile","yes","https://cilek.com/","no","consumer, sells online","Çocuk, Genç & Bebek Odaları ve Aksesuarları","","other","No visualiser yet and sells direct to shoppers, so this is the full pitch rather than an upgrade","NONE","","","","CATALOGUE","check","B","1"
"Cinabre Gallery","cinabre.com","Arthur","Arthur Augerot","Principal, Co-Founder","arthur@cinabre.com","yes","1","1","https://fr.linkedin.com/in/arthuraugerot","yes","www.cinabre.com","info@cinabre.com","arthur@cinabre.com","+33 (1) 89708764","FRA","Paris","14 Avenue de l'Opéra","Salone del Mobile 2026","SMI","13","D34","","Light fixtures","Light fixtures","furniture","take","Salone Internazionale del Mobile","yes","https://cinabre.com/fr/","no","consumer, sells online","","","role inbox","No visualiser yet and sells direct to shoppers, so this is the full pitch rather than an upgrade","NONE","","","","CATALOGUE","yes","B","1"
"Classiflex","classiribalta.pt","Roberto","Roberto Neto","CEO","roberto.neto@classiribalta.pt","yes","1","1","https://pt.linkedin.com/in/roberto-neto-470570204","brand","www.classiribalta.pt","comercial@classiribalta.pt","comercial@classiribalta.pt","+351 (255) 873683","PRT","Meixomil - Paços de Ferreira","Rua Via Panorâmica (Rua da Carica 90)","Salone del Mobile 2026","SMI","1","A18","","Bedrooms | Upholstered furniture","Sofas and armchairs | Upholstered beds | Mattresses","furniture","take","Salone Internazionale del Mobile","yes","https://www.classiribalta.pt","no","consumer, sells online","Design you can feel","","other","No visualiser yet and sells direct to shoppers, so this is the full pitch rather than an upgrade","NONE","","","","","yes","B","1"
"Couture Jardin llc","couturejardin.com","Philippe","Philippe Couture","Owner & CEO","pcouture@couturejardin.com","yes","1","1","https://www.linkedin.com/in/philippe-couture-12137423","yes","www.couturejardin.com","info@couturejardin.com","support@couturejardin.com","+1 (754) 2008269","USA","Pompano Beach, Florida","2025 NW 15th Avenue, suite 200","Salone del Mobile 2026","SMI","14","F34","","Outdoor furniture","Outdoor furniture and accessories","furniture","take","Salone Internazionale del Mobile","yes","https://couturejardin.com/","no","consumer, sells online","","","role inbox","No visualiser yet and sells direct to shoppers, so this is the full pitch rather than an upgrade","NONE","","","","CATALOGUE","yes","B","1"
"CPRN Homood srl","cprnhomood.it","Andrea","Andrea Caponi","President, CIAC Cosmopolitan Home","andrea.caponi@cprnhomood.it","yes","1","1","","yes","www.cprnhomood.it","info@cprnhomood.it","valeria.rossi@cprnhomood.it","+39 0587731307","ITA","Ponsacco","Via Sassari 4","Salone del Mobile 2026","SMI","9","L01 L03","","Bedrooms | Dining rooms, living rooms | Outdoor furniture | Upholstered furniture | Furniture","Leisure armchairs | Wooden dining tables | Marble dining tables | Bedrooms | Metal and glass living room tables | Wooden sideboards | Wooden bookcases | Walk-in robes | Wooden living room tables | Dining rooms | Sofas and armchairs | Mirrors | Outdoor furniture and accessories | Upholstered beds | Cocktail cabinets | Sofa beds and armchair beds | Wardrobes | Wooden chairs","furniture","take","Salone Internazionale del Mobile","yes","https://www.cprnhomood.it/it_it/","no","consumer, sells online","Scopri le collezioni CPRN HOMOOD di arredamento contemporaneo e interior design raffinato, realizzate in Italia con materiali esclusivi ed eleganza senza tempo.","","role inbox","No visualiser yet and sells direct to shoppers, so this is the full pitch rather than an upgrade","NONE","","","","","yes","B","1"
"Crassevig srl","crassevig.com","Francesco","Francesco Crassevig","Chairs-man","francesco@crassevig.com","yes","1","1","https://it.linkedin.com/in/francesco-crassevig-9a70809/it","yes","www.crassevig.com","crassevig@crassevig.com","crassevig@crassevig.com","+39 0432932896","ITA","San Vito al Torre","Via Remis 25","Salone del Mobile 2026","SMI","18","D10","","Dining rooms, living rooms","Plastic chairs | Wooden dining tables | Metal and glass dining tables | Stacking or folding chairs | Rocking-chairs | Wooden stools | Plastic stools | Wooden chairs","furniture","take","Salone Internazionale del Mobile","yes","https://crassevig.com/en/","no","consumer, sells online","Scandinavian-inspired furnishing solutions, balancing quality materials, people's wellbeing and environmental sustainability. Explore the collections.","","other","No visualiser yet and sells direct to shoppers, so this is the full pitch rather than an upgrade","NONE","","","","CATALOGUE","yes","B","1"
"De Manincor spa","demanincor.com","Mattia","Mattia de Manincor","Sales & Marketing Director","mattia.demanincor@demanincor.it","yes","1","1","","yes","www.demanincor.it","info@demanincor.it","daniele.righi@demanincor.it","+39 0461990322","ITA","Trento","Via di Spini 15","Salone del Mobile 2026","EUC","2","A07","","Kitchens","Metal kitchens","furniture","take","EuroCucina","yes","https://www.demanincor.com/it/","no","consumer, via dealers","Cucine a legna, termocucine, termostufe, cucine professionali, macchine di cottura su misura, cucine in acciaio classiche e moderne, sistemi per la ristorazione, cucine su misura, cucine complete","","role inbox","No visualiser yet and markets to shoppers and routes them to dealers, so this is the full pitch rather than an upgrade","NONE","","","MAKER","CUSTOM","yes","B","1"
"Decor Walther Einrichtungs GmbH","decor-walther.com","Laura","Laura Szebedits","Marketing Manager","laura.szebedits@decor-walther.de","yes","1","1","https://www.linkedin.com/in/laura-szebedits-1302a819b","yes","www.decor-walther.de","info@decor-walther.de","tiziana.gagliano@decor-walther.de","+49 (69) 2722790","DEU","Offenbach","Bettinastrasse 72","Salone del Mobile 2026","ARB","6","C35","","Bathroom furniture and accessories","Bathroom accessories","furniture","take","International Bathroom Exhibition","yes","https://www.decor-walther.com/en","no","consumer, sells online","Objects that reflect. Fine interior accessories made to last. Family owned. Since 1973.","","role inbox","No visualiser yet and sells direct to shoppers, so this is the full pitch rather than an upgrade","NONE","","","","","yes","B","1"
"Devon&Devon spa","devon-devon.com","Graziano","Graziano Verdi","CEO","graziano.verdi@devon-devon.com","yes","1","1","","yes","www.devon-devon.com","info@devon-devon.com","backoffice@devon-devon.com","+39 055308350","ITA","Scandicci","Via Di Casellina 61d","Salone del Mobile 2026","ARB","10","C27 D20","","Sanitary ware, tapware, radiators, coverings, wellness | Bathroom furniture and accessories","Bathroom accessories | Saunas, turkish bath and spa | Bathroom, laundry and/or kitchen tapware | Wall and floor coverings | Shower cubicles | Bath tubs and whirlpool tubs | Bathroom furniture | Sanitary ware | Radiators","furniture","take","International Bathroom Exhibition","yes","https://www.devon-devon.com/int/","no","consumer, sells online","Devon&Devon, an Italian luxury interior design brand, offers elegant solutions for classic contemporary classic style bathrooms. Visit the official website.","","role inbox","No visualiser yet and sells direct to shoppers, so this is the full pitch rather than an upgrade","BASIC","","ultancy News About Us Stores Devon&Devon Tailored Interiors Configurator Search Suggested items Admiral Bathtub Zelda Vanity Table Tailored interiors Toggle Nav FLORENCE Casa Howard Residenz","","CATALOGUE","yes","B","1"
"Draenert Studio GmbH","draenert.de","Patric","Patric Draenert","CEO","patric.draenert@draenert.de","yes","1","1","","yes","www.draenert.de","info@draenert.de","susanne.draenert@draenert.de","+49 (7545) 2080","DEU","Immenstaad (Bodensee)","Steigwiesen 3","Salone del Mobile 2026","SMI","9","H05","","Dining rooms, living rooms | Outdoor furniture","Wooden dining tables | Metal and glass dining tables | Marble dining tables | Metal and glass living room tables | Outdoor furniture and accessories | Metal chairs | Extension dining tables | Leather chairs | Wooden living room tables | Marble living room tables","furniture","take","Salone Internazionale del Mobile","yes","https://www.draenert.de","no","consumer, via dealers","Als Möbelmanufaktur fertigen wir in eigenen Werkstätten exklusive Designmöbel. Esstische, Couchtische und Stühle bilden den Schwerpunkt unserer Kollektion.","","role inbox","No visualiser yet and markets to shoppers and routes them to dealers, so this is the full pitch rather than an upgrade","NONE","","","","CATALOGUE","yes","B","1"
"Eichholtz bv","eichholtz.com","Kamyar","Kamyar MOGHADAM","Owner","kamyar@fashionforfloors.com","REVIEW","1","1","https://www.linkedin.com/in/kamyar-moghadam-a93571233","yes","www.eichholtz.com","info@eichholtz.com","fairs@eichholtz.com","+31 (252) 515850","NLD","Noordwijkerhout","Delfweg 52","Salone del Mobile 2026","SMI","1","A25","","Bedrooms | Dining rooms, living rooms | Outdoor furniture | Upholstered furniture | Furniture","Wooden dining tables | Metal and glass dining tables | Wooden trolleys | Bedrooms | Wooden sideboards | Wooden bookcases | Marble or stone furniture | Metal bookcases | Wooden living room tables | Dining rooms | Metal stools | Mirrors | Outdoor furniture and accessories | Metal sideboards | Upholstered beds | Wooden beds | Leather stools | Metal or glass trolleys | Leisure armchairs | Marble dining tables | Metal and glass living room tables | Living rooms | Modular living rooms | Extension dining tables | Marble living room tables | Sofas and armchairs | Metal chairs | Glass furniture | Hall furniture | Cocktail cabinets | Wooden chairs","furniture","take","Salone Internazionale del Mobile","yes","https://www.eichholtz.com","no","consumer, sells online","Eichholtz is a leading wholesaler of luxury design furniture, lighting and home accessories. Browse our extensive interior and outdoor collections.","","role inbox","No visualiser yet and sells direct to shoppers, so this is the full pitch rather than an upgrade","NONE","","","","CATALOGUE","yes","B","1"
"Emu Group spa","emu.it","Priscilla","Priscilla Stecca","Brand & Marketing Manager","p.stecca@emu.it","yes","1","1","https://www.linkedin.com/in/priscilla-stecca-26b7a7a","yes","www.emu.it","info@emu.it","g.ranocchia@emu.it","+39 075874021","ITA","Marsciano","Via Luigi Einaudi","Salone del Mobile 2026","SMI","22","B24","","Dining rooms, living rooms | Outdoor furniture | Upholstered furniture","Leisure armchairs | Wooden dining tables | Metal and glass dining tables | Marble dining tables | Metal and glass living room tables | Extension dining tables | Wooden living room tables | Metal stools | Sofas and armchairs | Outdoor umbrellas | Outdoor furniture and accessories | Metal chairs | Stacking or folding chairs | Wooden chairs","furniture","take","Salone Internazionale del Mobile","yes","https://www.emu.it","yes","consumer, sells online","Da oltre 70 anni siamo un riferimento nell'arredo da giardini ed esterno di design grazie alla qualità dei nostri mobili da giardino.","","role inbox","Already runs a visualiser and sells direct to shoppers, so the gap is what happens after the render. Sharpest segment","ADVANCED","pCon","widget on page: pCon","","BOTH","yes","C","1"
"Etro Home Interiors","etrohomeinteriors.onirogroup.it","Sara","Sara Panzeri","Marketing and Communication Manager","sara.panzeri@onirogroup.it","yes","1","1","https://www.linkedin.com/in/sara-panzeri","yes","www.etrohomeinteriors.onirogroup.it","info@onirogroup.it","sara.panzeri@onirogroup.it","+39 03170757","ITA","Cantu'","Via Montesolaro 14/b","Salone del Mobile 2026","SMI","13","C01","","Bedrooms | Dining rooms, living rooms | Outdoor furniture | Upholstered furniture | Furniture","Wooden dining tables | Wooden trolleys | Bedrooms | Wooden sideboards | Wooden bookcases | Walk-in robes | Extension dining tables | Wooden living room tables | TV tables | Mirrors | Sofas and armchairs | Outdoor furniture and accessories | Upholstered beds | Wooden beds | Hall furniture | Cocktail cabinets | Wooden stools | Wardrobes | Wooden chairs","furniture","take","Salone Internazionale del Mobile","yes","https://etrohomeinteriors.onirogroup.it/","no","consumer, via dealers","ETRO Home Interiors","","role inbox","No visualiser yet and markets to shoppers and routes them to dealers, so this is the full pitch rather than an upgrade","NONE","","","","CATALOGUE","yes","B","1"
"Ezpeleta Division Comercial slu","ezpeleta.com","Rosina","Rosina Celada","Marketing Manager","rosina.celada@ezpeleta.com","yes","1","2","https://www.linkedin.com/in/rosina-celada-cividanes","yes","www.ezpeleta.com","export@ezpeleta.com","rosina.celada@ezpeleta.com","+34 (986) 293922","ESP","Nigrán, Pontevedra","Rua das Pontes 4 (Vial A) - Local 5","Salone del Mobile 2026","SMI","7","D11","","Dining rooms, living rooms | Outdoor furniture","Plastic chairs | Outdoor umbrellas | Metal and glass dining tables | Outdoor furniture and accessories | Stacking or folding chairs | Plastic stools","furniture","take","Salone Internazionale del Mobile","yes","https://www.ezpeleta.com","no","consumer, sells online","Hacemos sillas, mesas, tumbonas, sofás, parasoles, cojines o separadores de ambiente para hacer de tu terraza un espacio único","","role inbox","No visualiser yet and sells direct to shoppers, so this is the full pitch rather than an upgrade","NONE","","","MAKER","","yes","B","1"
"Ezpeleta Division Comercial slu","ezpeleta.com","Ezpeleta","Ezpeleta RAIN","Director de marketing","rain@ezpeleta.com","yes","2","2","https://www.linkedin.com/in/ezpeleta-rain-87ba65252","yes","www.ezpeleta.com","export@ezpeleta.com","rosina.celada@ezpeleta.com","+34 (986) 293922","ESP","Nigrán, Pontevedra","Rua das Pontes 4 (Vial A) - Local 5","Salone del Mobile 2026","SMI","7","D11","","Dining rooms, living rooms | Outdoor furniture","Plastic chairs | Outdoor umbrellas | Metal and glass dining tables | Outdoor furniture and accessories | Stacking or folding chairs | Plastic stools","furniture","take","Salone Internazionale del Mobile","yes","https://www.ezpeleta.com","no","consumer, sells online","Hacemos sillas, mesas, tumbonas, sofás, parasoles, cojines o separadores de ambiente para hacer de tu terraza un espacio único","","role inbox","No visualiser yet and sells direct to shoppers, so this is the full pitch rather than an upgrade","NONE","","","MAKER","","yes","B","1"
"Falegnameria Adriatica Srl","onsen.it","Sandro","Sandro Partemi","Proprietario","sandro.partemi@faonline.it","REVIEW","1","1","","brand","www.onsen.it","info@faonline.it","alessandro.partemi@faonline.it","+39 0735702885","ITA","Monsampolo del Tronto","Contrada S. Mauro 5","Salone del Mobile 2026","ARB","6","D28","","Bathroom furniture and accessories","Bathroom accessories | Laundry furniture | Bathroom furniture","furniture","take","International Bathroom Exhibition","yes","https://www.onsen.it","no","consumer, via dealers","Il bagno diventa il tuo habitat naturale","","role inbox","No visualiser yet and markets to shoppers and routes them to dealers, so this is the full pitch rather than an upgrade","NONE","","","","BOTH","yes","B","1"
"Febal Casa","febalcasa.com","Giovanni","Giovanni Vacchi","Group CEO","gbvacchi@colombinigroup.com","REVIEW","1","1","https://sm.linkedin.com/in/giovannivacchi","yes","www.febalcasa.com","marketing@colombinigroup.com","asaccani@colombinigroup.com","+39 0549975611","SMR","Falciano","Strada Ca Valentino 124","Salone del Mobile 2026","SMI;EUC","4","C04 C08","","Bedrooms | Dining rooms, living rooms | Upholstered furniture | Furniture","Metal and glass dining tables | Bedrooms | Wooden bookcases | Metal bookcases | Walk-in robes | Dining rooms | Partition wardrobes | Metal stools | Upholstered beds | Leather stools | Metal beds | Leisure armchairs | Marble dining tables | Living rooms | Home cinema / Home-theatre seating | Folding beds | Modular living rooms | Extension dining tables | Leather chairs | Marble living room tables | TV tables | Sofas and armchairs | Sliding or fixed partitions for wardrobe walls | Convertible beds | Hall furniture | Bunk beds | Sofa beds and armchair beds | Wardrobes | Wooden chairs","furniture","take","Salone Internazionale del Mobile","yes","https://www.febalcasa.com/it/","no","consumer, via dealers","Progetta la casa dei tuoi sogni con Febal Casa: Design italiano dallo stile moderno. Scopri le soluzioni d'arredo su misura per gli ambienti della tua casa.","","role inbox","No visualiser yet and markets to shoppers and routes them to dealers, so this is the full pitch rather than an upgrade","NONE","","","RETAILER","BOTH","yes","B","1"
"Ferrimobili srl","ferrimobili.com","Fabio","Fabio Ferri","Amministratore Delegato","fabioferri@ferrimobili.com","yes","1","1","","yes","www.ferrimobili.com","info@ferrimobili.com","fabioferri@ferrimobili.com","+39 0541988365","ITA","San Clemente","Via Tavoleto 1750","Salone del Mobile 2026","SMI","5","B14","","Bedrooms | Children's furniture | Dining rooms, living rooms","Living rooms | Sliding or fixed partitions for wardrobe walls | Children's bedrooms | Wooden bookcases | Upholstered beds | Modular living rooms | Metal bookcases | Wooden beds | Walk-in robes | Other children's furniture | Wooden stools | Wardrobes | Partition wardrobes","furniture","take","Salone Internazionale del Mobile","yes","https://www.ferrimobili.com","no","consumer, via dealers","Con Ferrimobili il su misura non costa di più. Personalizza ogni arredo al centimetro senza sovrapprezzi e senza sorprese. Scopri la nostra filosofia unica.","","role inbox","No visualiser yet and markets to shoppers and routes them to dealers, so this is the full pitch rather than an upgrade","NONE","","","","BOTH","yes","B","1"
"Fischer Möbel GmbH","fischer-moebel.de","Will","Will Seyfang","Managing Director","seyfang@fischer-moebel.de","yes","1","1","","yes","www.fischer-moebel.de","info@fischer-moebel.de","n.seyfang@fischer-moebel.de","+49 (7021) 72760","DEU","Schlierbach","Dieselstr. 6","Salone del Mobile 2026","SMI","14","A31","","Dining rooms, living rooms | Outdoor furniture","Plastic chairs | Wooden dining tables | Outdoor umbrellas | Outdoor furniture and accessories | Metal sideboards | Metal chairs | Extension dining tables | Rocking-chairs | Wooden chairs","furniture","take","Salone Internazionale del Mobile","yes","https://www.fischer-moebel.de/en","no","consumer, sells online","Entdecken Sie Premium Gartenmöbel von Fischer Möbel – langlebiges Design, hochwertige Materialien und zeitlose Formensprache für anspruchsvolles Outdoor Living.","","role inbox","No visualiser yet and sells direct to shoppers, so this is the full pitch rather than an upgrade","NONE","","","","CATALOGUE","yes","B","1"
"Flou spa","flou.com","Massimiliano","Massimiliano Messina","Proprietario","m.messina@flou.it","yes","1","2","https://www.linkedin.com/in/massimiliano-messina-9a5ab0121","yes","www.flou.it","info@flou.it","c.mariani@flou.it","+39 03623731","ITA","Meda","Via Cadorna 12","Salone del Mobile 2026","SMI","11","A15 B12","","Bedrooms | Dining rooms, living rooms | Outdoor furniture | Upholstered furniture | Furniture","Wooden dining tables | Bedrooms | Metal and glass living room tables | Living rooms | Wooden bookcases | Mattresses | Metal bookcases | Wooden living room tables | Marble living room tables | Sofas and armchairs | Mirrors | Outdoor furniture and accessories | Metal chairs | Upholstered beds | Wooden beds | Metal beds | Convertible beds | Sofa beds and armchair beds | Wooden chairs","furniture","take","Salone Internazionale del Mobile","yes","https://www.flou.com/en","no","consumer, via dealers","Flou creates designer furniture for modern interiors: high-quality beds, sofas, and home accessories designed for elegant and comfortable living.","","role inbox","No visualiser yet and markets to shoppers and routes them to dealers, so this is the full pitch rather than an upgrade","NONE","","","","BOTH","yes","B","1"
"Flou spa","flou.com","Elisa","Elisa Sambruna","Digital Marketing & Lead Generation Manager","e.sambruna@flou.it","yes","2","2","https://www.linkedin.com/in/elisa-sambruna-5a06562b9","yes","www.flou.it","info@flou.it","c.mariani@flou.it","+39 03623731","ITA","Meda","Via Cadorna 12","Salone del Mobile 2026","SMI","11","A15 B12","","Bedrooms | Dining rooms, living rooms | Outdoor furniture | Upholstered furniture | Furniture","Wooden dining tables | Bedrooms | Metal and glass living room tables | Living rooms | Wooden bookcases | Mattresses | Metal bookcases | Wooden living room tables | Marble living room tables | Sofas and armchairs | Mirrors | Outdoor furniture and accessories | Metal chairs | Upholstered beds | Wooden beds | Metal beds | Convertible beds | Sofa beds and armchair beds | Wooden chairs","furniture","take","Salone Internazionale del Mobile","yes","https://www.flou.com/en","no","consumer, via dealers","Flou creates designer furniture for modern interiors: high-quality beds, sofas, and home accessories designed for elegant and comfortable living.","","role inbox","No visualiser yet and markets to shoppers and routes them to dealers, so this is the full pitch rather than an upgrade","NONE","","","","BOTH","yes","B","1"
"Fornasarig","fornasarig.it","Elisa","Elisa Mansutti","Marketing & Sales Management","elisam@fornasarig.it","yes","1","1","https://www.linkedin.com/in/elisa-mansutti-b2203839","yes","www.fornasarig.it","info@fornasarig.it","elisam@fornasarig.it","+39 0432750057","ITA","Manzano","Via San Giovanni 106/c","Salone del Mobile 2026","SMI","18","D15 D19","","Dining rooms, living rooms","Plastic chairs | Metal stools | Metal chairs | Wooden stools | Plastic stools | Wooden chairs","furniture","take","Salone Internazionale del Mobile","yes","https://www.fornasarig.it","no","consumer, sells online","Fornasarig è un’azienda italiana che dal 1878 produce sedie e tavoli di design, unendo artigianalità, comfort e sostenibilità.","","role inbox","No visualiser yet and sells direct to shoppers, so this is the full pitch rather than an upgrade","NONE","","","","CUSTOM","yes","B","1"
"Freifrau Manufaktur GmbH","freifrau.com","Hansjörg","Hansjörg Helweg","CEO","hansjoerg@freifrau.com","yes","1","1","","yes","www.freifrau.com","info@freifrau.com","nina@freifrau.com","+49 (5261) 9713300","DEU","Lemgo","Gildestrasse 9","Salone del Mobile 2026","SMI","11","M18","","Dining rooms, living rooms | Outdoor furniture | Upholstered furniture","Sofas and armchairs | Outdoor furniture and accessories | Leather stools | Leather chairs | Rocking-chairs | Wooden chairs","furniture","take","Salone Internazionale del Mobile","yes","https://www.freifrau.com/en","yes","consumer, via dealers","Designer furniture by Freifrau: handcrafted chairs, armchairs, sofas, and accessories made in Germany. Timeless designs for homes and commercial spaces, crafted with care and responsibility.","","role inbox","Already runs a visualiser and markets to shoppers and routes them to dealers, so the gap is what happens after the render. Sharpest segment","ADVANCED","pCon","widget on page: pCon","","BOTH","yes","C","1"
"Furninova","furninova.com","Benny","Benny Nilsson","Founder","benny.nilsson@furninova.se","yes","1","1","","yes","www.furninova.com","info@furninova.com","adam.berntsson@furninova.se","+46 (76) 5385638","SWE","Markaryd","Hallarydsvägen 56A","Salone del Mobile 2026","SMI","1","A08","","Outdoor furniture | Upholstered furniture","Sofas and armchairs | Outdoor furniture and accessories","furniture","take","Salone Internazionale del Mobile","yes","https://furninova.com/","no","consumer, via dealers","We are one of Scandinavia’s leading producers of upholstered furniture, and at our heart lies our Scandinavian design.","","role inbox","No visualiser yet and markets to shoppers and routes them to dealers, so this is the full pitch rather than an upgrade","NONE","","","RETAILER","CATALOGUE","yes","B","1"
"Gescova NV","gescova.com","Bernard","Bernard Gesquire","Founder","bernard@gescova.com","yes","1","1","","yes","www.gescova.com","info@gescova.com","frederik@gescova.com","+32 (56) 427903","BEL","Wevelgem","Albertstraat 34","Salone del Mobile 2026","SMI","3","D28","","Dining rooms, living rooms | Outdoor furniture","Wooden dining tables | Outdoor umbrellas | Outdoor furniture and accessories | Wooden stools","furniture","take","Salone Internazionale del Mobile","yes","https://www.gescova.com/en","no","consumer, sells online","Our collection","","role inbox","No visualiser yet and sells direct to shoppers, so this is the full pitch rather than an upgrade","NONE","","","","CATALOGUE","yes","B","1"
"Ghekiere Industries NV","joli.be","Luca","Luca Gaddi","Sales & Marketing Manager","luca@10mbllc.com","REVIEW","1","1","https://www.linkedin.com/in/lucagaddi","brand","www.joli.be","info@joli.be","marketing@joli.be","+32 (56) 372716","BEL","Kuurne","Industrielaan 5","Salone del Mobile 2026","SMI","5","B23","","Dining rooms, living rooms | Outdoor furniture | Upholstered furniture | Furniture","Wooden dining tables | Sofas and armchairs | Mirrors | Outdoor furniture and accessories | Leather furniture | Extension dining tables | Leather chairs | Hall furniture","furniture","take","Salone Internazionale del Mobile","yes","https://www.joli.be/en","no","consumer, via dealers","lasting memories","","role inbox","No visualiser yet and markets to shoppers and routes them to dealers, so this is the full pitch rather than an upgrade","BASIC","","Become a dealer Professionals Contact Collections Products Configurator Find a store Catalogue Collections Products Configurator Find a store Catalogue News Become a dealer Professionals Con","","CATALOGUE","check","B","1"
"Gibo srl","giboarreda.com","Salvatore","Salvatore Saracino","Sales Manager","s.saracino@giboarreda.com","yes","1","1","","yes","www.giboarreda.com","info@giboarreda.com","info@giboarreda.com","+39 3687589127","ITA","San Giovanni Lupatoto","Via Monte Cimone 5","Salone del Mobile 2026","SMI","15","A09","","Dining rooms, living rooms","Metal and glass dining tables | Metal and glass living room tables | Game tables and billiards | Marble living room tables","furniture","take","Salone Internazionale del Mobile","yes","https://www.giboarreda.com","no","consumer, sells online","","","role inbox","No visualiser yet and sells direct to shoppers, so this is the full pitch rather than an upgrade","NONE","","","MAKER","BOTH","yes","B","1"
"Glatz AG","glatz.com","Urs","","CEO","urs.lehner@glatz.com","yes","1","1","https://www.linkedin.com/in/urs-lehner-a9931a152","yes","www.glatz.com","lorena.voce@glatz.com","claudia.staber@glatz.com","+41 (52) 7236464","CHE","Frauenfeld","Langfeldstrasse 113","Salone del Mobile 2026","SMI","1","B21","","Outdoor furniture","Outdoor umbrellas","furniture","take","Salone Internazionale del Mobile","yes","https://www.glatz.com/en","no","consumer, sells online","Glatz parasols ✓ Swissness ✓ World’s largest selection of parasols ✓ A wide range of accessories ✓ 70 colours✓ Cantilever parasols ✓ Balcony parasols","","first.last","No visualiser yet and sells direct to shoppers, so this is the full pitch rather than an upgrade","BASIC","","he patio Balcony parasols Design your Glatz parasol Parasol configurator Configurator Find a dealer References References 360° References Testimonials Contract Business Project Business from","","BOTH","yes","B","1"
"Gloster Furniture GmbH","gloster.com","Matthew","Matthew Robinson","Marketing Manager","mrobinson@gloster.com","yes","1","1","https://www.linkedin.com/in/matthew-robinson-a990a759","yes","www.gloster.com","contact@gloster.com","matthew.robinson@gloster.com","+49 (4131) 287530","DEU","Lüneburg","Zeppelinstrasse 22","Salone del Mobile 2026","SMI","22","B18","","Outdoor furniture","Outdoor furniture and accessories","furniture","take","Salone Internazionale del Mobile","yes","https://www.gloster.com/en-us/","no","consumer, via dealers","Gloster is a global leader in high-end teak outdoor furniture, offering a wide range of modern collections for residential, commercial, and hospitality spaces","","role inbox","No visualiser yet and markets to shoppers and routes them to dealers, so this is the full pitch rather than an upgrade","NONE","","","MAKER","CATALOGUE","yes","B","1"
"GRAFF","graff-designs.com","Anindita","","Global Marketing Director","anindita.bhattacharya@graff-designs.com","yes","1","1","https://www.linkedin.com/in/anindita-bhattacharya-a130b711","yes","www.graff-designs.com","info@graff-designs.com","valentina.spotti@graff-designs.com","+39 0559332115","USA","WI Milwaukee","1901 E Rawson Avenue - Oak Creek","Salone del Mobile 2026","ARB","6","B31","","Sanitary ware, tapware, radiators, coverings, wellness | Bathroom furniture and accessories","Bathroom accessories | Saunas, turkish bath and spa | Bathroom, laundry and/or kitchen tapware | Bath tubs and whirlpool tubs | Bathroom furniture | Sanitary ware","furniture","take","International Bathroom Exhibition","yes","https://www.graff-designs.com/en","no","consumer, via dealers","","","role inbox","No visualiser yet and markets to shoppers and routes them to dealers, so this is the full pitch rather than an upgrade","BASIC","","r Shower Kits Shower Heads Handshowers Shower Roughs Shower Configurator Desideri Sinks Tubs View All Collections View All Bathroom Bath Accessories Roughs and Parts Contemporary Traditional","","BOTH","yes","B","1"
"Hapa Design","hapa.design","Diana","Diana Neves de Carvalho","Chief Marketing Officer","diana.carvalho@hapa.design","yes","1","1","","yes","www.hapa.design","info@hapa.design","diana.carvalho@hapa.design","+351 912 238666","PRT","Ribeirão","Rua da Fervença pav. 9-10","Salone del Mobile 2026","ARB","10","D06","","Sanitary ware, tapware, radiators, coverings, wellness","Bathroom, laundry and/or kitchen tapware","furniture","take","International Bathroom Exhibition","yes","https://hapa.design/en","no","consumer, sells online","","","role inbox","No visualiser yet and sells direct to shoppers, so this is the full pitch rather than an upgrade","NONE","","","","CATALOGUE","yes","B","1"
"Hearst Magazines Italia spa","hearst.it","Francesca","Francesca Galesi","Head of Marketing Advertising Product","francesca.galesi@hearst.it","yes","1","1","https://www.linkedin.com/in/francescagalesi","yes","www.hearst.it","hearstemag@hearst.it","claudia.suardi@contractor.hearst.it","+39 0266191","ITA","Milano","Via R. Bracco 6","Salone del Mobile 2026","SMI","","FRONTE PADD 5/7 S12","","Trade newspapers, magazines and publications","Trade newspapers, magazines and publications","furniture","take","Salone Internazionale del Mobile","yes","https://www.hearst.it","no","consumer, sells online","Siamo Hearst.","","other","No visualiser yet and sells direct to shoppers, so this is the full pitch rather than an upgrade","NONE","","","","CATALOGUE","yes","B","1"
"Henry Glass srl","henryglass.it","Michela","Michela Spaziano","Owner","michela.spaziano@henryglass.it","yes","1","2","https://www.linkedin.com/in/michela-spaziano-12a9b23b","yes","www.henryglass.it","info@henryglass.it","paolo.tonus@henryglass.it","+39 0422209411","ITA","Mansuè","Portobuffolé 46 A/B","Salone del Mobile 2026","SMI","9","C09","","Bedrooms | Furniture","Convertible furniture | Glass furniture | Walk-in robes | Sliding or fixed partitions for walk-in robes","furniture","take","Salone Internazionale del Mobile","yes","https://henryglass.it/","no","consumer, via dealers","HenryGlass: eccellenza 100% Made in Italy nella produzione di porte in vetro, scorrevoli e pareti divisorie per l'architettura.","","role inbox","No visualiser yet and markets to shoppers and routes them to dealers, so this is the full pitch rather than an upgrade","NONE","","","","BOTH","yes","B","1"
"Henry Glass srl","henryglass.it","Erica","Erica Plozzer","Marketing manager","erica.plozzer@henryglass.it","yes","2","2","https://www.linkedin.com/in/ericaplozzer","yes","www.henryglass.it","info@henryglass.it","paolo.tonus@henryglass.it","+39 0422209411","ITA","Mansuè","Portobuffolé 46 A/B","Salone del Mobile 2026","SMI","9","C09","","Bedrooms | Furniture","Convertible furniture | Glass furniture | Walk-in robes | Sliding or fixed partitions for walk-in robes","furniture","take","Salone Internazionale del Mobile","yes","https://henryglass.it/","no","consumer, via dealers","HenryGlass: eccellenza 100% Made in Italy nella produzione di porte in vetro, scorrevoli e pareti divisorie per l'architettura.","","role inbox","No visualiser yet and markets to shoppers and routes them to dealers, so this is the full pitch rather than an upgrade","NONE","","","","BOTH","yes","B","1"
"House of Capricorn SA","houseofcapricorn.pt","Alexandre","Alexandre Nobre","Marketing Director","alexandre.nobre@amorimluxury.com","REVIEW","1","1","","yes","www.houseofcapricorn.pt","info@houseofcapricorn.pt","info@houseofcapricorn.pt","+351 (91) 5537519","PRT","Lisbon","Av. da Liberdade 224 1st Floor","Salone del Mobile 2026","SMI","3","D36","","Dining rooms, living rooms | Outdoor furniture | Upholstered furniture","Leisure armchairs | Wooden dining tables | Sofas and armchairs | Rush and rattan furniture | Wooden sideboards | Wooden living room tables | Wooden stools | Wooden chairs","furniture","take","Salone Internazionale del Mobile","yes","https://houseofcapricorn.pt/","no","consumer, sells online","","","role inbox","No visualiser yet and sells direct to shoppers, so this is the full pitch rather than an upgrade","NONE","","","MAKER","CATALOGUE","yes","B","1"
"I 4 Mariani srl","i4mariani.com","Stefano","Stefano Mariani","CEO","stefano@i4mariani.it","yes","1","1","","yes","www.i4mariani.com","info@i4mariani.it","info@i4mariani.it","+39 031746204","ITA","Mariano Comense","Via S. Antonio 102/104","Salone del Mobile 2026","SMI","18","E29 F28","","Bedrooms | Dining rooms, living rooms | Upholstered furniture | Furniture","Leisure armchairs | TV tables | Sofas and armchairs | Upholstered rocking-chairs | Bedrooms | Metal and glass living room tables | Wooden bookcases | Upholstered beds | Leather chairs | Game tables and billiards | Dining rooms | Wooden chairs","furniture","take","Salone Internazionale del Mobile","yes","https://www.i4mariani.com","no","consumer, sells online","COMPANY SHOWROOM","","role inbox","No visualiser yet and sells direct to shoppers, so this is the full pitch rather than an upgrade","NONE","","","","CATALOGUE","yes","B","1"
"IBTW","ibtw.pt","Sergio","Sergio Barbosa","CEO","sergio@mbn.pt","REVIEW","1","1","https://pt.linkedin.com/in/sergio-barbosa-51409771","yes","www.ibtw.pt","info@ibtw.pt","sergio@ibtw.pt","+351 (913) 766324","PRT","Frazão","Rua do Monte 289","Salone del Mobile 2026","SMI","5","B21","","Outdoor furniture","Outdoor furniture and accessories","furniture","take","Salone Internazionale del Mobile","yes","https://ibtw.pt/","no","consumer, sells online","Class.25/ By Ronald SassonView CollectionModo/ By PininfarinaView Collection","","role inbox","No visualiser yet and sells direct to shoppers, so this is the full pitch rather than an upgrade","NONE","","","","CATALOGUE","yes","B","1"
"Jacob & Co Haute Living","onirogroup.it","Sara","Sara Panzeri","Marketing and Communication Manager","sara.panzeri@onirogroup.it","yes","1","1","https://www.linkedin.com/in/sara-panzeri","brand","www.onirogroup.it","info@onirogroup.it","sara.panzeri@onirogroup.it","+39 03170757","ITA","Cantu'","Via Montesolaro 14/b","Salone del Mobile 2026","SMI","13","D01","","Bedrooms | Dining rooms, living rooms | Outdoor furniture | Upholstered furniture | Furniture","Wooden dining tables | Wooden trolleys | Bedrooms | Wooden sideboards | Wooden bookcases | Walk-in robes | Extension dining tables | Wooden living room tables | TV tables | Mirrors | Sofas and armchairs | Outdoor furniture and accessories | Upholstered beds | Wooden beds | Hall furniture | Cocktail cabinets | Wooden stools | Wardrobes | Wooden chairs","furniture","take","Salone Internazionale del Mobile","yes","https://www.onirogroup.it/en","no","consumer, via dealers","Luxury furniture and interior design ONIRO Group","","role inbox","No visualiser yet and markets to shoppers and routes them to dealers, so this is the full pitch rather than an upgrade","NONE","","","","BOTH","yes","B","1"
"Lasunya Co. ltd","lasunya.com","Suparith","Suparith Charungchainanon","Managing Director","suparith@lasunya.com","yes","1","1","https://th.linkedin.com/in/konglasunya","yes","www.lasunya.com","info@lasunya.com","chanya@lasunya.com","+66 (0) 629565463","THA","Samut Prakan","259-259/1 Moo 8,  Bangduan Mueang Samut Prakan","Salone del Mobile 2026","SMI","7","D10","","Upholstered furniture","Sofas and armchairs","furniture","take","Salone Internazionale del Mobile","yes","https://lasunya.com/","no","consumer, sells online","Our craftsmanship and care in detail are reflected by comfortable design which perfectly supports body | LASUNYA Thai crafted genuine leather Sofa factory and export in Thailand","","role inbox","No visualiser yet and sells direct to shoppers, so this is the full pitch rather than an upgrade","NONE","","","MAKER","BOTH","yes","B","1"
"Lema spa","lemamobili.com","Matteo","Matteo Meroni","Analytics & Digital Marketing Manager","matteo.meroni@lemamobili.com","yes","1","1","https://www.linkedin.com/in/matteo-meroni","yes","www.lemamobili.com","lema@lemamobili.com","matteo.meroni@lemamobili.com","+39 031630990","ITA","Alzate Brianza","s.s. Briantea 2","Salone del Mobile 2026","SMI","11","B11 C20","","Bedrooms | Dining rooms, living rooms | Upholstered furniture | Furniture","Plastic chairs | Wooden dining tables | Metal and glass dining tables | Marble dining tables | Bedrooms | Metal and glass living room tables | Living rooms | Wooden sideboards | Wooden bookcases | Modular living rooms | Metal bookcases | Walk-in robes | Sliding or fixed partitions for walk-in robes | Leather chairs | Wooden living room tables | Marble living room tables | Dining rooms | Partition wardrobes | Metal stools | Sofas and armchairs | Metal chairs | Upholstered beds | Wooden beds | Glass furniture | Wooden stools | Wardrobes | Wooden chairs","furniture","take","Salone Internazionale del Mobile","yes","https://www.lemamobili.com/it/","no","consumer, via dealers","Lema unisce tradizione artigianale e innovazione industriale in una collezione completa di arredi per la casa dal design contemporaneo.","","other","No visualiser yet and markets to shoppers and routes them to dealers, so this is the full pitch rather than an upgrade","NONE","","","","BOTH","yes","B","1"
"Leolori srl","leolori.com","Roberto","Roberto Capati","Proprietario di azienda","roberto.capati@leolori.com","yes","1","1","https://www.linkedin.com/in/roberto-capati-9482082a0","yes","www.leolori.com","info@leolori.com","matteo.mandelli@leolori.com","+39 0296729169","ITA","Lazzate","via Marco Biagi 11","Salone del Mobile 2026","SMI","18","C04","","Outdoor furniture","Outdoor furniture and accessories","furniture","take","Salone Internazionale del Mobile","yes","https://leolori.com/","no","consumer, sells online","Stain removal","","role inbox","No visualiser yet and sells direct to shoppers, so this is the full pitch rather than an upgrade","NONE","","","","CATALOGUE","yes","B","1"
"Lovato Móveis ltda","lovatomoveis.com","Ricardo","Ricardo Lovato","Proprietário","lovato@lovatomoveis.com.br","yes","1","1","https://www.linkedin.com/in/ricardo-lovato-7b1706245","yes","www.lovatomoveis.com.br","contato@lovatomoveis.com.br","marketing@lovatomoveis.com.br","+55 (41) 36772805","BRA","Campo Magro","R. Ângelo Manfron 1137","Salone del Mobile 2026","SMI","14","A41","","Outdoor furniture","Rush and rattan furniture | Outdoor furniture and accessories","furniture","take","Salone Internazionale del Mobile","yes","https://lovatomoveis.com/","no","consumer, sells online","A Lovato nasceu em 2006 para criar móveis externos que se adaptam a diferentes estilos de vida. Desde então, seus conceitos...","","other","No visualiser yet and sells direct to shoppers, so this is the full pitch rather than an upgrade","NONE","","","","","yes","B","1"
"Mamagreen llc","mamagreen.com","Vincent","Vincent Cantaert","Founder & CEO","vincent@mamagreen.com","yes","1","1","https://www.linkedin.com/in/vincent-cantaert-77a2988a","yes","www.mamagreen.com","info@mamagreen.com","martinapadoan@mamagreen.com","+1 (804) 5623083","USA","Richmond, VA","2601 Maury Street BLDG 26, Unit A","Salone del Mobile 2026","SMI","14","E45","","Outdoor furniture","Outdoor furniture and accessories","furniture","take","Salone Internazionale del Mobile","yes","https://mamagreen.com/","no","consumer, sells online","MAMAGREEN is a Luxury, innovative outdoor furniture brand. Renowned for Belgian design excellence, maximum comfort, and durability since 2007.","","role inbox","No visualiser yet and sells direct to shoppers, so this is the full pitch rather than an upgrade","NONE","","","","","check","B","1"
"Midj spa","midj.com","Paolo","Paolo Vernier","President and Founder","paolo.vernier@midj.it","yes","1","1","","yes","www.midj.com","info@midj.it","comunicazione@midj.it","+39 0434690122","ITA","Cordovado","Via Madonna di Campagna 2/a","Salone del Mobile 2026","SMI","18","E23 E25 F20 F24","","Dining rooms, living rooms | Outdoor furniture | Upholstered furniture | Furniture","Plastic chairs | Wooden dining tables | Metal and glass dining tables | Marble dining tables | Metal and glass living room tables | Wooden bookcases | Metal bookcases | Extension dining tables | Leather chairs | Wooden living room tables | Marble living room tables | Metal stools | Sofas and armchairs | Mirrors | Outdoor furniture and accessories | Metal chairs | Stacking or folding chairs | Leather stools | Rocking-chairs | Wooden stools | Plastic stools | Wooden chairs","furniture","take","Salone Internazionale del Mobile","yes","https://www.midj.com","yes","consumer, sells online","","","role inbox","Already runs a visualiser and sells direct to shoppers, so the gap is what happens after the render. Sharpest segment","ADVANCED","pCon","widget on page: pCon","","","check","C","1"
"Milldue spa","noorth.it","Mario","Mario Brescacin","Founder","mario.brescacin@milldue.it","REVIEW","1","1","","brand","www.noorth.it","amministrazione@milldue.com","stefania.berra@milldue.it","+39 0423756611","ITA","Riese Pio X","Via Balegante 7","Salone del Mobile 2026","ARB","6","A29","","Sanitary ware, tapware, radiators, coverings, wellness | Bathroom furniture and accessories","Bathroom, laundry and/or kitchen tapware | Bath tubs and whirlpool tubs | Bathroom furniture | Sanitary ware","furniture","take","International Bathroom Exhibition","yes","https://noorth.it/","no","consumer, via dealers","","","other","No visualiser yet and markets to shoppers and routes them to dealers, so this is the full pitch rather than an upgrade","NONE","","","","CATALOGUE","yes","B","1"
"Miniforms srl","miniforms.com","Mario","Mario Bardini","Owner","mariobardini@miniforms.com","yes","1","2","https://www.linkedin.com/in/mario-bardini-9625aa28","yes","www.miniforms.com","miniforms@miniforms.com","carolina@miniforms.com","+39 0421618255","ITA","Meolo","Via Ca' Corner Nord 4","Salone del Mobile 2026","SMI","24","C20","","Bedrooms | Dining rooms, living rooms | Outdoor furniture | Upholstered furniture | Furniture","Wooden dining tables | Metal and glass dining tables | Plastic dining tables | Wooden trolleys | Wooden sideboards | Wooden bookcases | Marble or stone furniture | Wooden living room tables | Game tables and billiards | Dining rooms | Stacking and nesting living room tables | Metal stools | Outdoor furniture and accessories | Plastic bookcases | Upholstered beds | Wooden beds | Leather stools | Metal beds | Rocking-chairs | Metal or glass trolleys | Plastic stools | Leisure armchairs | Plastic chairs | Marble dining tables | Extension dining tables | Leather chairs | Plastic living room tables | Marble living room tables | Sofas and armchairs | Plastic trolleys | Metal chairs | Glass furniture | Stacking or folding chairs | Hall furniture | Wooden stools","furniture","take","Salone Internazionale del Mobile","yes","https://www.miniforms.com/en/","no","consumer, via dealers","Our world, made of authentic and honest objects, where charming products make you enjoy the little things with elegance.","","other","No visualiser yet and markets to shoppers and routes them to dealers, so this is the full pitch rather than an upgrade","NONE","","","MAKER","","yes","B","1"
"Miniforms srl","miniforms.com","Matteo","Matteo Bardini","Owner","matteo.bardini@miniforms.com","yes","2","2","https://www.linkedin.com/in/matteo-bardini-977986a9","yes","www.miniforms.com","miniforms@miniforms.com","carolina@miniforms.com","+39 0421618255","ITA","Meolo","Via Ca' Corner Nord 4","Salone del Mobile 2026","SMI","24","C20","","Bedrooms | Dining rooms, living rooms | Outdoor furniture | Upholstered furniture | Furniture","Wooden dining tables | Metal and glass dining tables | Plastic dining tables | Wooden trolleys | Wooden sideboards | Wooden bookcases | Marble or stone furniture | Wooden living room tables | Game tables and billiards | Dining rooms | Stacking and nesting living room tables | Metal stools | Outdoor furniture and accessories | Plastic bookcases | Upholstered beds | Wooden beds | Leather stools | Metal beds | Rocking-chairs | Metal or glass trolleys | Plastic stools | Leisure armchairs | Plastic chairs | Marble dining tables | Extension dining tables | Leather chairs | Plastic living room tables | Marble living room tables | Sofas and armchairs | Plastic trolleys | Metal chairs | Glass furniture | Stacking or folding chairs | Hall furniture | Wooden stools","furniture","take","Salone Internazionale del Mobile","yes","https://www.miniforms.com/en/","no","consumer, via dealers","Our world, made of authentic and honest objects, where charming products make you enjoy the little things with elegance.","","other","No visualiser yet and markets to shoppers and routes them to dealers, so this is the full pitch rather than an upgrade","NONE","","","MAKER","","yes","B","1"
"Minotti spa","minotti.com","Christelle","Christelle Martinos","Owner","christelle@10mbllc.com","REVIEW","1","1","https://www.linkedin.com/in/christelle-martinos-34960035","yes","www.minotti.com","info@minotti.it","roberto.paiano@minotti.it","+39 0362343499","ITA","Meda","Via Indipendenza 152","Salone del Mobile 2026","SMI","11","E15 E27 G12 G16 G22","","Bedrooms | Dining rooms, living rooms | Outdoor furniture | Upholstered furniture","Sofas and armchairs | Metal and glass dining tables | Marble dining tables | Metal and glass living room tables | Outdoor furniture and accessories | Wooden bookcases | Upholstered beds | Leather chairs | Wooden living room tables | Sofa beds and armchair beds | Marble living room tables","furniture","take","Salone Internazionale del Mobile","yes","https://www.minotti.com/en","no","consumer, via dealers","","","role inbox","No visualiser yet and markets to shoppers and routes them to dealers, so this is the full pitch rather than an upgrade","NONE","","","","CATALOGUE","yes","B","1"
"Mobiltesino srl","mobiltesino.it","Danilo","Danilo Iannini","General Manager and Marketing","danilo@mobiltesino.it","yes","1","1","https://www.linkedin.com/in/danilo-iannini-b95053193","yes","www.mobiltesino.it","info@mobiltesino.it","danilo@mobiltesino.it","+39 073590280","ITA","Ripatransone","Contrada S. Rustico 33","Salone del Mobile 2026","ARB","10","B06","","Bathroom furniture and accessories","Bathroom accessories | Laundry furniture | Bathroom furniture","furniture","take","International Bathroom Exhibition","yes","https://www.mobiltesino.it","no","consumer, sells online","Mobiltesino è un'azienda italiana che realizza mobili bagno di qualità, unici nella ricerca, nell’attenzione ai dettagli, nello stile e nella scelta dei materiali e delle finiture.","","role inbox","No visualiser yet and sells direct to shoppers, so this is the full pitch rather than an upgrade","NONE","","","","BOTH","yes","B","1"
"Modis Interiors","modisinteriors.com","Hakan","Hakan Cengiz","Founder","hakan.cengiz@modisinteriors.com","yes","1","1","","yes","www.modisinteriors.com","export@modisinteriors.com","muhammet.gul@modisinteriors.com","+90 (54) 57875379","TUR","Inegol Bursa","Hamzabey OSB Mh. 3. Cd. No: 8","Salone del Mobile 2026","SMI","7","D06","","Dining rooms, living rooms | Upholstered furniture | Furniture","TV tables | Sofas and armchairs | Living rooms | Modular living rooms | Dining rooms","furniture","take","Salone Internazionale del Mobile","yes","https://www.modisinteriors.com","no","consumer, via dealers","Discover Modis Interiors - a leading furniture and interior design company offering high-quality products and exceptional craftsmanship.","","role inbox","No visualiser yet and markets to shoppers and routes them to dealers, so this is the full pitch rather than an upgrade","NONE","","","","CATALOGUE","yes","B","1"
"Mogg srl","mogg.it","Nicola","Nicola Galbiati","Founder","nicola.galbiati@mogg.it","yes","1","1","","yes","www.mogg.it","info@mogg.it","nicola.galbiati@mogg.it","+39 03621723880","ITA","Giussano","Via A. Da Giussano 76","Salone del Mobile 2026","SMI","22","B19","","Bedrooms | Dining rooms, living rooms | Upholstered furniture","Wooden dining tables | Metal and glass dining tables | Wooden sideboards | Wooden bookcases | Cardboard bookcases | Metal bookcases | Dining rooms | Metal stools | Sofas and armchairs | Metal sideboards | Metal chairs | Upholstered beds | Wooden stools | Wooden chairs","furniture","take","Salone Internazionale del Mobile","yes","https://www.mogg.it","no","consumer, sells online","PRESS + EVENTS","","role inbox","No visualiser yet and sells direct to shoppers, so this is the full pitch rather than an upgrade","NONE","","","","","check","B","1"
"Moma Design srl","moma-design.it","Ignazio","Ignazio Di Masi","Founder and Designer","ignazio.dimasi@momadesign.it","REVIEW","1","1","","yes","www.moma-design.it","info@momadesign.it","info@momadesign.it","+39 0290361225","ITA","Bareggio","Via Falcone 42","Salone del Mobile 2026","ARB","6","C31","","Sanitary ware, tapware, radiators, coverings, wellness | Bathroom furniture and accessories","Bathroom accessories | Saunas, turkish bath and spa | Shower cubicles | Bath tubs and whirlpool tubs | Bathroom furniture | Sanitary ware","furniture","take","International Bathroom Exhibition","yes","https://www.moma-design.it","no","consumer, sells online","Soluzioni di prestigio e su misura per il bagno, all’insegna dell’amore per il design, per l’arredo e per il benessere della persona.","","role inbox","No visualiser yet and sells direct to shoppers, so this is the full pitch rather than an upgrade","NONE","","","","BOTH","yes","B","1"
"Mondadori Media spa","internimagazine.it","Daniela","Daniela Cerrato","Marketing Director","daniela.cerrato@mondadori.it","REVIEW","1","1","","brand","www.internimagazine.it","interni@mondadori.com","andrea.carbone@mondadori.it","+39 0275421","ITA","Milano","Via Gian Battista Vico 42","Salone del Mobile 2026","SMI","","FRONTE PADD 6/10 S03","","Trade newspapers, magazines and publications","Trade newspapers, magazines and publications","furniture","take","Salone Internazionale del Mobile","yes","https://www.internimagazine.it","no","consumer, sells online","Notizie, tendenze, opinioni, eventi: dal 1954, Interni Magazine è la voce del design italiano nel mondo","","other","No visualiser yet and sells direct to shoppers, so this is the full pitch rather than an upgrade","NONE","","","","BOTH","yes","B","1"
"MORPHO by Tomorrowland","morpho.world","Aurélie","Aurélie Hurlet","Marketing & PR","aurelie.hurlet@morpho.world","yes","1","1","","yes","www.morpho.world","info@morpho.world","lieze.vermeiren@ethnicraft.com","+32 (3) 4430100","BEL","Boom","Scheldeweg 5","Salone del Mobile 2026","SMI","14","C33","","Bedrooms | Dining rooms, living rooms | Outdoor furniture | Bathroom furniture and accessories | Upholstered furniture | Furniture","Leisure armchairs | Wooden dining tables | Bedrooms | Living rooms | Wooden sideboards | Wooden bookcases | Marble or stone furniture | Mattresses | Bathroom furniture and accessories | Extension dining tables | Wooden living room tables | Dining rooms | Stacking and nesting living room tables | TV tables | Mirrors | Sofas and armchairs | Outdoor furniture and accessories | Leather furniture | Metal or glass trolleys | Hall furniture | Wooden stools | Wooden chairs","furniture","take","Salone Internazionale del Mobile","yes","https://www.morpho.world","no","consumer, via dealers","","","role inbox","No visualiser yet and markets to shoppers and routes them to dealers, so this is the full pitch rather than an upgrade","NONE","","","","CATALOGUE","yes","B","1"
"Mozea","mozea.io","Andrei","","Co-Founder","andrei@mozea.io","yes","1","1","https://www.linkedin.com/in/andreisimon","yes","www.mozea.io","info@mozea.io","andrei@mozea.io","+40 (745) 373244","ROU","Cisnadioara","Cistercienilor 193 Jud. Sibiu","Salone del Mobile 2026","SMI","7","D03","","Dining rooms, living rooms | Upholstered furniture | Furniture","Leisure armchairs | Wooden dining tables | Marble dining tables | Living rooms | Leather furniture | Marble or stone furniture | Hall furniture | Leather chairs | Wooden stools | Wooden living room tables | Dining rooms | Wooden chairs","furniture","take","Salone Internazionale del Mobile","yes","https://www.mozea.io","no","consumer, sells online","","","role inbox","No visualiser yet and sells direct to shoppers, so this is the full pitch rather than an upgrade","NONE","","","","BOTH","yes","B","1"
"Muundo","muundo.be","Leonie","Leonie Veys","Marketing & Customer Excellence","leonie@pr-living.com","REVIEW","1","1","https://be.linkedin.com/in/leonieveys","yes","www.muundo.be","info@muundo.be","louis@pr-living.com","+32 (56) 625190","BEL","Waregem","Kalkhoevestraat 51","Salone del Mobile 2026","SMI","18","B10","","Dining rooms, living rooms | Outdoor furniture | Upholstered furniture | Furniture","Metal stools | Wooden dining tables | Mirrors | Sofas and armchairs | Outdoor furniture and accessories | Living rooms | Metal chairs | Modular living rooms | Wooden living room tables | Wooden stools | Dining rooms | Wooden chairs","furniture","take","Salone Internazionale del Mobile","yes","https://www.muundo.be","no","consumer, sells online","Muundo is a Belgian furniture brand creating handcrafted tables and furniture inspired by nature. Timeless design, natural materials and honest craftsmanship —...","","role inbox","No visualiser yet and sells direct to shoppers, so this is the full pitch rather than an upgrade","BASIC","","er Material & Care Retail Contract Agents Stores Contact 3D Configurator My Account This was Salone 2026 This was Salone. A moment where craftsmanship and design came together to shape our n","","BOTH","yes","B","1"
"next125","next125.com","Robert","Robert Kettenbach","Global Brand Director","robert.kettenbach@schueller.de","REVIEW","1","1","https://de.linkedin.com/in/robert-kettenbach-667972104/en","yes","www.next125.de","export@schueller.de","karl.ankenbrand@schueller.de","+49 (9825) 830","DEU","Herrieden","Rother Strasse 1","Salone del Mobile 2026","EUC","2","A15 B18","","Kitchens","Wood kitchens | Plastic laminate kitchens | Lacquered kitchens","furniture","take","EuroCucina","yes","https://www.next125.com/de/","no","consumer, via dealers","Entdecken Sie next125 Küchen und lassen Sie sich von moderner Küchen Inspiration und kreativen Küchengestaltung Ideen für Ihr perfektes Zuhause begeistern.","","role inbox","No visualiser yet and markets to shoppers and routes them to dealers, so this is the full pitch rather than an upgrade","NONE","","","","CATALOGUE","yes","B","1"
"Nikari oy","nikari.fi","Anna","Anna Erkinheimo","Office Manager, Marketing","anna.erkinheimo@nikari.fi","yes","1","1","","yes","www.nikari.fi","nikari@nikari.fi","johanna.vuorio@nikari.fi","+358 (10) 3151310","FIN","Fiskars","Peltorivi 13","Salone del Mobile 2026","SMI","22","B07","","Bedrooms | Dining rooms, living rooms | Outdoor furniture | Upholstered furniture | Furniture","Wooden dining tables | Sofas and armchairs | Wooden trolleys | Bedrooms | Outdoor furniture and accessories | Living rooms | Wooden sideboards | Extension dining tables | Wooden living room tables | Wooden stools | Dining rooms | Wooden chairs","furniture","take","Salone Internazionale del Mobile","yes","https://nikari.fi/","no","consumer, sells online","","","other","No visualiser yet and sells direct to shoppers, so this is the full pitch rather than an upgrade","NONE","","","","CATALOGUE","yes","B","1"
"Nobili spa Rubinetterie","nobili.it","Giorgio","Giorgio Nobili","Marketing Manager","g.nobili@nobili.it","yes","1","1","https://www.linkedin.com/in/nobiligiorgio","yes","www.grupponobili.it","info@grupponobili.it","e.bertola@nobili.it","+39 0322885885","ITA","Borgomanero","Via Lagone 32","Salone del Mobile 2026","ARB","10","A09 A11","","Sanitary ware, tapware, radiators, coverings, wellness","Bathroom, laundry and/or kitchen tapware","furniture","take","International Bathroom Exhibition","yes","https://www.nobili.it/en/","no","consumer, via dealers","Let you marvel at taps and showers of the highest made in Italy excellence, 100% Nobili since 1954.","","role inbox","No visualiser yet and markets to shoppers and routes them to dealers, so this is the full pitch rather than an upgrade","NONE","","","","","yes","B","1"
"nobilia","nobilia.de","Yasemin","","Marketing Manager","yasemin_groene@nobilia.de","yes","1","1","https://www.linkedin.com/in/yasemin-g-ba63471b1","yes","www.nobilia.de","info@nobilia.de","theresa_potthoff@nobilia.de","+49 (5246) 5080","DEU","Verl","Waldstrasse 53-57","Salone del Mobile 2026","EUC","2","B23 B27","","Kitchens | Bathroom furniture and accessories | Furniture | Kitchen furnishing accessories","Plastic laminate kitchens | Bathroom furniture and accessories | Lacquered kitchens | Furniture | Kitchen furnishing accessories","furniture","take","EuroCucina","yes","https://www.nobilia.de/en/","no","consumer, via dealers","Experience the wonderful world of kitchens from Germany’s leading kitchen manufacturer – nobilia. You are just a few steps away from your dream kitchen. Let’s get started.","","role inbox","No visualiser yet and markets to shoppers and routes them to dealers, so this is the full pitch rather than an upgrade","NONE","","","","","yes","B","1"
"Nolte Küchen GmbH & Co. KG","nolte-kuechen.com","Christina","","Brand Marketing Manager","c.eikel@nolte-kuechen.de","yes","1","1","https://www.linkedin.com/in/christina-eikel-5b15451a0","yes","www.nolte-kuechen.com","info@nolte-kuechen.de","nils.hardtke@nolte-kuechen.de","+49 (5732) 8990","DEU","Löhne","Anni-Nolte-Strasse 4","Salone del Mobile 2026","EUC","4","D21 D23","","Kitchens","Wood kitchens | Plastic laminate kitchens | Lacquered kitchens","furniture","take","EuroCucina","yes","https://www.nolte-kuechen.com/de-DE/privatkunden","no","consumer, via dealers","Entdecken Sie Küchen von nolte: vielfältige Designs, Farben und Materialien, clevere Planungslösungen und Inspiration für Ihre Traumküche.","","role inbox","No visualiser yet and markets to shoppers and routes them to dealers, so this is the full pitch rather than an upgrade","NONE","","","","","yes","B","1"
"Ombres et Facettes","ombresetfacettes.com","Laurent","Laurent Boulloche","Owner / President","laurent@ombresetfacettes.com","yes","1","1","","yes","www.ombresetfacettes.com","contact@ombresetfacettes.com","contact@ombresetfacettes.com","+33 (06) 11806270","FRA","Saint Laurent Nouan","10 Rue de l'Industrie","Salone del Mobile 2026","SMI","13","C29","","Dining rooms, living rooms","Metal stools | Metal sideboards | Dining rooms","furniture","take","Salone Internazionale del Mobile","yes","https://ombresetfacettes.com/","no","consumer, sells online","","","role inbox","No visualiser yet and sells direct to shoppers, so this is the full pitch rather than an upgrade","NONE","","","","CATALOGUE","yes","B","1"
"Papadatos sa","papadatos.gr","Πέτρος","Πέτρος Iiiiiiiii","Owner","petros@papadatos.com","yes","1","1","https://www.linkedin.com/in/πέτρος-παπαδάτος-0b116821","yes","www.papadatos.gr","export@papadatos.gr","export@papadatos.gr","+30 (210) 8079300","GRC","Acharne (Athens)","Tatoiou Avenue 196","Salone del Mobile 2026","SMI","18","E16 D21 D23","","Bedrooms | Dining rooms, living rooms | Outdoor furniture | Upholstered furniture | Furniture","Wooden dining tables | Sofas and armchairs | Marble dining tables | Bedrooms | Outdoor furniture and accessories | Living rooms | Wooden sideboards | Marble or stone furniture | Upholstered beds | Sofa beds and armchair beds | Marble living room tables | Dining rooms","furniture","take","Salone Internazionale del Mobile","yes","https://papadatos.gr/en","no","consumer, via dealers","","","role inbox","No visualiser yet and markets to shoppers and routes them to dealers, so this is the full pitch rather than an upgrade","BASIC","","airs Beds & Bedside tables Shelf system Accessories Outdoor Configurator Finishings Company Company Identity Designers Catalogues Certificates Projects News Video Contact Contact Store locat","","CATALOGUE","yes","B","1"
"Paul Rogers","paulrogers.be","Louis","Louis Rogiers","Sales Director","louis@pr-living.com","REVIEW","1","1","https://www.linkedin.com/in/louis-rogiers-9710b470","yes","www.paulrogers.be","info@paulrogers.be","louis@pr-living.com","+32 (56) 625190","BEL","Waregem","Kalkhoevestraat 51","Salone del Mobile 2026","SMI","18","B10","","Dining rooms, living rooms | Outdoor furniture | Upholstered furniture | Furniture","Metal stools | Wooden dining tables | Mirrors | Sofas and armchairs | Outdoor furniture and accessories | Living rooms | Metal chairs | Modular living rooms | Wooden living room tables | Wooden stools | Dining rooms | Wooden chairs","furniture","take","Salone Internazionale del Mobile","yes","https://www.paulrogers.be","no","consumer, sells online","Premium furniture crafted with three generations of expertise. Timeless design for hospitality and home. Kwaliteitsmeubelen met drie generaties vakmanschap. Ti...","","role inbox","No visualiser yet and sells direct to shoppers, so this is the full pitch rather than an upgrade","NONE","","","","CATALOGUE","yes","B","1"
"Piaval srl","piaval.it","Lorenzo","Lorenzo Piani","Socio dirigente","piani.lorenzo@piaval.it","yes","1","1","","yes","www.piaval.it","info@piaval.it","piani.elisa@piaval.it","+39 0432756046","ITA","San Giovanni al Natisone","Via del Collio 57","Salone del Mobile 2026","SMI","18","D07","","Dining rooms, living rooms | Outdoor furniture | Upholstered furniture","Leisure armchairs | Metal stools | Wooden dining tables | Sofas and armchairs | Outdoor furniture and accessories | Metal chairs | Stacking or folding chairs | Wooden living room tables | Wooden stools | Sofa beds and armchair beds | Wooden chairs","furniture","take","Salone Internazionale del Mobile","yes","https://piaval.it/","no","consumer, sells online","","","role inbox","No visualiser yet and sells direct to shoppers, so this is the full pitch rather than an upgrade","NONE","","","","CATALOGUE","yes","B","1"
"Plastitex","sergeferrari.com","Matteo","Matteo Campus","Responsable produits numériques","matteo.campus@sergeferrari.com","yes","1","2","https://www.linkedin.com/in/matteo-campus-product-owner","brand","www.sergeferrari.com","info@ombrellificiomagnani.com","info@ombrellificiomagnani.com","+39 049597196","ITA","Carmignano di Brenta","Via Postumia 9/A","Salone del Mobile 2026","SMI","1","B39","","Outdoor furniture","Outdoor umbrellas | Outdoor furniture and accessories","furniture","take","Salone Internazionale del Mobile","yes","http://www.sergeferrari.com","no","consumer, sells online","Discover Serge Ferrari membranes for buildings, solar protection, tensile architecture, modular structures, industry, environment.","","role inbox","No visualiser yet and sells direct to shoppers, so this is the full pitch rather than an upgrade","NONE","","","","CATALOGUE","check","B","1"
"Plastitex","sergeferrari.com","Katia","Katia MARTINEZ","Marketing & Communication Manager - Iberica, Latin America, Scandinavia & France","katia.martinez@sergeferrari.com","yes","2","2","https://www.linkedin.com/in/katia-martinez-025466112","brand","www.sergeferrari.com","info@ombrellificiomagnani.com","info@ombrellificiomagnani.com","+39 049597196","ITA","Carmignano di Brenta","Via Postumia 9/A","Salone del Mobile 2026","SMI","1","B39","","Outdoor furniture","Outdoor umbrellas | Outdoor furniture and accessories","furniture","take","Salone Internazionale del Mobile","yes","http://www.sergeferrari.com","no","consumer, sells online","Discover Serge Ferrari membranes for buildings, solar protection, tensile architecture, modular structures, industry, environment.","","role inbox","No visualiser yet and sells direct to shoppers, so this is the full pitch rather than an upgrade","NONE","","","","CATALOGUE","check","B","1"
"Platform","platformarchitecture.it","Sarah","Sarah Brady","Founder","sarah@theplatformexperiment.com","REVIEW","1","1","https://www.linkedin.com/in/ssbrady","yes","www.platformarchitecture.it","info@platformnetwork.it","dondolini@platformnetwork.it","+39 0198400311","ITA","Milano","Piazzetta  Brera 24/6","Salone del Mobile 2026","SMI","","ING. PADD 9/11 S46","","Trade newspapers, magazines and publications","Trade newspapers, magazines and publications","furniture","take","Salone Internazionale del Mobile","yes","https://www.platformarchitecture.it/","no","consumer, sells online","","","role inbox","No visualiser yet and sells direct to shoppers, so this is the full pitch rather than an upgrade","NONE","","","RETAILER","","yes","B","1"
"Plycollection ltd","plycollection.com","Janis","Janis Tilgass","CEO","jt@plycollection.com","yes","1","1","","yes","www.plycollection.com","info@plycollection.com","elmars@plycollection.com","+371 (2) 9842005","LVA","Riga","Cesu Street 31 K-3","Salone del Mobile 2026","SMI","18","E19","","Dining rooms, living rooms | Furniture","Leather furniture | Wooden sideboards | Wooden bookcases | Wooden living room tables","furniture","take","Salone Internazionale del Mobile","yes","https://www.plycollection.com","no","consumer, sells online","The most unique stackable plywood chairs","","role inbox","No visualiser yet and sells direct to shoppers, so this is the full pitch rather than an upgrade","NONE","","","MAKER","CATALOGUE","yes","B","1"
"Point sl","point1920.com","Arantxa","Arantxa Garmendia","Marketing Manager","agarmendia@point1920.com","yes","1","1","https://www.linkedin.com/in/arantxa-garmendia","yes","www.point1920.com","info@point1920.com","agarmendia@point1920.com","+34 (96) 6480132","ESP","Jalón (Alicante)","Partida Planet s/n","Salone del Mobile 2026","SMI","22","B14","","Dining rooms, living rooms | Outdoor furniture | Upholstered furniture","Leisure armchairs | Wooden dining tables | Sofas and armchairs | Outdoor umbrellas | Outdoor furniture and accessories | Living rooms | Extension dining tables | Wooden living room tables | Wooden stools | Dining rooms | Wooden chairs","furniture","take","Salone Internazionale del Mobile","yes","https://www.point1920.com/en","no","consumer, sells online","Design, innovation, craftsmanship, creativity, and high quality characterize POINT Outdoor Furniture. More than 40 collections for contract and residential use.","","role inbox","No visualiser yet and sells direct to shoppers, so this is the full pitch rather than an upgrade","BASIC","","oungers Swings Parasols Ottomans Lighting Planters Cushions PRODUCT FINDER COLLECTIONS Escala Rivoli Amba Curio Zuma Legacy Kubik Kahn Neck Origin Long Island Summer City Paralel Lis Weave P","","CATALOGUE","yes","B","1"
"Porada Arredi srl","porada.it","Sara","Sara Allievi","Marketing and Communication Manager","sara.allievi@porada.it","yes","1","1","","yes","www.porada.it","info@porada.it","federica.stucchi@porada.it","+39 031766215","ITA","Cabiate","Via B. Buozzi 2","Salone del Mobile 2026","SMI","9","A03 C02","","Bedrooms | Dining rooms, living rooms | Upholstered furniture | Furniture","Wooden dining tables | Marble dining tables | Wooden trolleys | Wooden sideboards | Wooden bookcases | Wooden living room tables | Marble living room tables | TV tables | Mirrors | Sofas and armchairs | Upholstered beds | Wooden beds | Shoe cupboards | Cocktail cabinets | Wooden stools | Wooden chairs","furniture","take","Salone Internazionale del Mobile","yes","https://www.porada.it","no","consumer, sells online","","","role inbox","No visualiser yet and sells direct to shoppers, so this is the full pitch rather than an upgrade","NONE","","","MAKER","BOTH","yes","B","1"
"Private Label lda","the-privatelabel.com","Bárbara","Bárbara Azevedo","Co Owner and Founder","bazevedo@the-privatelabel.com","yes","1","1","https://www.linkedin.com/in/bárbaraazevedo","yes","www.the-privatelabel.com","info@the-privatelabel.com","bazevedo@the-privatelabel.com","+351 (93) 9420623","PRT","Carvalhosa, Paços de Ferreira","Rua de S. Domingos Loja 101 G","Salone del Mobile 2026","SMI","15","A08","","Bedrooms | Children's furniture | Dining rooms, living rooms | Outdoor furniture | Upholstered furniture | Furniture","Wooden dining tables | Metal and glass dining tables | Bedrooms | Wooden sideboards | Wooden bookcases | Marble or stone furniture | Metal bookcases | Wooden living room tables | Dining rooms | Metal stools | Mirrors | Outdoor furniture and accessories | Metal sideboards | Leather furniture | Children's bedrooms | Upholstered beds | Wooden beds | Leather stools | Leisure armchairs | Marble dining tables | Metal and glass living room tables | Living rooms | Home cinema / Home-theatre seating | Extension dining tables | Leather chairs | Marble living room tables | TV tables | Sofas and armchairs | Upholstered rocking-chairs | Metal chairs | Glass furniture | Hall furniture | Cocktail cabinets | Wooden stools | Other children's furniture | Sofa beds and armchair beds | Wooden chairs","furniture","take","Salone Internazionale del Mobile","yes","https://www.the-privatelabel.com/en/","no","consumer, sells online","PRIVATE LABEL is a luxury furniture and lighting brands, located in Portugal.","","role inbox","No visualiser yet and sells direct to shoppers, so this is the full pitch rather than an upgrade","NONE","","","","CATALOGUE","yes","B","1"
"Prostoria d.o.o.","prostoria.eu","Biljana","Biljana Angelovski","Sales and Marketing Director","bangelovski@prostoria.eu","yes","1","1","https://www.linkedin.com/in/biljana-angelovski-149283161","yes","www.prostoria.eu","info@prostoria.eu","isilovic@prostoria.eu","+385 (49) 200555","HRV","Sveti Kriz Zacretje","Pustodol Zacretski 19G","Salone del Mobile 2026","SMI","24","C25","","Bedrooms | Children's furniture | Dining rooms, living rooms | Outdoor furniture | Upholstered furniture","Leisure armchairs | Wooden dining tables | Living rooms | Home cinema / Home-theatre seating | Wooden bookcases | Metal bookcases | Wooden living room tables | Dining rooms | Metal stools | Sofas and armchairs | Outdoor furniture and accessories | Children's bedrooms | Metal chairs | Stacking or folding chairs | Convertible beds | Wooden stools | Sofa beds and armchair beds | Wooden chairs","furniture","take","Salone Internazionale del Mobile","yes","https://www.prostoria.eu","no","consumer, sells online","We craft timeless furniture for homes, offices, hospitality and public spaces, blending comfort and enduring quality.","","role inbox","No visualiser yet and sells direct to shoppers, so this is the full pitch rather than an upgrade","BASIC","","lity Workspaces Public spaces Residential Resources & tools Configurator Downloads & 3D Resources Colors & Materials Certificates & Reports Media Bank About Us Stories About Us Careers Desig","","CATALOGUE","yes","B","1"
"Pufas Werk KG","pufas.de","Gerhard","Gerhard Jordan","Geschäftsführender Alleininhaber","gerhard.jordan@pufas.de","yes","1","1","","yes","www.pufas.de","info@pufas.de","","+49 5541 700301","Germany","Hann. Münden","Im Schedetal 1","Heimtextil 2027","HEIMTEXTIL","3","A81","yes","Wall Decoration","5","wallpaper","take","Wall Decoration","yes","https://www.pufas.de","no","consumer, sells online","PUFAS offers a broad range of wallpaper adhesives, pastes, fillers, primers, coatings, emulsion paints and other renovation products.","","role inbox","No visualiser yet and sells direct to shoppers, so this is the full pitch rather than an upgrade","NONE","","","","CATALOGUE","check","B","1"
"Pure Home Collections srl","purefurniture.com","Alberto","Alberto Nervo","Amministratore/shareholder","an@10mbllc.com","REVIEW","1","1","https://www.linkedin.com/in/alberto-nervo-b87089155","yes","www.purefurniture.com","info@purefurniture.com","valentina@purefurniture.com","+40 (261) 839780","ROU","Dorolt Jud. Satu Mare","Str. Principala 234","Salone del Mobile 2026","SMI","3","C26 D33","","Bedrooms | Dining rooms, living rooms | Upholstered furniture | Furniture","Leisure armchairs | Wooden dining tables | Living rooms | Wooden sideboards | Wooden bookcases | Extension dining tables | Leather chairs | Wooden living room tables | Dining rooms | Sofas and armchairs | Leather furniture | Metal chairs | Upholstered beds | Wooden beds | Leather stools | Wooden chairs","furniture","take","Salone Internazionale del Mobile","yes","https://www.purefurniture.com","no","consumer, sells online","Pure Furniture","","role inbox","No visualiser yet and sells direct to shoppers, so this is the full pitch rather than an upgrade","NONE","","","","CATALOGUE","check","B","1"
"Ringvide Studio & Produktion AB","ringvide.com","Lukas","Lukas Dahlén","Co-founder and Head Designer","lukas@ringvide.com","yes","1","1","","yes","www.ringvide.com","customercare@ringvide.com","leila@ringvide.com","+46 (73) 3969227","SWE","Visby","Brissund Strandskogsvägen 4","Salone del Mobile 2026","SMI","14","E38","","Bedrooms | Dining rooms, living rooms","Bedrooms | Living rooms | Wooden sideboards | Wooden stools","furniture","take","Salone Internazionale del Mobile","yes","https://www.ringvide.com","no","consumer, sells online","Our interior design products are created with a combination of traditional crafts and new tech to be more than aesthetic and practical: Objects with soul.","","other","No visualiser yet and sells direct to shoppers, so this is the full pitch rather than an upgrade","NONE","","","","","yes","B","1"
"Romagno Marmi srl","romagnomarmi.com","Vito","Vito Romagno","Founder","vito@romagnomarmi.it","yes","1","1","","yes","www.romagnomarmi.it","info@romagnomarmi.it","gianpiero@romagnomarmi.it","+39 0804741975","ITA","Mola di Bari","Prov.le Mola - Rutigliano Km. 4","Salone del Mobile 2026","SMI;ARB","5","A32","","Dining rooms, living rooms | Furniture","Marble or stone furniture | Marble living room tables","furniture","take","Salone Internazionale del Mobile","yes","https://romagnomarmi.com/","no","consumer, sells online","","","role inbox","No visualiser yet and sells direct to shoppers, so this is the full pitch rather than an upgrade","NONE","","","","BOTH","yes","B","1"
"Royal Botania nv","royalbotania.com","Pieter","Pieter Van Puyvelde","Brand Director","pieter@royalbotania.com","yes","1","1","https://be.linkedin.com/in/pieter-van-puyvelde-991249115","yes","www.royalbotania.com","info@royalbotania.com","pieter@royalbotania.com","+32 (3) 4112285","BEL","Nijlen","Elsendonkstraat 146","Salone del Mobile 2026","SMI","9","L06 L08","","Outdoor furniture","Outdoor umbrellas","furniture","take","Salone Internazionale del Mobile","yes","https://www.royalbotania.com/en","no","consumer, sells online","Discover Royal Botania’s premium outdoor furniture collections. Experience the perfect blend of elegance and durability in our meticulously crafted designs.","","role inbox","No visualiser yet and sells direct to shoppers, so this is the full pitch rather than an upgrade","NONE","","","","CATALOGUE","yes","B","1"
"Rs Barcelona sl","rsbarcelona.com","Isabel","Isabel Tomás","International Sales Marketing Manager","isabel@rsbarcelona.com","yes","1","1","https://www.linkedin.com/in/isabel-tomás-6bb93125","yes","www.rsbarcelona.com","info@rsbarcelona.com","maria@rsbarcelona.com","+34 (936) 589503","ESP","Olesa de Montserrat","C/de la Barca 7-9 Pol. Ind. La Flora-Fou","Salone del Mobile 2026","SMI","14","C35","","Dining rooms, living rooms | Outdoor furniture","Metal stools | Metal and glass dining tables | Metal and glass living room tables | Outdoor furniture and accessories | Metal bookcases | Game tables and billiards | Marble living room tables","furniture","take","Salone Internazionale del Mobile","yes","https://rsbarcelona.com/en-us","no","consumer, sells online","Spanish Brand Specialized in Design Game Tables.","","role inbox","No visualiser yet and sells direct to shoppers, so this is the full pitch rather than an upgrade","BASIC","","service either. We tailor unique pieces for you, beyond our configurator possibilities. Discover Shuffleboard In the game as in life, you have to be bold. This is the shuffleboard Track, bre","","CATALOGUE","yes","B","1"
"Rubinetterie Ritmonio srl","ritmonio.it","Luca","Luca Ritmonio","Managing Director","l.ritmonio@ritmonio.it","yes","1","1","","yes","www.ritmonio.it","info@ritmonio.it","c.ciscato@ritmonio.it","+39 0163560000","ITA","Varallo","Via Indren 4 Z.I. Roccapietra","Salone del Mobile 2026","ARB","10","C04","","Sanitary ware, tapware, radiators, coverings, wellness | Bathroom furniture and accessories","Bathroom accessories | Bathroom, laundry and/or kitchen tapware | Sanitary ware","furniture","take","International Bathroom Exhibition","yes","https://www.ritmonio.it/en/","no","consumer, via dealers","","","role inbox","No visualiser yet and markets to shoppers and routes them to dealers, so this is the full pitch rather than an upgrade","NONE","","","","CATALOGUE","yes","B","1"
"Rubinetterie Stella spa","rubinetteriestella.it","Martina","Martina Ruga","Marketing Manager","m.ruga@rubinetteriestella.it","yes","1","1","https://www.linkedin.com/in/martina-ruga-80b95ba0","yes","www.rubinetteriestella.it","commerciale@rubinetteriestella.it","s.marchetti@rubinetteriestella.it","+39 0321473351","ITA","Dormelletto","Via Monte Bianco snc","Salone del Mobile 2026","ARB","10","B02","","Sanitary ware, tapware, radiators, coverings, wellness | Bathroom furniture and accessories","Bathroom accessories | Bathroom, laundry and/or kitchen tapware","furniture","take","International Bathroom Exhibition","yes","https://www.rubinetteriestella.it","no","consumer, sells online","","","role inbox","No visualiser yet and sells direct to shoppers, so this is the full pitch rather than an upgrade","NONE","","","","CATALOGUE","yes","B","1"
"Salda Arredamenti srl","saldaarredamenti.com","Elisa","Elisa Besana","Owner","e.besana@saldaarredamenti.com","yes","1","1","","yes","www.saldaarredamenti.com","info@saldaarredamenti.com","marketing@saldaarredamenti.com","+39 0362341229","ITA","Meda","Via Trieste 101/W","Salone del Mobile 2026","SMI","13","C25","","Bedrooms | Dining rooms, living rooms | Upholstered furniture | Furniture","Wooden dining tables | Sofas and armchairs | Mirrors | Bedrooms | Living rooms | Wooden sideboards | Wooden bookcases | Wooden beds | Wooden stools | Wooden chairs","furniture","take","Salone Internazionale del Mobile","yes","https://saldaarredamenti.com/","no","consumer, sells online","","","role inbox","No visualiser yet and sells direct to shoppers, so this is the full pitch rather than an upgrade","NONE","","","MAKER","BOTH","yes","B","1"
"Satar Carpet GmbH","rugvalley.com","Wase","Wase Rasul","Managing Director","wasera@satar-carpet.com","REVIEW","1","1","","brand","www.satar-carpet.com","satar-carpet@web.de","","+49 36809 812","Germany","Hamburg","Brooktorkai 3-4","Heimtextil 2027","HEIMTEXTIL","3","F29","yes","Carpets & Rugs","5","rugs","take","Carpets & Rugs","yes","https://rugvalley.com/","no","consumer, sells online","Jahrhundertealtes Handwerk. Ausgewählt in Hamburg.Jeder Teppich von Hand gefertigt. Mit eigener Geschichte.100 % Echtheit. Null Kompromiss.","","other","No visualiser yet and sells direct to shoppers, so this is the full pitch rather than an upgrade","NONE","","","","","check","B","1"
"Scavolini spa","scavolini.com","Fabiana","Fabiana Scavolini","Direzione Commerciale e Marketing Italia","fabiana.scavolini@scavolini.com","yes","1","1","https://www.linkedin.com/in/fabianascavolini","yes","www.scavolini.com","contatti@scavolini.com","francesca.boldrini@scavolini.com","+39 07214431","ITA","Montelabbate","Via Risara 60/70-74/78","Salone del Mobile 2026","SMI;ARB;EUC","2","B03 B09","","Bedrooms | Dining rooms, living rooms | Outdoor furniture | Upholstered furniture | Furniture","Wooden dining tables | Metal and glass dining tables | Plastic dining tables | Bedrooms | Wooden sideboards | Wooden bookcases | Mattresses | Walk-in robes | Sliding or fixed partitions for walk-in robes | Wooden living room tables | Partition wardrobes | Stacking and nesting living room tables | Metal stools | Mirrors | Outdoor furniture and accessories | Upholstered beds | Metal or glass trolleys | Plastic stools | Plastic chairs | Marble dining tables | Metal and glass living room tables | Living rooms | Modular living rooms | Convertible furniture | Extension dining tables | Plastic living room tables | Marble living room tables | TV tables | Sliding or fixed partitions for wardrobe walls | Metal chairs | Stacking or folding chairs | Convertible beds | Hall furniture | Shoe cupboards | Wardrobes","furniture","take","Salone Internazionale del Mobile","yes","https://www.scavolini.com/us/","no","consumer, via dealers","Quality, assistance and guarantees that accompany your furniture over time.","","other","No visualiser yet and markets to shoppers and routes them to dealers, so this is the full pitch rather than an upgrade","NONE","","","","BOTH","yes","B","1"
"Scolaro Parasol srl Unipersonale","scolaro-parasol.it","Fabio","Fabio Scolaro","CEO","fs@scolaro-parasol.it","yes","1","1","","yes","www.scolaro-parasol.it","info@scolaro-parasol.it","fs@scolaro-parasol.it","+39 0429656687","ITA","Casale di Scodosia","Via Liguria 197","Salone del Mobile 2026","SMI","1","B07","","Outdoor furniture","Outdoor umbrellas | Outdoor furniture and accessories","furniture","take","Salone Internazionale del Mobile","yes","https://www.scolaro-parasol.it/gb/","no","consumer, sells online","Scolaro is a factory specialized in production and sale of umbrellas and parasols for garden and outdoors. All models are produced with italian design.","","role inbox","No visualiser yet and sells direct to shoppers, so this is the full pitch rather than an upgrade","NONE","","","","","yes","B","1"
"Segis srl","segis.it","Francesco","Francesco Dominici","Owner","francesco@segis.it","yes","1","1","https://www.linkedin.com/in/francesco-dominici-b956846","yes","www.segis.it","segis@segis.it","e.ciocci@segis.it","+39 0577980333","ITA","Poggibonsi","Via Umbria 14 - Loc. Fosci","Salone del Mobile 2026","SMI","14","E32","","Dining rooms, living rooms | Upholstered furniture","Plastic chairs | Metal stools | Sofas and armchairs | Metal chairs | Wooden stools | Plastic stools","furniture","take","Salone Internazionale del Mobile","yes","https://www.segis.it","no","consumer, sells online","Segis, produttori di sedie di design dal 1983.","","other","No visualiser yet and sells direct to shoppers, so this is the full pitch rather than an upgrade","NONE","","","","CATALOGUE","yes","B","1"
"Seriplighting lda","seripdesign.com","João","João Pinto","Marketing Manager","joaopinto@seripdesign.com","yes","1","1","https://www.linkedin.com/in/joaomppinto","brand","www.seripdesign.com","info@seripdesign.com","info@seripdesign.com","+351 (212) 488840","PRT","S. Mamede de Infesta","Rua Padre Costa 1042","Salone del Mobile 2026","SMI","15","B42","","Dining rooms, living rooms | Furniture","Mirrors | Metal and glass dining tables | Marble dining tables | Metal and glass living room tables | Marble or stone furniture | Marble living room tables","furniture","take","Salone Internazionale del Mobile","yes","https://www.seripdesign.com/en/home","no","consumer, via dealers","Serip designs and produces nature-inspired sculptures resulting in decor elements and organic lighting with a unique design based on nature’s elements. Expert in illumination since 1961.","","role inbox","No visualiser yet and markets to shoppers and routes them to dealers, so this is the full pitch rather than an upgrade","NONE","","","","CATALOGUE","check","B","1"
"Sicis srl","sicis.com","Antonio","Antonio Linzarini","Art director, Marketing","linzarini@sicis.com","yes","1","1","https://www.linkedin.com/in/antonio-linzarini-71b051207","yes","www.sicis.com","simone@sicis.com","jessica@sicis.com","+39 0544469711","ITA","Milano","Via Borgonuovo 29","Salone del Mobile 2026","SMI","13","B02 C05","","Bedrooms | Dining rooms, living rooms | Outdoor furniture | Upholstered furniture | Furniture","Wooden dining tables | Metal and glass dining tables | Bedrooms | Living rooms | Wooden bookcases | Walk-in robes | Sliding or fixed partitions for walk-in robes | Dining rooms | Metal stools | Sofas and armchairs | Mirrors | Outdoor furniture and accessories | Upholstered beds | Glass furniture | Hall furniture | Cocktail cabinets | Wardrobes | Wooden chairs","furniture","take","Salone Internazionale del Mobile","yes","https://www.sicis.com/us","no","consumer, sells online","Redesign your contemporary living space with SICIS mosaic collections, Vetrite and our luxury furniture and fabrics,100% Italian design.","","other","No visualiser yet and sells direct to shoppers, so this is the full pitch rather than an upgrade","NONE","","","","","yes","B","1"
"Skargaarden International AB","skargaarden.com","Jari","Jari Visuri","CEO","jari.visuri@skargaarden.com","yes","1","1","https://se.linkedin.com/in/jari-visuri-a08a1b33","yes","www.skargaarden.com","info@skargaarden.com","jari.visuri@skargaarden.com","+46 (76) 8268500","SWE","Gävle","Andra Magasinsgatan 3A","Salone del Mobile 2026","SMI","14","E28","","Outdoor furniture","Outdoor furniture and accessories","furniture","take","Salone Internazionale del Mobile","yes","https://www.skargaarden.com","no","consumer, sells online","Scandinavian Outdoor Design at it's finest. Introducing new collections Saltholm, Laknäs and Koster Lounge.","","role inbox","No visualiser yet and sells direct to shoppers, so this is the full pitch rather than an upgrade","NONE","","","","CATALOGUE","yes","B","1"
"Slide srl","slidedesign.it","Marco","Marco Colonna Romano","CEO","mr@slide.tech","REVIEW","1","1","","yes","www.slidedesign.it","info@slidedesign.it","fabrice.thome@slidedesign.it","+39 024882377","ITA","Buccinasco","Via Lazio 14/16/18","Salone del Mobile 2026","SMI","18","D16","","Dining rooms, living rooms | Outdoor furniture","Plastic chairs | Plastic dining tables | Outdoor furniture and accessories | Plastic bookcases | Plastic stools","furniture","take","Salone Internazionale del Mobile","yes","https://www.slidedesign.it","no","consumer, sells online","Scopri il design Made in Italy di SLIDE: illuminazione e arredamento per esterni e interni dallo stile pop e iconico. Acquista ora","","role inbox","No visualiser yet and sells direct to shoppers, so this is the full pitch rather than an upgrade","NONE","","","MAKER","CATALOGUE","yes","B","1"
"Sofa Dome bvba","wr-inspired.com","Elena","Elena Soljanyk","Owner","elena@sofa-dome.be","REVIEW","1","1","https://be.linkedin.com/in/elena-soljanyk-89393970","brand","www.wr-inspired.com","contact@wr-inspired.com","sven@wr-inspired.com","+32 (14) 714845","BEL","Olen - Antwerp","Dorp 32","Salone del Mobile 2026","SMI","1","B09","","Bedrooms | Dining rooms, living rooms | Upholstered furniture | Furniture","Metal stools | Sofas and armchairs | Mirrors | Bedrooms | Metal sideboards | Living rooms | Metal chairs | Marble or stone furniture | Metal bookcases | Wardrobes | Dining rooms","furniture","take","Salone Internazionale del Mobile","yes","https://www.wr-inspired.com","no","consumer, sells online","","","role inbox","No visualiser yet and sells direct to shoppers, so this is the full pitch rather than an upgrade","NONE","","","","CATALOGUE","check","B","1"
"SOFTLINE a/s","softlinefurniture.com","Lalit Kumar","Lalit Kumar Softline","Owner","softline@softline.com.co","REVIEW","1","2","https://www.linkedin.com/in/lalit-kumar-softline-2a5b7822","yes","www.softlinefurniture.com","info@softline.dk","pgr@softline.dk","+45 (54) 160680","DNK","Maribo","Kidnakken 5","Salone del Mobile 2026","SMI","18","D24","","Children's furniture | Upholstered furniture","Leisure armchairs | Sofas and armchairs | Upholstered rocking-chairs | Other children's furniture | Sofa beds and armchair beds","furniture","take","Salone Internazionale del Mobile","yes","https://softlinefurniture.com/en/","yes","consumer, sells online","Danish design furniture by SOFTLINE brings together aesthetics and comfort in any setting, and can be customized to suit your interior project.","","role inbox","Already runs a visualiser and sells direct to shoppers, so the gap is what happens after the render. Sharpest segment","ADVANCED","pCon","widget on page: pCon","MAKER","CATALOGUE","yes","C","1"
"SOFTLINE a/s","softlinefurniture.com","Tuaib","Tuaib Alkaabi","Owner","at@softline.com","REVIEW","2","2","https://www.linkedin.com/in/tuaib-alkaabi-1989a637","yes","www.softlinefurniture.com","info@softline.dk","pgr@softline.dk","+45 (54) 160680","DNK","Maribo","Kidnakken 5","Salone del Mobile 2026","SMI","18","D24","","Children's furniture | Upholstered furniture","Leisure armchairs | Sofas and armchairs | Upholstered rocking-chairs | Other children's furniture | Sofa beds and armchair beds","furniture","take","Salone Internazionale del Mobile","yes","https://softlinefurniture.com/en/","yes","consumer, sells online","Danish design furniture by SOFTLINE brings together aesthetics and comfort in any setting, and can be customized to suit your interior project.","","role inbox","Already runs a visualiser and sells direct to shoppers, so the gap is what happens after the render. Sharpest segment","ADVANCED","pCon","widget on page: pCon","MAKER","CATALOGUE","yes","C","1"
"Steinberg GmbH","steinberg-armaturen.de","Lara","Lara Antoni","Social Media Marketing-Manager","lara.antoni@steinberg-armaturen.de","yes","1","2","https://www.linkedin.com/in/lara-antoni-16529329a","yes","www.steinberg-armaturen.de","info@steinberg-armaturen.de","janine.cleven@steinberg-armaturen.de","+49 (2054) 931540","DEU","Essen","Landsberger Straße 98b","Salone del Mobile 2026","ARB","6","B30","","Sanitary ware, tapware, radiators, coverings, wellness","Bathroom, laundry and/or kitchen tapware | Bath tubs and whirlpool tubs","furniture","take","International Bathroom Exhibition","yes","https://www.steinberg-armaturen.de","no","consumer, sells online","Hochwertige Armaturen für Badewanne, Dusche oder Waschbecken – direkt vom ﻿Hersteller. Bestes Design für Badezimmer und Küche. Jetzt entdecken!","","role inbox","No visualiser yet and sells direct to shoppers, so this is the full pitch rather than an upgrade","NONE","","","","CATALOGUE","yes","B","1"
"Steinberg GmbH","steinberg-armaturen.de","Wibke","Wibke Messer","Marketing Content Manager","wibke.messer@steinberg-armaturen.de","yes","2","2","https://www.linkedin.com/in/wibke-messer-754216269","yes","www.steinberg-armaturen.de","info@steinberg-armaturen.de","janine.cleven@steinberg-armaturen.de","+49 (2054) 931540","DEU","Essen","Landsberger Straße 98b","Salone del Mobile 2026","ARB","6","B30","","Sanitary ware, tapware, radiators, coverings, wellness","Bathroom, laundry and/or kitchen tapware | Bath tubs and whirlpool tubs","furniture","take","International Bathroom Exhibition","yes","https://www.steinberg-armaturen.de","no","consumer, sells online","Hochwertige Armaturen für Badewanne, Dusche oder Waschbecken – direkt vom ﻿Hersteller. Bestes Design für Badezimmer und Küche. Jetzt entdecken!","","role inbox","No visualiser yet and sells direct to shoppers, so this is the full pitch rather than an upgrade","NONE","","","","CATALOGUE","yes","B","1"
"Stern GmbH & Co. KG","stern-moebel.de","Christopher","","E-Commerce / Marketing Manager","c.fromkorth@stern-moebel.de","yes","1","1","https://www.linkedin.com/in/christopher-fromkorth","yes","www.stern-moebel.de","anfragen@stern-moebel.de","a.entenmann@stern-moebel.de","+49 (7144) 8377460","DEU","Affalterbach","Maybachstraße 13-17","Salone del Mobile 2026","SMI","1","B12","","Outdoor furniture","Outdoor furniture and accessories","furniture","take","Salone Internazionale del Mobile","yes","https://www.stern-moebel.de","no","consumer, sells online","Gartenmöbel aus Aluminium, Teak, Edelstahl und Keramik. Design und Qualität für Terrasse und Garten seit 1947.","","other","No visualiser yet and sells direct to shoppers, so this is the full pitch rather than an upgrade","NONE","","","","CATALOGUE","yes","B","1"
"Stile Libero srl","terzofoco.it","Elena","Elena Mangano","Founder and Director","elena@stilelibero-srl.it","REVIEW","1","1","","brand","www.terzofoco.it","info@terzofoco.it","marketing@terzofoco.it","+39 0759710567","ITA","Ponte San Giovanni","Via delle Comunicazioni 20","Salone del Mobile 2026","ARB","6","B34","","Sanitary ware, tapware, radiators, coverings, wellness","Sanitary ware","furniture","take","International Bathroom Exhibition","yes","https://www.terzofoco.it","no","consumer, sells online","Terzofoco è una ceramic boutique factory di lavabi di lusso per cucine e bagni. Con base a Deruta, Umbria conosciuta come la capitale della Majolica.","","role inbox","No visualiser yet and sells direct to shoppers, so this is the full pitch rather than an upgrade","NONE","","","","CATALOGUE","yes","B","1"
"Sylvanix Outdoor Products Inc.","sylvanix.com","Sean","Sean Wang","President","seanw@sylvanix.com","yes","1","1","https://www.linkedin.com/in/sean-wang-18a22a89","yes","www.sylvanix.com","marketing@sylvanix.com","jennyli@yardcom.net","+1 (206) 5014083","USA","Manalapan","195 US-9 Suite 205","Salone del Mobile 2026","SMI","18","F14 F18","","Dining rooms, living rooms | Outdoor furniture | Upholstered furniture | Furniture","Leisure armchairs | Sofas and armchairs | Metal and glass living room tables | CD-racks | Outdoor furniture and accessories | Metal chairs | Sofa beds and armchair beds","furniture","take","Salone Internazionale del Mobile","yes","https://www.sylvanix.com","no","consumer, sells online","Discover Sylvanix composite decking and cladding designed for durability, low maintenance, and modern outdoor living. Explore collections built to perform and last.","","role inbox","No visualiser yet and sells direct to shoppers, so this is the full pitch rather than an upgrade","NONE","","","","CATALOGUE","yes","B","1"
"Szél - Mob Furniture srl","szelmob.com","Gabor","Gabor Szel","CEO","szelgabor@szelmob.ro","yes","1","1","","yes","www.szelmob.ro","office@szelmob.ro","office@szelmob.ro","+40 (266) 243836","ROU","Cristuru Secuiesc","Str. Berde Mozes 61 jud. Harghita","Salone del Mobile 2026","SMI","3","C26 D33","","Bedrooms | Dining rooms, living rooms | Furniture","Wooden dining tables | TV tables | Bedrooms | Wooden sideboards | Wooden bookcases | Cocktail cabinets | Wardrobes | Dining rooms | Wooden chairs","furniture","take","Salone Internazionale del Mobile","yes","https://www.szelmob.com/","no","consumer, sells online","Magazin motorizat de PrestaShop","","role inbox","No visualiser yet and sells direct to shoppers, so this is the full pitch rather than an upgrade","NONE","","","","CATALOGUE","check","B","1"
"Tacchini Italia Forniture srl","tacchini.it","Giusi","Giusi Tacchini","CEO and Creative Director","giusi.tacchini@tacchini.it","yes","1","1","https://it.linkedin.com/in/giusi-tacchini-6328b648","yes","www.tacchini.it","info@tacchini.it","hello@tacchini.it","+39 0362504182","ITA","Baruccana di Seveso","Via Domodossola 19","Salone del Mobile 2026","SMI","24","C05","","Dining rooms, living rooms | Outdoor furniture | Furniture","Rush and rattan furniture | Metal stools | Mirrors | Outdoor furniture and accessories | Metal chairs | Hall furniture | Wooden stools | Marble living room tables | Wooden chairs","furniture","take","Salone Internazionale del Mobile","yes","https://www.tacchini.it/en","no","consumer, via dealers","Discover Tacchini’s timeless elegance: re-editions of design icons and pieces by contemporary designers crafted in Italy with refined care and craftsmanship.","","role inbox","No visualiser yet and markets to shoppers and routes them to dealers, so this is the full pitch rather than an upgrade","NONE","","","","BOTH","yes","B","1"
"Tecniche Nuove spa","tecnichenuove.com","Paola","","Responsabile Marketing editoriale","paola.cutillo@tecnichenuove.com","yes","1","1","https://www.linkedin.com/in/paola-cutillo-b8337ab0","yes","www.tecnichenuove.com","commerciale@tecnichenuove.com","daniela.toloi@tecnichenuove.com","+39 02390901","ITA","Milano","Via Eritrea 21","Salone del Mobile 2026","ARB","","ING. PADD 6/10 S37","","Trade newspapers, magazines and publications","Trade newspapers, magazines and publications","furniture","take","International Bathroom Exhibition","yes","https://www.tecnichenuove.com","no","consumer, sells online","Tecniche Nuove è leader nell'editoria specializzata. Naviga sul sito e acquista online libri, riviste, corsi ECM e di aggiornamento professionale.","","role inbox","No visualiser yet and sells direct to shoppers, so this is the full pitch rather than an upgrade","NONE","","","MAKER","CUSTOM","yes","B","1"
"TECTA GmbH & Co. KG.","tecta.de","Christian","Christian Drescher","CEO","drescher@tecta.de","yes","1","1","","yes","www.tecta.de","info@tecta.de","drescher@tecta.de","+49 (5273) 37890","DEU","Lauenförde","Sohnreystrasse 10","Salone del Mobile 2026","SMI","24","C30","","Dining rooms, living rooms | Outdoor furniture | Upholstered furniture | Furniture","Leisure armchairs | Metal stools | Wooden dining tables | Sofas and armchairs | Rush and rattan furniture | Wooden trolleys | Wooden bookcases | Metal chairs | Leather chairs | Wooden stools | Wooden chairs","furniture","take","Salone Internazionale del Mobile","yes","https://www.tecta.de","no","consumer, via dealers","Noch nie war Tradition so wertvoll wie heute. Das Unternehmen Tecta steht als Synonym für das Bauhaus – aber neu gedacht.","","role inbox","No visualiser yet and markets to shoppers and routes them to dealers, so this is the full pitch rather than an upgrade","BASIC","","Gestalter:Innen Serien Services Kontakt Händlersuche Presse Konfiguratoren 3D Daten Bildmaterial Medien Logos About Familienunternehmen Tecta Werkstätten Tecta Team Tecta Kragstuhlmuseum Sho","","","yes","B","1"
"Tisca Austria GmbH","tiscarugs.com","Ines Alexandra","Ines Alexandra Riener","Head of Marketing & Communications","i.riener@tisca.com","REVIEW","1","1","","yes","www.tiscarugs.com","beratung@tiscarugs.com","","+43 5550 23110","Austria","Thüringen","Werkstraße 5","Heimtextil 2027","HEIMTEXTIL","3","D40, D42","yes","Carpets & Rugs","5","rugs","take","Carpets & Rugs","yes","https://www.tiscarugs.com","no","consumer, sells online","Poesie für die Füße","","other","No visualiser yet and sells direct to shoppers, so this is the full pitch rather than an upgrade","NONE","","","","BOTH","yes","B","1"
"Tojo Möbel GmbH","tojo.de","Maik","Maik Seybold","Marketing","ms@tojo.de","yes","1","1","https://de.linkedin.com/in/maik-seybold","yes","www.tojo.de","info@tojo.de","ms@tojo.de","+49 (7181) 401400","DEU","Schorndorf","Lortzingstrasse 77","Salone del Mobile 2026","SMI","7","C28","","Bedrooms | Children's furniture | Dining rooms, living rooms | Upholstered furniture","Plastic chairs | Mattresses | Wooden beds | Other children's furniture | Wardrobes","furniture","take","Salone Internazionale del Mobile","yes","https://www.tojo.de","no","consumer, via dealers","Zeitlose Möbel, funktional und nachhaltig. Entdecke modulare Designmöbel für Wohnen, Arbeiten und kreative Räume.","","role inbox","No visualiser yet and markets to shoppers and routes them to dealers, so this is the full pitch rather than an upgrade","NONE","","","","","yes","B","1"
"Tubes Radiatori srl","tubesradiatori.com","Rossella","Rossella Fantinato","Marketing and Communications Manager","r.fantinato@tubesradiatori.com","yes","1","1","https://www.linkedin.com/in/rossella-fantinato-3a7305b","yes","www.tubesradiatori.com","tubes@tubesradiatori.com","rossella.fantinato@tubesradiatori.com","+39 04237161","ITA","Resana","Via Boscalto 32","Salone del Mobile 2026","ARB","10","C25 D18","","Sanitary ware, tapware, radiators, coverings, wellness | Bathroom furniture and accessories","Bathroom accessories | Radiators","furniture","take","International Bathroom Exhibition","yes","https://www.tubesradiatori.com/en/","no","consumer, sells online","Design moderno e all'avanguardia, produzione made in Italy: Scopri i radiatori, scaldasalviette e tutta la collezione di termoarredo Tubes.","","other","No visualiser yet and sells direct to shoppers, so this is the full pitch rather than an upgrade","NONE","","","RETAILER","CATALOGUE","yes","B","1"
"TUUCI","tuuci.com","Dougan","","FOUNDER / CEO / CHIEF PRODUCT ARCHITECT","dclarke@tuuci.com","yes","1","1","https://www.linkedin.com/in/dougan-clarke-9015776","yes","www.tuuci.com","info@tuuci.eu","jborremans@tuuci.eu","+31 (13) 5220471","NLD","Oisterwijk","De Nedervonder 17","Salone del Mobile 2026","SMI","24","C19","","Outdoor furniture","Outdoor umbrellas | Outdoor furniture and accessories","furniture","take","Salone Internazionale del Mobile","yes","https://www.tuuci.com","no","consumer, sells online","We create durable, elegant and functional shade products for a finer outdoor experience. Each Tuuci parasol is fully assembled to suit your needs.","","role inbox","No visualiser yet and sells direct to shoppers, so this is the full pitch rather than an upgrade","NONE","","","","CATALOGUE","yes","B","1"
"Unopiù spa","unopiu.com","Beniamino","Beniamino Garofalo","CEO","beniamino.garofalo@unopiu.it","yes","1","1","","yes","www.unopiu.com","marketing@unopiu.it","valentina.gargiulo@unopiu.it","+39 07617581","ITA","Milano","Via Pontaccio 9","Salone del Mobile 2026","SMI","24","D32","","Outdoor furniture","Rush and rattan furniture | Outdoor umbrellas | Outdoor furniture and accessories","furniture","take","Salone Internazionale del Mobile","yes","https://www.unopiu.com/it/","no","consumer, sells online","Arredo giardino Unopiù: arredamenti giardino di design, arredi per esterni in teak e ferro. Arredamento da giardino per vivere l’outdoor con stile.","","role inbox","No visualiser yet and sells direct to shoppers, so this is the full pitch rather than an upgrade","NONE","","","RETAILER","CATALOGUE","yes","B","1"
"Very Simple Things srl","verysimplekitchen.com","Riccardo","Riccardo Randi","Founder","riccardo@verysimplekitchen.com","yes","1","1","https://www.linkedin.com/in/riccardorandi","yes","www.verysimplekitchen.com","hello@verysimplekitchen.com","barbara@verysimplekitchen.com","+39 0516592548","ITA","San Lazzaro di Savena","Via dell'Industria 9","Salone del Mobile 2026","EUC","4","D26","","Kitchens","Metal kitchens","furniture","take","EuroCucina","yes","https://www.verysimplekitchen.com","no","consumer, sells online","At Very Simple: Kitchen we produce functional, colorful and stainless steel kitchens. Discover our modular kitchen design solutions for your home.","","role inbox","No visualiser yet and sells direct to shoppers, so this is the full pitch rather than an upgrade","BASIC","","Very Simple: Kitchen Skip to Content About Configurator Shop Stories Colors and Materials Professionals Contact 0 0 Follow us EN IT Sign in GET IN TOUCH 0 0 About Configurator Shop Stories C","","CATALOGUE","yes","B","1"
"Vetsak GmbH","vetsak.com","Samrin","Samrin Tumas","CRM & Digital Marketing Manager","samrin@vetsak.com","yes","1","2","https://www.linkedin.com/in/samrinhuseynli","yes","www.vetsak.com","service@vetsak.com","matteo@vetsak.com","+49 (211) 54265810","DEU","Düsseldorf","Fürstenwall 63","Salone del Mobile 2026","SMI","1","A20","","Outdoor furniture | Upholstered furniture","Sofas and armchairs | Outdoor furniture and accessories","furniture","take","Salone Internazionale del Mobile","yes","https://vetsak.com/","no","consumer, sells online","Discover real comfort at vetsak®. Make yourself comfortable with our innovative products & sustainable materials. Made in Europe. With Love.","","other","No visualiser yet and sells direct to shoppers, so this is the full pitch rather than an upgrade","BASIC","","& Bean Bags | The comfort you need Continue No thanks Shop Configurator Magazine You have one new update 0 Support Shop by category Find a store Free Fabric Samples Shop the Look Shop Config","","CATALOGUE","yes","B","1"
"Vetsak GmbH","vetsak.com","Neil","Neil Spamer","Head of Marketing","neil@vetsak.com","yes","2","2","https://www.linkedin.com/in/neil-spamer","yes","www.vetsak.com","service@vetsak.com","matteo@vetsak.com","+49 (211) 54265810","DEU","Düsseldorf","Fürstenwall 63","Salone del Mobile 2026","SMI","1","A20","","Outdoor furniture | Upholstered furniture","Sofas and armchairs | Outdoor furniture and accessories","furniture","take","Salone Internazionale del Mobile","yes","https://vetsak.com/","no","consumer, sells online","Discover real comfort at vetsak®. Make yourself comfortable with our innovative products & sustainable materials. Made in Europe. With Love.","","other","No visualiser yet and sells direct to shoppers, so this is the full pitch rather than an upgrade","BASIC","","& Bean Bags | The comfort you need Continue No thanks Shop Configurator Magazine You have one new update 0 Support Shop by category Find a store Free Fabric Samples Shop the Look Shop Config","","CATALOGUE","yes","B","1"
"Vicario Armando & C. srl","vicarioarmando.com","Rossana","Rossana Vicario","Chief Commercial Officer","r.vicario@vicarioarmando.com","yes","1","1","https://it.linkedin.com/in/rossana-vicario","yes","www.vicarioarmando.com","info@vicarioarmando.com","b.bertoncelli@vicarioarmando.com","+39 0322917445","ITA","Gozzano","Via de Gasperi 49","Salone del Mobile 2026","ARB","10","C03","","Sanitary ware, tapware, radiators, coverings, wellness","Bathroom, laundry and/or kitchen tapware","furniture","take","International Bathroom Exhibition","yes","https://www.vicarioarmando.com","no","consumer, sells online","Rubinetti, miscelatori e accessori per bagno, cucina e outdoor. Rubinetteria made in Italy di alta qualità.","","role inbox","No visualiser yet and sells direct to shoppers, so this is the full pitch rather than an upgrade","NONE","","","","CATALOGUE","yes","B","1"
"Vilax Produktion AB","vilax.se","Björn","Björn Persson","CEO","bjorn@vilax.se","yes","1","1","https://se.linkedin.com/in/bj%C3%B6rn-persson-9b516678","yes","www.vilax.se","info@vilax.se","bjorn@vilax.se","+46 (46) 234568","SWE","Staffanstorp","Tirupsvägen 9","Salone del Mobile 2026","SMI","14","E38","","Bedrooms | Children's furniture | Upholstered furniture | Furniture","Sofas and armchairs | Bedrooms | Leather furniture | Children's bedrooms | Upholstered beds | Mattresses | Wooden beds | Sofa beds and armchair beds","furniture","take","Salone Internazionale del Mobile","yes","https://vilax.se/","no","consumer, sells online","En ovanligt komfortabel familjehistoria i fyra generationer","","role inbox","No visualiser yet and sells direct to shoppers, so this is the full pitch rather than an upgrade","NONE","","","","","yes","B","1"
"Vismara Design srl","vismara.it","Giada","Giada Vismara","Director Marketing","giada@vismara.it","yes","1","2","https://www.linkedin.com/in/giada-vismara","yes","www.vismara.it","info@vismara.it","giada@vismara.it","+39 0362503726","ITA","Seveso","Via Carducci 3","Salone del Mobile 2026","SMI","13","C06","","Dining rooms, living rooms | Outdoor furniture | Upholstered furniture | Furniture","Leisure armchairs | Metal stools | Sofas and armchairs | Outdoor furniture and accessories | Home cinema / Home-theatre seating | Metal chairs | Wooden living room tables | Cocktail cabinets","furniture","take","Salone Internazionale del Mobile","yes","https://www.vismara.it","no","consumer, sells online","Vismara è un’azienda specializzata nella produzione di mobili di lusso, rigorosamente Made in Italy: poltrone per sale cinema, tavoli da biliardo, porta tv...","","role inbox","No visualiser yet and sells direct to shoppers, so this is the full pitch rather than an upgrade","NONE","","","","BOTH","yes","B","1"
"Vismara Design srl","vismara.it","Pino","Pino Vismara","Owner and Principal","vismara@vismara.it","yes","2","2","https://www.linkedin.com/in/pino-vismara-39771423","yes","www.vismara.it","info@vismara.it","giada@vismara.it","+39 0362503726","ITA","Seveso","Via Carducci 3","Salone del Mobile 2026","SMI","13","C06","","Dining rooms, living rooms | Outdoor furniture | Upholstered furniture | Furniture","Leisure armchairs | Metal stools | Sofas and armchairs | Outdoor furniture and accessories | Home cinema / Home-theatre seating | Metal chairs | Wooden living room tables | Cocktail cabinets","furniture","take","Salone Internazionale del Mobile","yes","https://www.vismara.it","no","consumer, sells online","Vismara è un’azienda specializzata nella produzione di mobili di lusso, rigorosamente Made in Italy: poltrone per sale cinema, tavoli da biliardo, porta tv...","","role inbox","No visualiser yet and sells direct to shoppers, so this is the full pitch rather than an upgrade","NONE","","","","BOTH","yes","B","1"
"Vondom slu","vondom.com","Vondom","Vondom Los Angeles","Owner","vondom@vondom.com","yes","1","1","https://www.linkedin.com/in/vondom-los-angeles-7a499516b","yes","www.vondom.com","info@vondom.com","marketing@vondom.com","+34 (96) 2398486","ESP","Beneixida (Valencia)","Poligono 6, 16","Salone del Mobile 2026","SMI","24","D20","","Outdoor furniture","Outdoor furniture and accessories","furniture","take","Salone Internazionale del Mobile","yes","https://www.vondom.com","no","consumer, via dealers","Vondom designs and manufactures outdoor furniture, planters, table and outdoor lamps and various decorative accessories.","","role inbox","No visualiser yet and markets to shoppers and routes them to dealers, so this is the full pitch rather than an upgrade","NONE","","","","CATALOGUE","yes","B","1"
"W. Schillig Polstermöbelwerke GmbH & Co. KG","schillig.de","Dagmar","Dagmar Treuner","Leitung Marketing / PR","dtreuner@schillig.de","yes","1","1","https://de.linkedin.com/in/dagmar-treuner-57103b177","yes","www.schillig.com","info@schillig.de","dtreuner@schillig.de","+49 (9562) 370","DEU","Ebersdorf","Am Weinberg 20-22","Salone del Mobile 2026","SMI","5","A27","","Upholstered furniture","Sofas and armchairs","furniture","take","Salone Internazionale del Mobile","yes","https://www.schillig.de/","yes","consumer, via dealers","Polstermöbel von W.SCHILLIG, ob in Leder oder Stoff, erfüllen höchste Ansprüche an Qualität, Sitzkomfort und Design.","","role inbox","Already runs a visualiser and markets to shoppers and routes them to dealers, so the gap is what happens after the render. Sharpest segment","ADVANCED","","autnah und fotorealistisch! Mit unserem 3D-Konfigurator mit Augmented Reality (AR)-Funktion haben Sie die Möglichkeit, Ihr individuelles Sofa selbst zu gestalten – und das ganz bequem von Zu","MAKER","CATALOGUE","yes","C","1"
"X8 Soluções lda","x8chairs.com","Victor","Victor Silveira","CEO","victor@x8chairs.com","yes","1","1","","brand","www.x8chairs.com","info@x8chairs.com","commercial@x8chairs.com","+351 (22) 4441862","PRT","Lordelo","Rua Zona Industrial de Lordelo 1220","Salone del Mobile 2026","SMI","5","B25","","Dining rooms, living rooms | Upholstered furniture","Leisure armchairs | Sofas and armchairs | Leather chairs","furniture","take","Salone Internazionale del Mobile","yes","https://www.x8chairs.com","no","consumer, sells online","Our new space is in progress","","role inbox","No visualiser yet and sells direct to shoppers, so this is the full pitch rather than an upgrade","NONE","","","","CATALOGUE","yes","B","1"
"York WallCoverings, Inc.","yorkwallcoverings.com","Carol","","Marketing Manager","cmiller@yorkdesigngroup.com","REVIEW","1","1","https://www.linkedin.com/in/carol-miller-b1427a26","yes","www.yorkwallcoverings.com","efallon@yorkdesigngroup.com","","+1 717-880-6161","United States","York","750 Linden Ave","Heimtextil 2027","HEIMTEXTIL","3","A69","yes","","0","wallpaper","take","hall 3.0 and a wallpaper or floor signal in the name","yes","https://yorkwallcoverings.com/","no","consumer, sells online","Heritage Design, Redefined","","other","No visualiser yet and sells direct to shoppers, so this is the full pitch rather than an upgrade","NONE","","","","CATALOGUE","yes","B","1"
"Zanat","zanat.org","Orhan","Orhan Niksic","Chief Executive Officer","orhan@zanat.org","yes","1","1","https://ba.linkedin.com/in/orhan-niksic-b52637291","yes","www.zanat.org","info@zanat.org","bojana@zanat.org","+387 (36) 727299","BIH","Konjic","Varda 6","Salone del Mobile 2026","SMI","22","A11","","Bedrooms | Dining rooms, living rooms | Upholstered furniture | Furniture","Leisure armchairs | Wooden dining tables | Bedrooms | Living rooms | Wooden sideboards | Wooden bookcases | Extension dining tables | Wooden living room tables | Dining rooms | Sofas and armchairs | Mirrors | Wooden beds | Hall furniture | Wooden stools | Wooden chairs","furniture","take","Salone Internazionale del Mobile","yes","https://zanat.org/","no","consumer, sells online","","","role inbox","No visualiser yet and sells direct to shoppers, so this is the full pitch rather than an upgrade","NONE","","","","BOTH","yes","B","1"
"Zieta Prozessdesign Sp. z o.o.","zieta.pl","Oskar","Oskar Zięta","Founder and CEO","oskar@zieta.pl","yes","1","1","https://pl.linkedin.com/in/oskar-zieta-46648951","yes","www.zieta.pl","info@zieta.pl","k.lis@zieta.pl","+48 (785) 911861","POL","Wroclaw","ul. Stanislawa Moniuszki 29/2","Salone del Mobile 2026","SMI","14","E39","","Dining rooms, living rooms | Outdoor furniture | Furniture","Metal stools | Wooden dining tables | Mirrors | Metal and glass dining tables | Marble dining tables | Metal and glass living room tables | Outdoor furniture and accessories | Metal chairs | Leather chairs | Wooden living room tables | Marble living room tables","furniture","take","Salone Internazionale del Mobile","yes","https://www.zieta.pl/en","no","consumer, sells online","Zieta Studio's homepage, a brand of unique objects with a story behind it.","","role inbox","No visualiser yet and sells direct to shoppers, so this is the full pitch rather than an upgrade","NONE","","","MAKER","CATALOGUE","check","B","1"
"Akante","akante.com","Christophe","Christophe Ricci","Directeur Communication et Marketing","c.ricci@akante.com","yes","1","1","","yes","www.akante.com","communication@akante.com","communication@akante.com","+33 (3) 20903418","FRA","Wasquehal","45/1 Avenue de Flandre","Salone del Mobile 2026","SMI","7","C23","","Dining rooms, living rooms | Furniture","Metal and glass dining tables | Metal and glass living room tables | Metal chairs | Glass furniture | Extension dining tables | Leather chairs | Dining rooms","furniture","take","Salone Internazionale del Mobile","yes","https://www.akante.com/page/home/eneu","no","catalogue only","","","other","Publishes collections with a contact form as the only way in, which is the exact problem the email opens on. Audience unconfirmed","NONE","","","","CATALOGUE","yes","B","2"
"Armando Rho srl","rhoarmando.com","Ivano","Ivano Rho","Managing Director","ivano@rhoarmando.com","yes","1","1","","yes","www.rhoarmando.com","info@rhoarmando.com","valeria@rhoarmando.com","+39 031747463","ITA","Mariano Comense","Via per Cabiate 111","Salone del Mobile 2026","SMI","15","B31","","Bedrooms | Dining rooms, living rooms | Upholstered furniture | Furniture","Wooden dining tables | Wooden trolleys | Bedrooms | Living rooms | Wooden sideboards | Wooden bookcases | Walk-in robes | Wooden living room tables | Dining rooms | Partition wardrobes | Sofas and armchairs | Wooden beds | Wardrobes | Wooden chairs","furniture","take","Salone Internazionale del Mobile","yes","https://rhoarmando.com/","no","catalogue only","Armando Rho is one of the leading and most significant italiancompanies manufacturing high-end classic furniture.","","role inbox","Publishes collections with a contact form as the only way in, which is the exact problem the email opens on. Audience unconfirmed","NONE","","","","BOTH","yes","B","2"
"B.Home Interiors srl","giobagnara.com","Giorgio","Giorgio B.","Company Owner","gb@giobagnara.com","yes","1","1","https://www.linkedin.com/in/giorgio-bagnara","brand","www.giobagnara.com","info@giobagnara.com","design@giobagnara.com","+39 0102518989","ITA","Genova","Via Manara 2","Salone del Mobile 2026","SMI","13","D42","","Dining rooms, living rooms | Upholstered furniture | Furniture","Sofas and armchairs | Metal and glass living room tables | Leather stools | Metal or glass trolleys | Leather chairs | Hall furniture","furniture","take","Salone Internazionale del Mobile","yes","https://www.giobagnara.com","no","catalogue only","B•Home Interiors presents GioBagnara handmade in Italy","","role inbox","Publishes collections with a contact form as the only way in, which is the exact problem the email opens on. Audience unconfirmed","NONE","","","","BOTH","check","B","2"
"Bensen srl","bensen.com","Niels","Niels Bendtsen","Founder","niels@bensen.com","yes","1","1","","yes","www.bensen.it","bensen@bensen.it","paolo@bensen.it","+39 0434632688","ITA","Prata di Pordenone","Via E. Mattei 32","Salone del Mobile 2026","SMI","14","D32","","Bedrooms | Dining rooms, living rooms | Outdoor furniture | Upholstered furniture | Furniture","TV tables | Mirrors | Sofas and armchairs | Outdoor furniture and accessories | Plastic bookcases | Upholstered beds | Modular living rooms | Stacking or folding chairs | Leather stools | Extension dining tables | Leather chairs | Rocking-chairs | Dining rooms","furniture","take","Salone Internazionale del Mobile","yes","https://bensen.com/","no","catalogue only","Founded in 1981 by Niels Bendtsen, Bensen combines Italian craftsmanship with contemporary design to create elegant and versatile furnishings.","","other","Publishes collections with a contact form as the only way in, which is the exact problem the email opens on. Audience unconfirmed","NONE","","","","CATALOGUE","yes","B","2"
"Betaco - Belgian Talents Company","betaco.be","Michel","","Co-Founder","michel@meubili.be","REVIEW","1","1","https://www.linkedin.com/in/michel-van-weehaeghe-6a726041","yes","www.betaco.be","info@betaco.be","baptist@betaco.be","+32 (472) 481073","BEL","Knokke Heist","Natiënlaan 291","Salone del Mobile 2026","SMI","18","A01 B02","","Outdoor furniture","Outdoor furniture and accessories","furniture","take","Salone Internazionale del Mobile","yes","https://www.betaco.be","no","catalogue only","","","role inbox","Publishes collections with a contact form as the only way in, which is the exact problem the email opens on. Audience unconfirmed","NONE","","","","CATALOGUE","yes","B","2"
"Bizzotto","corporate.bizzotto.com","Agostino","Agostino Bizzotto","CEO","agostino_bizzotto@bizzotto.com","yes","1","1","","brand","www.corporate.bizzotto.com","info@bizzotto.com","tania_grigolo@bizzotto.com","+39 0424832311","ITA","Bassano del Grappa","Via Motton 9","Salone del Mobile 2026","SMI","5","A09","","Dining rooms, living rooms | Outdoor furniture | Upholstered furniture | Furniture","Leisure armchairs | Plastic chairs | Wooden dining tables | Metal and glass dining tables | Marble dining tables | Metal and glass living room tables | Wooden sideboards | Wooden bookcases | Extension dining tables | Leather chairs | Wooden living room tables | Marble living room tables | Rush and rattan furniture | Metal stools | TV tables | Mirrors | Sofas and armchairs | Outdoor umbrellas | Outdoor furniture and accessories | Metal chairs | Leather stools | Hall furniture | Wooden stools | Plastic stools | Wooden chairs","furniture","take","Salone Internazionale del Mobile","yes","https://corporate.bizzotto.com/it","no","catalogue only","Da oltre 75 anni siamo specialisti in arredo outdoor e indoor, e creiamo atmosfere per rendere speciale ogni casa e unico ogni giardino.","","role inbox","Publishes collections with a contact form as the only way in, which is the exact problem the email opens on. Audience unconfirmed","NONE","","","","BOTH","yes","B","2"
"Bla Station AB","blastation.com","Sebastian","Sebastian Bencsik","Markting & PR Manager","sebastian@blastation.se","yes","1","1","https://www.linkedin.com/in/sebastianbencsik","yes","www.blastation.se","info@blastation.se","sebastian@blastation.se","+46 (44) 249070","SWE","Åhus","Box 100","Salone del Mobile 2026","SMI","24","D27 D29","","Dining rooms, living rooms | Upholstered furniture","Leisure armchairs | Sofas and armchairs | Metal sideboards | Metal chairs | Stacking or folding chairs | Leather chairs | Wooden chairs","furniture","take","Salone Internazionale del Mobile","yes","https://blastation.com/","no","catalogue only","","","role inbox","Publishes collections with a contact form as the only way in, which is the exact problem the email opens on. Audience unconfirmed","NONE","","","MAKER","","yes","B","2"
"BW Bielefelder Werkstätten KG","bielefelder-werkstaetten.jab.de","Sven Oliver","Sven Oliver Willer","Marketing Manager","sven.willer@jab.de","yes","1","2","https://www.linkedin.com/in/sven-oliver-willer-bielefeld","yes","www.bielefelder-werkstaetten.de","bw-kontakt@jab.de","enza.beckmann@jab.de","+49 (521) 924270","DEU","Bielefeld","Potsdamer Strasse 180","Salone del Mobile 2026","SMI","11","L12 L18","","Bedrooms | Dining rooms, living rooms | Upholstered furniture","Leisure armchairs | Wooden dining tables | Sofas and armchairs | Metal and glass living room tables | Wooden sideboards | Upholstered beds | Leather chairs | Wooden living room tables | Marble living room tables","furniture","take","Salone Internazionale del Mobile","yes","https://bielefelder-werkstaetten.jab.de/us/en/brand/bw-group","no","catalogue only","FIND YOUR INSPIRATION","","other","Publishes collections with a contact form as the only way in, which is the exact problem the email opens on. Audience unconfirmed","BASIC","","ielefelder Werkstätten English United States Close Products Configurator Stockists About us Designer Contract Sofas Armchairs Beds Dining Living Accessoires Coffee & Side tables Lamps Carpet","","BOTH","yes","B","2"
"BW Bielefelder Werkstätten KG","bielefelder-werkstaetten.jab.de","Garance","Garance Deffaix","Responsable marketing","garance.deffaix@jab.de","yes","2","2","https://www.linkedin.com/in/garance-deffaix-5b2798255","yes","www.bielefelder-werkstaetten.de","bw-kontakt@jab.de","enza.beckmann@jab.de","+49 (521) 924270","DEU","Bielefeld","Potsdamer Strasse 180","Salone del Mobile 2026","SMI","11","L12 L18","","Bedrooms | Dining rooms, living rooms | Upholstered furniture","Leisure armchairs | Wooden dining tables | Sofas and armchairs | Metal and glass living room tables | Wooden sideboards | Upholstered beds | Leather chairs | Wooden living room tables | Marble living room tables","furniture","take","Salone Internazionale del Mobile","yes","https://bielefelder-werkstaetten.jab.de/us/en/brand/bw-group","no","catalogue only","FIND YOUR INSPIRATION","","other","Publishes collections with a contact form as the only way in, which is the exact problem the email opens on. Audience unconfirmed","BASIC","","ielefelder Werkstätten English United States Close Products Configurator Stockists About us Designer Contract Sofas Armchairs Beds Dining Living Accessoires Coffee & Side tables Lamps Carpet","","BOTH","yes","B","2"
"Caccaro srl","caccaro.com","Enrico","Enrico Pinton","Marketing Manager","p.enrico@caccaro.com","yes","1","1","https://www.linkedin.com/in/enricopinton829","yes","www.caccaro.com","info@caccaro.com","p.enrico@caccaro.com","+39 0499318911","ITA","Villa del Conte","Via Corse 13","Salone del Mobile 2026","SMI","22","A21","","Bedrooms | Dining rooms, living rooms | Furniture","Bedrooms | Living rooms | Wooden bookcases | Modular living rooms | Walk-in robes | Sliding or fixed partitions for walk-in robes | Partition wardrobes | Mirrors | Sliding or fixed partitions for wardrobe walls | Upholstered beds | Wooden beds | Glass furniture | Metal beds | Hall furniture | Shoe cupboards | Wardrobes","furniture","take","Salone Internazionale del Mobile","yes","https://www.caccaro.com","no","catalogue only","Scopri le nostre Soluzioni di Design per dare stile agli spazi interni della tua casa. Armadi, Letti e Complementi di arredo per la zona giorno e notte.","","role inbox","Publishes collections with a contact form as the only way in, which is the exact problem the email opens on. Audience unconfirmed","NONE","","","","BOTH","yes","B","2"
"Campos Móvel sa","cadeiras.net","Adriano","Adriano Campos","Director","adriano@cadeiras.net","yes","1","1","https://pt.linkedin.com/in/adriano-campos-801b7526","brand","www.cadeiras.net","info@cadeiras.net","joana@cadeiras.net","+351 (224) 156509","PRT","Rebordosa","Rua Zona Industrial 348","Salone del Mobile 2026","SMI","7","C12","","Dining rooms, living rooms | Upholstered furniture","Plastic chairs | Sofas and armchairs | Upholstered rocking-chairs | Stacking or folding chairs | Leather stools | Leather chairs | Rocking-chairs | Wooden stools | Wooden chairs","furniture","take","Salone Internazionale del Mobile","yes","https://www.cadeiras.net","no","catalogue only","Wooden chair factory. We produce chairs, armchairs, sofas and tables for hospitality and healthcare centers. We","","role inbox","Publishes collections with a contact form as the only way in, which is the exact problem the email opens on. Audience unconfirmed","NONE","","","MAKER","BOTH","check","B","2"
"Chene De L'est Sasu","chenedelest-parquets.com","Elisabeth","Elisabeth Bach","Marketing","elisabeth.bach@chenedelest.com","REVIEW","1","1","","yes","www.chenedelest.eu","","","","France","Hambach","24 Rue De La Fontaine","Heimtextil 2027","HEIMTEXTIL","3","D59","yes","Flooring & Equipment","5","rugs","take","Flooring & Equipment","yes","https://www.chenedelest-parquets.com/vente-parquet/","no","catalogue only","Destockage de parquets massifs et contrecollés. Lots de parquet massifs et contrecollés à prix réduits","","","Publishes collections with a contact form as the only way in, which is the exact problem the email opens on. Audience unconfirmed","NONE","","","","CATALOGUE","check","B","2"
"Contract Network srl","archinetwork.it","Antonia","Antonia Zanardini","CEO e Direttore editoriale","zanardini@contractnetwork.it","REVIEW","1","1","https://it.linkedin.com/in/antonia-zanardini-a1860a148","yes","www.contractnetwork.it","direzione@contractnetwork.it","taliercio@contractnetwork.it","+39 3463641676","ITA","Milano","Via Giovanni Boccaccio, 4","Salone del Mobile 2026","SMI","","FRONTE PADD 6/10 S25","","Trade newspapers, magazines and publications","Trade newspapers, magazines and publications","furniture","take","Salone Internazionale del Mobile","yes","https://archinetwork.it/","no","catalogue only","","","other","Publishes collections with a contact form as the only way in, which is the exact problem the email opens on. Audience unconfirmed","NONE","","","","BOTH","yes","B","2"
"DBInformation spa","ilbagnonews.it","Gianni","Gianni Vallardi","Amministratore Delegato","gianni.vallardi@dbinformation.it","REVIEW","1","1","","brand","www.ilbagnonews.it","info@dbinformation.it","arianna.bertola@dbinformation.it","+39 02818301","ITA","Assago","Centro Direzionale MilanofioriStrada 4 palazzo A - scala B","Salone del Mobile 2026","ARB","","ING. PADD 6/10 S39","","Trade newspapers, magazines and publications","Trade newspapers, magazines and publications","furniture","take","International Bathroom Exhibition","yes","https://www.ilbagnonews.it","yes","catalogue only","Il sito web della rivista Il Bagno Oggi e Domani, tutte le news su arredobagno, design e progettazione di ambienti del bagno. Novità di prodotto, protagonisti, aziende","","role inbox","Already runs a visualiser but publishes collections and a catalogue with a contact form as the only way in, so confirm there is a shopper to capture","ADVANCED","DomuS3D","widget on page: DomuS3D","","CATALOGUE","yes","C","2"
"Domiziani Design","domiziani.com","Sofia","Sofia Domiziani","Company Leader","domiziani@domiziani.com","yes","1","1","","yes","www.domiziani.com","sofia@domizianidesign.com","sofia@domizianidesign.com","","ITA","Fraz. Ponterosciano Torgiano","Via Roma 28/E","Salone del Mobile 2026","SMI","5","B19","","Dining rooms, living rooms | Outdoor furniture | Kitchen furniture | Furniture","Metal stools | Mirrors | Outdoor furniture and accessories | Metal chairs | Marble or stone furniture | Kitchen furniture | Extension dining tables","furniture","take","Salone Internazionale del Mobile","yes","https://www.domiziani.com/it","no","catalogue only","Domiziani, crea ceramiche, maioliche arredi di design per interni ed esterni in ceramica, pietra vulcanica e lavica. Made in Italy - Torgiano (PG)","","other","Publishes collections with a contact form as the only way in, which is the exact problem the email opens on. Audience unconfirmed","NONE","","","MAKER","","yes","B","2"
"Editoriale Domus spa","domusweb.it","Valerio","Valerio Porcelli","Digital Marketing Director","porcelli@edidomus.it","REVIEW","1","1","https://it.linkedin.com/in/valerioporcelli","yes","www.domusweb.it","redazione@domusweb.it","francesca.digiuda@edidomus.it","+39 02824721","ITA","Rozzano","Via G. Mazzocchi 1/3","Salone del Mobile 2026","SMI","","FRONTE PADD 5/7 S16","","Trade newspapers, magazines and publications","Trade newspapers, magazines and publications","furniture","take","Salone Internazionale del Mobile","yes","https://www.domusweb.it/it.html","no","catalogue only","La rivista Domus dedicata ai mondi dell'Architettura, del Design e dell'Arte con articoli, approfondimenti, interviste e opinioni dai professionisti del settore. Tutto anche online su Domusweb!","","other","Publishes collections with a contact form as the only way in, which is the exact problem the email opens on. Audience unconfirmed","NONE","","","","BOTH","yes","B","2"
"EOS Saunatechnik GmbH","eos-sauna.com","Florian","Florian Seemüller","Head of Product Design & Marketing","fs@eos-sauna.com","yes","1","2","https://www.linkedin.com/in/florianseemueller","yes","www.eos-sauna.com","info@eos-sauna.com","Florian.Seemueller@eos-sauna.de","+49 277582122","DEU","Driedorf","Schneiderstriesch 1","Salone del Mobile 2026","ARB","6","A32","","Sanitary ware, tapware, radiators, coverings, wellness","Saunas, turkish bath and spa","furniture","take","International Bathroom Exhibition","yes","https://www.eos-sauna.com","no","catalogue only","Ihr Experte für Premium-Saunaöfen, Dampf- & Infrarottechnik sowie Steuerungen. 100 % made in Germany für private & gewerbliche Saunaanlagen.","","role inbox","Publishes collections with a contact form as the only way in, which is the exact problem the email opens on. Audience unconfirmed","BASIC","","ie schnell auf Ihre Ansprüche passende Öfen mit unserem Ofenkonfigurator. Ganz einfach die Maße Ihrer Sauna und Konstruktionsdetails wie Glasflächen eingeben. Zum Ofen-Finder Mit der Eingabe","","CATALOGUE","yes","B","2"
"EOS Saunatechnik GmbH","eos-sauna.com","Niklas","Niklas Beul","Deputy Head of Marketing","niklas.beul@eos-sauna.com","yes","2","2","https://www.linkedin.com/in/niklas-beul-77729319b","yes","www.eos-sauna.com","info@eos-sauna.com","Florian.Seemueller@eos-sauna.de","+49 277582122","DEU","Driedorf","Schneiderstriesch 1","Salone del Mobile 2026","ARB","6","A32","","Sanitary ware, tapware, radiators, coverings, wellness","Saunas, turkish bath and spa","furniture","take","International Bathroom Exhibition","yes","https://www.eos-sauna.com","no","catalogue only","Ihr Experte für Premium-Saunaöfen, Dampf- & Infrarottechnik sowie Steuerungen. 100 % made in Germany für private & gewerbliche Saunaanlagen.","","role inbox","Publishes collections with a contact form as the only way in, which is the exact problem the email opens on. Audience unconfirmed","BASIC","","ie schnell auf Ihre Ansprüche passende Öfen mit unserem Ofenkonfigurator. Ganz einfach die Maße Ihrer Sauna und Konstruktionsdetails wie Glasflächen eingeben. Zum Ofen-Finder Mit der Eingabe","","CATALOGUE","yes","B","2"
"Established & Sons","establishedandsons.com","Casper","","CEO","caspervissers@revised.com","REVIEW","1","1","https://www.linkedin.com/in/casper-vissers-b8075a140","yes","www.establishedandsons.com","info@establishedandsons.com","kanchee@establishedandsons.com","+31 (26) 2340024","GBR","London","128 City Road","Salone del Mobile 2026","SMI","24","D03 D05","","Light fixtures","Light fixtures","furniture","take","Salone Internazionale del Mobile","yes","https://establishedandsons.com/","no","catalogue only","Established & Sons is a British brand representing all that is innovative in contemporary design.","","role inbox","Publishes collections with a contact form as the only way in, which is the exact problem the email opens on. Audience unconfirmed","NONE","","","","CATALOGUE","yes","B","2"
"Favero Health Projects spa","favero.it","Giordano","Giordano Favero","Proprietario di azienda","giordano.favero@favero.it","yes","1","1","https://www.linkedin.com/in/giordano-favero-0b9b11265","yes","www.favero.it","info@favero.it","federica.davanzo@favero.it","+39 04236125","ITA","Montebelluna","Via Schiavonesca Priula, 20","Salone del Mobile 2026","SMI","5","B05","","Bedrooms","Metal beds | Wardrobes | Partition wardrobes","furniture","take","Salone Internazionale del Mobile","yes","https://www.favero.it","no","catalogue only","Healing Habitat","","role inbox","Publishes collections with a contact form as the only way in, which is the exact problem the email opens on. Audience unconfirmed","NONE","","","","BOTH","yes","B","2"
"Frigerio Poltrone e Divani srl","frigerio.com","Gilberto","Gilberto Frigerio","Marketing and Commercial Manager","gilberto.frigerio@frigerio.com","yes","1","1","https://it.linkedin.com/in/gilbertofrigerio","yes","www.frigerio.com","frigeriosalotti@frigeriosalotti.it","florinda.ceppi@frigerio.com","+39 0315481225","ITA","Mariano Comense","Via Sant'Agata 63","Salone del Mobile 2026","SMI","11","C25 D18","","Bedrooms | Dining rooms, living rooms | Upholstered furniture","Sofas and armchairs | Metal and glass dining tables | Marble dining tables | Bedrooms | Metal and glass living room tables | Walk-in robes | Sofa beds and armchair beds | Dining rooms","furniture","take","Salone Internazionale del Mobile","yes","https://www.frigerio.com/it","no","catalogue only","","","other","Publishes collections with a contact form as the only way in, which is the exact problem the email opens on. Audience unconfirmed","NONE","","","","CATALOGUE","yes","B","2"
"Gaber srl","gaber.it","Stefania","Stefania Gallina","Marketing","stefania@gaber.it","yes","1","1","https://it.linkedin.com/in/stefania-gallina-4299b71a4","yes","www.gaber.it","info@gaber.it","stefania@gaber.it","+39 0423915521","ITA","Caerano di San Marco","Via Altivole 3","Salone del Mobile 2026","SMI","18","E14","","Dining rooms, living rooms | Outdoor furniture | Upholstered furniture","Leisure armchairs | Plastic chairs | Metal and glass dining tables | Living rooms | Cardboard bookcases | Modular living rooms | Extension dining tables | Leather chairs | Plastic living room tables | Marble living room tables | Stacking and nesting living room tables | Metal stools | Sofas and armchairs | Outdoor furniture and accessories | Metal chairs | Stacking or folding chairs | Leather stools | Rocking-chairs | Wooden stools | Plastic stools | Wooden chairs","furniture","take","Salone Internazionale del Mobile","yes","https://www.gaber.it","no","catalogue only","Gaber progetta, sviluppa e produce arredo design per il settore contract con grande flessibilità e qualità.","","role inbox","Publishes collections with a contact form as the only way in, which is the exact problem the email opens on. Audience unconfirmed","NONE","","","","BOTH","yes","B","2"
"Gamma Arredamenti International spa","gammarr.com","Andrea","Andrea Basso","Commercial Director","andrea.basso@gammarr.it","yes","1","1","","yes","www.gammarr.com","info@gammarr.it","francesca.nanni@gammarr.it","+39 0543708311","ITA","Forli'","Via Pitagora 3","Salone del Mobile 2026","SMI","1","B02 B04","","Upholstered furniture","Sofas and armchairs","furniture","take","Salone Internazionale del Mobile","yes","https://www.gammarr.com/en","no","catalogue only","Gamma Arredamenti designs and produces in Italy leather sofas, beds, armchairs, chairs and tables, with high quality leather, stitching and materials.","","role inbox","Publishes collections with a contact form as the only way in, which is the exact problem the email opens on. Audience unconfirmed","NONE","","","","CATALOGUE","yes","B","2"
"GF Interiors By Guzzini & Fontana","guzziniefontana.it","Gary","Gary Fontana","Owner","gary@guzziniefontana.it","yes","1","1","","yes","www.guzziniefontana.it","info@guzziniefontana.it","erica@guzziniefontana.it","+39 0858069006","ITA","Roseto degli Abruzzi","Via Grecia snc","Salone del Mobile 2026","EUC","4","D09 D11","","Kitchens | Furniture | Kitchen furnishing accessories","Wood kitchens | Lacquered kitchens | Furniture | Kitchen furnishing accessories","furniture","take","EuroCucina","yes","https://guzziniefontana.it/","no","catalogue only","GF Interior è sinonimo di arredamento di lusso su misura. Scopri i nostri progetti di interior design di alta gamma, 100% Made in Italy.","","role inbox","Publishes collections with a contact form as the only way in, which is the exact problem the email opens on. Audience unconfirmed","NONE","","","","BOTH","yes","B","2"
"Ghidini Giuseppe Bosco spa","ghidinibosco.com","Giuseppe","Giuseppe Ghidini","VP Sales & Marketing","giuseppe.ghidini@ghidini1961.com","REVIEW","1","1","https://it.linkedin.com/in/giuseppeghidini","yes","www.ghidinibosco.com","info@ghidinibosco.it","giuseppe.ghidini@ghidini1961.com","+39 0308980521","ITA","Villa Carcina","Via G. D'Annunzio 27","Salone del Mobile 2026","SMI","15","A33","","Bedrooms | Dining rooms, living rooms | Upholstered furniture | Furniture","Leisure armchairs | Marble dining tables | Bedrooms | Wooden bookcases | Marble or stone furniture | Wooden living room tables | Metal stools | Sofas and armchairs | Mirrors | Metal chairs | Upholstered beds | Metal beds | Cocktail cabinets | Wooden stools","furniture","take","Salone Internazionale del Mobile","yes","https://www.ghidinibosco.com","no","catalogue only","","","role inbox","Publishes collections with a contact form as the only way in, which is the exact problem the email opens on. Audience unconfirmed","NONE","","","MAKER","CATALOGUE","yes","B","2"
"Glas Italia","glasitalia.com","Lorenzo","Lorenzo Arosio","CEO","lorenzo.arosio@glasitalia.com","yes","1","1","","yes","www.glasitalia.com","glas@glasitalia.com","press@glasitalia.com","+39 0392323202","ITA","Macherio","Via Cavour 29","Salone del Mobile 2026","SMI","22","A08","","Bedrooms | Dining rooms, living rooms | Upholstered furniture | Furniture","TV tables | Mirrors | Metal and glass dining tables | Sofas and armchairs | Metal and glass living room tables | CD-racks | Glass furniture | Walk-in robes | Extension dining tables | Sliding or fixed partitions for walk-in robes | Metal or glass trolleys | Hall furniture | Wooden chairs","furniture","take","Salone Internazionale del Mobile","yes","https://www.glasitalia.com/en","no","catalogue only","","","other","Publishes collections with a contact form as the only way in, which is the exact problem the email opens on. Audience unconfirmed","BASIC","","kcases Mirrors Seats Shelves Tables Library Downloads Doors configurator Designers Company Headquarters Projects Sales Agents News Sustainability Privacy Products Novelties Doors Swing doors","","","yes","B","2"
"Glass 1989","ronalbathrooms.com","Cyrielle","Cyrielle H.","Responsable marketing","cyrielle.henius@sanswiss.fr","REVIEW","1","1","https://www.linkedin.com/in/cyriellehenius","brand","www.ronalbathrooms.com","marketing@glass1989.it","alice.battistella@ronalgroup.com","+39 04227146","ITA","Oderzo","Via Baite 12/e","Salone del Mobile 2026","ARB","6","D23","","Sanitary ware, tapware, radiators, coverings, wellness","Saunas, turkish bath and spa | Bath tubs and whirlpool tubs","furniture","take","International Bathroom Exhibition","yes","https://www.ronalbathrooms.com/en_GB","no","catalogue only","High-quality customized shower solutions. Shower enclosures, bath enclosures, walk-in, shower enclosures, saunas, hammams, whirlpools, bathtubs, bathroom furniture","","role inbox","Publishes collections with a contact form as the only way in, which is the exact problem the email opens on. Audience unconfirmed","BASIC","","mplete modular cabins Collections 2025 Collections 2026 New Product Finder Company Vision & Mission Brands Facts &Figures RONAL Bathrooms Showrooms Global Presence Milestones Made by RONAL B","","BOTH","yes","B","2"
"Gufram srl","gufram.it","Riccardo","Riccardo Pigati","CEO","r.pigati@gufram.it","yes","1","1","","yes","www.gufram.it","info@gufram.it","brand@gufram.it","+39 017356102","ITA","La Morra","Località Batasiolo 85/a","Salone del Mobile 2026","SMI","22","B30","","Upholstered furniture | Furniture","Sofas and armchairs | Hall furniture","furniture","take","Salone Internazionale del Mobile","yes","https://gufram.it/","no","catalogue only","Il marchio italiano di design radicale che, dal 1966, sfida e influenza il panorama del design a livello globale con icone come BOCCA®️, PRATONE®️ e CACTUS","","role inbox","Publishes collections with a contact form as the only way in, which is the exact problem the email opens on. Audience unconfirmed","NONE","","","","","yes","B","2"
"HIDEO Corporation","hideo.design","Ako","Ako Shimizu","Manager, Brand Marketing Div.","a.shimizu@verde-acqua.jp","REVIEW","1","1","https://www.linkedin.com/in/ako-shimizu-44ba16261","yes","www.hideo.design","global@hideo.design","global@hideo.design","+81 (3) 57977507","JPN","Tokyo","3-3-3-1F Akasaka, Minato-ku","Salone del Mobile 2026","ARB","10","A07","","Sanitary ware, tapware, radiators, coverings, wellness","Bath tubs and whirlpool tubs","furniture","take","International Bathroom Exhibition","yes","https://www.hideo.design","no","catalogue only","HIDEO is a Japanese bath design brand founded by Hideo Shimizu, bridging Tokyo and Milan through sculptural bathtubs, craftsmanship, and contemporary bathing culture.","","other","Publishes collections with a contact form as the only way in, which is the exact problem the email opens on. Audience unconfirmed","NONE","","","","CATALOGUE","yes","B","2"
"Hjort Knudsen A/S","hjortknudsen.com","Ellen","Ellen Mønsted","HR-Marketing Manager, co-owner","ellen@hjortknudsen.dk","yes","1","1","https://www.linkedin.com/in/ellen-mønsted-48553b67","yes","www.hjortknudsen.com","info@hjortknudsen.de","sandra.fons@hjortknudsen.com","+45 (7525) 0244","DNK","Tarm","Stabelhøjvej 1","Salone del Mobile 2026","SMI","1","B20","","Dining rooms, living rooms | Upholstered furniture","Wooden dining tables | Sofas and armchairs | Upholstered rocking-chairs | Extension dining tables | Sofa beds and armchair beds","furniture","take","Salone Internazionale del Mobile","yes","https://hjortknudsen.com/","no","catalogue only","","","role inbox","Publishes collections with a contact form as the only way in, which is the exact problem the email opens on. Audience unconfirmed","NONE","","","MAKER","","yes","B","2"
"Hotbath srl","hotbath.it","Nicola","Nicola Ponsi","CEO","nicola.ponsi@hotbath.it","yes","1","1","https://it.linkedin.com/in/nicola-ponsi-8b542186","yes","www.hotbath.it","info@hotbath.it","nicola.ponsi@hotbath.it","+39 05841783742","ITA","Viareggio","Via Marco Polo 135/d","Salone del Mobile 2026","ARB","10","B08","","Sanitary ware, tapware, radiators, coverings, wellness","Bathroom, laundry and/or kitchen tapware","furniture","take","International Bathroom Exhibition","yes","https://www.hotbath.it/it/home","no","catalogue only","","","role inbox","Publishes collections with a contact form as the only way in, which is the exact problem the email opens on. Audience unconfirmed","NONE","","","MAKER","CATALOGUE","yes","B","2"
"Häcker","haecker-kuechen.com","Julian","","Marketing Manager (Brand Management)","jdewitz@haecker-kuechen.de","yes","1","1","https://www.linkedin.com/in/julian-dewitz","yes","www.haecker-kuechen.com","info@haecker-kuechen.de","dsoete@haecker-kuechen.de","+49 (5746) 9400","DEU","Rödinghausen","Werkstrasse 3","Salone del Mobile 2026","EUC","4","C11 D16","","Kitchens","Wood kitchens | Plastic laminate kitchens | Lacquered kitchens","furniture","take","EuroCucina","yes","https://www.haecker-kuechen.com/en/","no","catalogue only","With a Häcker kitchen, we guarantee sustainable quality, aesthetic design and functionality that is individually tailored to your needs.","","role inbox","Publishes collections with a contact form as the only way in, which is the exact problem the email opens on. Audience unconfirmed","NONE","","","","BOTH","yes","B","2"
"Impatia srl","impatia.com","Simone","Simone Marchesan","Head of Marketing | International Sales Manager | Business Development","simone@impatia.com","yes","1","1","https://www.linkedin.com/in/simone-marchesan-45ab8870","yes","www.impatia.com","info@impatia.com","anxhela@impatia.it","+39 0331620992","ITA","Busto Arsizio","Via Mentana, 7","Salone del Mobile 2026","SMI","15","B10","","Dining rooms, living rooms","Metal and glass dining tables | Wooden living room tables | Game tables and billiards | Marble living room tables","furniture","take","Salone Internazionale del Mobile","yes","https://www.impatia.com","no","catalogue only","","","role inbox","Publishes collections with a contact form as the only way in, which is the exact problem the email opens on. Audience unconfirmed","NONE","","","","BOTH","yes","B","2"
"Karl Andersson & Söner ab","karl-andersson.se","Sara","Sara Wadskog","Marketing Manager","sara.wadskog@karl-andersson.se","yes","1","1","https://se.linkedin.com/in/sara-wadskog-19b630a5","yes","www.karl-andersson.se","info@karl-andersson.se","sara.wadskog@karl-andersson.se","+46 (36) 132530","SWE","Huskvarna","Rosendalagatan 6","Salone del Mobile 2026","SMI","22","A34","","Dining rooms, living rooms | Furniture","Wooden dining tables | Wooden trolleys | Living rooms | Wooden sideboards | Wooden bookcases | Extension dining tables | Leather chairs | Wooden living room tables | Dining rooms | Stacking and nesting living room tables | TV tables | Stacking or folding chairs | Leather stools | Wooden stools | Wooden chairs","furniture","take","Salone Internazionale del Mobile","yes","https://www.karl-andersson.se","no","catalogue only","Karl Andersson & Söner, Kvalitets och design möbler i massivt trä. Handmade in Huskvarna. Since 1898.","","role inbox","Publishes collections with a contact form as the only way in, which is the exact problem the email opens on. Audience unconfirmed","NONE","","","","BOTH","yes","B","2"
"Kunakij Furniture Industry Co. Ltd","resismore.com","Ben","Ben Thanapat","Marketing Manager","ben@resismore.com","yes","1","1","https://th.linkedin.com/in/ben-thanapat-010124aa","brand","www.kundecorate.com","emmykun@gmail.com","emmykun@gmail.com","+66 (2) 4272662","THA","Bangkok","1 Pracha-U-Tid Soi 37, Pracha-U-Tid Rd., Bangmod, Thoongkru","Salone del Mobile 2026","SMI","7","D10","","Dining rooms, living rooms | Outdoor furniture","Marble dining tables | Outdoor furniture and accessories | Metal chairs","furniture","take","Salone Internazionale del Mobile","yes","https://www.resismore.com/","no","catalogue only","Craft & Design Decoration / Aluminum Furniture​​, No.1 Metal Expertise Manufacturer with over 70 years","","other","Publishes collections with a contact form as the only way in, which is the exact problem the email opens on. Audience unconfirmed","NONE","","","","CATALOGUE","yes","B","2"
"La Primavera di De Marchi Lino e C. sas","laprimaverasnc.it","Lino","Lino De Marchi","Owner","demarchi@laprimaverasnc.it","yes","1","1","","yes","www.laprimaverasnc.it","amministrazione@laprimaverasnc.it","amministrazione@laprimaverasnc.it","+39 0434623330","ITA","S. Cassiano di Brugnera","Via Rovere 22","Salone del Mobile 2026","SMI","7","C26","","Dining rooms, living rooms","Plastic chairs | Metal and glass dining tables | Metal and glass living room tables | Metal bookcases | Stacking or folding chairs | Extension dining tables | Plastic stools","furniture","take","Salone Internazionale del Mobile","yes","https://www.laprimaverasnc.it","no","catalogue only","","","other","Publishes collections with a contact form as the only way in, which is the exact problem the email opens on. Audience unconfirmed","NONE","","","MAKER","CATALOGUE","yes","B","2"
"LINTELOO","linteloo.com","Niels","Niels Roks","CEO","niels@linteloo.com","yes","1","1","https://nl.linkedin.com/in/nielsroks","yes","www.linteloo.com","info@linteloo.com","frances@linteloo.nl","+31 (30) 2122110","NLD","Zeist","Johannes Postlaan 6","Salone del Mobile 2026","SMI","11","E20 E22","","Bedrooms | Dining rooms, living rooms | Upholstered furniture | Furniture","Leisure armchairs | Wooden dining tables | Marble dining tables | Wooden sideboards | Wooden bookcases | Marble or stone furniture | Leather chairs | Wooden living room tables | Metal stools | Sofas and armchairs | Mirrors | Leather furniture | Metal chairs | Upholstered beds | Leather stools | Wooden stools | Sofa beds and armchair beds | Wooden chairs","furniture","take","Salone Internazionale del Mobile","yes","https://linteloo.com/","no","catalogue only","The 2026 collection in motion Discover more Go to collection overview Volta sofa Learn more Collection Sofas Armchairs Coffee tables Dining tables Dining chairs Lighting","","role inbox","Publishes collections with a contact form as the only way in, which is the exact problem the email opens on. Audience unconfirmed","BASIC","","ets Lighting Accessories Carpets Brand Designers Dealers 3D Configurator Linteloo Collection Brand Designers Dealers 3D Configurator Experience Center Product care Materials Frequently asked","","BOTH","yes","B","2"
"Living Divani srl","livingdivani.it","Carola","Carola Bestetti","CEO","carola.bestetti@livingdivani.it","yes","1","1","","yes","www.livingdivani.it","info@livingdivani.it","veronica.molteni@livingdivani.it","+39 031630954","ITA","Anzano del Parco","Strada del Cavolto","Salone del Mobile 2026","SMI","11","C15 D16","","Bedrooms | Dining rooms, living rooms | Upholstered furniture | Furniture","Wooden dining tables | Metal and glass dining tables | Marble dining tables | Metal and glass living room tables | Wooden bookcases | Marble or stone furniture | Metal bookcases | Wooden living room tables | Marble living room tables | Dining rooms | Metal stools | Sofas and armchairs | Mirrors | Upholstered rocking-chairs | Metal chairs | Upholstered beds | Glass furniture | Metal or glass trolleys | Cocktail cabinets | Sofa beds and armchair beds","furniture","take","Salone Internazionale del Mobile","yes","https://www.livingdivani.it/en/homepage/","no","catalogue only","Welcome to Living Divani official homepage","","role inbox","Publishes collections with a contact form as the only way in, which is the exact problem the email opens on. Audience unconfirmed","BASIC","","Welcome to Living Divani official homepage Configurator Products & Materials Projects Catalogues Communication Company Contacts Newsletter Multi Download Virtual Apartment Welcome to Living","","CATALOGUE","yes","B","2"
"Livoni Edoardo & Figlio srl società unipersonale","livoni.it","Maurizio","Maurizio Zilio","President and Sole Shareholder","maurizio.zilio@livoni.it","yes","1","1","","yes","www.livoni.it","info@livoni.it","enrico.quendolo@livoni.it","+39 0432759055","ITA","Corno di Rosazzo","Via Papa Giovanni XXIII 8","Salone del Mobile 2026","SMI","3","C04","","Dining rooms, living rooms | Upholstered furniture","Metal stools | Wooden dining tables | Sofas and armchairs | Metal and glass dining tables | Metal and glass living room tables | Metal chairs | Stacking or folding chairs | Leather stools | Leather chairs | Wooden stools | Wooden living room tables | Wooden chairs","furniture","take","Salone Internazionale del Mobile","yes","https://www.livoni.it","no","catalogue only","","","role inbox","Publishes collections with a contact form as the only way in, which is the exact problem the email opens on. Audience unconfirmed","NONE","","","","CATALOGUE","yes","B","2"
"Malerba Collection","malerbafurniture.com","Roberto","Roberto Malerba","CEO","malerba@malerbafurniture.com","yes","1","1","","yes","www.malerba.eu","info@malerba.eu","federica@malerba.eu","+39 0721470069","ITA","Mombaroccio","Via Cairo 81","Salone del Mobile 2026","SMI","3","C03","","Bedrooms | Dining rooms, living rooms | Upholstered furniture","Wooden dining tables | Sofas and armchairs | Bedrooms | Wooden bookcases | Walk-in robes | Wooden living room tables | Wardrobes | Wooden chairs","furniture","take","Salone Internazionale del Mobile","yes","https://www.malerbafurniture.com/","no","catalogue only","Un viaggio attraverso le scelte stilistiche di Malerba, collezioni concepite come aree del gusto, dove ogni oggetto può raccontare una nuova storia di design.","","role inbox","Publishes collections with a contact form as the only way in, which is the exact problem the email opens on. Audience unconfirmed","NONE","","","","CATALOGUE","yes","B","2"
"Mariner Rubinetterie srl","mariner.it","Lorenzo","Lorenzo Pipi","Marketing Manager","lorenzo.p@mariner.it","yes","1","1","https://www.linkedin.com/in/lorenzo-pipi-35272615a","yes","www.mariner.it","info@mariner.it","lorenzo.p@mariner.it","+39 0323865049","ITA","Gravellona Toce","Corso Sempione, 187","Salone del Mobile 2026","ARB","10","B01","","Sanitary ware, tapware, radiators, coverings, wellness | Bathroom furniture and accessories","Bathroom accessories | Bathroom, laundry and/or kitchen tapware","furniture","take","International Bathroom Exhibition","yes","https://www.mariner.it/en/","no","catalogue only","Discover Mariner Rubinetterie: Made in Italy faucets and wellness solutions with contemporary design, including shower heads, mixers, and customizable fixtures for modern bathrooms.","","role inbox","Publishes collections with a contact form as the only way in, which is the exact problem the email opens on. Audience unconfirmed","NONE","","","","CATALOGUE","yes","B","2"
"Marmi Maccarinelli Mauro & C. sas","mgmstone.com","Umberto","Umberto Guarda","Owner","umberto.guarda@mgmstone.com","yes","1","1","https://www.linkedin.com/in/umberto-guarda-938b2a56","brand","www.mgmstone.com","info@marmimaccarinelli.it","info@mgmstone.com","+39 3391271412","ITA","Paitone","Via Italia, 59","Salone del Mobile 2026","SMI","15","A37","","Dining rooms, living rooms | Furniture","Marble dining tables | Marble or stone furniture | Marble living room tables","furniture","take","Salone Internazionale del Mobile","yes","https://www.mgmstone.com","no","catalogue only","Produttore marmi di lusso","","role inbox","Publishes collections with a contact form as the only way in, which is the exact problem the email opens on. Audience unconfirmed","NONE","","","","","check","B","2"
"Marques & Silva lda","msilva.com.pt","Osvaldo","Osvaldo Marques","Managing Partner","osvaldo@msilva.com.pt","yes","1","1","","yes","www.msilva.com.pt","info@msilva.com.pt","jose.marques@msilva.com.pt","+351 (234) 610130","PRT","Agueda","Rua Z. Ind. Nascente, Poente Barrô 102","Salone del Mobile 2026","SMI","5","B31","","Dining rooms, living rooms","Metal stools | Metal chairs | Leather stools | Leather chairs | Wooden stools | Wooden chairs","furniture","take","Salone Internazionale del Mobile","yes","https://www.msilva.com.pt/en","no","catalogue only","Marques & Silva manufactures contract chairs, stools and tables in Portugal since 1980 — seating designed to last for hospitality, workplace and retail.","","role inbox","Publishes collections with a contact form as the only way in, which is the exact problem the email opens on. Audience unconfirmed","NONE","","","MAKER","CATALOGUE","yes","B","2"
"Mecam Group nv","mecamgroup.be","Jolien","Jolien Monnissen","Marketing verantwoordelijke","jolien.monnissen@mecam.be","REVIEW","1","1","https://www.linkedin.com/in/jolien-monnissen-50aa147","yes","www.mecam.be","info@mecamgroup.be","jolien.monnissen@mecam.be","+32 (89) 798298","BEL","Dilsen-Stokkem","Vilverstraat 11","Salone del Mobile 2026","SMI","5","A15","","Upholstered furniture","Sofas and armchairs","furniture","take","Salone Internazionale del Mobile","yes","https://www.mecamgroup.be/selectlang","no","catalogue only","","","role inbox","Publishes collections with a contact form as the only way in, which is the exact problem the email opens on. Audience unconfirmed","NONE","","","","","yes","B","2"
"Mirt","mirt.ua","Alexander","Alexander Yushchenko","CEO","a.yushchenko@mirt.ua","yes","1","1","https://ua.linkedin.com/in/alexander-yushchenko-b98a1057/en","yes","www.mirt.ua","export.mirt@gmail.com","export.mirt@gmail.com","+380 (50) 4631905","UKR","Zviahel","Lesi Ukrainky Str. 1-A","Salone del Mobile 2026","SMI","1","A32 B41","","Kitchen furniture","Kitchen furniture","furniture","take","Salone Internazionale del Mobile","yes","https://mirt.ua/","no","catalogue only","Международная компания MIRT – профессионал в области проектирования, возведения и оснащения объектов современной и классической архитектуры. Мебельная фабрика МИРТ - №1 в Украине.","","first.last","Publishes collections with a contact form as the only way in, which is the exact problem the email opens on. Audience unconfirmed","NONE","","","","","yes","B","2"
"Mobilificio SanGiacomo spa","msg.it","Enrico","Enrico Zanetti","Marketing Manager","zanetti@msg.it","yes","1","1","https://www.linkedin.com/in/enricozanetti","brand","www.msg.it","sg_info@msg.it","michele.celotto@msg.it","+39 04346291","ITA","Cecchini di Pasiano","Via Gallopat 33","Salone del Mobile 2026","SMI","5","A01 B01","","Bedrooms | Dining rooms, living rooms","Wooden dining tables | Bedrooms | Plastic bookcases | Living rooms | Wooden sideboards | Upholstered beds | Modular living rooms | Wooden beds | Walk-in robes | Leather chairs | Dining rooms","furniture","take","Salone Internazionale del Mobile","yes","https://www.msg.it","no","catalogue only","Arredo per l'Architettura","","first_last","Publishes collections with a contact form as the only way in, which is the exact problem the email opens on. Audience unconfirmed","NONE","","","","BOTH","yes","B","2"
"Mobilpiù Luxury srl unipersonale","mobilpiuluxury.com","Giacomo","Giacomo Vagnini","Managing Director","giacomo@mobilpiuluxury.com","yes","1","1","","yes","www.mobilpiuluxury.com","info@mobilpiuluxury.com","info@mobilpiuluxury.com","+39 0721394306","ITA","Vallefoglia","Via XXV Aprile 41/A Frazione Montecchio","Salone del Mobile 2026","SMI","15","A27","","Bedrooms | Dining rooms, living rooms | Upholstered furniture | Furniture","Wooden dining tables | Sofas and armchairs | Mirrors | Marble dining tables | Bedrooms | Metal and glass living room tables | Marble or stone furniture | Upholstered beds | Metal bookcases | Hall furniture | Leather chairs | Marble living room tables | Wooden chairs","furniture","take","Salone Internazionale del Mobile","yes","https://www.mobilpiuluxury.com/en","no","catalogue only","Mobilpiù Luxury realizes luxury furniture with an exclusive design. 100% Made in Italy certified quality and over 50 years of experience.","","role inbox","Publishes collections with a contact form as the only way in, which is the exact problem the email opens on. Audience unconfirmed","NONE","","","","BOTH","yes","B","2"
"MRF - Maîtres Robinetiers de France","mrf.fr","Pierre","Pierre Tassot","Design, Image & Marketing Director","p.tassot@mrf.fr","yes","1","1","","yes","www.mrf.fr","contact@mrf.fr","p.tassot@mrf.fr","+33 (0) 322232425","FRA","Abbeville","213 Boulevard Voltaire","Salone del Mobile 2026","ARB","10","C15","","Sanitary ware, tapware, radiators, coverings, wellness | Bathroom furniture and accessories","Bathroom accessories | Bathroom, laundry and/or kitchen tapware | Bath tubs and whirlpool tubs | Sanitary ware","furniture","take","International Bathroom Exhibition","yes","https://www.mrf.fr","no","catalogue only","Cristal&amp;Bronze, Margot, Serdaneli et Miroir Brot","","role inbox","Publishes collections with a contact form as the only way in, which is the exact problem the email opens on. Audience unconfirmed","NONE","","","","CATALOGUE","check","B","2"
"Nature Design srl","naturedesign.com","Thomas","Thomas Franco","Titolare","thomas.franco@naturedesign.com","yes","1","1","https://www.linkedin.com/in/thomas-franco-511b37113","yes","www.naturedesign.com","info@naturedesign.com","info@naturedesign.com","+39 0442321236","ITA","Cerea","Viale del Lavoro 1","Salone del Mobile 2026","SMI","11","M20 M24","","Bedrooms | Dining rooms, living rooms | Upholstered furniture | Furniture","Marble dining tables | Metal and glass living room tables | Wooden sideboards | Wooden bookcases | Marble or stone furniture | Metal bookcases | Wooden living room tables | Marble living room tables | TV tables | Mirrors | Sofas and armchairs | Upholstered rocking-chairs | Metal chairs | Upholstered beds | Wooden beds | Glass furniture | Rocking-chairs | Wooden stools | Plastic stools | Wooden chairs","furniture","take","Salone Internazionale del Mobile","yes","https://naturedesign.com/","no","catalogue only","Ethereal Light","","role inbox","Publishes collections with a contact form as the only way in, which is the exact problem the email opens on. Audience unconfirmed","NONE","","","","BOTH","yes","B","2"
"Nicoline Salotti srl","nicoline.it","Nicola","Nicola Palasciano","Founder","n.palasciano@nicoline.it","yes","1","1","","yes","www.nicoline.it","info@nicoline.it","m.palasciano@nicoline.it","+39 0803101487","ITA","Altamura","C.da Parchi Calia sn z.i. Pip","Salone del Mobile 2026","SMI","5","B20","","Upholstered furniture","Sofas and armchairs","furniture","take","Salone Internazionale del Mobile","yes","https://www.nicoline.it","no","catalogue only","","","role inbox","Publishes collections with a contact form as the only way in, which is the exact problem the email opens on. Audience unconfirmed","NONE","","","","CATALOGUE","yes","B","2"
"Officine Gullo srl","officinegullo.com","Manfredi","Manfredi Conforzi","Commercial Director","m.conforzi@officinegullo.com","yes","1","1","","yes","www.officinegullo.com","info@officinegullo.com","i.bartoli@officinegullo.com","+39 0556560324","ITA","Bagno a Ripoli","Via della Torricella 25","Salone del Mobile 2026","EUC","2","B06","","Kitchens","Metal kitchens","furniture","take","EuroCucina","yes","https://officinegullo.com/","no","catalogue only","Officine Gullo produce cucine di lusso artigianali, con materiali di alta qualità e un design unico e raffinato.","","role inbox","Publishes collections with a contact form as the only way in, which is the exact problem the email opens on. Audience unconfirmed","NONE","","","","BOTH","yes","B","2"
"Polipol International GmbH","polipol.de","Marc","Marc Greve","Managing Director","m.greve@polipol.de","yes","1","1","","yes","www.polipol.de","office@hukla.de","J.Krohn@polipol.de","+49 (5775) 9680600","DEU","Diepenau","Diepenauer Heide 1","Salone del Mobile 2026","SMI","1","B08","","Upholstered furniture","Sofas and armchairs","furniture","take","Salone Internazionale del Mobile","yes","https://www.polipol.de/en/","no","catalogue only","","","role inbox","Publishes collections with a contact form as the only way in, which is the exact problem the email opens on. Audience unconfirmed","NONE","","","MAKER","CATALOGUE","yes","B","2"
"Porro spa","porro.com","Lorenzo","Lorenzo Porro","Titolare","lorenzo.porro@porro.com","yes","1","1","https://www.linkedin.com/in/lorenzo-porro-50a9a721","yes","www.porro.com","info@porro.com","milena.cassotti@porro.com","+39 031783266","ITA","Montesolaro","Via per Cantu' 35","Salone del Mobile 2026","SMI","11","D15 E18","","Bedrooms | Dining rooms, living rooms | Upholstered furniture | Furniture","Wooden dining tables | Metal and glass dining tables | Marble dining tables | Bedrooms | Metal and glass living room tables | Living rooms | Wooden bookcases | Metal bookcases | Walk-in robes | Sliding or fixed partitions for walk-in robes | Leather chairs | Wooden living room tables | Dining rooms | Partition wardrobes | Sofas and armchairs | Mirrors | Sliding or fixed partitions for wardrobe walls | Upholstered beds | Wooden beds | Wooden stools | Wardrobes | Wooden chairs","furniture","take","Salone Internazionale del Mobile","yes","https://www.porro.com/en","no","catalogue only","","","role inbox","Publishes collections with a contact form as the only way in, which is the exact problem the email opens on. Audience unconfirmed","NONE","","","","BOTH","yes","B","2"
"Progetto Arte Poli srl","progettoartepoli.com","Paolo","Paolo Poli","Titolare dell'azienda","poli@progettoartepoli.com","yes","1","1","https://www.linkedin.com/in/paolo-poli-60477b59","yes","www.progettoartepoli.com","info@progettoartepoli.com","segreteria@progettoartepoli.com","+39 0458510455","ITA","Verona","Via Bresciana, 67/b","Salone del Mobile 2026","SMI","15","A48","","Dining rooms, living rooms | Furniture","Metal and glass dining tables | Marble dining tables | Wooden bookcases | Metal bookcases | Glass furniture | Hall furniture | Marble living room tables","furniture","take","Salone Internazionale del Mobile","yes","https://progettoartepoli.com/","no","catalogue only","Dal 1953, Progetto Arte Poli realizza opere d'arte uniche e restauri monumentali. Scopri la nostra bottega d'arte.","","role inbox","Publishes collections with a contact form as the only way in, which is the exact problem the email opens on. Audience unconfirmed","NONE","","","","CUSTOM","yes","B","2"
"Ravak a.s.","ravak.com","Krzysztof","Krzysztof Socha","President","krzysztof.socha@ravak.com","yes","1","1","https://www.linkedin.com/in/krzysztof-socha-40294a4","yes","www.ravak.com","export@ravak.com","malvina.koutova@ravak.com","+420 (318) 427288","CZE","Príbram I","Obecnická 285","Salone del Mobile 2026","ARB","6","D35 D37","","Sanitary ware, tapware, radiators, coverings, wellness | Bathroom furniture and accessories","Bathroom, laundry and/or kitchen tapware | Shower cubicles | Bath tubs and whirlpool tubs | Bathroom furniture | Sanitary ware","furniture","take","International Bathroom Exhibition","yes","https://www.ravak.com","no","catalogue only","Ravak a.s. - Leading manufacturer of bathroom ware and sanitary equipment: bathtubs, shower enclosures and shower doors, mixers and taps, washbasins, shower trays, bathroom furniture and more","","role inbox","Publishes collections with a contact form as the only way in, which is the exact problem the email opens on. Audience unconfirmed","BASIC","","n Support Revers Taps They lean your way More Choose 3D set configurator Give your ideas a clear shape More Lite Collection of Washbasins and Furniture Perfect harmony for every bathroom Mor","","CATALOGUE","yes","B","2"
"Roberto Cavalli Home Interiors","robertocavallihomeinteriors.onirogroup.it","Sara","Sara Panzeri","Marketing and Communication Manager","sara.panzeri@onirogroup.it","yes","1","1","https://www.linkedin.com/in/sara-panzeri","yes","www.robertocavallihomeinteriors.onirogroup.it","info@onirogroup.it","sara.panzeri@onirogroup.it","+39 03170757","ITA","Cantu'","Via Montesolaro 14/b","Salone del Mobile 2026","SMI","13","D03","","Bedrooms | Dining rooms, living rooms | Outdoor furniture | Upholstered furniture | Furniture","Wooden dining tables | Wooden trolleys | Bedrooms | Wooden sideboards | Wooden bookcases | Walk-in robes | Extension dining tables | Wooden living room tables | TV tables | Mirrors | Sofas and armchairs | Outdoor furniture and accessories | Upholstered beds | Wooden beds | Hall furniture | Cocktail cabinets | Wooden stools | Wardrobes | Wooden chairs","furniture","take","Salone Internazionale del Mobile","yes","https://robertocavallihomeinteriors.onirogroup.it/","no","catalogue only","Glamourous furniture","","role inbox","Publishes collections with a contact form as the only way in, which is the exact problem the email opens on. Audience unconfirmed","NONE","","","","CATALOGUE","yes","B","2"
"Roda srl","rodaonline.com","Francesco","Francesco Albani","Sales & Marketing Director","francesco.albani@rodaonline.com","yes","1","2","https://www.linkedin.com/in/francesco-albani-b8a41260","yes","www.rodaonline.com","info@rodaonline.com","sarah.speroni@rodaonline.com","+39 03327486","ITA","Gavirate","Via Tinella 2","Salone del Mobile 2026","SMI","22","A04 B05","","Dining rooms, living rooms | Outdoor furniture | Upholstered furniture","Metal stools | Wooden dining tables | Sofas and armchairs | Outdoor furniture and accessories | Metal chairs | Stacking or folding chairs | Extension dining tables | Rocking-chairs | Wooden stools | Wooden chairs","furniture","take","Salone Internazionale del Mobile","yes","https://www.rodaonline.com/en/","no","catalogue only","Thanks to RODA’s wide range of outdoor furniture and accessories, the Italian design is spread all over the world. Discover all products and collections.","","role inbox","Publishes collections with a contact form as the only way in, which is the exact problem the email opens on. Audience unconfirmed","BASIC","","gues Videos Projects Stores LOGIN MENU Products Collections Configurator Company Sustainable Thinking Contacts Login Log in with your account Forgot your password? CREATE A NEW ACCOUNT Eng S","","CATALOGUE","yes","B","2"
"Roda srl","rodaonline.com","Olivier","Olivier Vachon","Sales & Marketing manager for RODA America LTD.","olivier.vachon@rodaonline.com","yes","2","2","https://www.linkedin.com/in/olivier-vachon-10b947129","yes","www.rodaonline.com","info@rodaonline.com","sarah.speroni@rodaonline.com","+39 03327486","ITA","Gavirate","Via Tinella 2","Salone del Mobile 2026","SMI","22","A04 B05","","Dining rooms, living rooms | Outdoor furniture | Upholstered furniture","Metal stools | Wooden dining tables | Sofas and armchairs | Outdoor furniture and accessories | Metal chairs | Stacking or folding chairs | Extension dining tables | Rocking-chairs | Wooden stools | Wooden chairs","furniture","take","Salone Internazionale del Mobile","yes","https://www.rodaonline.com/en/","no","catalogue only","Thanks to RODA’s wide range of outdoor furniture and accessories, the Italian design is spread all over the world. Discover all products and collections.","","role inbox","Publishes collections with a contact form as the only way in, which is the exact problem the email opens on. Audience unconfirmed","BASIC","","gues Videos Projects Stores LOGIN MENU Products Collections Configurator Company Sustainable Thinking Contacts Login Log in with your account Forgot your password? CREATE A NEW ACCOUNT Eng S","","CATALOGUE","yes","B","2"
"Saba Italia srl","sabaitalia.com","Paola","Paola Molon","CEO","paola@sabaitalia.it","yes","1","1","","yes","www.sabaitalia.it","amministrazione@sabaitalia.it","sandra@sabaitalia.com","+39 0499462227","ITA","San Martino di Lupari","Via dell'Industria 17","Salone del Mobile 2026","SMI","11","H15 H21","","Upholstered furniture","Sofas and armchairs","furniture","take","Salone Internazionale del Mobile","yes","https://sabaitalia.com/en","no","catalogue only","","","other","Publishes collections with a contact form as the only way in, which is the exact problem the email opens on. Audience unconfirmed","NONE","","","","CATALOGUE","yes","B","2"
"Tubadzin Management Group","tubadzin.pl","Michał","Michał Hejduk","Manager ds. Digital Marketingu","m.hejduk@tubadzin.pl","yes","1","1","https://www.linkedin.com/in/michalhejduk","yes","www.tubadzin.pl","tubadzin@tubadzin.pl","s.fastyn@tubadzin.pl","+48 (42) 7103700","POL","Ozorków","Cedrowice Parcela 11","Salone del Mobile 2026","ARB","10","B04","","Sanitary ware, tapware, radiators, coverings, wellness","Wall and floor coverings","furniture","take","International Bathroom Exhibition","yes","https://www.tubadzin.pl","no","catalogue only","","","other","Publishes collections with a contact form as the only way in, which is the exact problem the email opens on. Audience unconfirmed","NONE","","","","CATALOGUE","check","B","2"
"Ulivi Salotti srl","ulivisalotti.it","Nicola","Nicola Ulivi","Founder","nicola@ulivisalotti.it","yes","1","1","","yes","www.ulivisalotti.it","info@ulivisalotti.it","ufficiotecnico@ulivisalotti.it","+39 050703258","ITA","Cascina","Via Sant'Ilario Sud 109","Salone del Mobile 2026","SMI","15","B15","","Bedrooms | Dining rooms, living rooms | Upholstered furniture | Furniture","Wooden dining tables | Marble dining tables | Living rooms | Wooden sideboards | Wooden bookcases | Metal bookcases | Walk-in robes | Leather chairs | Wooden living room tables | Dining rooms | TV tables | Mirrors | Sofas and armchairs | Metal sideboards | Leather furniture | Metal chairs | Upholstered beds | Leather stools | Cocktail cabinets | Wooden stools | Wooden chairs","furniture","take","Salone Internazionale del Mobile","yes","https://ulivisalotti.it/","no","catalogue only","","","role inbox","Publishes collections with a contact form as the only way in, which is the exact problem the email opens on. Audience unconfirmed","NONE","","","","BOTH","yes","B","2"
"Valdama srl","valdama.it","Daniele","Daniele Vitali","Founder","daniele@valdama.it","yes","1","1","","yes","www.valdama.it","info@valdama.it","apolverini@valdama.it","+39 0761540709","ITA","Civita Castellana","Via Galileo Galilei 2","Salone del Mobile 2026","ARB","6","D40","","Sanitary ware, tapware, radiators, coverings, wellness","Sanitary ware","furniture","take","International Bathroom Exhibition","yes","https://www.valdama.it/it/","no","catalogue only","","","role inbox","Publishes collections with a contact form as the only way in, which is the exact problem the email opens on. Audience unconfirmed","NONE","","","","CATALOGUE","yes","B","2"
"Vilmers uab","vilmers.com","Rune","Rune Kransberg","Co-owner and agent for Norway","rune@kransberg.no","REVIEW","1","1","https://www.linkedin.com/in/rune-kransberg-0131b36","yes","www.vilmers.com","info@vilmers.com","dzesika.k@vilmers.com","+370 (415) 45134","LTU","Siauliai","Pramones 15","Salone del Mobile 2026","SMI","3","D34","","Bedrooms | Dining rooms, living rooms | Upholstered furniture | Furniture","Sofas and armchairs | Metal and glass living room tables | Upholstered beds | Mattresses | Pet furniture | Wooden living room tables | Sofa beds and armchair beds","furniture","take","Salone Internazionale del Mobile","yes","https://vilmers.com/en","no","catalogue only","Discover premium furniture and home solutions for your business.","","role inbox","Publishes collections with a contact form as the only way in, which is the exact problem the email opens on. Audience unconfirmed","BASIC","","function and beauty, everyday living and a touch of luxury. Choose materials that feel good to the touch and colors that brighten the room without shouting for attention. Pick details that m","","CATALOGUE","yes","B","2"
"Xera","xeraonline.com","Stuart","Stuart Edwards","Founder","stuart@greenaxis.uk","REVIEW","1","1","https://www.linkedin.com/in/stuart-edwards-7a69261","yes","www.xeraonline.com","info@xeraonline.com","adriano@arexonline.com","+39 04386591","ITA","Mareno di Piave","Via G. Galilei 1","Salone del Mobile 2026","EUC","4","C23","","Kitchens","Metal kitchens","furniture","take","EuroCucina","yes","https://www.xeraonline.com","no","catalogue only","Xera realizza cucine di alta gamma da interno ed esterno su misura, con acciaio inox, materiali di qualità e precisione progettuale.","","role inbox","Publishes collections with a contact form as the only way in, which is the exact problem the email opens on. Audience unconfirmed","NONE","","","","BOTH","yes","B","2"
"Yardcom","yardcom.net","Damon","Damon Ma","Managing Director","damon@yardcom.net","yes","1","1","","yes","www.yardcom.net","damon@yardcom.net","jennyli@yardcom.net","+1 (206) 5014083","USA","Manalapan","195 US-9 Suite 205","Salone del Mobile 2026","SMI","18","F14 F18","","Dining rooms, living rooms | Outdoor furniture | Upholstered furniture | Furniture","Leisure armchairs | Sofas and armchairs | Metal and glass living room tables | CD-racks | Outdoor furniture and accessories | Metal chairs | Sofa beds and armchair beds","furniture","take","Salone Internazionale del Mobile","yes","https://www.yardcom.net/","no","catalogue only","","","other","Publishes collections with a contact form as the only way in, which is the exact problem the email opens on. Audience unconfirmed","NONE","","","","CATALOGUE","yes","B","2"
"Zilio A&C srl Unipersonale","zilioaldo.it","Carlo","Carlo Zilio","Owner","carlo@zilioaldo.it","yes","1","1","https://it.linkedin.com/in/carlo-zilio-40372514","yes","www.zilioaldo.it","contact@zilioaldo.it","contact@zilioaldo.it","+39 0432753329","ITA","San Giovanni al Natisone","Via dell'artigianato 9","Salone del Mobile 2026","SMI","18","E05","","Dining rooms, living rooms | Upholstered furniture","Metal stools | Wooden dining tables | Sofas and armchairs | Wooden bookcases | Metal chairs | Metal bookcases | Stacking or folding chairs | Extension dining tables | Rocking-chairs | Wooden stools | Wooden living room tables | Wooden chairs","furniture","take","Salone Internazionale del Mobile","yes","https://www.zilioaldo.it","no","catalogue only","Zilio A&C è una delle storiche aziende appartenenti al Distretto della Sedia di Manzano; produce sedie in legno e complementi d’arredo da più di 60 anni.","","role inbox","Publishes collections with a contact form as the only way in, which is the exact problem the email opens on. Audience unconfirmed","NONE","","","","BOTH","yes","B","2"
"Alpi spa","alpirubinetterie.com","Massimiliano","Massimiliano Agostinacchio","Director of Sales Marketing","agostinacchio@alpirubinetterie.com","yes","1","1","https://www.linkedin.com/in/massimiliano-agostinacchio-844a5b1","yes","www.alpirubinetterie.com","infoalpi@alpirubinetterie.com","alliata.giulia@alpirubinetterie.com","+39 0322838450","ITA","Gattico-Veruno","Via Geola, 9","Salone del Mobile 2026","ARB","10","C08","","Sanitary ware, tapware, radiators, coverings, wellness","Bathroom, laundry and/or kitchen tapware","furniture","take","International Bathroom Exhibition","yes","http://www.alpirubinetterie.com","no","unclear","","","other","Live site but no catalogue, cart or contact route found, needs a look","NONE","","","","","check","B","3"
"Altacom","altacomitalia.it","Dainora","Dainora Leonavičienė","Marketing Manager","dainora@altacom.eu","REVIEW","1","2","https://www.linkedin.com/in/dainora-leonavičienė-6214341b7","yes","www.altacomitalia.it","info@altacomitalia.it","eleonora.mucelli@arsenalesas.it","+39 0421330311","ITA","Musile di Piave","Via dell'Artigianato 10/12","Salone del Mobile 2026","SMI","7","D16","","Bedrooms | Dining rooms, living rooms | Outdoor furniture | Upholstered furniture | Furniture","Plastic chairs | Wooden dining tables | Metal and glass dining tables | Marble dining tables | Metal and glass living room tables | Wooden sideboards | Metal bookcases | Convertible furniture | Extension dining tables | Leather chairs | Wooden living room tables | Metal stools | Sofas and armchairs | Mirrors | Outdoor furniture and accessories | Metal sideboards | Metal chairs | Stacking or folding chairs | Leather stools | Convertible beds | Hall furniture | Wooden stools | Plastic stools | Wooden chairs","furniture","take","Salone Internazionale del Mobile","yes","https://www.altacomitalia.it/en/home/","no","trade portal, gated","Altacom, multi-function furniture products. Transformable tables, extendable consoles, dining tables, coffee tables, stools and chairs.","","role inbox","Catalogue sits behind a dealer login, so the visitor is a dealer rather than a buyer","NONE","","","","CUSTOM","yes","B","3"
"Altacom","altacomitalia.it","Eglė","Eglė Biskytė","Marketing Manager","egle@altacom.eu","REVIEW","2","2","https://www.linkedin.com/in/eglė-biskytė-394274156","yes","www.altacomitalia.it","info@altacomitalia.it","eleonora.mucelli@arsenalesas.it","+39 0421330311","ITA","Musile di Piave","Via dell'Artigianato 10/12","Salone del Mobile 2026","SMI","7","D16","","Bedrooms | Dining rooms, living rooms | Outdoor furniture | Upholstered furniture | Furniture","Plastic chairs | Wooden dining tables | Metal and glass dining tables | Marble dining tables | Metal and glass living room tables | Wooden sideboards | Metal bookcases | Convertible furniture | Extension dining tables | Leather chairs | Wooden living room tables | Metal stools | Sofas and armchairs | Mirrors | Outdoor furniture and accessories | Metal sideboards | Metal chairs | Stacking or folding chairs | Leather stools | Convertible beds | Hall furniture | Wooden stools | Plastic stools | Wooden chairs","furniture","take","Salone Internazionale del Mobile","yes","https://www.altacomitalia.it/en/home/","no","trade portal, gated","Altacom, multi-function furniture products. Transformable tables, extendable consoles, dining tables, coffee tables, stools and chairs.","","role inbox","Catalogue sits behind a dealer login, so the visitor is a dealer rather than a buyer","NONE","","","","CUSTOM","yes","B","3"
"Antrax It srl","antrax.com","Alberico","Alberico Crosetta","CEO","alberico.crosetta@antrax.com","yes","1","1","","yes","www.antrax.com","info@antrax.com","marketing@antrax.com","+39 04237174","ITA","Resana","Via Boscalto 40","Salone del Mobile 2026","ARB","6","B27","","Sanitary ware, tapware, radiators, coverings, wellness","Radiators","furniture","take","International Bathroom Exhibition","yes","https://www.antrax.com","no","unclear","","","role inbox","Live site but no catalogue, cart or contact route found, needs a look","NONE","","","","","check","B","3"
"Areta srl","areta.com","Massimiliano","Massimiliano Cozzi","Sales And Marketing Director","massimiliano.cozzi@areta.com","yes","1","1","https://www.linkedin.com/in/massimiliano-cozzi","yes","www.areta.com","areta@areta.com","massimiliano.cozzi@areta.com","+39 0831810838","ITA","Francavilla Fontana","Via per Grottaglie km 3 z.i.","Salone del Mobile 2026","SMI","3","D14","","Dining rooms, living rooms | Outdoor furniture","Plastic chairs | Plastic dining tables | Outdoor furniture and accessories | Stacking or folding chairs | Extension dining tables | Plastic stools","furniture","take","Salone Internazionale del Mobile","yes","https://www.areta.com","no","unclear","","","other","Live site but no catalogue, cart or contact route found, needs a look","NONE","","","","","check","B","3"
"Auskin Europe Pty. Ltd.","fibrebyauskin.com","Margaret","Margaret Riceputo","Product Marketing Manager","margaret.riceputo@auskin.com","REVIEW","1","1","https://au.linkedin.com/in/margaret-riceputo-b855a417","yes","www.fibrebyauskin.com","","","+49 4431 7094003","Germany","Wildeshausen","Kirchstraße 6","Heimtextil 2027","HEIMTEXTIL","5.1","","","Decorative & Furniture Fabrics | Carpets & Rugs","5","rugs","take","Carpets & Rugs","yes","https://fibrebyauskin.com/","no","trade portal, gated","Fibre by Auskin sources unique natural fibres and textures from around the globe. We design and manufacture sheepskin, alpaca wool, leather products.","","","Catalogue sits behind a dealer login, so the visitor is a dealer rather than a buyer","NONE","","","","CATALOGUE","yes","B","3"
"Avides - Tramontina","avides.com.br","Igor","Igor Sá Fortes","Head of Design & Marketing","igor.safortes@avides.com.br","yes","1","1","https://www.linkedin.com/in/igor-sá-fortes","yes","www.avides.com.br","gustavo@avides.com.br","gustavo@avides.com.br","+55 (91) 984067798","BRA","Belem","Distrito De Icoaraci Qd. 2 Lotes 3","Salone del Mobile 2026","SMI","3","C06 C08 D07 D09","","Dining rooms, living rooms","Wooden chairs","furniture","take","Salone Internazionale del Mobile","yes","https://www.avides.com.br","no","unclear","Estamos preparando uma nova experiência digital. Madeira tropical certificada da Amazônia, da floresta ao mundo. Entre em contato com a AVIDES.","","other","Live site but no catalogue, cart or contact route found, needs a look","NONE","","","","","yes","B","3"
"Casa Covre","covregiulio.it","Matteo","Matteo Covre","Founder","matteo@casacovre.it","REVIEW","1","1","","yes","www.covregiulio.it","info@covregiulio.it","leo@covregiulio.it","+39 0362289257","ITA","Seregno","Via Galileo Galilei 71","Salone del Mobile 2026","SMI","18","C02","","Bedrooms | Dining rooms, living rooms | Upholstered furniture | Furniture","Wooden dining tables | Sofas and armchairs | Bedrooms | Leather furniture | Walk-in robes | Leather chairs | Wardrobes | Dining rooms","furniture","take","Salone Internazionale del Mobile","yes","https://www.covregiulio.it","no","unclear","","","role inbox","Live site but no catalogue, cart or contact route found, needs a look","NONE","","","","","yes","B","3"
"Casabath srl","casabath.it","Alessandro","Alessandro Casalini","Key Principal","alessandrocasalini@casabath.it","yes","1","1","","yes","www.casabath.it","amministrazione@casabath.it","dario@casabath.it","+39 0587617345","ITA","Perignano","Via Sicilia 70/a","Salone del Mobile 2026","ARB","10","A10 A12","","Sanitary ware, tapware, radiators, coverings, wellness | Bathroom furniture and accessories","Bathroom accessories | Laundry furniture | Shower cubicles | Bath tubs and whirlpool tubs | Bathroom furniture | Sanitary ware","furniture","take","International Bathroom Exhibition","yes","http://www.casabath.it","no","unclear","","","other","Live site but no catalogue, cart or contact route found, needs a look","NONE","","","","","yes","B","3"
"Casprini Gruppo Industriale spa","casprini.it","Stefano","Stefano Casprini","President","stefano@casprini.it","yes","1","1","","yes","www.casprini.it","info@casprini.it","f.porcini@casprini.it","+39 055913611","ITA","Cavriglia","Via Giosue' Carducci 6","Salone del Mobile 2026","SMI","7","C19","","Dining rooms, living rooms | Outdoor furniture | Upholstered furniture","Plastic chairs | Metal and glass dining tables | Plastic dining tables | Marble dining tables | Metal and glass living room tables | Wooden sideboards | Extension dining tables | Plastic living room tables | Marble living room tables | Stacking and nesting living room tables | Metal stools | Sofas and armchairs | Outdoor furniture and accessories | Metal sideboards | Metal chairs | Stacking or folding chairs | Plastic stools | Wooden chairs","furniture","take","Salone Internazionale del Mobile","yes","https://www.casprini.it","no","unclear","","","role inbox","Live site but no catalogue, cart or contact route found, needs a look","NONE","","","","","yes","B","3"
"Class Pubblicità","classeditori.it","Gianni","Gianni Tinnirello","Web Marketing Manager and Email Marketing Manager","gtinnirello@class.it","REVIEW","1","1","https://www.linkedin.com/in/gianni-tinnirello-3538a64","yes","www.classeditori.it","info@class.it","srighi@class.it","+39 02582191","ITA","Milano","Via Burigozzo 5","Salone del Mobile 2026","SMI","","ING. PADD 9/11 S38 PAD 05 A30","","Trade newspapers, magazines and publications","Trade newspapers, magazines and publications","furniture","take","Salone Internazionale del Mobile","yes","https://www.classeditori.it","no","unclear","","","role inbox","Live site but no catalogue, cart or contact route found, needs a look","NONE","","","","","yes","B","3"
"Crema Outdoor srl","cremaoutdoor.com","Monica","Monica Cappellina","Marketing","monica.cappellina@cremaoutdoor.com","yes","1","1","https://it.linkedin.com/in/marketing-crema-outdoor-monica-cappellina-a25194395","yes","www.cremaoutdoor.com","info@cremaoutdoor.com","marketing@cremaoutdoor.com","+39 042981413","ITA","Montagnana","Via dell'Industria 15","Salone del Mobile 2026","SMI","1","B14","","Outdoor furniture","Outdoor umbrellas | Outdoor furniture and accessories","furniture","take","Salone Internazionale del Mobile","yes","https://www.cremaoutdoor.com","no","unclear","","","role inbox","Live site but no catalogue, cart or contact route found, needs a look","NONE","","","","","check","B","3"
"Dante - Goods and Bads GmbH","dante.lu","Martina","Martina Kojić","Marketing and operations manager","martina@dante.lu","yes","1","1","https://www.linkedin.com/in/martinakojic","yes","www.dante.lu","info@dante.lu","martina@dante.lu","+49 (9961) 9437677","DEU","Neukirchen","Haggn 24","Salone del Mobile 2026","SMI","24","D45","","Dining rooms, living rooms | Outdoor furniture | Upholstered furniture | Furniture","Leisure armchairs | Metal stools | Sofas and armchairs | Marble dining tables | Outdoor furniture and accessories | Leather furniture | Metal chairs | Leather stools | Metal or glass trolleys | Leather chairs | Wooden stools | Wooden chairs","furniture","take","Salone Internazionale del Mobile","yes","https://dante.lu/","no","unclear","Dante Goods and Bads","","role inbox","Live site but no catalogue, cart or contact route found, needs a look","NONE","","","","CATALOGUE","yes","B","3"
"De Castelli srl","decastelli.com","Francesca","Francesca Celato","Heads of Sales and Marketing","francescacelato@decastelli.com","yes","1","2","https://www.linkedin.com/in/francescacelato","yes","www.decastelli.com","info@decastelli.com","francescacelato@decastelli.com","+39 0423638218","ITA","Crocetta del Montello","Via delle Industrie 10","Salone del Mobile 2026","SMI","22","B04","","Dining rooms, living rooms | Upholstered furniture | Furniture","Metal stools | Sofas and armchairs | Metal and glass dining tables | Metal and glass living room tables | Metal sideboards | Metal chairs | Metal bookcases | Hall furniture","furniture","take","Salone Internazionale del Mobile","yes","https://decastelli.com/en/","no","unclear","","","role inbox","Live site but no catalogue, cart or contact route found, needs a look","NONE","","","","","yes","B","3"
"De Castelli srl","decastelli.com","Albino","Albino Celato","Titolare","albinocelato@decastelli.com","yes","2","2","https://www.linkedin.com/in/albino-celato-1776a96","yes","www.decastelli.com","info@decastelli.com","francescacelato@decastelli.com","+39 0423638218","ITA","Crocetta del Montello","Via delle Industrie 10","Salone del Mobile 2026","SMI","22","B04","","Dining rooms, living rooms | Upholstered furniture | Furniture","Metal stools | Sofas and armchairs | Metal and glass dining tables | Metal and glass living room tables | Metal sideboards | Metal chairs | Metal bookcases | Hall furniture","furniture","take","Salone Internazionale del Mobile","yes","https://decastelli.com/en/","no","unclear","","","role inbox","Live site but no catalogue, cart or contact route found, needs a look","NONE","","","","","yes","B","3"
"Decormarmi srl","kreoo.com","Alessandra","Alessandra Farinon","Amministratore delegato","alessandra@decormarmi.com","REVIEW","1","1","","brand","www.kreoo.com","info@kreoo.com","martina@decormarmi.com","+39 0444688311","ITA","Chiampo","Via Duca D'Aosta, 17/E","Salone del Mobile 2026","SMI","22","A12","","Dining rooms, living rooms | Outdoor furniture | Furniture","Marble dining tables | Outdoor furniture and accessories | Marble or stone furniture","furniture","take","Salone Internazionale del Mobile","yes","https://www.kreoo.com/en/","no","unclear","","","role inbox","Live site but no catalogue, cart or contact route found, needs a look","NONE","","","","","check","B","3"
"Deesawat Industries Co. Ltd","deesawat.com","Jirachai","Jirachai Tangkijngamwong","Owner and Marketing Director","jirachai@deesawat.com","yes","1","1","https://th.linkedin.com/in/jirachai-tangkijngamwong-99950719","yes","www.deesawat.com","info@deesawat.com","info@deesawat.com","+66 (2) 5211341","THA","Bangkok","71/9 Changwattana Road Talat Bang Khen, Laksi","Salone del Mobile 2026","SMI","7","D10","","Dining rooms, living rooms","Wooden dining tables | Wooden sideboards | Wooden living room tables | Wooden chairs","furniture","take","Salone Internazionale del Mobile","yes","https://deesawat.com/","no","unclear","OUTDOOR LIFESTYLE","","role inbox","Live site but no catalogue, cart or contact route found, needs a look","NONE","","","","CUSTOM","yes","B","3"
"Dienne Salotti srl","diennesalotti.it","Filippo","Filippo Direnzo","CEO and Founder","filippo@diennesalotti.it","yes","1","1","","yes","www.diennesalotti.it","info@diennesalotti.it","ufficiotecnico@diennesalotti.it","+39 0803104290","ITA","Altamura","Via Del Tabacco 56","Salone del Mobile 2026","SMI","7","D14","","Bedrooms | Upholstered furniture","Leisure armchairs | Sofas and armchairs | Convertible beds | Sofa beds and armchair beds","furniture","take","Salone Internazionale del Mobile","yes","https://www.diennesalotti.it","no","unclear","","","role inbox","Live site but no catalogue, cart or contact route found, needs a look","NONE","","","","","check","B","3"
"Dimensis","dimensis.it","alessandro","alessandro maroni","Titolare","alessandro.maroni@dimensis.it","yes","1","1","https://www.linkedin.com/in/alessandro-maroni-95932b52","yes","www.dimensis.it","info@dimensis.it","f.maroni@maroni.it","+39 031769111","ITA","Cabiate","Via Suore del Cottolengo 11","Salone del Mobile 2026","SMI","11","H23 H25","","Bedrooms | Dining rooms, living rooms | Upholstered furniture | Furniture","Wooden dining tables | Metal and glass dining tables | Bedrooms | Metal and glass living room tables | Living rooms | Wooden sideboards | Wooden bookcases | Wooden living room tables | Dining rooms | TV tables | Mirrors | Sofas and armchairs | Upholstered beds | Wooden beds | Metal or glass trolleys | Rocking-chairs | Wooden stools | Cocktail cabinets | Hall furniture | Wooden chairs","furniture","take","Salone Internazionale del Mobile","yes","https://www.dimensis.it","no","unclear","","","role inbox","Live site but no catalogue, cart or contact route found, needs a look","NONE","","","","","check","B","3"
"Ethnicraft","ethnicraft.com","Philippe","","CEO","philippe.delaisse@ethnicraft.com","yes","1","1","https://www.linkedin.com/in/philippe-delaisse-9302902","yes","www.ethnicraft.com","info@ethnicraft.com","lieze.vermeiren@ethnicraft.com","+32 (3) 4430100","BEL","Boom","Scheldeweg 5","Salone del Mobile 2026","SMI","14","D30","","Bedrooms | Dining rooms, living rooms | Outdoor furniture | Upholstered furniture | Furniture","Leisure armchairs | Wooden dining tables | Bedrooms | Living rooms | Wooden sideboards | Wooden bookcases | Marble or stone furniture | Mattresses | Extension dining tables | Wooden living room tables | Dining rooms | Stacking and nesting living room tables | TV tables | Mirrors | Sofas and armchairs | Outdoor furniture and accessories | Leather furniture | Metal or glass trolleys | Hall furniture | Wooden stools | Wooden chairs","furniture","take","Salone Internazionale del Mobile","yes","https://ethnicraft.com/","no","unclear","","","role inbox","Live site but no catalogue, cart or contact route found, needs a look","NONE","","","","","yes","B","3"
"F&T Salotti","mikiferrari.com","David","David Ferrari","President","davidferrari@ftsalotti.it","REVIEW","1","1","","brand","www.mikiferrari.com","info@ftsalotti.it","michaela.f@ftsalotti.it","+39 0521836452","ITA","Parma","Via Aguzzoli 1","Salone del Mobile 2026","SMI","7","C10","","Upholstered furniture","Sofas and armchairs","furniture","take","Salone Internazionale del Mobile","yes","https://www.mikiferrari.com","no","unclear","","","role inbox","Live site but no catalogue, cart or contact route found, needs a look","NONE","","","","","check","B","3"
"Formenti srl","formentidivani.com","Tiziano","Tiziano Formenti","Managing Director","formenti@formentidivani.com","yes","1","1","","yes","www.formentidivani.com","formenti@formentidivani.com","laura@formentidivani.com","+39 0362355051","ITA","Giussano","Via Crocefisso 11","Salone del Mobile 2026","SMI","13","D25","","Upholstered furniture","Sofas and armchairs","furniture","take","Salone Internazionale del Mobile","yes","https://www.formentidivani.com","no","unclear","","","other","Live site but no catalogue, cart or contact route found, needs a look","NONE","","","","","check","B","3"
"Frattini Rubinetti dal 1958","frattini.com","Michela","Michela Frattini","Marketing Manager","frattini.michela@frattini.it","yes","1","1","","yes","www.frattini.com","info@frattini.it","sara.pastori@frattini.it","+39 032296127","ITA","San Maurizio D'Opaglio","Via Roma 125","Salone del Mobile 2026","ARB","6","C29 D22","","Sanitary ware, tapware, radiators, coverings, wellness","Bathroom, laundry and/or kitchen tapware","furniture","take","International Bathroom Exhibition","yes","https://www.frattini.com","no","unclear","Rubinetterie F.lli Frattini","","role inbox","Live site but no catalogue, cart or contact route found, needs a look","NONE","","","","CATALOGUE","yes","B","3"
"Freixotel - Equipamentos Hoteleiros lda","freixotel.pt","Pedro","Pedro Teles","CEO","pedro@freixotel.pt","yes","1","1","https://pt.linkedin.com/in/pedro-teles-b75825a7","yes","www.freixotel.pt","mail@freixotel.pt","marisa@freixotel.pt","+35 (125) 2808660","PRT","Santo Tirso","Rua de Santo André 801 Apartado 335","Salone del Mobile 2026","SMI","5","A28","","Dining rooms, living rooms | Outdoor furniture | Upholstered furniture","Plastic chairs | Metal stools | Sofas and armchairs | Outdoor furniture and accessories | Metal chairs | Plastic stools","furniture","take","Salone Internazionale del Mobile","yes","https://www.freixotel.pt","no","unclear","Mobiliário para hotelaria, café, bar, restaurante, shopping, esplanada.","","role inbox","Live site but no catalogue, cart or contact route found, needs a look","NONE","","","","","yes","B","3"
"FreshBed BV","freshbed.com","Barry","Barry van Doornewaard","Founder CEO","doornewaard@broring.com","REVIEW","1","1","https://nl.linkedin.com/in/barry-van-doornewaard-64874a47","yes","www.freshbed.com","support@freshbed.com","n.vanderwerff@freshbed.com","+31 (20) 4720816","NLD","Amsterdam","Emmalaan 7","Salone del Mobile 2026","SMI","5","A36","","Bedrooms","Bedrooms | Upholstered beds","furniture","take","Salone Internazionale del Mobile","yes","https://freshbed.com/","no","unclear","Sleep deeper, perform better, live longer. The climate-controlled smart bed engineered for peak recovery.","","other","Live site but no catalogue, cart or contact route found, needs a look","NONE","","","","","yes","B","3"
"Fulgini Contract srl","fulginicontract.com","Alessandro","Alessandro Fulgini","CEO","a.fulgini@fulginicontract.com","yes","1","1","","yes","www.fulginicontract.com","info@fulginicontract.com","e.kayhorodova@fulginicontract.com","+39 072125145","ITA","Montecchio di Vallefoglia - Pesaro","Via Marche 40/C","Salone del Mobile 2026","SMI","1","B06","","Bedrooms | Dining rooms, living rooms | Upholstered furniture | Furniture","Sofas and armchairs | Bedrooms | Metal and glass living room tables | Wooden sideboards | Upholstered beds | Hall furniture | Wardrobes | Dining rooms | Wooden chairs","furniture","take","Salone Internazionale del Mobile","yes","https://fulginicontract.com/","no","unclear","Your Italian partner","","role inbox","Live site but no catalogue, cart or contact route found, needs a look","NONE","","","","","yes","B","3"
"Gommaire NV","gommaire.com","Laurent","Laurent De Greef","CEO","laurent@gommaire.com","yes","1","1","https://be.linkedin.com/in/laurent-de-greef-7311b81a3","yes","www.gommaire.com","info@gommaire.com","elisabeth@gommaire.com","+32 (3) 2881940","BEL","Merksem","Schijnpoortweg 121","Salone del Mobile 2026","SMI","3","C15","","Outdoor furniture","Outdoor furniture and accessories","furniture","take","Salone Internazionale del Mobile","yes","https://gommaire.com/","no","trade portal, gated","Discover Design furniture from the highest quality. Belgian design. Browse our catalogue. Find the nearest shop and discover our new collection.","","role inbox","Catalogue sits behind a dealer login, so the visitor is a dealer rather than a buyer","NONE","","","","CATALOGUE","yes","B","3"
"Grifoni Silvano srl","silvanogrifoni.com","Andrea","Andrea Grifoni","CEO","a.grifoni@silvanogrifoni.it","yes","1","1","","yes","www.silvanogrifoni.com","info@silvanogrifoni.it","amministrazione@silvanogrifoni.it","+39 055721673/74","ITA","Scandicci","Via di Castelpulci 17/a","Salone del Mobile 2026","SMI","13","C36","","Bedrooms | Dining rooms, living rooms | Upholstered furniture | Furniture","Bedrooms | Wooden sideboards | Modular living rooms | Metal bookcases | Extension dining tables | Dining rooms | TV tables | Mirrors | Sofas and armchairs | Upholstered beds | Wooden beds | Hall furniture | Wardrobes | Plastic stools","furniture","take","Salone Internazionale del Mobile","yes","https://www.silvanogrifoni.com","no","unclear","","","role inbox","Live site but no catalogue, cart or contact route found, needs a look","NONE","","","","","check","B","3"
"HAUT","hautform.com","Mina","Mina Yaney","Founder & Architect","yaney@paint.co.at","REVIEW","1","1","","yes","www.hautform.com","minayaney@gmail.com","minayaney@gmail.com","+43 (676) 5536755","AUT","Vienna","Schmalzhofgasse 14/1","Salone del Mobile 2026","ARB","10","D09","","Bathroom furniture and accessories","Bathroom furniture","furniture","take","International Bathroom Exhibition","yes","https://www.hautform.com","no","unclear","Haut Architectural Brand Identity | Interior Design | Product Design | Visual Branding Architectural Brand Identity | Interior Design Product Design | Visual Br","","other","Live site but no catalogue, cart or contact route found, needs a look","NONE","","","","","yes","B","3"
"Hervet Manufacturier","hervet.com","Nicolas","Nicolas Hervet","CEO","nicolas@hervet-manufacturier.com","REVIEW","1","1","https://fr.linkedin.com/in/nicolas-hervet-aa0546bb","yes","www.hervet-manufacturier.com","contact@hervet-manufacturier.com","amaury@hervet-manufacturier.com","+33 (6) 62506496","FRA","Paris","8 Rue Volnay","Salone del Mobile 2026","SMI","15","A20","","Dining rooms, living rooms | Upholstered furniture","Leisure armchairs | Wooden dining tables | Sofas and armchairs | Wooden living room tables | Wooden chairs","furniture","take","Salone Internazionale del Mobile","yes","https://hervet.com/","no","unclear","Hervet Manufacturier est une manufacture francaise d","","role inbox","Live site but no catalogue, cart or contact route found, needs a look","NONE","","","","","yes","B","3"
"iHome lda","ihome.pt","Joao","Joao Pereira Santos","Director - Owner","joao.santos@ihome.pt","yes","1","1","https://pt.linkedin.com/in/joao-pereira-santos-57978211","yes","www.ihome.pt","geral@ihome.pt","milano@ihome.pt","+351 (289) 090900","PRT","Almancil - Quinta do Lago","Avenida Almirante Mendes Cabeçada Edif. Buganvilia Plaza, Loja 30","Salone del Mobile 2026","SMI","15","A45","","Upholstered furniture","Sofas and armchairs | Home cinema / Home-theatre seating","furniture","take","Salone Internazionale del Mobile","yes","https://ihome.pt/","no","unclear","iHome: specialists in home automation, home cinema, audio video and electrical engineering in the Algarve since 2006. Official Control4 dealer.","","other","Live site but no catalogue, cart or contact route found, needs a look","NONE","","","","","check","B","3"
"Il Giardino di Legno","ilgiardinodilegno.it","Erica","Erica Girotto","Chief Operating Officer","e.girotto@ilgiardinodilegno.it","yes","1","1","","yes","www.ilgiardinodilegno.it","info@ilgiardinodilegno.it","info@ilgiardinodilegno.it","+39 01119502429","ITA","Torino","C.so Matteotti 2","Salone del Mobile 2026","SMI","18","A05","","Bedrooms | Dining rooms, living rooms | Outdoor furniture | Upholstered furniture | Furniture","Wooden dining tables | Wooden trolleys | Living rooms | Wooden bookcases | Extension dining tables | Wooden living room tables | Game tables and billiards | Rush and rattan furniture | Sofas and armchairs | Outdoor umbrellas | Outdoor furniture and accessories | Metal chairs | Pet furniture | Wooden beds | Stacking or folding chairs | Cocktail cabinets | Wooden stools | Wooden chairs","furniture","take","Salone Internazionale del Mobile","yes","https://www.ilgiardinodilegno.it","no","unclear","","","role inbox","Live site but no catalogue, cart or contact route found, needs a look","NONE","","","","","check","B","3"
"InnoZen GmbH","innozen.eu","Pei Hua","Pei Hua Yip","Founder & CEO","peihua.yip@innozen.eu","yes","1","1","https://de.linkedin.com/in/pei-hua-yip","yes","www.innozen.eu","info@innozen.eu","tobias.ebeling@re-fab.de","","DEU","Paderborn","Otto-Hahn-Straße 11","Salone del Mobile 2026","ARB","6","A32","","Sanitary ware, tapware, radiators, coverings, wellness","Saunas, turkish bath and spa","furniture","take","International Bathroom Exhibition","yes","https://innozen.eu/","no","unclear","","","role inbox","Live site but no catalogue, cart or contact route found, needs a look","NONE","","","","CATALOGUE","yes","B","3"
"Naos srl","naos.net","Thomas","Thomas Morbidelli","President and Creative Director","thomas@naos.net","yes","1","1","","yes","www.naos.net","naos@naos.net","f.porcini@naos.net","+39 055913611","ITA","Figline Valdarno","Via Ottone Rosai 1","Salone del Mobile 2026","SMI","7","C19","","Dining rooms, living rooms | Outdoor furniture | Upholstered furniture | Furniture","Metal and glass dining tables | Marble dining tables | Metal and glass living room tables | Metal bookcases | Extension dining tables | Marble living room tables | Dining rooms | Stacking and nesting living room tables | Metal stools | Sofas and armchairs | Outdoor furniture and accessories | Metal sideboards | Metal chairs | Metal or glass trolleys | Hall furniture","furniture","take","Salone Internazionale del Mobile","yes","https://www.naos.net","no","unclear","Naos: The Original Action Design. Tables, CoffeTables, Chairs and more.","","other","Live site but no catalogue, cart or contact route found, needs a look","BASIC","","Naos HOME PRODUCTS TABLES COFFEE TABLES CHAIR VARIOUS CONFIGURATOR PRODUCT VIDEOS CATALOGUES AND DEPLIANTS COLORS AND MATERIALS COMPANY PROFILE CONTACTS Visit Our Virtual Tour Tables Tables","","CATALOGUE","check","B","3"
"Pedrali","pedrali.com","Monica","","Sales and Marketing Director, Ceo","monica.pedrali@pedrali.it","yes","1","1","https://www.linkedin.com/in/monica-pedrali","yes","www.pedrali.it","info@pedrali.it","marika.pagani@pedrali.it","+39 0358358840","ITA","Mornico al Serio","Strada Provinciale 122","Salone del Mobile 2026","SMI","24","C27 C35","","Light fixtures | Dining rooms, living rooms | Outdoor furniture | Upholstered furniture | Furniture","Leisure armchairs | Plastic chairs | Wooden dining tables | Metal and glass dining tables | Marble dining tables | Metal and glass living room tables | Wooden sideboards | Metal bookcases | Extension dining tables | Leather chairs | Wooden living room tables | Marble living room tables | Metal stools | Sofas and armchairs | Outdoor furniture and accessories | Light fixtures | Metal chairs | Stacking or folding chairs | Leather stools | Hall furniture | Wooden stools | Plastic stools | Wooden chairs","furniture","take","Salone Internazionale del Mobile","yes","https://www.pedrali.com/en-us","no","unclear","Discover the Pedrali collections: 100% Made in Italy chairs, tables and furnishings. For use in the office, at home and in public and outdoor spaces..Enter now!","","role inbox","Live site but no catalogue, cart or contact route found, needs a look","NONE","","","","","yes","B","3"
"Relaxvanguard-Atelier lda","relaxvanguard-atelier.pt","Bruno","Bruno Ferreira Alves","Director","brunoalves@relaxvanguard-atelier.pt","yes","1","1","","yes","www.relaxvanguard-atelier.pt","geral@relaxvanguard-atelier.pt","geral@relaxvanguard-atelier.pt","+351 (255) 093838","PRT","Freamunde","Beco do Recanto 31 Pavilhão C","Salone del Mobile 2026","SMI","1","A16","","Bedrooms | Outdoor furniture | Upholstered furniture","Sofas and armchairs | Outdoor furniture and accessories | Upholstered beds | Sofa beds and armchair beds","furniture","take","Salone Internazionale del Mobile","yes","https://www.relaxvanguard-atelier.pt","no","unclear","","","other","Live site but no catalogue, cart or contact route found, needs a look","NONE","","","","","check","B","3"
"Rinaldi Group spa sb","rinaldigroup.com","Fabio","Fabio Greco","Direttore commerciale","fabio.greco@rinaldigroup.com","yes","1","2","https://www.linkedin.com/in/fabio-greco-757941125","yes","www.rinaldigroup.com","marketing@rinaldigroup.com","marketing@rinaldigroup.com","+39 0899920550","ITA","Giffoni Valle Piana","Via Santa Maria - Zona PIP","Salone del Mobile 2026","SMI","3","D15","","Bedrooms | Upholstered furniture","Upholstered beds | Mattresses","furniture","take","Salone Internazionale del Mobile","yes","https://www.rinaldigroup.com","no","unclear","","","role inbox","Live site but no catalogue, cart or contact route found, needs a look","NONE","","","","","check","B","3"
"Rinaldi Group spa sb","rinaldigroup.com","Roberto","Roberto Quinti","Direttore commerciale","roberto.quinti@rinaldigroup.com","yes","2","2","https://www.linkedin.com/in/roberto-quinti-237913327","yes","www.rinaldigroup.com","marketing@rinaldigroup.com","marketing@rinaldigroup.com","+39 0899920550","ITA","Giffoni Valle Piana","Via Santa Maria - Zona PIP","Salone del Mobile 2026","SMI","3","D15","","Bedrooms | Upholstered furniture","Upholstered beds | Mattresses","furniture","take","Salone Internazionale del Mobile","yes","https://www.rinaldigroup.com","no","unclear","","","role inbox","Live site but no catalogue, cart or contact route found, needs a look","NONE","","","","","check","B","3"
"Skandilo","skandilo.com","Simo","Simo Lehtonen","Founder","simo.lehtonen@actusadvisors.com","REVIEW","1","1","https://fi.linkedin.com/in/simo-lehtonen-8732293","yes","www.skandilo.com","info@skandilo.com","pia.lehtonen@skandilo.com","+358 (400) 544585","FIN","Jyväskylä","Alvar Aallon katu 8","Salone del Mobile 2026","SMI","18","E15","","Dining rooms, living rooms | Furniture","Wooden dining tables | Marble dining tables | Wooden sideboards | Wooden bookcases | Marble or stone furniture | Wooden living room tables | Wooden stools | Marble living room tables | Wooden chairs","furniture","take","Salone Internazionale del Mobile","yes","https://www.skandilo.com","no","unclear","Sculptural furniture and objects in certified walnut, ash, and marble. Minimal in form, built for decades of daily living.","","role inbox","Live site but no catalogue, cart or contact route found, needs a look","NONE","","","","","yes","B","3"
"Snaidero Rino spa","snaidero.it","Claudio","Claudio Cecchetti","CEO","claudio.cecchetti@snaidero.it","yes","1","1","","yes","www.snaidero.it","info@snaidero.it","marketing@snaidero.it","+39 0432952111","ITA","Majano","Viale Rino Snaidero 15","Salone del Mobile 2026","EUC","2","A03 B04","","Kitchens | Kitchen furnishing accessories","Wood kitchens | Plastic laminate kitchens | Lacquered kitchens | Metal kitchens | Kitchen furnishing accessories","furniture","take","EuroCucina","yes","http://www.snaidero.it","no","unclear","","","role inbox","Live site but no catalogue, cart or contact route found, needs a look","NONE","","","","","check","B","3"
"Target Point New srl","targetpoint.it","Giada","Giada Costella","Responsabile marketing","giada@target.com","REVIEW","1","2","https://www.linkedin.com/in/giada-costella-b04b09137","yes","www.targetpoint.it","info@targetpoint.it","cora@targetpoint.it","+39 0424219797","ITA","Tezze sul Brenta","Via Basse 13/h","Salone del Mobile 2026","SMI","7","D20","","Dining rooms, living rooms | Furniture","Plastic chairs | Metal stools | Mirrors | Metal and glass dining tables | Metal and glass living room tables | Metal chairs | Stacking or folding chairs | Extension dining tables | Plastic stools","furniture","take","Salone Internazionale del Mobile","yes","https://targetpoint.it/","no","trade portal, gated","Arredamento moderno per la casa: tavoli allungabili o fissi, sedie, madie e complementi per interni. Scegli Target Point per rinnovare il tuo arredamento!","","role inbox","Catalogue sits behind a dealer login, so the visitor is a dealer rather than a buyer","BASIC","","per la casa – Target Point Tavoli Sedute Madie Complementi Configuratore Trova negozi Italiano English Français Español Tavoli Sedute Madie Complementi Configuratore Trova negozi Italiano En","","CATALOGUE","yes","B","3"
"Target Point New srl","targetpoint.it","Alex","Alex Target Point","titolare","alex@targetpoint.it","yes","2","2","https://www.linkedin.com/in/alex-target-point-53b96a136","yes","www.targetpoint.it","info@targetpoint.it","cora@targetpoint.it","+39 0424219797","ITA","Tezze sul Brenta","Via Basse 13/h","Salone del Mobile 2026","SMI","7","D20","","Dining rooms, living rooms | Furniture","Plastic chairs | Metal stools | Mirrors | Metal and glass dining tables | Metal and glass living room tables | Metal chairs | Stacking or folding chairs | Extension dining tables | Plastic stools","furniture","take","Salone Internazionale del Mobile","yes","https://targetpoint.it/","no","trade portal, gated","Arredamento moderno per la casa: tavoli allungabili o fissi, sedie, madie e complementi per interni. Scegli Target Point per rinnovare il tuo arredamento!","","role inbox","Catalogue sits behind a dealer login, so the visitor is a dealer rather than a buyer","BASIC","","per la casa – Target Point Tavoli Sedute Madie Complementi Configuratore Trova negozi Italiano English Français Español Tavoli Sedute Madie Complementi Configuratore Trova negozi Italiano En","","CATALOGUE","yes","B","3"
"Valentini srl","valentini.it","Ugo","Ugo Valentini","owner","valentini@valentini.pl","yes","1","1","https://www.linkedin.com/in/ugo-valentini-52314861","yes","www.valentini.it","valentini@valentini.it","martina@valentini.it","+39 0499200982","ITA","Campodarsego","Via Pontarola 49","Salone del Mobile 2026","SMI","7","C01","","Bedrooms | Dining rooms, living rooms | Outdoor furniture | Upholstered furniture","Sofas and armchairs | Metal and glass living room tables | Outdoor furniture and accessories | Upholstered beds | Leather chairs | Sofa beds and armchair beds","furniture","take","Salone Internazionale del Mobile","yes","https://www.valentini.it","no","unclear","","","other","Live site but no catalogue, cart or contact route found, needs a look","NONE","","","","","check","B","3"
"Varaschin spa","varaschin.it","Verena","Verena Varaschin","Responsabile Marketing","varaschin.v@varaschin.it","yes","1","1","","yes","www.varaschin.it","varaschin@varaschin.it","varaschin.v@varaschin.it","+39 04385645","ITA","Vittorio Veneto","Via Cervano 20 Loc. Formeniga","Salone del Mobile 2026","SMI;EUC","9","A05 B06","","Dining rooms, living rooms | Outdoor furniture | Upholstered furniture","Leisure armchairs | Sofas and armchairs | Upholstered rocking-chairs | Outdoor umbrellas | Outdoor furniture and accessories | Extension dining tables","furniture","take","Salone Internazionale del Mobile","yes","https://www.varaschin.it","no","unclear","","","other","Live site but no catalogue, cart or contact route found, needs a look","NONE","","","","","check","B","3"
"Vibieffe 85 srl","vibieffe.com","Alessandro","Alessandro Buccella","CEO","alessandro.buccella@vibieffe.com","yes","1","1","","yes","www.vibieffe.com","info@vibieffe.com","alessandro.buccella@vibieffe.com","+39 0392455449","ITA","Lissone","Via Fratelli Cairoli 17","Salone del Mobile 2026","SMI","11","L21","","Bedrooms | Dining rooms, living rooms | Upholstered furniture","Sofas and armchairs | Metal and glass dining tables | Marble dining tables | Living rooms | Wooden bookcases | Upholstered beds | Sofa beds and armchair beds | Dining rooms","furniture","take","Salone Internazionale del Mobile","yes","https://www.vibieffe.com","no","unclear","","","role inbox","Live site but no catalogue, cart or contact route found, needs a look","NONE","","","","","check","B","3"
"Zimage Motion Co. Ltd.","mullerdesignsolution.com","Nuntawee","Nuntawee Pitakteeratham","Chief Executive","nuntawee@imageinterholding.com","REVIEW","1","1","","brand","www.mullerdesignsolution.com","parichart@imageinterholding.com","tanet@imageinterholding.com","+66 (2) 96571609","THA","Nonthaburi","96/8 Moo 5, Ratanathibet Rd., Bangkrasaw, Muang","Salone del Mobile 2026","SMI","7","D10","","Dining rooms, living rooms | Upholstered furniture","Sofas and armchairs | Living rooms | Leather chairs | Wooden living room tables","furniture","take","Salone Internazionale del Mobile","yes","https://www.mullerdesignsolution.com","no","unclear","","","other","Live site but no catalogue, cart or contact route found, needs a look","NONE","","","","","check","B","3"
