"company","website","email","email2","phone","country","city","address","source","event","hall","stand","picked","categories","products","studio","verdict","why","site_live","final_url","has_tryon","sells_to","site_quote","site_note","email_pattern","reason"
"1825 srl","www.serralunga.com","info@serralunga.com","cinzia.cecconello@serralunga.com","+39 0152435731","ITA","Biella","Via Serralunga 9","Salone del Mobile 2026","SMI","14","E24","","Dining rooms, living rooms | Outdoor furniture | Upholstered furniture","Leisure armchairs | Plastic chairs | Sofas and armchairs | Plastic dining tables | Outdoor furniture and accessories | Metal chairs | Stacking or folding chairs | Plastic living room tables | Plastic stools","furniture","take","Salone Internazionale del Mobile","yes","https://serralunga.com/","no","consumer, sells online","","","role inbox","No visualiser yet and sells direct to shoppers, so this is the full pitch rather than an upgrade"
"4Corners","www.4corners.space","4corners.ua@gmail.com","4corners.ua@gmail.com","+380 (93) 2015417","UKR","Kiev","Mashinobudivna Str. 50","Salone del Mobile 2026","SMI","05","A23 A25","","Dining rooms, living rooms | Upholstered furniture | Furniture","Metal stools | Sofas and armchairs | Mirrors | Metal and glass dining tables | Plastic living room tables","furniture","take","Salone Internazionale del Mobile","yes","https://4corners.space/","no","consumer, sells online","Stool 4 High","","other","No visualiser yet and sells direct to shoppers, so this is the full pitch rather than an upgrade"
"900 project Srl","www.900project.it","novecentop@900project.it","tecnico@900project.it","+39 (045) 6116830","ITA","San Bonifacio","Via Ritonda 79, SS 11","Salone del Mobile 2026","ARB","10","C21","","Bathroom furniture and accessories","Bathroom furniture","furniture","take","International Bathroom Exhibition","yes","https://www.900project.it","no","catalogue only","","","other","Publishes collections with a contact form as the only way in, which is the exact problem the email opens on. Audience unconfirmed"
"[more] Bernhard Müller GmbH","www.more-moebel.de","contact@more-moebel.de","s.schindelegger@more-moebel.de","+49 (40) 660622","DEU","Hamburg","Bahrenfelder Steindamm 67 A","Salone del Mobile 2026","SMI","11","D19 D21","","Bedrooms | Dining rooms, living rooms","Wooden dining tables | Bedrooms | Living rooms | Wooden sideboards | Upholstered beds | Wooden beds | Extension dining tables | Leather chairs | Wooden stools | Wooden living room tables | Marble living room tables | Dining rooms | Wooden chairs","furniture","take","Salone Internazionale del Mobile","yes","https://www.more-moebel.de/en","no","consumer, via dealers","Designfurniture from more, high quality and exclusive interior such as chairs, tables, beds and cubboards as well as made to measure products.","","role inbox","No visualiser yet and markets to shoppers and routes them to dealers, so this is the full pitch rather than an upgrade"
"A lot of Brasil","www.alotofbrasil.com.br","comercial@alotofbrasil.com","design@alotofbrasil.com","+55 (11) 996346367","BRA","São Paulo/SP","Alameda Gabriel Monteiro da Silva 256","Salone del Mobile 2026","SMI","24","D16","","Dining rooms, living rooms | Outdoor furniture | Upholstered furniture | Furniture","Plastic chairs | Metal and glass dining tables | Leather chairs | Plastic living room tables | Metal stools | Sofas and armchairs | Outdoor furniture and accessories | Plastic bookcases | Leather furniture | Metal chairs | Leather stools | Rocking-chairs | Plastic stools | Wooden chairs","furniture","take","Salone Internazionale del Mobile","yes","https://www.alotofbrasil.com/","no","unclear","","","other","Live site but no catalogue, cart or contact route found, needs a look"
"A.A.T.C","www.aatc.it","info@aatc.it","info@giboarreda.com","+39 0456861627","ITA","Sant'Ambrogio di Valpolicella","Via Napoleone 8","Salone del Mobile 2026","SMI","15","A09","","Dining rooms, living rooms | Furniture","Metal and glass dining tables | CD-racks | Leather furniture | Plastic trolleys | Glass furniture | Metal or glass trolleys | Wooden living room tables | Marble living room tables","furniture","take","Salone Internazionale del Mobile","yes","https://www.aatc.it/en","no","unclear","Slabs of marble, granite, semi-precious stones, onyx, travertine for interior and exterior use, floors, stairs, cladding, custom projects. Marble and granite Made in Italy","","role inbox","Live site but no catalogue, cart or contact route found, needs a look"
"A.M.O. Intergroup Co. Ltd.","www.amo-arte.com","info@amo-intergroup.com","info@amo-intergroup.com","+66 (86) 8984635","THA","Bangkok","228 Soi Wat Suk Jai 14 Yak 4 Sai Kong Din, Klong Sam Wa","Salone del Mobile 2026","SMI","07","D10","","Bedrooms | Dining rooms, living rooms","Wooden chairs | Wooden dining tables | Wooden bookcases | Wooden beds | Wooden living room tables | Wooden stools | Dining rooms | Partition wardrobes","furniture","take","Salone Internazionale del Mobile","yes","https://amo-arte.com/","no","consumer, sells online","","","role inbox","No visualiser yet and sells direct to shoppers, so this is the full pitch rather than an upgrade"
"Abimis","www.abimis.com","info@abimis.com","info@abimis.com","+39 0422802200","ITA","San Polo di Piave","Via dell'Industria 4","Salone del Mobile 2026","EUC","04","D15","","Kitchens","Metal kitchens","furniture","take","EuroCucina","unreachable","","","","","<urlopen error _ssl.c:999: The handshake operation timed out>","role inbox","Site did not respond, check it by hand before spending a credit"
"Able Interior Workshop Co. Ltd","www.touchablebangkok.com","touchablebangkok@gmail.com","touchablebangkok@gmail.com","+66 (2) 8926830","THA","Bangkhuntien Bangkok","41/70 41/80 Moo 5 Soi Rama 2 (69)  Rama 2 Rd. Samaedum","Salone del Mobile 2026","SMI","07","D10","","Bedrooms | Dining rooms, living rooms | Outdoor furniture | Upholstered furniture | Furniture","Wooden dining tables | Marble dining tables | Bedrooms | Wooden sideboards | Marble or stone furniture | Leather chairs | Wooden living room tables | Marble living room tables | Rush and rattan furniture | Metal stools | TV tables | Sofas and armchairs | Outdoor furniture and accessories | Metal chairs | Leather stools | Wooden stools | Wardrobes | Wooden chairs","furniture","take","Salone Internazionale del Mobile","yes","http://www.touchablebangkok.com","no","unclear","","","other","Live site but no catalogue, cart or contact route found, needs a look"
"Aboutwater","www.fantini.it","fantini@fantini.it","marketing@fantini.it","+39 0322918411","ITA","Pella","Via M. Buonarroti 4","Salone del Mobile 2026","ARB","10","B21 C18","","Sanitary ware, tapware, radiators, coverings, wellness | Bathroom furniture and accessories","Bathroom accessories | Bathroom, laundry and/or kitchen tapware | Shower cubicles","furniture","take","International Bathroom Exhibition","yes","https://www.fantini.it","no","unclear","Fantini Rubinetti for the bathroom, bathtubs for the bathroom, showers, washbasin mixers and kitchen taps. Fantini Rubinetti design and style Made in Italy.","","other","Live site but no catalogue, cart or contact route found, needs a look"
"Acerbis","www.mdfitalia.it","info@mdfitalia.it","valeria.salvi@mdfitalia.it","+39 0317570301","ITA","Mariano Comense","Via Fratelli Cervi 4/a","Salone del Mobile 2026","SMI","24","C14 D19","","Bedrooms | Dining rooms, living rooms | Outdoor furniture | Upholstered furniture | Furniture","Leisure armchairs | Plastic chairs | Wooden dining tables | Metal and glass dining tables | Marble dining tables | Metal and glass living room tables | Living rooms | Wooden sideboards | Wooden bookcases | Mattresses | Metal bookcases | Extension dining tables | Leather chairs | Wooden living room tables | Marble living room tables | Dining rooms | Metal stools | Sofas and armchairs | Outdoor furniture and accessories | Metal sideboards | Metal chairs | Stacking or folding chairs | Leather stools | Metal beds | Hall furniture | Wooden stools | Wooden chairs","furniture","take","Salone Internazionale del Mobile","yes","https://www.mdfitalia.com/it","yes","consumer, via dealers","MDF Italia, azienda di design milanese, ridefinisce i canoni del design contemporaneo. Scopri le collezioni iconiche e le soluzioni d’arredo raffinate.","","role inbox","Already runs a visualiser and markets to shoppers and routes them to dealers, so the gap is what happens after the render. Sharpest segment"
"Acheruntiaglass srl","www.lagalahome.com","info@lagalahome.com","info@lagalahome.com","+39 0971741900","ITA","Acerenza","Contrada Pipoli SNC","Salone del Mobile 2026","SMI","05","A22","","Dining rooms, living rooms | Furniture","Mirrors | Metal and glass dining tables | Metal and glass living room tables | Glass furniture","furniture","take","Salone Internazionale del Mobile","yes","https://www.lagalahome.com","no","catalogue only","Il design che attraversa la purezza del vetro, incontra le anime della natura e restituisce allo sguardo e agli ambienti, colori, profondità, emozioni e riflessi di un materiale senza tempo.","","role inbox","Publishes collections with a contact form as the only way in, which is the exact problem the email opens on. Audience unconfirmed"
"Activ 7 Product srl - Masara","www.masara.ro","office@masara.ro","office@masara.ro","+40 (729) 885437","ROU","Sâncel","Str. Horea 6 Jud. Alba","Salone del Mobile 2026","SMI","03","C26 D33","","Dining rooms, living rooms","Wooden dining tables | Wooden living room tables","furniture","take","Salone Internazionale del Mobile","yes","https://masara.ro/","yes","consumer, sells online","","","role inbox","Already runs a visualiser and sells direct to shoppers, so the gap is what happens after the render. Sharpest segment"
"ACUA","www.acuarubinetteria.it","info@acuarubinetteria.it","f.germin@corubinetterie.com","+39 0322950272","ITA","Bolzano Novarese","Via Casale 37","Salone del Mobile 2026","ARB","06","B43","","Sanitary ware, tapware, radiators, coverings, wellness | Bathroom furniture and accessories","Bathroom accessories | Bathroom, laundry and/or kitchen tapware","furniture","take","International Bathroom Exhibition","yes","https://acuarubinetteria.it/","no","catalogue only","Acua rubinetteria: il nuovo concept per la rubinetteria di lusso made in Italy","","role inbox","Publishes collections with a contact form as the only way in, which is the exact problem the email opens on. Audience unconfirmed"
"Adasan San. Tic. Ltd. Sti.","www.yaaz.com","info@yaaz.com","gizem@yaaz.com","+90 (212) 4722258","TUR","Bahçelievler / Istanbul","Yenibosna Merkez Mah. Degirmenbahçe Cad. Istwest A1 D:17","Salone del Mobile 2026","SMI","14","A29","","Dining rooms, living rooms | Outdoor furniture | Upholstered furniture","Metal stools | Wooden dining tables | Sofas and armchairs | Upholstered rocking-chairs | Outdoor umbrellas | Outdoor furniture and accessories | Metal chairs | Stacking or folding chairs | Rocking-chairs | Wooden chairs","furniture","take","Salone Internazionale del Mobile","unreachable","","","","","HTTP Error 403: Forbidden","role inbox","Site did not respond, check it by hand before spending a credit"
"ADD Rest","www.add-rest.com","office@add-rest.com","bogdan@add-rest.com","+40 (733) 065673","ROU","Brasov County","14 Egretei Street, room 2, Apt. 91","Salone del Mobile 2026","SMI","07","D03","","Bedrooms | Dining rooms, living rooms | Upholstered furniture | Furniture","Plastic chairs | Wooden dining tables | Metal and glass dining tables | Marble dining tables | Bedrooms | Metal and glass living room tables | Living rooms | Home cinema / Home-theatre seating | Folding beds | Mattresses | Metal bookcases | Convertible furniture | Wooden living room tables | Game tables and billiards | Partition wardrobes | TV tables | Sliding or fixed partitions for wardrobe walls | Metal chairs | Upholstered beds | Wooden beds | Metal beds | Convertible beds | Wardrobes | Wooden chairs","furniture","take","Salone Internazionale del Mobile","yes","https://add-rest.com/","no","consumer, sells online","Space-saving solutions that improve everyday life, reduce waste, and help you live smarter—with comfort, style, and purpose. ✅","","role inbox","No visualiser yet and sells direct to shoppers, so this is the full pitch rather than an upgrade"
"Adora","www.adorainteriors.com","info@arredoclassic.com","j.raicevic@arredoclassic.com","+39 0721497244","ITA","Montecchio di Vallefoglia","Via Marche 40/c","Salone del Mobile 2026","SMI","01","B06","","Dining rooms, living rooms | Upholstered furniture","Sofas and armchairs | Dining rooms","furniture","take","Salone Internazionale del Mobile","yes","https://www.adorainteriors.com","no","consumer, via dealers","Adora is the latest Arredoclassic line which blends the experience of this historic company with a contemporary design collections with a retro twist","","role inbox","No visualiser yet and markets to shoppers and routes them to dealers, so this is the full pitch rather than an upgrade"
"Adorea Cappelletti","www.adoreadesign.com","info@adoreadesign.com","serena@cappellettisrl.com","+39 031730603","ITA","Mariano Comense","Via Como 78/80","Salone del Mobile 2026","SMI","13","D18","","Bedrooms | Light fixtures | Dining rooms, living rooms | Upholstered furniture | Furniture","Wooden dining tables | Metal and glass dining tables | Marble dining tables | Bedrooms | Metal and glass living room tables | Wooden sideboards | Wooden bookcases | Metal bookcases | Wooden living room tables | Marble living room tables | Dining rooms | Metal stools | Sofas and armchairs | Mirrors | Light fixtures | Metal sideboards | Metal chairs | Upholstered beds | Metal beds | Hall furniture | Wooden stools | Wooden chairs","furniture","take","Salone Internazionale del Mobile","yes","https://adoreadesign.com/","no","catalogue only","","","role inbox","Publishes collections with a contact form as the only way in, which is the exact problem the email opens on. Audience unconfirmed"
"Agal Decor Co. Ltd.","www.agal.co.th","charnvitc@agal.co.th","charnvitc@agal.co.th","+66 (89) 7451333","THA","Bangkok","117/1 Ramkhamhaeng Rd., Min Buri","Salone del Mobile 2026","SMI","07","D10","","Bedrooms | Dining rooms, living rooms | Upholstered furniture | Furniture","Leisure armchairs | Metal stools | Bedrooms | Living rooms | Metal chairs | Hall furniture | Dining rooms","furniture","take","Salone Internazionale del Mobile","yes","https://www.agal.co.th","no","catalogue only","","","other","Publishes collections with a contact form as the only way in, which is the exact problem the email opens on. Audience unconfirmed"
"Akante","www.akante.com","communication@akante.com","communication@akante.com","+33 (3) 20903418","FRA","Wasquehal","45/1 Avenue de Flandre","Salone del Mobile 2026","SMI","07","C23","","Dining rooms, living rooms | Furniture","Metal and glass dining tables | Metal and glass living room tables | Metal chairs | Glass furniture | Extension dining tables | Leather chairs | Dining rooms","furniture","take","Salone Internazionale del Mobile","yes","https://www.akante.com/page/home/eneu","no","catalogue only","","","other","Publishes collections with a contact form as the only way in, which is the exact problem the email opens on. Audience unconfirmed"
"al2","www.al2.gr","export@al2.gr","alexia@al2.gr","+30 (210) 5575658","GRC","Aspropyrgos","Faka Area","Salone del Mobile 2026","SMI","18","C15","","Bedrooms | Dining rooms, living rooms | Upholstered furniture","Wooden dining tables | Sofas and armchairs | Bedrooms | Wooden sideboards | Wooden bookcases | Upholstered beds | Wooden living room tables | Dining rooms | Wooden chairs","furniture","take","Salone Internazionale del Mobile","yes","https://www.al2.gr","yes","catalogue only","A unique, design trademark that produces high-end furniture and has a global presence.","","role inbox","Already runs a visualiser but publishes collections and a catalogue with a contact form as the only way in, so confirm there is a shopper to capture"
"Albatros","www.albatroswellness.it","info@albatroswellness.it","marketing@megius.com","+39 0499048704","ITA","Veggiano","Via Galileo Galilei 5","Salone del Mobile 2026","ARB","06","A22 A24","","Sanitary ware, tapware, radiators, coverings, wellness","Saunas, turkish bath and spa | Bath tubs and whirlpool tubs","furniture","take","International Bathroom Exhibition","yes","https://albatroswellness.it/","no","consumer, sells online","Scopri il nostro ampio assortimento di vasche idromassaggio, saune multifunzione, box doccia e minipiscine. Il benessere è qui!","","role inbox","No visualiser yet and sells direct to shoppers, so this is the full pitch rather than an upgrade"
"Alberto Dias Barbosa lda","www.mab.pt","mail@mab.pt","ruibarbosa@mab.pt","+351 (224) 157590","PRT","Vandoma (Paredes)","Travessa da Chã 106","Salone del Mobile 2026","SMI","13","D23","","Bedrooms | Dining rooms, living rooms | Upholstered furniture | Furniture","Leisure armchairs | Wooden dining tables | Marble dining tables | Wooden trolleys | Bedrooms | Living rooms | Wooden sideboards | Wooden bookcases | Marble or stone furniture | Metal bookcases | Extension dining tables | Wooden living room tables | Marble living room tables | Dining rooms | TV tables | Mirrors | Sofas and armchairs | Leather furniture | Metal chairs | Upholstered beds | Metal or glass trolleys | Hall furniture | Wooden stools | Sofa beds and armchair beds | Wardrobes | Wooden chairs","furniture","take","Salone Internazionale del Mobile","yes","https://www.mab.pt","no","unclear","","","role inbox","Live site but no catalogue, cart or contact route found, needs a look"
"Alchymia srl","www.alchymia.it","info@alchymia.it","arianna@alchymia.it","+39 0362525244","ITA","Lentate sul Seveso","Viale Brianza 34","Salone del Mobile 2026","SMI","15","B03 B04","","Dining rooms, living rooms","Wooden dining tables | Metal and glass living room tables | Wooden living room tables | Wooden chairs","furniture","take","Salone Internazionale del Mobile","yes","https://www.alchymia.srl/","no","consumer, via dealers","Vibrant colours and flowing lines define the visual language of Decor and Design. Each piece becomes part of a refined aesthetic narrative, where innovation and heritage find perfect harmony.","","role inbox","No visualiser yet and markets to shoppers and routes them to dealers, so this is the full pitch rather than an upgrade"
"Alexandra","www.coleccionalexandra.com","mail@coleccionalexandra.com","lorena@coleccionalexandra.com","+34 (964) 513451","ESP","Burriana (Castellón)","Carrer Coure s/n P.E. Carabona","Salone del Mobile 2026","SMI","14","B30","","Bedrooms | Dining rooms, living rooms | Upholstered furniture | Furniture","Cardboard chairs and stools | Wooden dining tables | Leisure armchairs | Marble dining tables | Bedrooms | Living rooms | Home cinema / Home-theatre seating | Wooden bookcases | Leather chairs | Wooden living room tables | Game tables and billiards | Marble living room tables | Dining rooms | TV tables | Mirrors | Sofas and armchairs | Sliding or fixed partitions for wardrobe walls | Leather furniture | Cocktail cabinets | Wooden chairs","furniture","take","Salone Internazionale del Mobile","yes","https://www.coleccionalexandra.com/en","no","catalogue only","Discover luxury furniture designed and crafted in Spain. Bespoke handcrafted furniture in classic, contemporary and modern styles for residential, hospitality and contract interiors.","","role inbox","Publishes collections with a contact form as the only way in, which is the exact problem the email opens on. Audience unconfirmed"
"Alivar srl","www.alivar.com","alivar@alivar.com","elisabetta@alivar.com","+39 0558070115","ITA","Barberino Tavernelle","Via Leonardo da Vinci 118/14","Salone del Mobile 2026","SMI","18","D04","","Bedrooms | Dining rooms, living rooms | Outdoor furniture | Upholstered furniture | Furniture","Leisure armchairs | Wooden dining tables | Metal and glass dining tables | Marble dining tables | Wooden sideboards | Wooden bookcases | Marble or stone furniture | Extension dining tables | Leather chairs | Sofas and armchairs | Outdoor furniture and accessories | Leather furniture | Metal chairs | Upholstered beds | Wooden beds | Cocktail cabinets","furniture","take","Salone Internazionale del Mobile","yes","https://www.alivar.com","no","consumer, sells online","ALIVAR Italian brand of furniture and furnishing accessories of value and design, of high quality, designed and produced entirely in Italy.","","other","No visualiser yet and sells direct to shoppers, so this is the full pitch rather than an upgrade"
"Almar srl","www.almarmadeinitaly.it","info@almarmadeinitaly.it","sdidone@almarmadeinitaly.it","+39 0332743961","ITA","Gavirate","Via dello Sport 17 bis","Salone del Mobile 2026","ARB","06","A31","","Bathroom furniture and accessories","Bathroom accessories","furniture","take","International Bathroom Exhibition","unreachable","","","","","HTTP Error 429: Too Many Requests","role inbox","Site did not respond, check it by hand before spending a credit"
"Almas srl","www.almasitalia.com","info@almasitalia.com","info@almasitalia.com","+39 0444823044-821978","ITA","Meledo di Sarego","Via S. Bocconcello z.i. 26","Salone del Mobile 2026","SMI","01","B15","","Dining rooms, living rooms | Upholstered furniture","Leisure armchairs | Plastic chairs | Metal and glass dining tables | Leather chairs | Dining rooms | Metal stools | Sofas and armchairs | Upholstered rocking-chairs | Metal chairs | Leather stools | Rocking-chairs | Sofa beds and armchair beds | Plastic stools | Wooden chairs","furniture","take","Salone Internazionale del Mobile","yes","https://www.almasitalia.com","no","catalogue only","Almas Italia Complementi d","","role inbox","Publishes collections with a contact form as the only way in, which is the exact problem the email opens on. Audience unconfirmed"
"Alpa Salotti srl","www.alpasalotti.com","info@alpasalotti.com","export@alpasalotti.com","+39 0803118575","ITA","Altamura","Via Ferri Rocco 15","Salone del Mobile 2026","SMI","03","C09","","Bedrooms | Upholstered furniture","Sofas and armchairs | Upholstered beds | Sofa beds and armchair beds","furniture","take","Salone Internazionale del Mobile","yes","https://www.alpasalotti.com","no","unclear","","","role inbox","Live site but no catalogue, cart or contact route found, needs a look"
"Alpi spa","www.alpirubinetterie.com","infoalpi@alpirubinetterie.com","alliata.giulia@alpirubinetterie.com","+39 0322838450","ITA","Gattico-Veruno","Via Geola, 9","Salone del Mobile 2026","ARB","10","C08","","Sanitary ware, tapware, radiators, coverings, wellness","Bathroom, laundry and/or kitchen tapware","furniture","take","International Bathroom Exhibition","yes","http://www.alpirubinetterie.com","no","unclear","","","other","Live site but no catalogue, cart or contact route found, needs a look"
"Altacom","www.altacomitalia.it","info@altacomitalia.it","eleonora.mucelli@arsenalesas.it","+39 0421330311","ITA","Musile di Piave","Via dell'Artigianato 10/12","Salone del Mobile 2026","SMI","07","D16","","Bedrooms | Dining rooms, living rooms | Outdoor furniture | Upholstered furniture | Furniture","Plastic chairs | Wooden dining tables | Metal and glass dining tables | Marble dining tables | Metal and glass living room tables | Wooden sideboards | Metal bookcases | Convertible furniture | Extension dining tables | Leather chairs | Wooden living room tables | Metal stools | Sofas and armchairs | Mirrors | Outdoor furniture and accessories | Metal sideboards | Metal chairs | Stacking or folding chairs | Leather stools | Convertible beds | Hall furniture | Wooden stools | Plastic stools | Wooden chairs","furniture","take","Salone Internazionale del Mobile","yes","https://www.altacomitalia.it/en/home/","no","trade portal, gated","Altacom, multi-function furniture products. Transformable tables, extendable consoles, dining tables, coffee tables, stools and chairs.","","role inbox","Catalogue sits behind a dealer login, so the visitor is a dealer rather than a buyer"
"Ambiance Italia","www.ambianceitalia.it","info@ambianceitalia.it","atreu@outoo.it","+39 0432685030","ITA","S. Maria La Longa","Via Dei Prati 4","Salone del Mobile 2026","SMI","03","C12","","Dining rooms, living rooms | Outdoor furniture | Upholstered furniture","Metal and glass dining tables | Metal and glass living room tables | Extension dining tables | Leather chairs | Wooden living room tables | Stacking and nesting living room tables | Metal stools | Sofas and armchairs | Outdoor furniture and accessories | Metal chairs | Stacking or folding chairs | Leather stools | Wooden stools | Wooden chairs","furniture","take","Salone Internazionale del Mobile","yes","https://www.ambianceitalia.it","no","catalogue only","Sedie, Sgabelli e Tavoli","","role inbox","Publishes collections with a contact form as the only way in, which is the exact problem the email opens on. Audience unconfirmed"
"Ambienta","www.ambientaitalia.com","info@international-trading.it","info@stepdesign.it","+39 0824922870","ITA","Apice","Contrada San Donato","Salone del Mobile 2026","SMI","03","C25","","Dining rooms, living rooms","Plastic chairs | Plastic dining tables | Plastic stools","furniture","take","Salone Internazionale del Mobile","yes","https://www.ambientaitalia.com","no","consumer, sells online","","","role inbox","No visualiser yet and sells direct to shoppers, so this is the full pitch rather than an upgrade"
"Amr Helmy Designs","www.amrhelmydesigns.com","ahdh@amrhelmydesigns.com","ahdh@amrhelmydesigns.com","+20 (10) 03888164","EGY","Cairo","34 Orabi, Maadi","Salone del Mobile 2026","EUC","02","B31","","Kitchens | Kitchen furnishing accessories","Wood kitchens | Kitchen furnishing accessories","furniture","take","EuroCucina","yes","https://www.amrhelmydesigns.com","no","consumer, sells online","Amr Helmy Designs The leading modern kitchen and wardrobe manufacturer in Cairo, Egypt and the Middle East.","","other","No visualiser yet and sells direct to shoppers, so this is the full pitch rather than an upgrade"
"Anamon bv","www.anamon.be","info@anamon.be","info@anamon.be","+32 (3) 4112285","BEL","Nijlen","Elsendonkstraat 146","Salone del Mobile 2026","SMI","09","L06 L08","","Outdoor furniture","Outdoor umbrellas","furniture","take","Salone Internazionale del Mobile","yes","https://www.anamon.be","yes","unclear","A product by Royal Botania","","role inbox","Already runs a visualiser but no catalogue, cart or contact route found, so confirm there is a shopper to capture"
"Ancona Grupa d.o.o.","www.ancona-grupa.hr","info@ancona-grupa.hr","mladen.salinovic@ancona-grupa.hr","+385 (31) 840840","HRV","Djakovo","Makarska ulica 29","Salone del Mobile 2026","SMI","03","D01","","Bedrooms | Dining rooms, living rooms | Outdoor furniture | Upholstered furniture | Furniture","Leisure armchairs | Wooden dining tables | Extension dining tables | Leather chairs | Wooden living room tables | Metal stools | Sofas and armchairs | Mirrors | Outdoor furniture and accessories | Leather furniture | Metal chairs | Upholstered beds | Leather stools | Wooden stools | Wardrobes | Wooden chairs","furniture","take","Salone Internazionale del Mobile","yes","https://ancona-grupa.hr/","no","consumer, sells online","Ancona Grupa modern furniture factory","","role inbox","No visualiser yet and sells direct to shoppers, so this is the full pitch rather than an upgrade"
"Andrea Bizzotto spa","www.bizzotto.com","info@bizzotto.com","tania_grigolo@bizzotto.com","+39 0424832311","ITA","Bassano del Grappa","Via Motton 9","Salone del Mobile 2026","SMI","05","A09","","Dining rooms, living rooms | Outdoor furniture | Upholstered furniture | Furniture","Leisure armchairs | Plastic chairs | Wooden dining tables | Metal and glass dining tables | Marble dining tables | Metal and glass living room tables | Wooden sideboards | Wooden bookcases | Extension dining tables | Leather chairs | Wooden living room tables | Marble living room tables | Rush and rattan furniture | Metal stools | TV tables | Mirrors | Sofas and armchairs | Outdoor umbrellas | Outdoor furniture and accessories | Metal chairs | Leather stools | Hall furniture | Wooden stools | Plastic stools | Wooden chairs","furniture","take","Salone Internazionale del Mobile","yes","https://www.bizzotto.com","no","consumer, sells online","","","role inbox","No visualiser yet and sells direct to shoppers, so this is the full pitch rather than an upgrade"
"Angelo Monzio Compagnoni 1951 sas di Marco Monzio Compagnoni & C.","www.angelomonziocompagnoni.it","info@angelomonziocompagnoni.it","info@angelomonziocompagnoni.it","+39 036348636","ITA","Treviglio","Via Bergamo 60","Salone del Mobile 2026","SMI","01","B28","","Bedrooms | Dining rooms, living rooms | Furniture","Wooden dining tables | Bedrooms | Living rooms | Wooden sideboards | Wooden bookcases | Walk-in robes | Wooden living room tables | Dining rooms | Partition wardrobes | TV tables | Mirrors | Wooden beds | Hall furniture | Cocktail cabinets | Wardrobes | Wooden chairs","furniture","take","Salone Internazionale del Mobile","yes","https://www.angelomonziocompagnoni.it","no","consumer, sells online","Angelo Monzio Compagnoni 1951","","role inbox","No visualiser yet and sells direct to shoppers, so this is the full pitch rather than an upgrade"
"Anibal Carneiro Barbosa lda","www.animovel.pt","info@animovel.pt","duartecorreia@animovel.pt","+351 (255) 890250","PRT","Frazao - Pacos de Ferreira","Travessa da Agra 34","Salone del Mobile 2026","SMI","05","A18","","Bedrooms | Dining rooms, living rooms | Furniture","Wooden dining tables | Bedrooms | Living rooms | Extension dining tables | Wooden living room tables | Dining rooms | TV tables | Mirrors | Upholstered beds | Wooden beds | Hall furniture | Bunk beds | Wardrobes | Wooden chairs","furniture","take","Salone Internazionale del Mobile","yes","https://www.animovel.pt","no","catalogue only","Na animovel fabricamos e desenvolvemos mobiliário desde 1958. Há mais de 60 anos que nos destacamos como um dos principais motores de inovação e produção no sector de mobiliário português.","","role inbox","Publishes collections with a contact form as the only way in, which is the exact problem the email opens on. Audience unconfirmed"
"Annibale Colombo srl","www.annibalecolombo.com","info@annibalecolombo.com","samuele@annibalecolombo.com","+39 031790494","ITA","Meda","Via Verdi 28/30","Salone del Mobile 2026","SMI","13","C02 C04","","Bedrooms | Children's furniture | Dining rooms, living rooms | Outdoor furniture | Upholstered furniture | Furniture","Wooden dining tables | Marble dining tables | Wooden trolleys | Bedrooms | Living rooms | Wooden sideboards | Wooden bookcases | Modular living rooms | Walk-in robes | Extension dining tables | Wooden living room tables | Dining rooms | TV tables | Mirrors | Sofas and armchairs | Outdoor furniture and accessories | Children's bedrooms | Upholstered beds | Wooden beds | Hall furniture | Cocktail cabinets | Wooden stools | Wooden chairs","furniture","take","Salone Internazionale del Mobile","yes","https://www.annibalecolombo.com","yes","catalogue only","Mobili componibili, divani, poltrone, librerie, comò e comodini, cassettiere, credenze, tavoli, letti, scrittoi","","role inbox","Already runs a visualiser but publishes collections and a catalogue with a contact form as the only way in, so confirm there is a shopper to capture"
"Antiga Primo Secondo di Antiga Idolino & C. snc","www.antiga.it","antiga@antiga.it","martino@antiga.it","+39 0438486803","ITA","San Pietro di Feletto","Via Antiga 14","Salone del Mobile 2026","SMI","05","A10","","Dining rooms, living rooms | Outdoor furniture | Upholstered furniture","Rush and rattan furniture | Sofas and armchairs | Metal and glass dining tables | Outdoor furniture and accessories | Metal chairs | Stacking or folding chairs | Leather stools | Leather chairs","furniture","take","Salone Internazionale del Mobile","yes","https://www.antiga.it","no","catalogue only","L'arredo personalizzabile Made in Italy per l'outdoor per l’Ho.Re.Ca. di Antiga è pensato per durare nel tempo","","other","Publishes collections with a contact form as the only way in, which is the exact problem the email opens on. Audience unconfirmed"
"Antrax It srl","www.antrax.com","info@antrax.com","marketing@antrax.com","+39 04237174","ITA","Resana","Via Boscalto 40","Salone del Mobile 2026","ARB","06","B27","","Sanitary ware, tapware, radiators, coverings, wellness","Radiators","furniture","take","International Bathroom Exhibition","yes","https://www.antrax.com","no","unclear","","","role inbox","Live site but no catalogue, cart or contact route found, needs a look"
"APcollection srl","www.apcollection.be","info@apcollection.be","alexis@apcollection.be","+32 (48) 7207020","BEL","Strépy-Bracquegnies","18 Rue de la Croix du Maïeur","Salone del Mobile 2026","SMI","18","A01 B02","","Children's furniture | Upholstered furniture | Furniture","Leisure armchairs | Sofas and armchairs | Mirrors | Home cinema / Home-theatre seating | Leather furniture | Children's bedrooms | Pet furniture","furniture","take","Salone Internazionale del Mobile","yes","https://apcollection.be/","no","consumer, sells online","","","role inbox","No visualiser yet and sells direct to shoppers, so this is the full pitch rather than an upgrade"
"Aquaelite","www.aquaelite.it","info@aquaelite.it","riccardo.pianzola@aquaelite.it","+39 0332 732906","ITA","Gavirate","Viale dello Sport 16/18","Salone del Mobile 2026","ARB","10","C10","","Sanitary ware, tapware, radiators, coverings, wellness","Bathroom, laundry and/or kitchen tapware","furniture","take","International Bathroom Exhibition","yes","https://aquaelite.it/","no","consumer, sells online","Aquaelite è un'azienda italiana attenta al design e al risparmio idrico per lo spazio bagno e l'outdoor. Colonne doccia, soffioni, rubinetteria, finiture.","","role inbox","No visualiser yet and sells direct to shoppers, so this is the full pitch rather than an upgrade"
"Arboreal - Tropical Wood Design ltd","www.arboreal.online","henrique@arboreal.com.br","henrique@arboreal.com.br","+55 (11) 986500184","BRA","São Paulo","Av. Imperatriz Leopoldina 1042 Vila Leopoldina","Salone del Mobile 2026","SMI","03","C06 C08 D07 D09","","Dining rooms, living rooms","Wooden dining tables","furniture","take","Salone Internazionale del Mobile","yes","https://arboreal.online/","no","consumer, sells online","","","other","No visualiser yet and sells direct to shoppers, so this is the full pitch rather than an upgrade"
"Arcahorn srl","www.arcahorn.com","export@arcahorn.com","export@arcahorn.com","+39 0717500737","ITA","Recanati","C.da San Francesco 4","Salone del Mobile 2026","SMI","15","A06","","Dining rooms, living rooms | Upholstered furniture | Furniture","Wooden dining tables | Sofas and armchairs | Mirrors | Wooden trolleys | Wooden sideboards | Wooden bookcases | Hall furniture | Wooden living room tables | Cocktail cabinets | Marble living room tables | Wooden chairs","furniture","take","Salone Internazionale del Mobile","yes","https://arcahorn.com/","no","consumer, sells online","Arredamento e complementi realizzati con scrupolosa attenzione ai dettagli. Progettati per arredare gli ambienti più esclusivi.","","role inbox","No visualiser yet and sells direct to shoppers, so this is the full pitch rather than an upgrade"
"Archetypo srl","www.artedimurano.com","sales@artedimurano.com","sales@artedimurano.com","+39 0415274566","ITA","Venezia","Via Brunacci, 7","Salone del Mobile 2026","SMI","15","B28","","Dining rooms, living rooms | Furniture","Mirrors | Metal and glass dining tables | Metal and glass living room tables","furniture","take","Salone Internazionale del Mobile","yes","https://corporate.artedimurano.it/","no","unclear","","","role inbox","Live site but no catalogue, cart or contact route found, needs a look"
"Arco meubelfabriek b.v.","www.arco.nl","info@arco.nl","communicatie@arco.nl","+31 (543) 546570","NLD","Winterswijk","Parallelweg 2-III","Salone del Mobile 2026","SMI","24","D43","","Dining rooms, living rooms","Wooden dining tables | Wooden sideboards | Extension dining tables | Leather chairs | Wooden stools | Wooden living room tables","furniture","take","Salone Internazionale del Mobile","unreachable","","","","","HTTP Error 302: The HTTP server returned a redirect error that would l","role inbox","Site did not respond, check it by hand before spending a credit"
"Areta srl","www.areta.com","areta@areta.com","massimiliano.cozzi@areta.com","+39 0831810838","ITA","Francavilla Fontana","Via per Grottaglie km 3 z.i.","Salone del Mobile 2026","SMI","03","D14","","Dining rooms, living rooms | Outdoor furniture","Plastic chairs | Plastic dining tables | Outdoor furniture and accessories | Stacking or folding chairs | Extension dining tables | Plastic stools","furniture","take","Salone Internazionale del Mobile","yes","https://www.areta.com","no","unclear","","","other","Live site but no catalogue, cart or contact route found, needs a look"
"Arex srl","www.arexonline.com","luigi.galopin@xeraonline.com","adriano@arexonline.com","+39 04386591","ITA","Mareno di Piave","Via G. Galilei 1","Salone del Mobile 2026","EUC","04","C23","","Kitchens","Metal kitchens","furniture","take","EuroCucina","yes","https://www.arexonline.com","no","consumer, sells online","","","first.last","No visualiser yet and sells direct to shoppers, so this is the full pitch rather than an upgrade"
"Arflex","www.arflex.it","info@arflex.it","press@arflex.it","+39 0362853283","ITA","Giussano","Via Pizzo Scalino 1","Salone del Mobile 2026","SMI","09","B05 C06","","Bedrooms | Dining rooms, living rooms | Outdoor furniture | Upholstered furniture | Furniture","Plastic chairs | Marble dining tables | Metal and glass living room tables | Wooden bookcases | Metal bookcases | Wooden living room tables | Marble living room tables | Metal stools | Sofas and armchairs | Mirrors | Outdoor furniture and accessories | Metal chairs | Upholstered beds | Wooden chairs","furniture","take","Salone Internazionale del Mobile","yes","https://www.arflex.it","no","catalogue only","","","role inbox","Publishes collections with a contact form as the only way in, which is the exact problem the email opens on. Audience unconfirmed"
"Armadi Art","www.armadiart.com","info@armadiart.com","orgun@armadiart.com","+90 (266) 5020005","TUR","Altieylül-Balikesir","Balikesir Org.San.Böl.17.Cad.No:9","Salone del Mobile 2026","ARB","10","D05","","Bathroom furniture and accessories","Bathroom accessories | Bathroom furniture","furniture","take","International Bathroom Exhibition","yes","https://armadiart.com/","no","consumer, sells online","Collezioni di Armadi Art","","role inbox","No visualiser yet and sells direct to shoppers, so this is the full pitch rather than an upgrade"
"Armando Rho srl","www.rhoarmando.com","info@rhoarmando.com","valeria@rhoarmando.com","+39 031747463","ITA","Mariano Comense","Via per Cabiate 111","Salone del Mobile 2026","SMI","15","B31","","Bedrooms | Dining rooms, living rooms | Upholstered furniture | Furniture","Wooden dining tables | Wooden trolleys | Bedrooms | Living rooms | Wooden sideboards | Wooden bookcases | Walk-in robes | Wooden living room tables | Dining rooms | Partition wardrobes | Sofas and armchairs | Wooden beds | Wardrobes | Wooden chairs","furniture","take","Salone Internazionale del Mobile","yes","https://rhoarmando.com/","no","catalogue only","Armando Rho is one of the leading and most significant italiancompanies manufacturing high-end classic furniture.","","role inbox","Publishes collections with a contact form as the only way in, which is the exact problem the email opens on. Audience unconfirmed"
"Arper spa","www.arper.com","info@arper.com","vanessaroccatelli@arper.com","+39 04227918","ITA","Monastier di Treviso","Via Lombardia 16","Salone del Mobile 2026","SMI","22","B02","","Dining rooms, living rooms | Outdoor furniture | Upholstered furniture","Plastic chairs | Wooden dining tables | Metal and glass dining tables | Marble dining tables | Metal and glass living room tables | Leather chairs | Wooden living room tables | Marble living room tables | Metal stools | Sofas and armchairs | Outdoor furniture and accessories | Metal chairs | Wooden stools | Plastic stools | Wooden chairs","furniture","take","Salone Internazionale del Mobile","yes","https://www.arper.com/us_EN/","yes","consumer, sells online","We create spaces and solutions that shape the project of living. Discover our furnishings aiming to support harmonious, comfortable living in its many forms, that inspire and grow with us over time.","","role inbox","Already runs a visualiser and sells direct to shoppers, so the gap is what happens after the render. Sharpest segment"
"Arredoclassic srl","www.arredoclassic.com","info@arredoclassic.com","j.raicevic@arredoclassic.com","+39 0721497244","ITA","Montecchio di Vallefoglia","Via Marche 40/c","Salone del Mobile 2026","SMI","01","B06","","Dining rooms, living rooms | Upholstered furniture","Sofas and armchairs | Dining rooms","furniture","take","Salone Internazionale del Mobile","yes","https://arredoclassic.com/","no","consumer, sells online","Arredoclassic, italian classic furniture maker. Discover our Made In Italy product designed with classic and modern style. Furniture with timeless appeal.","","role inbox","No visualiser yet and sells direct to shoppers, so this is the full pitch rather than an upgrade"
"Arrex le cucine","www.arrex.it","info.arrex@arrex.it","elisa.polesello@arrex.it","+39 0422741331","ITA","Mansue'","Via Portobuffole' 32","Salone del Mobile 2026","EUC","04","C10","","Kitchens | Kitchen furnishing accessories","Wood kitchens | Natural stone kitchens | Plastic laminate kitchens | Lacquered kitchens | Metal kitchens | Kitchen furnishing accessories","furniture","take","EuroCucina","yes","https://www.arrex.it","no","catalogue only","Arrex Le Cucine trasforma in realtà le migliori idee d’arredo per la cucina componibile e il living.","","first.last","Publishes collections with a contact form as the only way in, which is the exact problem the email opens on. Audience unconfirmed"
"Art Nova srl","www.artnova.it","info@artnova.it","riccardo@artnova.it","+39 0331273232","ITA","Besnate","Via Mauri 4","Salone del Mobile 2026","SMI","14","D35","","Bedrooms | Dining rooms, living rooms | Outdoor furniture | Upholstered furniture","Stacking and nesting living room tables | Sofas and armchairs | Outdoor furniture and accessories | Wooden bookcases | Upholstered beds | Metal bookcases | Wooden living room tables | Marble living room tables | Dining rooms","furniture","take","Salone Internazionale del Mobile","yes","http://www.artnova.it","no","unclear","","","role inbox","Live site but no catalogue, cart or contact route found, needs a look"
"Arte Brotto Mobili srl","www.artebrotto.it","info@artebrotto.it","marketing@artebrotto.it","+39 0424560560","ITA","Cusinati di Rosa'","Via Pigna 36","Salone del Mobile 2026","SMI","14","D47","","Bedrooms | Dining rooms, living rooms | Furniture","Wooden dining tables | Mirrors | Bedrooms | Wooden sideboards | Wooden bookcases | Wooden beds | Walk-in robes | Wooden living room tables | Wooden stools | Cocktail cabinets | Wardrobes | Dining rooms | Wooden chairs","furniture","take","Salone Internazionale del Mobile","yes","https://www.artebrotto.it","no","unclear","","","role inbox","Live site but no catalogue, cart or contact route found, needs a look"
"Arte Veneziana","www.arteveneziana.com","info@arteveneziana.com","graphic@arteveneziana.com","+39 041908920","ITA","Olmo  Martellago","Via Cattaneo 7","Salone del Mobile 2026","SMI","15","B16","","Bedrooms | Light fixtures | Dining rooms, living rooms | Furniture","Wooden dining tables | Metal and glass dining tables | Marble dining tables | Bedrooms | Metal and glass living room tables | Living rooms | Wooden sideboards | Wooden bookcases | Marble or stone furniture | Modular living rooms | Metal bookcases | Walk-in robes | Sliding or fixed partitions for walk-in robes | Wooden living room tables | Marble living room tables | Dining rooms | Mirrors | Light fixtures | Metal chairs | Glass furniture | Metal or glass trolleys | Cocktail cabinets | Hall furniture | Wardrobes | Wooden chairs","furniture","take","Salone Internazionale del Mobile","yes","https://www.arteveneziana.com","no","catalogue only","Arte Veneziana: the almost 50 years old furniture atelier which combines a strong glass engraving passion and artistic decoration knowledge with a stood out contemporary taste.","","role inbox","Publishes collections with a contact form as the only way in, which is the exact problem the email opens on. Audience unconfirmed"
"Arteinmotion","www.arteinmotion.com","info@arteinmotion.com","carlo@arteinmotion.com","+39 0522924056","ITA","Reggio Emilia","Via Euripide 13","Salone del Mobile 2026","SMI","05","A34","","Light fixtures | Dining rooms, living rooms | Upholstered furniture | Furniture","Metal stools | TV tables | Mirrors | Metal and glass dining tables | Sofas and armchairs | Metal and glass living room tables | Light fixtures | Metal bookcases | Leather chairs | Cocktail cabinets","furniture","take","Salone Internazionale del Mobile","yes","https://www.arteinmotion.com","no","consumer, sells online","Arredi di lusso Made in Italy realizzati con autentiche parti di aereo: eliche, tavoli motore, bar, reception, specchi e lampadari su misura.","","role inbox","No visualiser yet and sells direct to shoppers, so this is the full pitch rather than an upgrade"
"Artifort","www.artifort.com","info@artifort.com","acoenen@artifort.com","+31 (73) 6580040","NLD","Schijndel","Van Leeuwenhoekweg 20","Salone del Mobile 2026","SMI","22","B39","","Dining rooms, living rooms | Upholstered furniture | Furniture","Leisure armchairs | Plastic chairs | Wooden dining tables | Sofas and armchairs | Metal chairs | Marble or stone furniture | Leather stools | Hall furniture | Leather chairs | Marble living room tables","furniture","take","Salone Internazionale del Mobile","yes","https://www.artifort.com","no","consumer, via dealers","","","role inbox","No visualiser yet and markets to shoppers and routes them to dealers, so this is the full pitch rather than an upgrade"
"Artis","www.gpsinox.it","info@gpsinox.it","avvgianlucaconti@gmail.com","+39 073786732","ITA","Matelica","Via Vocabolo Felceto 34/36","Salone del Mobile 2026","EUC","04","D30","","Kitchens","Metal kitchens","furniture","take","EuroCucina","yes","https://www.gpsinox.it","no","catalogue only","","","role inbox","Publishes collections with a contact form as the only way in, which is the exact problem the email opens on. Audience unconfirmed"
"Artis srl","www.artisitaly.com","info@artisitaly.com","francesco.gugliotta@artisitaly.com","+39 0302680854","ITA","Collebeato","Via Enrico Mattei 14","Salone del Mobile 2026","ARB","10","D01","","Sanitary ware, tapware, radiators, coverings, wellness | Bathroom furniture and accessories","Bathroom accessories | Bathroom, laundry and/or kitchen tapware","furniture","take","International Bathroom Exhibition","yes","https://artisitaly.com/en/","no","catalogue only","","","role inbox","Publishes collections with a contact form as the only way in, which is the exact problem the email opens on. Audience unconfirmed"
"Artisan d.o.o.","www.artisan.ba","info@artisan.ba","valentina@artisan.ba","+387 (32) 667910","BIH","Tesanj","Medakovo b.b.","Salone del Mobile 2026","SMI","18","C01","","Bedrooms | Dining rooms, living rooms | Upholstered furniture | Furniture","Wooden dining tables | Sofas and armchairs | Mirrors | Wooden sideboards | Wooden bookcases | Wooden beds | Stacking or folding chairs | Extension dining tables | Wooden living room tables | Wooden stools | Wooden chairs","furniture","take","Salone Internazionale del Mobile","yes","https://artisan.ba/","no","consumer, via dealers","Artisan solid wood furniture - Design, manufacture and interior decoration. Chairs, tables, beds, sideboards, shelves and custom made furniture.","","role inbox","No visualiser yet and markets to shoppers and routes them to dealers, so this is the full pitch rather than an upgrade"
"Artize","www.jaquar.com","manish.t@jaquar.com","manish.t@jaquar.com","+91 (965) 0494322","IND","Gurgaon","Plot No. 3, Sector-11, IMT Manesar, Gurugram","Salone del Mobile 2026","ARB","06","D29 D33","","Sanitary ware, tapware, radiators, coverings, wellness | Bathroom furniture and accessories","Bathroom accessories | Saunas, turkish bath and spa | Bathroom, laundry and/or kitchen tapware | Shower cubicles | Bath tubs and whirlpool tubs | Sanitary ware","furniture","take","International Bathroom Exhibition","unreachable","","","","","HTTP Error 500: Internal Server Error","first.last","Site did not respond, check it by hand before spending a credit"
"Artu","www.artu.works","info@artu.works","info@artu.works","+48 (45) 1017929","POL","Lomianki","Wislana 74","Salone del Mobile 2026","SMI","18","C10","","Dining rooms, living rooms | Outdoor furniture | Upholstered furniture | Furniture","Wooden dining tables | Sofas and armchairs | Outdoor furniture and accessories | Metal chairs | Stacking or folding chairs | Hall furniture | Wooden stools | Wooden chairs","furniture","take","Salone Internazionale del Mobile","yes","https://artu.works/","no","consumer, sells online","Manufacturing of designer furniture for business “Artu”. Tables, chairs and upholstered furniture for HoReCa made on the balance between design, ergonomics and functionality.","","role inbox","No visualiser yet and sells direct to shoppers, so this is the full pitch rather than an upgrade"
"Asia Collection Co. Ltd","www.masaya-furniture.com","acbronze@asianenterprises.net","masaya@bronzeinthai.com","+66 (2) 6390929","THA","Bangkok","59,61,63,65 Charoenkrung Rd. Charoenkring 30","Salone del Mobile 2026","SMI","07","D10","","Upholstered furniture","Leisure armchairs | Sofas and armchairs","furniture","take","Salone Internazionale del Mobile","yes","https://www.masaya-furniture.com","no","consumer, sells online","","","other","No visualiser yet and sells direct to shoppers, so this is the full pitch rather than an upgrade"
"Asnaghi Interiors Design","www.asnaghi.com","info@asnaghi.com","francesca@asnaghi.com","+39 03627714","ITA","Meda","Via Molino 2","Salone del Mobile 2026","SMI","15","B37","","Bedrooms | Dining rooms, living rooms | Furniture","Wooden dining tables | Bedrooms | Living rooms | Wooden bookcases | Upholstered beds | Wooden beds | Wooden living room tables | Wooden stools | Cocktail cabinets | Wardrobes | Dining rooms | Wooden chairs","furniture","take","Salone Internazionale del Mobile","yes","https://www.asnaghi.com/en/","no","consumer, sells online","The Asnaghi interior design team designs - for professionals and private individuals - unique luxury furnishings in classic and contemporary style.","","role inbox","No visualiser yet and sells direct to shoppers, so this is the full pitch rather than an upgrade"
"Atelye Kepi Dek. ve Mob. San. Tic. Ltd. Sti","www.bykepi.com","info@bykepi.com","nisan@bykepi.com","+90 (232) 2813976","TUR","Gaziemir / Izmir","Fatih Mah. 1193 Sokak n. 8 Sarniç","Salone del Mobile 2026","SMI","01","A27","","Bedrooms | Dining rooms, living rooms | Upholstered furniture | Furniture","Leisure armchairs | Wooden dining tables | TV tables | Mirrors | Marble dining tables | Sofas and armchairs | Bedrooms | Living rooms | Leather chairs | Wooden living room tables | Dining rooms","furniture","take","Salone Internazionale del Mobile","yes","https://www.bykepi.com/en","no","catalogue only","Discover luxury furniture collections crafted with excellence. Premium design meets superior craftsmanship.","","role inbox","Publishes collections with a contact form as the only way in, which is the exact problem the email opens on. Audience unconfirmed"
"Audo Copenhagen","www.audocph.com","info@audocph.com","cro@audocph.com","+45 (48) 406100","DNK","Nordhavn, Copenhagen","Aarhusgade 130 1ST","Salone del Mobile 2026","SMI","09","F03 G02","","Dining rooms, living rooms | Outdoor furniture | Upholstered furniture | Furniture","Wooden dining tables | Metal and glass dining tables | Wooden sideboards | Wooden bookcases | Marble or stone furniture | Cardboard bookcases | Wooden living room tables | Dining rooms | Stacking and nesting living room tables | Metal stools | Mirrors | Outdoor furniture and accessories | Metal sideboards | Leather furniture | Leather stools | Rocking-chairs | Cardboard chairs and stools | Leisure armchairs | Marble dining tables | Metal and glass living room tables | Living rooms | Modular living rooms | Extension dining tables | Leather chairs | Marble living room tables | TV tables | Sofas and armchairs | Upholstered rocking-chairs | Metal chairs | Glass furniture | Stacking or folding chairs | Hall furniture | Wooden stools | Wooden chairs","furniture","take","Salone Internazionale del Mobile","yes","https://audocph.com/","yes","consumer, sells online","Audo reflects both a century of Danish design tradition and a modern, global outlook that is continually expanding and evolving.","","role inbox","Already runs a visualiser and sells direct to shoppers, so the gap is what happens after the render. Sharpest segment"
"Avides - Tramontina","www.avides.com.br","gustavo@avides.com.br","gustavo@avides.com.br","+55 (91) 984067798","BRA","Belem","Distrito De Icoaraci Qd. 2 Lotes 3","Salone del Mobile 2026","SMI","03","C06 C08 D07 D09","","Dining rooms, living rooms","Wooden chairs","furniture","take","Salone Internazionale del Mobile","yes","https://www.avides.com.br","no","unclear","Estamos preparando uma nova experiência digital. Madeira tropical certificada da Amazônia, da floresta ao mundo. Entre em contato com a AVIDES.","","other","Live site but no catalogue, cart or contact route found, needs a look"
"Axor","www.axor-design.com","info@axor-design.com","wolfgang.pfaff@hansgrohe.com","+49 (7836) 510","DEU","Schiltach","Auestrasse 5-9","Salone del Mobile 2026","ARB","06","A35","","Sanitary ware, tapware, radiators, coverings, wellness | Bathroom furniture and accessories","Bathroom accessories | Bathroom, laundry and/or kitchen tapware | Bathroom furniture","furniture","take","International Bathroom Exhibition","unreachable","","","","","HTTP Error 403: Forbidden","role inbox","Site did not respond, check it by hand before spending a credit"
"B&B Italia spa","www.bebitalia.it","info@bebitalia.com","yman.sola@ext.bebitalia.it","+39 031795111","ITA","Novedrate","Strada Provinciale 32, nr 15","Salone del Mobile 2026","SMI","09","E03 E11 F02 F06","","Upholstered furniture","Sofas and armchairs","furniture","take","Salone Internazionale del Mobile","yes","https://www.bebitalia.com/en-us/","no","consumer, sells online","B&B Italia: leader of high quality modern furniture, contemporary furniture, outdoor furniture and furnishing for home and businesses","","role inbox","No visualiser yet and sells direct to shoppers, so this is the full pitch rather than an upgrade"
"B.Home Interiors srl","www.giobagnara.com","info@giobagnara.com","design@giobagnara.com","+39 0102518989","ITA","Genova","Via Manara 2","Salone del Mobile 2026","SMI","13","D42","","Dining rooms, living rooms | Upholstered furniture | Furniture","Sofas and armchairs | Metal and glass living room tables | Leather stools | Metal or glass trolleys | Leather chairs | Hall furniture","furniture","take","Salone Internazionale del Mobile","yes","https://www.giobagnara.com","no","catalogue only","B•Home Interiors presents GioBagnara handmade in Italy","","role inbox","Publishes collections with a contact form as the only way in, which is the exact problem the email opens on. Audience unconfirmed"
"Baleri Italia","www.baleri-italia.com","info@baleri-italia.com","sara.panzeri@baleri-italia.com","+39 0352054611","ITA","Cantù","Via Montesolaro 14/b","Salone del Mobile 2026","SMI","22","A19","","Dining rooms, living rooms | Upholstered furniture","Leisure armchairs | Plastic chairs | Metal stools | Sofas and armchairs | Metal and glass dining tables | Upholstered rocking-chairs | Metal and glass living room tables | Metal chairs | Metal bookcases | Stacking or folding chairs | Marble living room tables","furniture","take","Salone Internazionale del Mobile","yes","https://baleri-italia.com/en","no","unclear","","","role inbox","Live site but no catalogue, cart or contact route found, needs a look"
"Bamax srl","www.bamax.it","bamax@bamax.it","bamax@bamax.it","+39 0423949362","ITA","One' di Fonte","Via Castellana 172","Salone del Mobile 2026","SMI;EUC","13","C19","","Bedrooms | Children's furniture | Dining rooms, living rooms | Upholstered furniture | Furniture","Wooden dining tables | Bedrooms | Wooden sideboards | Wooden bookcases | Modular living rooms | Metal bookcases | Walk-in robes | Dining rooms | Partition wardrobes | Sofas and armchairs | Children's bedrooms | Upholstered beds | Wooden beds | Hall furniture | Cocktail cabinets | Wooden stools | Wardrobes | Wooden chairs","furniture","take","Salone Internazionale del Mobile","unreachable","","","","","<urlopen error _ssl.c:999: The handshake operation timed out>","other","Site did not respond, check it by hand before spending a credit"
"Barausse srl","www.barausse.com","info@barausse.com","marketing@barausse.com","+39 0444900000","ITA","Monticello Conte Otto","Via Parmesana 27","Salone del Mobile 2026","SMI","14","B26","","Bedrooms","Sliding or fixed partitions for wardrobe walls | Walk-in robes | Sliding or fixed partitions for walk-in robes | Partition wardrobes","furniture","take","Salone Internazionale del Mobile","yes","https://www.barausse.com","no","consumer, via dealers","Barausse creates interior doors, flush-to-wall solutions, sliding doors, wall paneling, fire-rated and soundproof doors for luxury residential and contract projects.","","role inbox","No visualiser yet and markets to shoppers and routes them to dealers, so this is the full pitch rather than an upgrade"
"Barazza srl","www.barazzasrl.it","info@barazzasrl.it","flovisotto@barazzasrl.it","+39 043862888","ITA","Sarano di S.Lucia di Piave","Via Risorgimento 14","Salone del Mobile 2026","EUC","02","A23","","Kitchens","Metal kitchens","furniture","take","EuroCucina","yes","https://barazzasrl.it/","no","consumer, sells online","Scopri le cucine di pregio Barazza: elettrodomestici, lavelli e piani cottura in acciaio inox, ideali per arredare ambienti funzionali e raffinati.","","role inbox","No visualiser yet and sells direct to shoppers, so this is the full pitch rather than an upgrade"
"Barlow Tyrie","www.teak.com","info@teak.com","cfrench@teak.com","+44 (0) 1376 557600","GBR","Braintree","19 Springwood Drive Springwood Industrial Estate","Salone del Mobile 2026","SMI","14","D37 D39","","Kitchen furniture","Kitchen furniture","furniture","take","Salone Internazionale del Mobile","yes","https://www.teak.com","no","consumer, sells online","Crafting exceptional teak, aluminium and stainless steel outdoor furniture for home and commercial settings.","","role inbox","No visualiser yet and sells direct to shoppers, so this is the full pitch rather than an upgrade"
"Bath Collection S.L","www.thebathcollection.com","info@bathcogroup.com","pgomez@bathcogroup.com","+34 (942) 321222","ESP","Santander","Bajada del Caleruco 21A","Salone del Mobile 2026","ARB","06","A30","","Sanitary ware, tapware, radiators, coverings, wellness | Bathroom furniture and accessories","Bathroom accessories | Bathroom furniture | Sanitary ware","furniture","take","International Bathroom Exhibition","yes","https://www.thebathcollection.com","no","consumer, via dealers","Bathco, empresa líder en el sector del baño, cuenta con lavabos, encimeras y sanitarios de diseño innovador y gran calidad.","","role inbox","No visualiser yet and markets to shoppers and routes them to dealers, so this is the full pitch rather than an upgrade"
"Bel Mondo by Bellotti Ezio","www.belmondobybellotti.it","bellotti@bellotti.it","commerciale@bellotti.it","+39 031766113","ITA","Cabiate","Via Milano ang.Via Buozzi","Salone del Mobile 2026","SMI","13","C23","","Bedrooms | Dining rooms, living rooms | Furniture","Wooden dining tables | Mirrors | Bedrooms | Wooden sideboards | Wooden bookcases | Upholstered beds | Extension dining tables | Wooden living room tables | Wooden stools | Hall furniture | Wardrobes | Dining rooms | Wooden chairs","furniture","take","Salone Internazionale del Mobile","yes","https://www.bellotti.it/","no","catalogue only","","","other","Publishes collections with a contact form as the only way in, which is the exact problem the email opens on. Audience unconfirmed"
"Belbagno Italia srl","www.belbagnoitalia.it","commerciale@belbagnoitalia.it","tecnico@belbagnoitalia.it","+39 0722580131","ITA","Montecalvo in Foglia","Via Prov.le Feltresca 6","Salone del Mobile 2026","ARB","06","B36","","Bathroom furniture and accessories","Bathroom furniture","furniture","take","International Bathroom Exhibition","yes","https://belbagnoitalia.it/","no","consumer, via dealers","","","role inbox","No visualiser yet and markets to shoppers and routes them to dealers, so this is the full pitch rather than an upgrade"
"Belce Design","www.belce-design.com","info@belce-design.com","info@bellelliufficio.it","+39 0375240181","ITA","Viadana","Z.i. Gerbolina","Salone del Mobile 2026","SMI","03","C18","","Dining rooms, living rooms | Upholstered furniture","Leisure armchairs | Plastic chairs | Wooden dining tables | Metal chairs | Wooden living room tables | Plastic stools | Wooden chairs","furniture","take","Salone Internazionale del Mobile","yes","https://www.belce-design.com","no","consumer, sells online","","","role inbox","No visualiser yet and sells direct to shoppers, so this is the full pitch rather than an upgrade"
"BelCor Interiors srl","www.belcor.it","info@belcor.it","comunicazione@belcor.it","+39 0362564267","ITA","Giussano","Via G. Parini 49","Salone del Mobile 2026","SMI","15","B18","","Bedrooms | Dining rooms, living rooms | Upholstered furniture | Furniture","Wardrobes | Wooden chairs | Wooden dining tables | Bedrooms | Wooden sideboards | Wooden bookcases | Marble or stone furniture | Walk-in robes | Wooden living room tables | Dining rooms | Stacking and nesting living room tables | Mirrors | Upholstered beds | Wooden beds | Leisure armchairs | Marble dining tables | Metal and glass living room tables | Living rooms | Modular living rooms | Extension dining tables | Marble living room tables | TV tables | Sofas and armchairs | Glass furniture | Hall furniture | Shoe cupboards | Bunk beds | Sofa beds and armchair beds | Wooden stools | Convertible beds | Cocktail cabinets","furniture","take","Salone Internazionale del Mobile","yes","https://belcor.it/en","no","catalogue only","","","role inbox","Publishes collections with a contact form as the only way in, which is the exact problem the email opens on. Audience unconfirmed"
"Bellosta Carlo & C. srl Rubinetterie","www.bellostarubinetterie.com","info@bellostarubinetterie.com","lara@bellostarubinetterie.com","+39 032294684","ITA","Briga Novarese","Via Roma trav. S. Botticelli 12","Salone del Mobile 2026","ARB","10","B12 B14","","Sanitary ware, tapware, radiators, coverings, wellness","Bathroom, laundry and/or kitchen tapware","furniture","take","International Bathroom Exhibition","yes","https://bellostarubinetterie.com/","yes","consumer, sells online","","","role inbox","Already runs a visualiser and sells direct to shoppers, so the gap is what happens after the render. Sharpest segment"
"Bellotti Ezio Arredamenti srl","www.bellotti.it","amministrazione@bellotti.it","commerciale@bellotti.it","+39 031766113","ITA","Cabiate","Via Milano ang.Via Buozzi","Salone del Mobile 2026","SMI","13","C23","","Bedrooms | Dining rooms, living rooms | Upholstered furniture | Furniture","Wooden dining tables | Bedrooms | Living rooms | Wooden sideboards | Wooden bookcases | Walk-in robes | Extension dining tables | Wooden living room tables | Dining rooms | Sofas and armchairs | Mirrors | Upholstered rocking-chairs | Upholstered beds | Hall furniture | Cocktail cabinets | Wooden stools | Wardrobes | Wooden chairs","furniture","take","Salone Internazionale del Mobile","yes","https://www.bellotti.it","no","catalogue only","","","other","Publishes collections with a contact form as the only way in, which is the exact problem the email opens on. Audience unconfirmed"
"Bensen srl","www.bensen.it","bensen@bensen.it","paolo@bensen.it","+39 0434632688","ITA","Prata di Pordenone","Via E. Mattei 32","Salone del Mobile 2026","SMI","14","D32","","Bedrooms | Dining rooms, living rooms | Outdoor furniture | Upholstered furniture | Furniture","TV tables | Mirrors | Sofas and armchairs | Outdoor furniture and accessories | Plastic bookcases | Upholstered beds | Modular living rooms | Stacking or folding chairs | Leather stools | Extension dining tables | Leather chairs | Rocking-chairs | Dining rooms","furniture","take","Salone Internazionale del Mobile","yes","https://bensen.com/","yes","catalogue only","Founded in 1981 by Niels Bendtsen, Bensen combines Italian craftsmanship with contemporary design to create elegant and versatile furnishings.","","other","Already runs a visualiser but publishes collections and a catalogue with a contact form as the only way in, so confirm there is a shopper to capture"
"Berloni","www.berloni.com","info@berloni.com","andrea.ciocca@berloni.com","+39 0423488420","ITA","Riese Pio X","Via Castellana, 71a","Salone del Mobile 2026","EUC","02","A22","","Kitchens","Wood kitchens | Plastic laminate kitchens | Lacquered kitchens | Metal kitchens","furniture","take","EuroCucina","yes","https://berloni.com/","no","catalogue only","Berloni: arredamento e mobili di design per la cucina e il soggiorno Made in Italy. Qualità, stile, eleganza e innovazione per la tua casa.","","role inbox","Publishes collections with a contact form as the only way in, which is the exact problem the email opens on. Audience unconfirmed"
"Betaco - Belgian Talents Company","www.betaco.be","info@betaco.be","baptist@betaco.be","+32 (472) 481073","BEL","Knokke Heist","Natiënlaan 291","Salone del Mobile 2026","SMI","18","A01 B02","","Outdoor furniture","Outdoor furniture and accessories","furniture","take","Salone Internazionale del Mobile","yes","https://www.betaco.be","no","catalogue only","","","role inbox","Publishes collections with a contact form as the only way in, which is the exact problem the email opens on. Audience unconfirmed"
"Bianco Cave by Fato Stone","www.biancocave.it","fatostone@gmail.com","fatostone@gmail.com","+39 0836471227","ITA","Melpignano","Via Vore 1","Salone del Mobile 2026","SMI","05","A38","","Dining rooms, living rooms | Furniture","Mirrors | Marble dining tables | Living rooms | Marble or stone furniture | Marble living room tables","furniture","take","Salone Internazionale del Mobile","yes","https://www.biancocave.com/","no","consumer, sells online","Estraiamo e lavoriamo la pietra leccese per realizzare rivestimenti interni ed esterni, elementi di arredo e design per hotel, masserie e residenze private.","","other","No visualiser yet and sells direct to shoppers, so this is the full pitch rather than an upgrade"
"BICA S.p.A","www.bica.eu","info@bica.eu","francesco@bica.eu","+39 0495349960","ITA","Candiana","Via dell'Artigianato, 2","Salone del Mobile 2026","SMI","03","C33","","Dining rooms, living rooms | Outdoor furniture","Plastic chairs | Outdoor furniture and accessories | Plastic stools","furniture","take","Salone Internazionale del Mobile","yes","https://www.bica.eu","no","consumer, via dealers","I prodotti BICA sono progettati per offrire arredo da giardino di alta qualità, ideali per creare spazi esterni eleganti e funzionali","","role inbox","No visualiser yet and markets to shoppers and routes them to dealers, so this is the full pitch rather than an upgrade"
"Biliardi MBM srls","www.mbmbiliardi.it","info@mbmbiliardi.it","uffamministrativo@mbmbiliardi.it","+39 0775538181","ITA","Roma","Via Bixio 89","Salone del Mobile 2026","SMI","03","D19","","Bedrooms | Children's furniture | Dining rooms, living rooms | Outdoor furniture | Furniture","Wooden dining tables | Metal and glass dining tables | Wooden sideboards | Wooden bookcases | Walk-in robes | Sliding or fixed partitions for walk-in robes | Wooden living room tables | Game tables and billiards | Dining rooms | Partition wardrobes | Outdoor furniture and accessories | Leather furniture | Leather stools | Marble dining tables | Metal and glass living room tables | Living rooms | Modular living rooms | Convertible furniture | Leather chairs | Marble living room tables | TV tables | Sliding or fixed partitions for wardrobe walls | Hall furniture | Cocktail cabinets | Wooden stools | Other children's furniture | Wardrobes | Wooden chairs","furniture","take","Salone Internazionale del Mobile","yes","https://www.mbmbiliardi.it/","no","unclear","","","role inbox","Live site but no catalogue, cart or contact route found, needs a look"
"Billards Toulet","www.billard-toulet.com","toulet@billard-toulet.com","s.bouthors@billard-toulet.com","+33 (3) 20462554","FRA","Bondues","Avenue du Général de Gaulle 600","Salone del Mobile 2026","SMI","15","A26","","Dining rooms, living rooms","Game tables and billiards","furniture","take","Salone Internazionale del Mobile","yes","https://maisontoulet.com/","no","consumer, sells online","Découvrez les billards, les babyfoot et autres tables de jeux fabriqués en France, par Maison Toulet. Fabrication sur Mesure depuis 1857","","other","No visualiser yet and sells direct to shoppers, so this is the full pitch rather than an upgrade"
"Billiani srl","www.billiani.it","info@billiani.it","design@billiani.it","+39 0432740180","ITA","Manzano","Via della Roggia 28","Salone del Mobile 2026","SMI","22","A32","","Dining rooms, living rooms | Upholstered furniture","Wooden dining tables | Marble dining tables | Metal and glass living room tables | Leather chairs | Wooden living room tables | Metal stools | Sofas and armchairs | Upholstered rocking-chairs | Metal chairs | Stacking or folding chairs | Leather stools | Rocking-chairs | Wooden stools | Wooden chairs","furniture","take","Salone Internazionale del Mobile","unreachable","","","","","HTTP Error 403: Forbidden","role inbox","Site did not respond, check it by hand before spending a credit"
"Binova","www.binova.it","info@binova.it","GDM@cubodesign.it","+39 085871131","ITA","Notaresco","Località Case Sciarroni - Grasciano","Salone del Mobile 2026","EUC","02","A14 A16","","Kitchens | Bathroom furniture and accessories","Wood kitchens | Natural stone kitchens | Plastic laminate kitchens | Bathroom furniture and accessories | Lacquered kitchens | Metal kitchens","furniture","take","EuroCucina","yes","https://www.binova.it","no","unclear","","","role inbox","Live site but no catalogue, cart or contact route found, needs a look"
"Biome Moveis Organicos ltda","www.biomemoveisorganicos.com.br","biome@biomemoveisorganicos.com.br","biome@biomemoveisorganicos.com.br","+55 (65) 992018837","BRA","Cuiabà","Rod. EmanueL Pinheiro, KM 07 Quadra 01 Lote 13","Salone del Mobile 2026","SMI","03","C06 C08 D07 D09","","Outdoor furniture","Outdoor furniture and accessories","furniture","take","Salone Internazionale del Mobile","yes","https://www.biomemoveisorganicos.com.br/","no","catalogue only","","","other","Publishes collections with a contact form as the only way in, which is the exact problem the email opens on. Audience unconfirmed"
"Bizzotto","www.corporate.bizzotto.com","info@bizzotto.com","tania_grigolo@bizzotto.com","+39 0424832311","ITA","Bassano del Grappa","Via Motton 9","Salone del Mobile 2026","SMI","05","A09","","Dining rooms, living rooms | Outdoor furniture | Upholstered furniture | Furniture","Leisure armchairs | Plastic chairs | Wooden dining tables | Metal and glass dining tables | Marble dining tables | Metal and glass living room tables | Wooden sideboards | Wooden bookcases | Extension dining tables | Leather chairs | Wooden living room tables | Marble living room tables | Rush and rattan furniture | Metal stools | TV tables | Mirrors | Sofas and armchairs | Outdoor umbrellas | Outdoor furniture and accessories | Metal chairs | Leather stools | Hall furniture | Wooden stools | Plastic stools | Wooden chairs","furniture","take","Salone Internazionale del Mobile","yes","https://corporate.bizzotto.com/it","no","catalogue only","Da oltre 75 anni siamo specialisti in arredo outdoor e indoor, e creiamo atmosfere per rendere speciale ogni casa e unico ogni giardino.","","role inbox","Publishes collections with a contact form as the only way in, which is the exact problem the email opens on. Audience unconfirmed"
"Bla Station AB","www.blastation.se","info@blastation.se","sebastian@blastation.se","+46 (44) 249070","SWE","Åhus","Box 100","Salone del Mobile 2026","SMI","24","D27 D29","","Dining rooms, living rooms | Upholstered furniture","Leisure armchairs | Sofas and armchairs | Metal sideboards | Metal chairs | Stacking or folding chairs | Leather chairs | Wooden chairs","furniture","take","Salone Internazionale del Mobile","yes","https://blastation.com/","no","catalogue only","","","role inbox","Publishes collections with a contact form as the only way in, which is the exact problem the email opens on. Audience unconfirmed"
"Black Tie","www.blacktiehomedecor.it","welcome@blacktiehomedecor.it","vpoletto@blacktiehomedecor.it","+39 0444453009","ITA","San Pietro in Gu","Via Guglielmo Marconi 37","Salone del Mobile 2026","SMI","05","A19","","Bedrooms | Dining rooms, living rooms | Upholstered furniture | Furniture","Wooden dining tables | Metal and glass dining tables | Marble dining tables | Metal and glass living room tables | Wooden trolleys | Wooden bookcases | Marble or stone furniture | Extension dining tables | Leather chairs | Wooden living room tables | Marble living room tables | Metal stools | Sofas and armchairs | Mirrors | Metal chairs | Upholstered beds | Glass furniture | Leather stools | Metal or glass trolleys | Cocktail cabinets | Wooden stools | Wooden chairs","furniture","take","Salone Internazionale del Mobile","yes","https://www.blacktiehomedecor.it","no","unclear","","","other","Live site but no catalogue, cart or contact route found, needs a look"
"Blifase srl","www.blifase.it","blifase@blifase.it","sales@blifase.it","+39 0432759051","ITA","Corno di Rosazzo","Via Pio Paschini 14","Salone del Mobile 2026","SMI","18","F02","","Dining rooms, living rooms | Outdoor furniture | Upholstered furniture","Leisure armchairs | Wooden dining tables | Sofas and armchairs | Upholstered rocking-chairs | Outdoor furniture and accessories | Home cinema / Home-theatre seating | Stacking or folding chairs | Leather stools | Leather chairs | Rocking-chairs | Wooden stools | Wooden living room tables | Wooden chairs","furniture","take","Salone Internazionale del Mobile","unreachable","","","","","The read operation timed out","other","Site did not respond, check it by hand before spending a credit"
"Boca Do Lobo","www.bocadolobo.com","info@bocadolobo.com","slanca@bocadolobo.com","+351 (914) 470214","PRT","Fanzeres","Rua Da Portelinha 136","Salone del Mobile 2026","SMI","15","A01 A03","","Bedrooms | Dining rooms, living rooms | Upholstered furniture | Furniture","Leisure armchairs | Wooden dining tables | Metal and glass dining tables | Marble dining tables | Bedrooms | Metal and glass living room tables | Living rooms | Home cinema / Home-theatre seating | Wooden sideboards | Wooden bookcases | Marble or stone furniture | Metal bookcases | Leather chairs | Wooden living room tables | Marble living room tables | Metal stools | TV tables | Mirrors | Sofas and armchairs | Metal sideboards | Leather furniture | Metal chairs | Upholstered beds | Leather stools | Hall furniture | Wooden stools | Wooden chairs","furniture","take","Salone Internazionale del Mobile","yes","https://www.bocadolobo.com","no","unclear","Boca do Lobo aims to reinterpret fine craftsmanship through contemporary design to create exclusive furniture pieces.","","role inbox","Live site but no catalogue, cart or contact route found, needs a look"
"Bodema srl","www.bodema.it","info@bodema.it","corrado@bodema.it","+39 0362557255/60","ITA","Camnago di Lentate sul Seveso","Via Padova 12","Salone del Mobile 2026","SMI","11","L22 L26","","Bedrooms | Dining rooms, living rooms | Upholstered furniture","Wooden dining tables | Sofas and armchairs | Marble dining tables | Wooden sideboards | Wooden bookcases | Upholstered beds | Sofa beds and armchair beds | Dining rooms","furniture","take","Salone Internazionale del Mobile","yes","https://www.bodema.it/en/","yes","consumer, via dealers","Luxury Italian bespoke sofas, sofa beds, armchairs, accent tables, upholstered beds and one of a kind storage for the style conscious contemporary home.","","role inbox","Already runs a visualiser and markets to shoppers and routes them to dealers, so the gap is what happens after the render. Sharpest segment"
"Boheme Bagno","www.bohemebagno.com","info@bohemebagno.com","orgun@armadiart.com","+90 (266) 5020005","TUR","Altieylul/Balikesir","Gaziosmanpasaosb Mah. 6. Cad. No:14","Salone del Mobile 2026","ARB","10","D05","","Sanitary ware, tapware, radiators, coverings, wellness | Bathroom furniture and accessories","Bathroom accessories | Bathroom, laundry and/or kitchen tapware | Bathroom furniture | Radiators","furniture","take","International Bathroom Exhibition","yes","https://www.bohemebagno.com","no","unclear","Mrittik is a Modern Architecture Theme","","role inbox","Live site but no catalogue, cart or contact route found, needs a look"
"Boiserie Italia & B-Labb srl","www.boiserieitalia.com","simonaorsenigo@boiserieitalia.com","simonaorsenigo@boiserieitalia.com","+39 0317073031","ITA","Cantu'","Via Caduti di Nassiriya, 1","Salone del Mobile 2026","SMI","13","C28","","Bedrooms | Dining rooms, living rooms | Upholstered furniture | Furniture","Wooden dining tables | Bedrooms | Living rooms | Wooden sideboards | Wooden bookcases | Walk-in robes | Wooden living room tables | Dining rooms | Partition wardrobes | Sofas and armchairs | Upholstered beds | Wooden beds | Cocktail cabinets | Wardrobes | Wooden chairs","furniture","take","Salone Internazionale del Mobile","yes","https://www.boiserieitalia.com","no","catalogue only","Our mission focus on fully satisfying customer’s needs, offering custom-made solutions based on innovation and search for new materials and technologies.","","other","Publishes collections with a contact form as the only way in, which is the exact problem the email opens on. Audience unconfirmed"
"Bonaldo spa","www.bonaldo.com","info@bonaldo.com","mlstefani@bonaldo.it","+39 0499299011","ITA","Villanova di Camposampiero","Via Straelle 3","Salone del Mobile 2026","SMI","09","G09 H08","","Bedrooms | Dining rooms, living rooms | Upholstered furniture | Furniture","Wooden dining tables | Metal and glass dining tables | Bedrooms | Wooden sideboards | Wooden bookcases | Metal bookcases | Wooden living room tables | Metal stools | Mirrors | Metal sideboards | Plastic bookcases | Upholstered beds | Wooden beds | Leather stools | Metal beds | Plastic stools | Leisure armchairs | Plastic chairs | Marble dining tables | Metal and glass living room tables | Extension dining tables | Leather chairs | TV tables | Sofas and armchairs | Metal chairs | Hall furniture | Wooden stools | Wooden chairs","furniture","take","Salone Internazionale del Mobile","yes","https://www.bonaldo.com/en","yes","consumer, via dealers","Bonaldo: a way of imagining, creating, living and furnishing. Modern Italian forniture Bonaldo. Discover the collections","","role inbox","Already runs a visualiser and markets to shoppers and routes them to dealers, so the gap is what happens after the render. Sharpest segment"
"Bongio Mario srl","www.bongio.com","info@bongio.it","paolo.adv@bongio.it","+39 0322967248","ITA","S.Maurizio d'Opaglio","Via Aldo Moro 2","Salone del Mobile 2026","ARB","06","A39","","Sanitary ware, tapware, radiators, coverings, wellness | Bathroom furniture and accessories","Bathroom accessories | Bathroom, laundry and/or kitchen tapware | Shower cubicles | Bathroom furniture","furniture","take","International Bathroom Exhibition","yes","https://www.bongio.com/en","yes","consumer, sells online","Bongio: designer faucets Made in Italy since 1936. Mixers, taps and bathroom accessories with refined design for contemporary spaces. Discover the collections.","","role inbox","Already runs a visualiser and sells direct to shoppers, so the gap is what happens after the render. Sharpest segment"
"Bongiocasa","www.bongiocasa.com","info@bongio.it","paolo.adv@bongio.it","+39 0322967248","ITA","S.Maurizio d'Opaglio","Via Aldo Moro 2","Salone del Mobile 2026","ARB","06","A39","","Sanitary ware, tapware, radiators, coverings, wellness | Bathroom furniture and accessories","Bathroom accessories | Bathroom, laundry and/or kitchen tapware | Shower cubicles | Bathroom furniture","furniture","take","International Bathroom Exhibition","unreachable","","","","","<urlopen error [Errno -3] Temporary failure in name resolution>","role inbox","Site did not respond, check it by hand before spending a credit"
"BONTEMPI","www.bontempi.it","info@bontempi.it","lucreziabenfatto@bontempi.it","+39 0717300032","ITA","Camerano","Via Direttissima del Conero 51","Salone del Mobile 2026","SMI","14","C25 D26","","Light fixtures | Dining rooms, living rooms | Outdoor furniture | Upholstered furniture | Furniture","Wooden dining tables | Plastic dining tables | Wooden sideboards | Wooden bookcases | Marble or stone furniture | Metal bookcases | Wooden living room tables | Dining rooms | Stacking and nesting living room tables | Metal stools | Mirrors | Outdoor furniture and accessories | Metal sideboards | Leather furniture | Leather stools | Metal or glass trolleys | Plastic stools | Leisure armchairs | Plastic chairs | Marble dining tables | Metal and glass living room tables | Modular living rooms | Extension dining tables | Leather chairs | Marble living room tables | TV tables | Sofas and armchairs | Light fixtures | Metal chairs | Glass furniture | Stacking or folding chairs | Hall furniture | Cocktail cabinets | Wooden stools | Wooden chairs","furniture","take","Salone Internazionale del Mobile","yes","https://www.bontempi.it","yes","consumer, via dealers","Configuratore d'ambiente","","role inbox","Already runs a visualiser and markets to shoppers and routes them to dealers, so the gap is what happens after the render. Sharpest segment"
"Bossini spa","www.bossini.it","info@bossini.it","anna.bossini@bossini.it","+39 0302134211","ITA","Castenedolo","Via G. Matteotti 170/a","Salone del Mobile 2026","ARB","06","C49","","Sanitary ware, tapware, radiators, coverings, wellness | Bathroom furniture and accessories","Bathroom accessories | Bathroom, laundry and/or kitchen tapware","furniture","take","International Bathroom Exhibition","yes","https://www.bossini.it/en","no","consumer, sells online","New products","","role inbox","No visualiser yet and sells direct to shoppers, so this is the full pitch rather than an upgrade"
"Box Living","www.box-living.com","marketing@box-living.com","marcel@box-living.com","+62 (811) 880981","IDN","South Jakarta","Jl. Rambai 1 No 3 Kebayoran Baru","Salone del Mobile 2026","SMI","07","D25","","Dining rooms, living rooms | Upholstered furniture | Furniture","Leisure armchairs | Sofas and armchairs | Leather furniture | Glass furniture | Wooden living room tables","furniture","take","Salone Internazionale del Mobile","yes","https://www.box-living.com","no","consumer, sells online","Box Living offers premium handcrafted furniture that blends contemporary design with Indonesia’s rich artisanal heritage. Discover refined beds, cabinets, tables, seating, and interior accents.","","role inbox","No visualiser yet and sells direct to shoppers, so this is the full pitch rather than an upgrade"
"Brabbu","www.brabbu.com","info@brabbu.com","saralanca@brabbu.com","+351 (914) 470214","PRT","Fanzeres","Rua Da Portelinha 136","Salone del Mobile 2026","SMI","15","A01 A03","","Bedrooms | Dining rooms, living rooms | Upholstered furniture | Furniture","Leisure armchairs | Wooden dining tables | Metal and glass dining tables | Marble dining tables | Bedrooms | Metal and glass living room tables | Living rooms | Home cinema / Home-theatre seating | Wooden sideboards | Wooden bookcases | Marble or stone furniture | Metal bookcases | Leather chairs | Wooden living room tables | Marble living room tables | Dining rooms | Sofas and armchairs | Mirrors | Metal sideboards | Leather furniture | Upholstered beds | Leather stools | Hall furniture | Wooden stools | Wooden chairs","furniture","take","Salone Internazionale del Mobile","yes","https://www.brabbu.com","no","consumer, sells online","BRABBU is a design brand that reflects an intense way of living, bringing fierceness, strength and power into an urban lifestyle","","role inbox","No visualiser yet and sells direct to shoppers, so this is the full pitch rather than an upgrade"
"Bradul Maneciu","www.bradul-maneciu.ro","office@bradul-maneciu.ro","adyape@gmail.com","+40 (244) 296122","ROU","Jud. Prahova","Loc. Maneciu Pamanteni 1280","Salone del Mobile 2026","SMI","03","C28 D35","","Bedrooms | Dining rooms, living rooms | Upholstered furniture","Leisure armchairs | Wooden dining tables | Sofas and armchairs | Upholstered beds | Leather stools | Leather chairs | Wooden stools | Wooden chairs","furniture","take","Salone Internazionale del Mobile","yes","https://www.bradul-maneciu.ro","no","unclear","Fabrica de mobilă modernă și contemporană, producător de mobilier din lemn masiv în România, Bradul Maneciu, judetul Prahova.","","role inbox","Live site but no catalogue, cart or contact route found, needs a look"
"Brafab","www.brafab.com","info@brafab.se","adam.berntsson@furninova.se","+46 (76) 5385638","SWE","Markaryd","Hallarydsvägen 56A","Salone del Mobile 2026","SMI","01","A08","","Outdoor furniture | Upholstered furniture","Sofas and armchairs | Outdoor furniture and accessories","furniture","take","Salone Internazionale del Mobile","yes","https://www.brafab.com","no","consumer, sells online","Wonderful patios for the outdoor lover","","role inbox","No visualiser yet and sells direct to shoppers, so this is the full pitch rather than an upgrade"
"Briolina srl","www.briolina.com","info@briolina.com","marketing@briolina.com","+39 0432740221","ITA","Premariacco","Via Maggiore 11","Salone del Mobile 2026","SMI","03","C14","","Dining rooms, living rooms | Upholstered furniture","Leisure armchairs | Metal stools | Wooden dining tables | Sofas and armchairs | Metal and glass dining tables | Metal and glass living room tables | Metal chairs | Wooden living room tables | Wooden stools | Wooden chairs","furniture","take","Salone Internazionale del Mobile","yes","https://www.briolina.com","no","catalogue only","","","role inbox","Publishes collections with a contact form as the only way in, which is the exact problem the email opens on. Audience unconfirmed"
"Bross Italia srl","www.bross-italy.com","info@bross-italy.com","info@bross-italy.com","+39 0432731920","ITA","Moimacco","Via Cividale z.i.","Salone del Mobile 2026","SMI","22","B33","","Bedrooms | Dining rooms, living rooms | Upholstered furniture | Furniture","Leisure armchairs | Wooden dining tables | Metal and glass dining tables | Marble dining tables | Wooden bookcases | Extension dining tables | Leather chairs | Wooden living room tables | Marble living room tables | Metal stools | Sofas and armchairs | Metal chairs | Hall furniture | Wooden stools | Wardrobes | Wooden chairs","furniture","take","Salone Internazionale del Mobile","unreachable","","","","","HTTP Error 403: Forbidden","role inbox","Site did not respond, check it by hand before spending a credit"
"Brucs","www.brucs.com","info@brucs.com","eduard.arara@brucs.com","+34 (972) 821962","ESP","Sant Feliu de Guíxols","Taper 6-16 Pol. Ind. Bujonis","Salone del Mobile 2026","SMI","03","D10","","Bedrooms | Dining rooms, living rooms | Outdoor furniture | Upholstered furniture | Furniture","Wooden dining tables | Metal and glass dining tables | Wooden trolleys | Bedrooms | Wooden sideboards | Wooden bookcases | Marble or stone furniture | Wooden living room tables | Dining rooms | Metal stools | Mirrors | Outdoor furniture and accessories | Leather furniture | Wooden beds | Metal or glass trolleys | Leisure armchairs | Marble dining tables | Metal and glass living room tables | Living rooms | Modular living rooms | Extension dining tables | Marble living room tables | Rush and rattan furniture | TV tables | Sofas and armchairs | Stacking or folding chairs | Hall furniture | Cocktail cabinets | Wooden stools | Sofa beds and armchair beds | Wardrobes | Wooden chairs","furniture","take","Salone Internazionale del Mobile","yes","https://www.brucs.com/en/","no","catalogue only","","","role inbox","Publishes collections with a contact form as the only way in, which is the exact problem the email opens on. Audience unconfirmed"
"Brusaferri & C. srl","www.lemispa.com","contact@lemigroup.it","stefania.mancastroppa@lemigroup.it","+39 0374363069","ITA","Casalbuttano","Via Mara Maretti Soldi, 13","Salone del Mobile 2026","SMI","15","A46","","Upholstered furniture","Leisure armchairs","furniture","take","Salone Internazionale del Mobile","yes","https://www.lemispa.com/","yes","consumer, sells online","LEMI – Dal 1989 produzione italiana di lettini da massaggio e arredamenti spa. Design, esperienza, assistenza globale.","","role inbox","Already runs a visualiser and sells direct to shoppers, so the gap is what happens after the render. Sharpest segment"
"Brühl & Sippold GmbH","www.bruehl.com","info@bruehl.com","rmb.office@bruehl.com","+49 (9288) 9550","DEU","Bad Steben","Alter Bad Stebener Weg 1","Salone del Mobile 2026","SMI","14","C38","","Upholstered furniture","Sofas and armchairs | Sofa beds and armchair beds","furniture","take","Salone Internazionale del Mobile","yes","https://bruehl.com/","no","consumer, via dealers","Entdecken Sie stilvolle Sofas und Sessel von Brühl & Sippold für jeden Wohnraum. Komfort und Design vereint!","","role inbox","No visualiser yet and markets to shoppers and routes them to dealers, so this is the full pitch rather than an upgrade"
"Bullfrog","www.bullfrog-design.de","info@bullfrog-design.de","h.beuerle@bullfrog-design.de","+49 (9571) 947960","DEU","Michelau","Landwehrstrasse 32","Salone del Mobile 2026","SMI","01","B18","","Bedrooms | Dining rooms, living rooms | Outdoor furniture | Upholstered furniture | Furniture","Leisure armchairs | Wooden dining tables | Sofas and armchairs | Upholstered rocking-chairs | Metal and glass living room tables | Outdoor furniture and accessories | Leather furniture | Upholstered beds | Convertible furniture | Leather stools | Leather chairs | Rocking-chairs | Wooden living room tables","furniture","take","Salone Internazionale del Mobile","unreachable","","","","","HTTP Error 503: Service Unavailable","role inbox","Site did not respond, check it by hand before spending a credit"
"BW Bielefelder Werkstätten KG","www.bielefelder-werkstaetten.de","bw-kontakt@jab.de","enza.beckmann@jab.de","+49 (521) 924270","DEU","Bielefeld","Potsdamer Strasse 180","Salone del Mobile 2026","SMI","11","L12 L18","","Bedrooms | Dining rooms, living rooms | Upholstered furniture","Leisure armchairs | Wooden dining tables | Sofas and armchairs | Metal and glass living room tables | Wooden sideboards | Upholstered beds | Leather chairs | Wooden living room tables | Marble living room tables","furniture","take","Salone Internazionale del Mobile","yes","https://bielefelder-werkstaetten.jab.de/us/en/brand/bw-group","yes","catalogue only","FIND YOUR INSPIRATION","","other","Already runs a visualiser but publishes collections and a catalogue with a contact form as the only way in, so confirm there is a shopper to capture"
"C.G. Capelletti srl","www.cgcapelletti.com","export@cgcapelletti.com","roberta@cgcapelletti.it","+39 036275367","ITA","Meda","Via Luigi Rho 144","Salone del Mobile 2026","SMI","13","C32","","Bedrooms | Dining rooms, living rooms | Upholstered furniture | Furniture","Wooden dining tables | Metal and glass dining tables | Wooden trolleys | Bedrooms | Wooden sideboards | Wooden bookcases | Walk-in robes | Wooden living room tables | Game tables and billiards | Dining rooms | Partition wardrobes | Metal stools | Mirrors | Wooden beds | Metal or glass trolleys | Leisure armchairs | Marble dining tables | Metal and glass living room tables | Living rooms | Home cinema / Home-theatre seating | Modular living rooms | Extension dining tables | Marble living room tables | TV tables | Sofas and armchairs | Hall furniture | Cocktail cabinets | Wooden stools | Wardrobes | Wooden chairs","furniture","take","Salone Internazionale del Mobile","yes","https://cgcapelletti.com/en","no","unclear","","","role inbox","Live site but no catalogue, cart or contact route found, needs a look"
"C.S. S.r.l.","www.geelli.com","info@cs-lab.it","sfavero@geelli.com","+39 0499220270","ITA","Villanova di Camposampiero","Via Guglielmo Marconi 10","Salone del Mobile 2026","ARB","06","C41","","Sanitary ware, tapware, radiators, coverings, wellness | Bathroom furniture and accessories","Bathroom accessories | Bath tubs and whirlpool tubs | Sanitary ware","furniture","take","International Bathroom Exhibition","yes","https://geelli.com/","no","consumer, sells online","Un’intera collezione di accessori intelligenti, morbidi, versatili e simpatici per rendere più morbida e colorata la vita, in ogni ambiente e momento","","role inbox","No visualiser yet and sells direct to shoppers, so this is the full pitch rather than an upgrade"
"Caccaro srl","www.caccaro.com","info@caccaro.com","p.enrico@caccaro.com","+39 0499318911","ITA","Villa del Conte","Via Corse 13","Salone del Mobile 2026","SMI","22","A21","","Bedrooms | Dining rooms, living rooms | Furniture","Bedrooms | Living rooms | Wooden bookcases | Modular living rooms | Walk-in robes | Sliding or fixed partitions for walk-in robes | Partition wardrobes | Mirrors | Sliding or fixed partitions for wardrobe walls | Upholstered beds | Wooden beds | Glass furniture | Metal beds | Hall furniture | Shoe cupboards | Wardrobes","furniture","take","Salone Internazionale del Mobile","yes","https://www.caccaro.com","no","catalogue only","Scopri le nostre Soluzioni di Design per dare stile agli spazi interni della tua casa. Armadi, Letti e Complementi di arredo per la zona giorno e notte.","","role inbox","Publishes collections with a contact form as the only way in, which is the exact problem the email opens on. Audience unconfirmed"
"Caimi Brevetti spa","www.caimi.com","info@caimi.com","valeria.bergna@caimi.com","+39 0362491001","ITA","Nova Milanese","Via Brodolini 25/27","Salone del Mobile 2026","SMI","24","C16 D23","","Dining rooms, living rooms | Outdoor furniture | Upholstered furniture","Plastic chairs | Metal stools | Wooden dining tables | Metal and glass dining tables | Sofas and armchairs | Metal and glass living room tables | Outdoor furniture and accessories | Metal chairs | Metal bookcases | Stacking or folding chairs | Plastic stools","furniture","take","Salone Internazionale del Mobile","yes","https://www.caimi.com","no","consumer, sells online","Leader europeo nel design d'interni e nell'acustica: esplora i nostri esclusivi prodotti fonoassorbenti per spazi contract e uffici","","role inbox","No visualiser yet and sells direct to shoppers, so this is the full pitch rather than an upgrade"
"CairoRcs Media spa","www.cairorcsmedia.it","cairorcs@cairorcsmedia.it","luca.liguori@cairorcsmedia.it","+39 0225841","ITA","Milano","Via Rizzoli 8","Salone del Mobile 2026","SMI","C.so Italia","FRONTE PADD 6/10 S19","","Trade newspapers, magazines and publications","Trade newspapers, magazines and publications","furniture","take","Salone Internazionale del Mobile","yes","https://www.cairorcsmedia.it","no","consumer, via dealers","CairoRCS Media è la concessionaria pubblicitaria di brand come La7, Corriere della Sera e Gazzetta dello Sport. Pubblicità su giornali, tv e siti web.","","other","No visualiser yet and markets to shoppers and routes them to dealers, so this is the full pitch rather than an upgrade"
"Calflex srl","www.carimali.it","info@calflex.it","marketing@calflex.it","+39 0323889328","ITA","Nonio","Zona Industriale 5/bis","Salone del Mobile 2026","ARB","10","A05","","Sanitary ware, tapware, radiators, coverings, wellness","Sanitary ware","furniture","take","International Bathroom Exhibition","yes","http://www.carimali.it","no","catalogue only","Ricerca del bello, funzionalità e semplicità si fondono interpretando la pura espressione del Made in Italy e del design raffinato: nasce una nuova visione del concetto di ambiente bagno","","role inbox","Publishes collections with a contact form as the only way in, which is the exact problem the email opens on. Audience unconfirmed"
"Calia Italia","www.caliaitalia.com","info@caliatrade.com","marienza@caliatrade.com","+39 08353031","ITA","Matera","Contrada Serritello La Valle","Salone del Mobile 2026","SMI","01","A06 B05","","Upholstered furniture","Sofas and armchairs","furniture","take","Salone Internazionale del Mobile","yes","https://www.caliaitalia.com","yes","consumer, sells online","Calia Italia The Shape of Comfort, progetta, realizza ed esporta in tutto il mondo divani e poltrone sintesi di stile e comfort.","","role inbox","Already runs a visualiser and sells direct to shoppers, so the gap is what happens after the render. Sharpest segment"
"Calibe srl","www.calibe.it","info@calibe.it","info@calibe.it","+39 051960320","ITA","Valsamoggia","Via Cassola 30 Loc. Monteveglio","Salone del Mobile 2026","ARB","10","A03","","Sanitary ware, tapware, radiators, coverings, wellness","Shower cubicles","furniture","take","International Bathroom Exhibition","unreachable","","","","","HTTP Error 429: Too Many Requests","role inbox","Site did not respond, check it by hand before spending a credit"
"Calligaris spa","www.calligaris.com","calligaris@calligaris.it","guido.gorlato@Calligaris.it","+39 0432748211","ITA","Manzano","Via Trieste 12","Salone del Mobile 2026","SMI","18","A11 A15 B12 B18","","Bedrooms | Dining rooms, living rooms | Upholstered furniture | Furniture","Leisure armchairs | Plastic chairs | Wooden dining tables | Metal and glass dining tables | Marble dining tables | Metal and glass living room tables | Living rooms | Home cinema / Home-theatre seating | Extension dining tables | Leather chairs | Metal stools | TV tables | Mirrors | Sofas and armchairs | Metal chairs | Upholstered beds | Leather stools | Wooden stools | Plastic stools | Wooden chairs","furniture","take","Salone Internazionale del Mobile","yes","https://www.calligaris.com/it-IT","yes","consumer, sells online","Scopri l'universo Calligaris: design italiano, qualità artigianale e innovazione per arredare i tuoi spazi con stile e funzionalità.","","other","Already runs a visualiser and sells direct to shoppers, so the gap is what happens after the render. Sharpest segment"
"Campeggi sas di Marco Campeggi & C.","www.campeggidesign.it","campeggidesign@campeggidesign.it","campeggidesign@campeggidesign.it","+39 031630495","ITA","Anzano del Parco","Via del Cavolto 8","Salone del Mobile 2026","SMI","22","B29","","Upholstered furniture","Sofa beds and armchair beds","furniture","take","Salone Internazionale del Mobile","yes","https://www.campeggidesign.it","no","consumer, sells online","Scopri Campeggi: divani letto, poltrone letto e arredi trasformabili di design pensati per spazi moderni, multifunzionali e salvaspazio.","","other","No visualiser yet and sells direct to shoppers, so this is the full pitch rather than an upgrade"
"Campos Móvel sa","www.cadeiras.net","info@cadeiras.net","joana@cadeiras.net","+351 (224) 156509","PRT","Rebordosa","Rua Zona Industrial 348","Salone del Mobile 2026","SMI","07","C12","","Dining rooms, living rooms | Upholstered furniture","Plastic chairs | Sofas and armchairs | Upholstered rocking-chairs | Stacking or folding chairs | Leather stools | Leather chairs | Rocking-chairs | Wooden stools | Wooden chairs","furniture","take","Salone Internazionale del Mobile","yes","https://www.cadeiras.net","no","catalogue only","Wooden chair factory. We produce chairs, armchairs, sofas and tables for hospitality and healthcare centers. We","","role inbox","Publishes collections with a contact form as the only way in, which is the exact problem the email opens on. Audience unconfirmed"
"Cane-line a/s","www.cane-line.com","hr@cane-line.com","hr@cane-line.com","+45 (66) 154560","DNK","Rynkeby (Odense)","Rynkebyvej 245","Salone del Mobile 2026","SMI","05","B10","","Outdoor furniture | Upholstered furniture","Rush and rattan furniture | Sofas and armchairs | Outdoor umbrellas | Outdoor furniture and accessories","furniture","take","Salone Internazionale del Mobile","yes","https://cane-line.com/","no","consumer, sells online","Cane-line collection is designed and manufactured with the purpose to have a comfortable outdoor living lifestyle. The all weather furniture offer maximum comfort and minimal maintenance.","","other","No visualiser yet and sells direct to shoppers, so this is the full pitch rather than an upgrade"
"Cantori spa","www.cantori.it","info@cantori.it","federicacantori@cantori.it","+39 071730051","ITA","Camerano","Via Della Sbrozzola 16","Salone del Mobile 2026","SMI","15","B05","","Bedrooms | Dining rooms, living rooms | Outdoor furniture | Upholstered furniture | Furniture","Wooden dining tables | Metal and glass dining tables | Wooden trolleys | Bedrooms | Wooden sideboards | Wooden bookcases | Marble or stone furniture | Mattresses | Metal bookcases | Wooden living room tables | Dining rooms | Metal stools | Outdoor umbrellas | Mirrors | Outdoor furniture and accessories | Metal sideboards | Leather furniture | Upholstered beds | Wooden beds | Leather stools | Metal beds | Rocking-chairs | Metal or glass trolleys | Leisure armchairs | Marble dining tables | Metal and glass living room tables | Living rooms | Home cinema / Home-theatre seating | Modular living rooms | Convertible furniture | Extension dining tables | Leather chairs | Marble living room tables | Rush and rattan furniture | TV tables | Sofas and armchairs | Upholstered rocking-chairs | CD-racks | Metal chairs | Glass furniture | Stacking or folding chairs | Hall furniture | Cocktail cabinets | Wooden stools | Sofa beds and armchair beds | Wooden chairs","furniture","take","Salone Internazionale del Mobile","yes","https://www.cantori.it/it/","no","consumer, via dealers","Cantori Spa da oltre 40 anni realizza mobili artigianali per arredare ogni ambiente della tua casa, dalla camera da letto al salotto.","","role inbox","No visualiser yet and markets to shoppers and routes them to dealers, so this is the full pitch rather than an upgrade"
"Capodarte Home Forniture","www.ciciriellolampadari.it","export@ciciriellogroup.com","export@ciciriellogroup.com","+39 0883545355","ITA","Andria","S.P. 231 Km 49 + 700","Salone del Mobile 2026","SMI","03","D05","","Dining rooms, living rooms | Furniture","Metal stools | Wooden dining tables | Mirrors | Metal and glass dining tables | Marble dining tables | Metal chairs | Metal bookcases | Stacking or folding chairs | Extension dining tables | Dining rooms | Wooden chairs","furniture","take","Salone Internazionale del Mobile","unreachable","","","","","timed out","role inbox","Site did not respond, check it by hand before spending a credit"
"Cappelletti srl","www.cappellettisrl.com","info@cappellettisrl.com","serena@cappellettisrl.com","+39 031730603","ITA","Mariano Comense","Via Como, 78/80","Salone del Mobile 2026","SMI","13","D18","","Bedrooms | Dining rooms, living rooms | Upholstered furniture | Furniture","Wooden dining tables | Metal and glass dining tables | Marble dining tables | Bedrooms | Metal and glass living room tables | Wooden sideboards | Wooden bookcases | Metal bookcases | Wooden living room tables | Marble living room tables | Dining rooms | Metal stools | Sofas and armchairs | Mirrors | Metal sideboards | Metal chairs | Upholstered beds | Metal beds | Hall furniture | Wooden stools | Wooden chairs","furniture","take","Salone Internazionale del Mobile","yes","https://www.cappellettisrl.com","no","catalogue only","Delightful interiors","","role inbox","Publishes collections with a contact form as the only way in, which is the exact problem the email opens on. Audience unconfirmed"
"Caracole","www.caracole.com","info@caracole.com","hgordon@caracole.com","+1 (800) 4688730","USA","Greensboro","1150 Pleasant Ridge Rd.","Salone del Mobile 2026","SMI","15","A21 A25","","Bedrooms | Dining rooms, living rooms | Upholstered furniture | Furniture","Wooden dining tables | Metal and glass dining tables | Marble dining tables | Bedrooms | Metal and glass living room tables | Living rooms | Wooden sideboards | Marble or stone furniture | Modular living rooms | Extension dining tables | Wooden living room tables | Marble living room tables | Dining rooms | Sofas and armchairs | Mirrors | Upholstered beds | Wooden chairs","furniture","take","Salone Internazionale del Mobile","yes","https://caracole.com/","no","consumer, sells online","Discover Caracole's luxury furniture collections featuring contemporary design, refined craftsmanship, and timeless pieces for living, dining, and bedroom interiors.","","role inbox","No visualiser yet and sells direct to shoppers, so this is the full pitch rather than an upgrade"
"Caranto","www.venetacucine.com","info@venetacucine.com","paolo.colle@venetacucine.com","+39 04228471","ITA","Biancade di Roncade","Via Paris Bordone 84","Salone del Mobile 2026","EUC","02","B01 A01 A02","","Kitchen furnishing accessories","Kitchen furnishing accessories","furniture","take","EuroCucina","yes","https://www.venetacucine.com/it","no","consumer, via dealers","","","role inbox","No visualiser yet and markets to shoppers and routes them to dealers, so this is the full pitch rather than an upgrade"
"Carel Woodworks srl","www.carel.ro","office@carel.ro","vlad.deac@carel.ro","+40 (752) 247101","ROU","Jud. Satu Mare","Str. Careiului 45, Parc Industrial Renovatio Sat. Vetis","Salone del Mobile 2026","SMI","03","C26 D33","","Dining rooms, living rooms | Upholstered furniture","Wooden dining tables | Sofas and armchairs | Wooden sideboards | Wooden bookcases | Extension dining tables | Wooden living room tables | Wooden stools | Sofa beds and armchair beds | Dining rooms | Wooden chairs","furniture","take","Salone Internazionale del Mobile","unreachable","","","","","HTTP Error 429: Too Many Requests","role inbox","Site did not respond, check it by hand before spending a credit"
"Casa +39 Arte & Stile","www.casapiu39.it","casapiu39@casapiu39.it","casapiu39@casapiu39.it","+39 0434624377","ITA","Brugnera","Via Ungaresca 12/C","Salone del Mobile 2026","SMI","03","D02","","Bedrooms | Dining rooms, living rooms | Upholstered furniture | Furniture","Sofas and armchairs | Mirrors | Metal and glass dining tables | Plastic dining tables | Bedrooms | Metal chairs | Upholstered beds | Wooden beds | Extension dining tables | Wooden chairs","furniture","take","Salone Internazionale del Mobile","yes","https://www.casapiu39.it/it/","no","catalogue only","L'Azienda Casa-39 Srl nasce nel 1997 con la commercializzazione di camere da letto in stile luxury sul territorio europeo, ma ben presto raggiunge anche le zone dell'ex Unione Sovietica.","","other","Publishes collections with a contact form as the only way in, which is the exact problem the email opens on. Audience unconfirmed"
"Casa Covre","www.covregiulio.it","info@covregiulio.it","leo@covregiulio.it","+39 0362289257","ITA","Seregno","Via Galileo Galilei 71","Salone del Mobile 2026","SMI","18","C02","","Bedrooms | Dining rooms, living rooms | Upholstered furniture | Furniture","Wooden dining tables | Sofas and armchairs | Bedrooms | Leather furniture | Walk-in robes | Leather chairs | Wardrobes | Dining rooms","furniture","take","Salone Internazionale del Mobile","yes","https://www.covregiulio.it","no","unclear","","","role inbox","Live site but no catalogue, cart or contact route found, needs a look"
"Casabath srl","www.casabath.it","amministrazione@casabath.it","dario@casabath.it","+39 0587617345","ITA","Perignano","Via Sicilia 70/a","Salone del Mobile 2026","ARB","10","A10 A12","","Sanitary ware, tapware, radiators, coverings, wellness | Bathroom furniture and accessories","Bathroom accessories | Laundry furniture | Shower cubicles | Bath tubs and whirlpool tubs | Bathroom furniture | Sanitary ware","furniture","take","International Bathroom Exhibition","yes","http://www.casabath.it","no","unclear","","","other","Live site but no catalogue, cart or contact route found, needs a look"
"Casprini Gruppo Industriale spa","www.casprini.it","info@casprini.it","f.porcini@casprini.it","+39 055913611","ITA","Cavriglia","Via Giosue' Carducci 6","Salone del Mobile 2026","SMI","07","C19","","Dining rooms, living rooms | Outdoor furniture | Upholstered furniture","Plastic chairs | Metal and glass dining tables | Plastic dining tables | Marble dining tables | Metal and glass living room tables | Wooden sideboards | Extension dining tables | Plastic living room tables | Marble living room tables | Stacking and nesting living room tables | Metal stools | Sofas and armchairs | Outdoor furniture and accessories | Metal sideboards | Metal chairs | Stacking or folding chairs | Plastic stools | Wooden chairs","furniture","take","Salone Internazionale del Mobile","yes","https://www.casprini.it","no","unclear","","","role inbox","Live site but no catalogue, cart or contact route found, needs a look"
"Castro Interiors","www.castrolighting.com","info@castrolighting.com","debora@castrolighting.com","+351 (224) 853170","PRT","Fanzeres","Rua Presa da Cavada 262","Salone del Mobile 2026","SMI","15","A24","","Bedrooms | Dining rooms, living rooms | Upholstered furniture | Furniture","Wooden dining tables | Metal and glass dining tables | Marble dining tables | Bedrooms | Metal and glass living room tables | Living rooms | Wooden sideboards | Wooden bookcases | Metal bookcases | Leather chairs | Wooden living room tables | Marble living room tables | Dining rooms | Sofas and armchairs | Mirrors | Metal chairs | Glass furniture | Leather stools | Hall furniture","furniture","take","Salone Internazionale del Mobile","yes","https://www.castrolighting.com","no","consumer, sells online","Driven by a pioneer spirit since 1978, Castro Lighting works with one purpose: to create a legacy in luxury lighting design. Explore our collections.","","role inbox","No visualiser yet and sells direct to shoppers, so this is the full pitch rather than an upgrade"
"Casual Home & Contract","www.casualsolutions.es","design@casualsolutions.es","design@casualsolutions.es","+34 (868) 108146","ESP","Yecla (Murcia)","P.I. Las Teresas, Calle Miguel Servet 21","Salone del Mobile 2026","SMI","07","D23","","Dining rooms, living rooms | Upholstered furniture | Furniture","Metal stools | Wooden dining tables | TV tables | Marble dining tables | Mirrors | Sofas and armchairs | Metal sideboards | Metal chairs | Wooden stools | Sofa beds and armchair beds | Marble living room tables | Wooden chairs","furniture","take","Salone Internazionale del Mobile","yes","https://www.casualsolutions.es/en/","no","catalogue only","Casual Solutions. National Furniture Manufacturer with personal designs and Solutions workshop for creative minds.","","other","Publishes collections with a contact form as the only way in, which is the exact problem the email opens on. Audience unconfirmed"
"Cattelan Italia","www.cattelanitalia.com","info@cattelanitalia.com","stefano.cattelan@cattelanitalia.com","+39 0445318711","ITA","Carre'","Via Pilastri 19","Salone del Mobile 2026","SMI","11","A19 A21","","Bedrooms | Light fixtures | Dining rooms, living rooms | Upholstered furniture | Furniture","Metal and glass dining tables | Metal and glass living room tables | Wooden sideboards | Wooden bookcases | Metal bookcases | Extension dining tables | Leather chairs | Sofas and armchairs | Light fixtures | Metal sideboards | Upholstered beds | Wooden beds | Leather stools | Metal or glass trolleys | Wooden chairs","furniture","take","Salone Internazionale del Mobile","yes","https://www.cattelanitalia.com","yes","consumer, sells online","","","role inbox","Already runs a visualiser and sells direct to shoppers, so the gap is what happens after the render. Sharpest segment"
"Centro Kitchen","www.centrokitchen.gr","info@nikolidakisgroup.gr","sales3@nikolidakisgroup.gr","+30 (2262) 081440","GRC","Thiva","Thesi Haraintini","Salone del Mobile 2026","EUC","02","B28","","Kitchens | Kitchen furnishing accessories","Wood kitchens | Plastic laminate kitchens | Kitchen furnishing accessories","furniture","take","EuroCucina","yes","https://www.centrokitchen.gr","no","consumer, sells online","Ανακαλύψτε την γκάμα της CENTRO Kitchen Nikolidakis Group σε έπιπλα κουζίνας & ντουλάπες, καθώς και πρωτότυπες λύσεις καθιστικού & τραπεζαρίας!","","role inbox","No visualiser yet and sells direct to shoppers, so this is the full pitch rather than an upgrade"
"Centro Studi Poltronova per il Design srl","www.poltronova.it","info@centrostudipoltronova.it","d.dangelo@poltronova.it","+39 0550241189","ITA","Firenze","Via Lorenzo Bartolini 2","Salone del Mobile 2026","SMI","24","D33","","Dining rooms, living rooms | Upholstered furniture | Furniture","Sofas and armchairs | Mirrors | Extension dining tables | Wooden living room tables | Plastic living room tables | Hall furniture","furniture","take","Salone Internazionale del Mobile","yes","https://www.poltronova.it","no","consumer, sells online","Italian Furniture & Interior Design","","role inbox","No visualiser yet and sells direct to shoppers, so this is the full pitch rather than an upgrade"
"Ceramica Cielo spa","www.ceramicacielo.it","info@ceramicacielo.it","m.patrizi@ceramicacielo.it","+39 076156701","ITA","Fabrica di Roma","Via Falerina Km 7.800","Salone del Mobile 2026","ARB","10","A14 A18","","Sanitary ware, tapware, radiators, coverings, wellness | Bathroom furniture and accessories","Bathroom accessories | Bath tubs and whirlpool tubs | Bathroom furniture | Sanitary ware","furniture","take","International Bathroom Exhibition","yes","https://www.ceramicacielo.it/it","yes","trade portal, gated","Scopri le collezioni di arredo bagno firmate Ceramica Cielo S.p.A.: lavabi, sanitari e mobili di design dall'eccellenza e sartorialità Made in Italy.","","role inbox","Already runs a visualiser but gates its catalogue behind a dealer login, so confirm there is a shopper to capture"
"Ceramica Dolomite spa","www.ceramicadolomite.it","info@ceramicadolomite.it","marketing@ceramicadolomite.it","+39 04375581","ITA","Borgo Valbelluna","Via Cavassico Inferiore 160","Salone del Mobile 2026","ARB","10","D14","","Sanitary ware, tapware, radiators, coverings, wellness | Bathroom furniture and accessories","Bathroom accessories | Laundry furniture | Bathroom furniture | Sanitary ware","furniture","take","International Bathroom Exhibition","yes","https://www.ceramicadolomite.it","no","consumer, sells online","Dal 1965, espressione del 'saper fare' ceramica","","role inbox","No visualiser yet and sells direct to shoppers, so this is the full pitch rather than an upgrade"
"Ceramica Globo spa","www.ceramicaglobo.com","info@ceramicaglobo.com","paolo.del_frate@ceramicaglobo.com","+39 076118731","ITA","Castel S. Elia","Localita' La Chiusa","Salone del Mobile 2026","ARB","10","A02 A04","","Sanitary ware, tapware, radiators, coverings, wellness | Bathroom furniture and accessories","Bathroom accessories | Bath tubs and whirlpool tubs | Bathroom furniture | Sanitary ware","furniture","take","International Bathroom Exhibition","yes","https://www.ceramicaglobo.com","yes","consumer, sells online","Una collezione di lavabi, vasche da bagno, piatti doccia, wc e bidet in ceramica realizzati interamente in Italia. Scopri il design unico.","","role inbox","Already runs a visualiser and sells direct to shoppers, so the gap is what happens after the render. Sharpest segment"
"Cerantola spa","www.cerantola.com","info@cerantola.com","daniele@cerantola.com","+39 0423755013","ITA","Ramon di Loria","Via Giorgione 2 z.i","Salone del Mobile 2026","SMI","18","C14","","Dining rooms, living rooms | Outdoor furniture","Plastic chairs | Metal stools | Metal and glass dining tables | Metal and glass living room tables | Outdoor furniture and accessories | Metal chairs | Stacking or folding chairs | Plastic stools","furniture","take","Salone Internazionale del Mobile","yes","https://www.cerantola.com/it","no","unclear","Sedie e componenti per sedute per il settore Ho.re.Ca., arredo ufficio e residenziale. Materie prime selezionate e 100% Made in Italy.","","role inbox","Live site but no catalogue, cart or contact route found, needs a look"
"CGS Moveis","www.cgsmoveis.com.br","export@cgsmoveis.com.br","export@cgsmoveis.com.br","+55 (43) 32641801","BRA","Medianeira - Paraná","Rua Elcemino Bertuol 250","Salone del Mobile 2026","SMI","03","C06 C08 D07 D09","","Dining rooms, living rooms | Upholstered furniture | Furniture","Sofas and armchairs | Wooden trolleys | Leather stools | Leather chairs | Wooden stools | Wooden chairs","furniture","take","Salone Internazionale del Mobile","unreachable","","","","","<urlopen error [Errno -2] Name or service not known>","role inbox","Site did not respond, check it by hand before spending a credit"
"Chateau d'Ax spa","www.chateau-dax.it","info@chateau-dax.it","acarrabba@chateau-dax.it","+39 03625301","ITA","Lentate sul Seveso","Via Nazionale dei Giovi 159","Salone del Mobile 2026","SMI","C.so Italia","CORSO ITALIA S49","","Bedrooms | Dining rooms, living rooms | Upholstered furniture","Sofas and armchairs | Bedrooms | Upholstered beds | Dining rooms","furniture","take","Salone Internazionale del Mobile","yes","https://www.chateau-dax.it","no","consumer, sells online","Chateau d'Ax propone divani moderni e classici, poltrone, letti, armadi, arredi living e cucine di design Made in Italy, con oltre 50 negozi in tutta Italia.","","role inbox","No visualiser yet and sells direct to shoppers, so this is the full pitch rather than an upgrade"
"Chelini","www.chelini.it","info@chelini.it","e.petuhova@saviofirmino.com","+39 055756031","ITA","Firenze","Via Francesco Baracca 132","Salone del Mobile 2026","ARB","06","C34","","Light fixtures | Furniture","Light fixtures | Furniture","furniture","take","International Bathroom Exhibition","yes","https://www.chelini.it","no","unclear","","","role inbox","Live site but no catalogue, cart or contact route found, needs a look"
"Chenergy","www.chenergy.biz","gopandu15@gmail.com","gopandu15@gmail.com","+62 (812) 22515101","IDN","Badung Bali","Gunung Salak Utara 98","Salone del Mobile 2026","SMI","07","D25","","Dining rooms, living rooms | Furniture","Metal chairs | Marble or stone furniture | Glass furniture","furniture","take","Salone Internazionale del Mobile","yes","https://www.chenergy.biz","no","catalogue only","About Chenergy","","other","Publishes collections with a contact form as the only way in, which is the exact problem the email opens on. Audience unconfirmed"
"Chiara Provasi srl","www.chiaraprovasi.com","info@chiaraprovasi.com","info@chiaraprovasi.com","+39 0362344851","ITA","Meda","Via Trieste","Salone del Mobile 2026","SMI","15","A18","","Bedrooms | Dining rooms, living rooms | Upholstered furniture | Furniture","Leisure armchairs | Wooden dining tables | Metal and glass dining tables | Plastic dining tables | Bedrooms | Marble dining tables | Living rooms | Wooden sideboards | Wooden bookcases | Marble or stone furniture | Dining rooms | Sofas and armchairs | Mirrors | Upholstered beds | Wooden beds | Hall furniture | Cocktail cabinets | Wooden chairs","furniture","take","Salone Internazionale del Mobile","unreachable","","","","","HTTP Error 429: Too Many Requests","role inbox","Site did not respond, check it by hand before spending a credit"
"Chicca Orlando srl","www.chiccaorlando.eu","info@chiccaorlando.it","manuela@chiccaorlando.it","+39 0833505037","ITA","Casarano","Via Ricasoli 11","Salone del Mobile 2026","SMI","13","D39","","Bedrooms | Upholstered furniture","Sofas and armchairs | Upholstered beds","furniture","take","Salone Internazionale del Mobile","unreachable","","","","","<urlopen error _ssl.c:999: The handshake operation timed out>","role inbox","Site did not respond, check it by hand before spending a credit"
"Ciciriello srl","www.ciciriellogroup.com","export@ciciriellogroup.com","export@ciciriellogroup.com","+39 0883545355","ITA","Andria","S.P. 231 km 49+700","Salone del Mobile 2026","SMI","03","D05","","Dining rooms, living rooms | Furniture","Metal stools | Wooden dining tables | Mirrors | Metal and glass dining tables | Marble dining tables | Metal chairs | Metal bookcases | Stacking or folding chairs | Extension dining tables | Dining rooms | Wooden chairs","furniture","take","Salone Internazionale del Mobile","yes","https://ciciriellogroup.com/","no","catalogue only","","","role inbox","Publishes collections with a contact form as the only way in, which is the exact problem the email opens on. Audience unconfirmed"
"Cierre Imbottiti srl","www.cierreimbottiti.com","info@cierreimbottiti.com","antonella.bellardi@cierreimbottiti.com","+39 0543785911","ITA","Forlì","Via Ansaldo 2","Salone del Mobile 2026","SMI","09","G03 H02","","Upholstered furniture","Sofas and armchairs","furniture","take","Salone Internazionale del Mobile","yes","https://www.cierreimbottiti.com","no","unclear","","","role inbox","Live site but no catalogue, cart or contact route found, needs a look"
"Cignini Arredamenti sas di Edi Perini & C.","www.cignini.it","arredamenti@cignini.it","arredamenti@cignini.it","+39 0432964295","ITA","Magnano in Riviera","Via Divisione Julia 49","Salone del Mobile 2026","SMI","03","D12","","Dining rooms, living rooms | Outdoor furniture","Plastic chairs | Wooden dining tables | Metal and glass dining tables | Outdoor furniture and accessories | Metal chairs | Leather chairs | Wooden chairs","furniture","take","Salone Internazionale del Mobile","yes","https://www.cignini.it","no","consumer, sells online","Settant’anni trascorsi a sviluppare il concetto di “bellezza utile”: sedie, tavoli, complementi, banchi e cattedre scolastici ed arredo outdoor.","","other","No visualiser yet and sells direct to shoppers, so this is the full pitch rather than an upgrade"
"Cilek Mobilya as","www.cilek.com","salessupport@cilek.com","nihal.deniz@cilek.com","+90 (224) 7212866","TUR","Inegöl / Bursa","Kursunlu Mh. Kursunlu San. Cd. N:10","Salone del Mobile 2026","SMI","15","B41","","Children's furniture","Children's bedrooms","furniture","take","Salone Internazionale del Mobile","yes","https://cilek.com/","no","consumer, sells online","Çocuk, Genç & Bebek Odaları ve Aksesuarları","","other","No visualiser yet and sells direct to shoppers, so this is the full pitch rather than an upgrade"
"Cimol - Comercio e Industria de Moveis ltda","www.cimol.ind.br","vendas@cimol.ind.br","vendas@cimol.ind.br","+55 (27) 33726161","BRA","Linhares","Av. Joaquim Calmom 01","Salone del Mobile 2026","SMI","03","C06 C08 D07 D09","","Dining rooms, living rooms","Wooden dining tables | Wooden chairs","furniture","take","Salone Internazionale del Mobile","yes","https://cimol.ind.br/","no","unclear","Ser especialista é transformar experiência em confiança. Há 35 anos, cada detalhe é pensado para criar móveis com qualidade, cuidado e propósito.","","other","Live site but no catalogue, cart or contact route found, needs a look"
"Cinabre Gallery","www.cinabre.com","info@cinabre.com","arthur@cinabre.com","+33 (1) 89708764","FRA","Paris","14 Avenue de l'Opéra","Salone del Mobile 2026","SMI","13","D34","","Light fixtures","Light fixtures","furniture","take","Salone Internazionale del Mobile","yes","https://cinabre.com/fr/","no","consumer, sells online","","","role inbox","No visualiser yet and sells direct to shoppers, so this is the full pitch rather than an upgrade"
"Circu","www.circu.net","info@circu.net","slanca@covetlounge.net","+351 (914) 470214","PRT","Fanzeres","Rua Da Portelinha 136","Salone del Mobile 2026","SMI","15","A01 A03","","Bedrooms | Children's furniture | Dining rooms, living rooms | Upholstered furniture | Furniture","Wooden dining tables | Metal and glass dining tables | Bedrooms | Wooden sideboards | Wooden bookcases | Marble or stone furniture | Metal bookcases | Wooden living room tables | Game tables and billiards | Dining rooms | Metal stools | Mirrors | Metal sideboards | Leather furniture | Children's bedrooms | Upholstered beds | Wooden beds | Leather stools | Leisure armchairs | Marble dining tables | Metal and glass living room tables | Living rooms | Home cinema / Home-theatre seating | Leather chairs | Marble living room tables | TV tables | Sofas and armchairs | Metal chairs | Hall furniture | Other children's furniture | Wooden stools | Wooden chairs","furniture","take","Salone Internazionale del Mobile","yes","https://www.circu.net","no","catalogue only","Circu was built under a dream! The dream is to allow children to dream their own dreams and to really give them space to be and live their fantasies","","role inbox","Publishes collections with a contact form as the only way in, which is the exact problem the email opens on. Audience unconfirmed"
"Cisal srl","www.cisal.it","cisal@cisal.it","francisco.monfort@huberitalia.com","+39 0322918111","ITA","Alzo Fraz. Pella","Via P. Durio 160","Salone del Mobile 2026","ARB","06","D39","","Sanitary ware, tapware, radiators, coverings, wellness | Bathroom furniture and accessories","Bathroom accessories | Bathroom, laundry and/or kitchen tapware | Sanitary ware","furniture","take","International Bathroom Exhibition","yes","https://www.cisal.it","no","catalogue only","Rubinetteria Italiana dal 1952. Rubinetti e Miscelatori dallo stile Contemporaneo per il Bagno, Cucina e Doccia.","","other","Publishes collections with a contact form as the only way in, which is the exact problem the email opens on. Audience unconfirmed"
"Citco Privé","www.citco.it","info@citco.it","bs@citco.it","+39 0456269118","ITA","Rivoli Veronese","Traversa Via del Commercio 1","Salone del Mobile 2026","SMI","22","B16","","Dining rooms, living rooms | Furniture","Marble or stone furniture | Marble living room tables","furniture","take","Salone Internazionale del Mobile","yes","https://www.citco.it","no","consumer, sells online","Citco ridefinisce il marmo attraverso progetto, tecnologia e design.","","role inbox","No visualiser yet and sells direct to shoppers, so this is the full pitch rather than an upgrade"
"Civita Cromo srl","www.civitacromocollection.com","info@civitacromo.com","commerciale@civitacromo.com","+39 0761599669","ITA","Civita Castellana","S.S. Flaminia - Km 57,400","Salone del Mobile 2026","ARB","06","D30","","Sanitary ware, tapware, radiators, coverings, wellness | Bathroom furniture and accessories","Bathroom, laundry and/or kitchen tapware | Bath tubs and whirlpool tubs | Bathroom furniture | Sanitary ware","furniture","take","International Bathroom Exhibition","yes","https://collection.civitacromo.com/","no","consumer, sells online","Collection by Civita Cromo","","role inbox","No visualiser yet and sells direct to shoppers, so this is the full pitch rather than an upgrade"
"Cizeta srl","www.cizetagroup.it","info@cizetagroup.it","s.cavassi@cizetagroup.it","+39 0432758667","ITA","San Giovanni al Natisone","Via Grava Lunga 4","Salone del Mobile 2026","SMI","14","D41","","Dining rooms, living rooms | Upholstered furniture","Wooden dining tables | Sofas and armchairs | Marble dining tables | Metal chairs | Stacking or folding chairs | Leather chairs | Wooden stools | Wooden chairs","furniture","take","Salone Internazionale del Mobile","yes","https://www.cizetagroup.it/en","no","catalogue only","","","role inbox","Publishes collections with a contact form as the only way in, which is the exact problem the email opens on. Audience unconfirmed"
"Clara Home","www.clarahome.com","info@clarahome.com","inespacheco@lbf.pt","+351 (255) 878393","PRT","Figueiras Lousada","Rua dos Combatentes do Ultramar 697","Salone del Mobile 2026","SMI","07","C14","","Bedrooms | Dining rooms, living rooms","Wooden dining tables | Bedrooms | Living rooms | Wooden sideboards | Wooden bookcases | Wooden beds | Extension dining tables | Wooden living room tables | Wooden stools | Wardrobes | Dining rooms","furniture","take","Salone Internazionale del Mobile","yes","https://clarahome.com/","no","catalogue only","","","role inbox","Publishes collections with a contact form as the only way in, which is the exact problem the email opens on. Audience unconfirmed"
"Class Pubblicità","www.classeditori.it","info@class.it","srighi@class.it","+39 02582191","ITA","Milano","Via Burigozzo 5","Salone del Mobile 2026","SMI","C.so Italia","ING. PADD 9/11 S38 PAD 05 A30","","Trade newspapers, magazines and publications","Trade newspapers, magazines and publications","furniture","take","Salone Internazionale del Mobile","yes","https://www.classeditori.it","no","unclear","","","role inbox","Live site but no catalogue, cart or contact route found, needs a look"
"ClassiCon","www.classicon.com","info@classicon.com","pg@classicon.com","+49 (89) 7481330","DEU","München","Sigmund-Riefler-Bogen 3","Salone del Mobile 2026","SMI","22","B06","","Light fixtures","Light fixtures","furniture","take","Salone Internazionale del Mobile","yes","https://www.classicon.com/en/homepage.html","no","consumer, via dealers","ClassiCon stands for design classics and contemporary furniture, lighting and rugs by Eileen Gray, Sebastian Herkner and other renowned designers.","","role inbox","No visualiser yet and markets to shoppers and routes them to dealers, so this is the full pitch rather than an upgrade"
"Classiflex","www.classiribalta.pt","comercial@classiribalta.pt","comercial@classiribalta.pt","+351 (255) 873683","PRT","Meixomil - Paços de Ferreira","Rua Via Panorâmica (Rua da Carica 90)","Salone del Mobile 2026","SMI","01","A18","","Bedrooms | Upholstered furniture","Sofas and armchairs | Upholstered beds | Mattresses","furniture","take","Salone Internazionale del Mobile","yes","https://www.classiribalta.pt","no","consumer, sells online","Design you can feel","","other","No visualiser yet and sells direct to shoppers, so this is the full pitch rather than an upgrade"
"Clever Concept srl","www.clever-concept.ro","comenzi@clever-concept.ro","catalin.tanase@clever-concept.ro","+40 (725) 084035","ROU","Navodari","Str. Culturii bl. C2b et 3 ap. 16 Jud. Constanta","Salone del Mobile 2026","SMI","03","C26 D33","","Bedrooms | Dining rooms, living rooms | Outdoor furniture | Upholstered furniture | Furniture","Metal and glass dining tables | Marble dining tables | Metal and glass living room tables | Wooden sideboards | Extension dining tables | Sliding or fixed partitions for walk-in robes | Wooden living room tables | Marble living room tables | Sofas and armchairs | Mirrors | Outdoor furniture and accessories | Metal sideboards | Sliding or fixed partitions for wardrobe walls | Cocktail cabinets","furniture","take","Salone Internazionale del Mobile","yes","https://clever-concept.ro/","no","consumer, sells online","Concept Clever - Cream, modelam si redefinim mobilierul customer-made si oferim o gama variata de mobilier ready-made.","","other","No visualiser yet and sells direct to shoppers, so this is the full pitch rather than an upgrade"
"Cobogó Gallery","www.cobogogallery.com","info@cobogogallery.com","eduardo@cobogogallery.com","+44 (204) 5974840","GBR","Chelsea - London","Chelsea Harbour Design Center513 Design Centre East","Salone del Mobile 2026","SMI","15","A12","","Dining rooms, living rooms | Upholstered furniture","Leisure armchairs | Wooden dining tables | Leather chairs | Wooden living room tables | Wooden chairs","furniture","take","Salone Internazionale del Mobile","yes","https://cobogogallery.com/","no","unclear","Discover the designs of the great Brazilian masters. Delve into the creators of modernist furniture, from Brazil’s Golden Age to the current day.","","role inbox","Live site but no catalogue, cart or contact route found, needs a look"
"Colos","www.colos.it","info@colos.it","daniele@cerantola.com","+39 0423755013","ITA","Ramon di Loria","Via Giorgione 2 z.i","Salone del Mobile 2026","SMI","18","C14","","Dining rooms, living rooms | Outdoor furniture","Plastic chairs | Metal stools | Metal and glass dining tables | Metal and glass living room tables | Outdoor furniture and accessories | Metal chairs | Stacking or folding chairs | Plastic stools","furniture","take","Salone Internazionale del Mobile","yes","https://colos.it/it","no","catalogue only","Arredi per ristorazione, casa e collettività nati dall'unione tra estetica e funzionalità Made in Italy e tendenze del design internazionale.","","role inbox","Publishes collections with a contact form as the only way in, which is the exact problem the email opens on. Audience unconfirmed"
"Colunex  Tailored Comfort","www.colunex.com","info@colunex.com","francisca.santos@colunex.pt","+351 (22) 6088000","PRT","Recarei","Rua da Estrada Velha","Salone del Mobile 2026","SMI","05","A14","","Bedrooms | Upholstered furniture","Bedrooms | Upholstered beds | Mattresses","furniture","take","Salone Internazionale del Mobile","yes","https://www.colunex.com/pt/","no","consumer, sells online","A Colunex é uma empresa 100% Portuguesa que cria ambientes para um sono perfeito há mais de 30 anos. Somos especialistas em colchões, almofadas e camas.","","role inbox","No visualiser yet and sells direct to shoppers, so this is the full pitch rather than an upgrade"
"Confartigianato Imprese","","confartigianato@confartigianato.it","mariachiara.iozia@confartigianato.it","","ITA","Roma","Via San Giovanni in Laterano 152","Salone del Mobile 2026","SMI","13","D36","","Trade associations and organizations","Trade associations and organizations","furniture","take","Salone Internazionale del Mobile","no site","","","","","","other","No website on file, so nothing for a visualiser to sit on. Skip"
"Conform Collection","www.conform.se","info@conform.se","adam.berntsson@furninova.se","+46 (76) 5385638","SWE","Holsbybrunn","Vetlandav 14","Salone del Mobile 2026","SMI","01","A08","","Outdoor furniture | Upholstered furniture","Sofas and armchairs | Outdoor furniture and accessories","furniture","take","Salone Internazionale del Mobile","yes","https://conform.se/","no","consumer, sells online","Welcome to Conform.","","role inbox","No visualiser yet and sells direct to shoppers, so this is the full pitch rather than an upgrade"
"Connubia","www.connubia.com","calligaris@calligaris.it","guido.gorlato@Calligaris.it","+39 0432748211","ITA","Manzano","Via  Trieste 12","Salone del Mobile 2026","SMI","18","A11 A15 B12 B18","","Bedrooms | Dining rooms, living rooms | Upholstered furniture | Furniture","Leisure armchairs | Plastic chairs | Wooden dining tables | Metal and glass dining tables | Marble dining tables | Metal and glass living room tables | Living rooms | Home cinema / Home-theatre seating | Extension dining tables | Leather chairs | Metal stools | TV tables | Mirrors | Sofas and armchairs | Metal chairs | Upholstered beds | Leather stools | Wooden stools | Plastic stools | Wooden chairs","furniture","take","Salone Internazionale del Mobile","yes","https://connubia.com/","no","consumer, sells online","Connubia - Daily Stories - Il brand di design giovane del gruppo Calligaris - Tavoli, Sedie e Complementi per la casa contemporanea. Scopri la nuova Collezione!","","other","No visualiser yet and sells direct to shoppers, so this is the full pitch rather than an upgrade"
"Contract Network srl","www.contractnetwork.it","direzione@contractnetwork.it","taliercio@contractnetwork.it","+39 3463641676","ITA","Milano","Via Giovanni Boccaccio, 4","Salone del Mobile 2026","SMI","C.so Italia","FRONTE PADD 6/10 S25","","Trade newspapers, magazines and publications","Trade newspapers, magazines and publications","furniture","take","Salone Internazionale del Mobile","yes","https://archinetwork.it/","no","catalogue only","","","other","Publishes collections with a contact form as the only way in, which is the exact problem the email opens on. Audience unconfirmed"
"Contractin srl","www.contractin.it","commerciale@contractin.it","guion@contractin.it","+39 0432641451","ITA","Pradamano","Via dei Boschi 2","Salone del Mobile 2026","SMI","03","D27","","Dining rooms, living rooms | Upholstered furniture","Metal stools | Sofas and armchairs | Metal chairs | Stacking or folding chairs | Leather stools | Leather chairs | Rocking-chairs | Wooden stools | Wooden living room tables | Dining rooms | Wooden chairs","furniture","take","Salone Internazionale del Mobile","yes","https://www.contractin.it/it","no","catalogue only","Siamo un'azienda che opera nel settore delle sedute ed imbottiti per il mercato contract. Qui il nostro catalogo.","","role inbox","Publishes collections with a contact form as the only way in, which is the exact problem the email opens on. Audience unconfirmed"
"Convie - Ceramikalys Industria Ceramica e Comercio ltda","www.convie.com.br","comercialconvie@inclay.com.br","comercialconvie@inclay.com.br","+55 (62) 96788708","BRA","Alexandria","Rua Remigio Tomazini s/n Quadra 09, Lote 01 A 08 Lot. Florida Ouro","Salone del Mobile 2026","SMI","03","C06 C08 D07 D09","","Outdoor furniture","Outdoor furniture and accessories","furniture","take","Salone Internazionale del Mobile","yes","https://convie.com.br/","no","catalogue only","Resistência que encanta. Design que permanece.","","other","Publishes collections with a contact form as the only way in, which is the exact problem the email opens on. Audience unconfirmed"
"Coozus","www.coozus.com","info@coozus.com","kristof@coozus.com","","BEL","Merksplas","Consciencestraat 16","Salone del Mobile 2026","SMI","03","D18 D20","","Outdoor furniture","Outdoor furniture and accessories","furniture","take","Salone Internazionale del Mobile","yes","https://coozus.com/","no","consumer, sells online","","","role inbox","No visualiser yet and sells direct to shoppers, so this is the full pitch rather than an upgrade"
"Corbelli & Pereira ltda","www.corbelli.com.br","corbelli@corbelli.com.br","corbelli@corbelli.com.br","+55 (32) 35393500","BRA","Uba-Rodeiro Ubà","Rua Vicente Corbelli 500 Eixo Rodoviario","Salone del Mobile 2026","SMI","03","C06 C08 D07 D09","","Dining rooms, living rooms","Metal and glass living room tables | Wooden living room tables","furniture","take","Salone Internazionale del Mobile","yes","https://corbelli.com.br/","no","consumer, sells online","Fundada em 1994 na cidade de Ubá, maior polo moveleiro do estado de Minas Gerais, a Corbelli dedicou-se por anos à elaboração de móveis sob medida voltados para cozinhas e lavabos.","","other","No visualiser yet and sells direct to shoppers, so this is the full pitch rather than an upgrade"
"Cordivari srl","www.cordivari.it","info@cordivari.it","marketing@cordivari.it","+39 08580401","ITA","Morro d'Oro","Zona Industriale Pagliare","Salone del Mobile 2026","ARB","10","A06 A08","","Sanitary ware, tapware, radiators, coverings, wellness","Radiators","furniture","take","International Bathroom Exhibition","yes","https://www.cordivari.it","no","consumer, sells online","","","role inbox","No visualiser yet and sells direct to shoppers, so this is the full pitch rather than an upgrade"
"Corner 43 Decor Co. ltd","www.corner43.com","info@corner43.com","info@corner43.com","+66 (2) 26125278","THA","Pathumthani","99/10 Moo 2, Soi Wat Singh, Pathum-Samkhok Road - Samkhok","Salone del Mobile 2026","SMI","07","D10","","Outdoor furniture","Rush and rattan furniture | Outdoor furniture and accessories","furniture","take","Salone Internazionale del Mobile","yes","https://www.corner43.com","no","consumer, sells online","Discover award-winning rattan furniture in Bangkok designed and crafted with pure passion from local craftsmen in Thailand. Visit us today.","","role inbox","No visualiser yet and sells direct to shoppers, so this is the full pitch rather than an upgrade"
"Costantini Pietro srl","www.costantinipietro.com","info@costantinipietro.com","francesco.scalise@costantinipietro.com","+39 0432997660","ITA","San Vito al Torre","Via Remis, 64","Salone del Mobile 2026","SMI","14","B39","","Dining rooms, living rooms | Upholstered furniture","Metal stools | Wooden dining tables | Sofas and armchairs | Wooden sideboards | Wooden bookcases | Wooden living room tables | Wooden stools | Dining rooms | Wooden chairs","furniture","take","Salone Internazionale del Mobile","yes","https://www.costantinipietro.com","no","unclear","","","role inbox","Live site but no catalogue, cart or contact route found, needs a look"
"Couture Jardin llc","www.couturejardin.com","info@couturejardin.com","support@couturejardin.com","+1 (754) 2008269","USA","Pompano Beach, Florida","2025 NW 15th Avenue, suite 200","Salone del Mobile 2026","SMI","14","F34","","Outdoor furniture","Outdoor furniture and accessories","furniture","take","Salone Internazionale del Mobile","yes","https://couturejardin.com/","no","consumer, sells online","","","role inbox","No visualiser yet and sells direct to shoppers, so this is the full pitch rather than an upgrade"
"Covet House","www.covethouse.eu","info@covethouse.eu","slanca@covetlounge.net","+351 (914) 470214","PRT","Fanzeres","Rua Da Portelinha 136","Salone del Mobile 2026","SMI","15","A01 A03","","Bedrooms | Children's furniture | Dining rooms, living rooms | Upholstered furniture | Furniture","Wooden dining tables | Metal and glass dining tables | Bedrooms | Wooden sideboards | Wooden bookcases | Marble or stone furniture | Metal bookcases | Wooden living room tables | Game tables and billiards | Dining rooms | Metal stools | Mirrors | Metal sideboards | Leather furniture | Children's bedrooms | Upholstered beds | Wooden beds | Leather stools | Leisure armchairs | Marble dining tables | Metal and glass living room tables | Living rooms | Home cinema / Home-theatre seating | Leather chairs | Marble living room tables | TV tables | Sofas and armchairs | Metal chairs | Hall furniture | Other children's furniture | Wooden stools | Wooden chairs","furniture","take","Salone Internazionale del Mobile","yes","https://www.covethouse.eu","no","consumer, sells online","","","role inbox","No visualiser yet and sells direct to shoppers, so this is the full pitch rather than an upgrade"
"CPRN Homood srl","www.cprnhomood.it","info@cprnhomood.it","valeria.rossi@cprnhomood.it","+39 0587731307","ITA","Ponsacco","Via Sassari 4","Salone del Mobile 2026","SMI","09","L01 L03","","Bedrooms | Dining rooms, living rooms | Outdoor furniture | Upholstered furniture | Furniture","Leisure armchairs | Wooden dining tables | Marble dining tables | Bedrooms | Metal and glass living room tables | Wooden sideboards | Wooden bookcases | Walk-in robes | Wooden living room tables | Dining rooms | Sofas and armchairs | Mirrors | Outdoor furniture and accessories | Upholstered beds | Cocktail cabinets | Sofa beds and armchair beds | Wardrobes | Wooden chairs","furniture","take","Salone Internazionale del Mobile","yes","https://www.cprnhomood.it/it_it/","no","consumer, sells online","Scopri le collezioni CPRN HOMOOD di arredamento contemporaneo e interior design raffinato, realizzate in Italia con materiali esclusivi ed eleganza senza tempo.","","role inbox","No visualiser yet and sells direct to shoppers, so this is the full pitch rather than an upgrade"
"Crassevig srl","www.crassevig.com","crassevig@crassevig.com","crassevig@crassevig.com","+39 0432932896","ITA","San Vito al Torre","Via Remis 25","Salone del Mobile 2026","SMI","18","D10","","Dining rooms, living rooms","Plastic chairs | Wooden dining tables | Metal and glass dining tables | Stacking or folding chairs | Rocking-chairs | Wooden stools | Plastic stools | Wooden chairs","furniture","take","Salone Internazionale del Mobile","yes","https://crassevig.com/en/","no","consumer, sells online","Scandinavian-inspired furnishing solutions, balancing quality materials, people's wellbeing and environmental sustainability. Explore the collections.","","other","No visualiser yet and sells direct to shoppers, so this is the full pitch rather than an upgrade"
"Creation Italia srl","www.incantoitalia.com","info@incantoitalia.com","design@creationitalia.it","+39 0835339149","ITA","Altamura","Via Canova 5","Salone del Mobile 2026","SMI","01","A03","","Upholstered furniture","Sofas and armchairs | Sofa beds and armchair beds","furniture","take","Salone Internazionale del Mobile","yes","https://www.incantoitalia.com","no","consumer, via dealers","We produce designer sofas, beds and furnishing accessories that are 100% Made in Italy. We are in the heart of the Italian upholstery district.","","role inbox","No visualiser yet and markets to shoppers and routes them to dealers, so this is the full pitch rather than an upgrade"
"Crema Outdoor srl","www.cremaoutdoor.com","info@cremaoutdoor.com","marketing@cremaoutdoor.com","+39 042981413","ITA","Montagnana","Via dell'Industria 15","Salone del Mobile 2026","SMI","01","B14","","Outdoor furniture","Outdoor umbrellas | Outdoor furniture and accessories","furniture","take","Salone Internazionale del Mobile","yes","https://www.cremaoutdoor.com","no","unclear","","","role inbox","Live site but no catalogue, cart or contact route found, needs a look"
"Creo Kitchens","www.creokitchens.it","info@creokitchens.it","n.delpupo@cucinelube.it","+39 07338401","ITA","Treia","Via dell'Industria 4","Salone del Mobile 2026","EUC","02","B15 B21","","Kitchens","Wood kitchens | Plastic laminate kitchens | Lacquered kitchens | Masonry kitchens","furniture","take","EuroCucina","yes","https://www.creokitchens.it","no","consumer, via dealers","Scopri le cucine CREO: un'ampia gamma di modelli moderni e classici, personalizzabili per armonizzare con le tue idee ed esigenze funzionali. Qualità e design al servizio della tua casa.","","role inbox","No visualiser yet and markets to shoppers and routes them to dealers, so this is the full pitch rather than an upgrade"
"Cristal&Bronze","www.cristal-et-bronze.com","contact@cristal-et-bronze.com","p.tassot@mrf.fr","+33 1 64293138","FRA","Château-Landon","25 Rue du Gâtinais","Salone del Mobile 2026","ARB","10","C15","","Sanitary ware, tapware, radiators, coverings, wellness | Bathroom furniture and accessories","Bathroom accessories | Bathroom, laundry and/or kitchen tapware","furniture","take","International Bathroom Exhibition","yes","https://www.cristal-et-bronze.com","no","consumer, sells online","Créée il y a 80 ans près de Paris, Cristal&Bronze confectionne sa robinetterie et ses accessoires de salle de bain dans la plus pure tradition du savoir-faire à la française.","","role inbox","No visualiser yet and sells direct to shoppers, so this is the full pitch rather than an upgrade"
"Cristina Rubinetterie","www.cristinarubinetterie.com","info@cristinagroup.com","beatrice.morellicaleffi@cristinagroup.com","+39 03229545","ITA","Gozzano","Via Fava 56","Salone del Mobile 2026","ARB","06","A23 B20","","Sanitary ware, tapware, radiators, coverings, wellness | Bathroom furniture and accessories","Bathroom accessories | Bathroom, laundry and/or kitchen tapware","furniture","take","International Bathroom Exhibition","yes","https://www.cristinarubinetterie.com","no","catalogue only","Scopri il ricco catalogo e i modelli di rubinetti e miscelatori CRISTINA, completa il tuo bagno e la tua cucina nello stile che più ami.","","role inbox","Publishes collections with a contact form as the only way in, which is the exact problem the email opens on. Audience unconfirmed"
"Cromatina","www.cromatinadesign.com","info@cromatinadesign.com","arianna.gb@cromatina.com","+39 0236642123","ITA","Milano","Piazza Sant'Ambrogio 1","Salone del Mobile 2026","ARB","10","B05","","Sanitary ware, tapware, radiators, coverings, wellness | Bathroom furniture and accessories","Bathroom accessories | Saunas, turkish bath and spa | Bathroom, laundry and/or kitchen tapware | Wall and floor coverings | Shower cubicles | Bath tubs and whirlpool tubs","furniture","take","International Bathroom Exhibition","yes","https://www.keopeholisticbathroomandspa.com/","no","consumer, sells online","","","role inbox","No visualiser yet and sells direct to shoppers, so this is the full pitch rather than an upgrade"
"Cucine Lube","www.cucinelube.it","info@cucinelube.it","n.delpupo@cucinelube.it","+39 07338401","ITA","Treia","Via dell'Industria 4","Salone del Mobile 2026","EUC","02","B15 B21","","Kitchens","Wood kitchens | Plastic laminate kitchens | Lacquered kitchens | Masonry kitchens","furniture","take","EuroCucina","yes","https://www.cucinelube.it","no","consumer, via dealers","Cucine LUBE: tanti modelli classici e moderni di cucine e living. Scopri tutte le novità della prima azienda di cucine in Italia (GruppoLUBE).","","role inbox","No visualiser yet and markets to shoppers and routes them to dealers, so this is the full pitch rather than an upgrade"
"Dan-Form a/s","www.dan-form.dk","info@dan-form.dk","sp@dan-form.dk","+45 (44) 481120","DNK","Horsholm","Agiltevej 19","Salone del Mobile 2026","SMI","03","C22","","Dining rooms, living rooms | Upholstered furniture","Leisure armchairs | Metal stools | Wooden dining tables | Wooden bookcases | Metal chairs | Stacking or folding chairs | Leather stools | Extension dining tables | Leather chairs | Wooden stools | Wooden living room tables | Dining rooms | Wooden chairs","furniture","take","Salone Internazionale del Mobile","yes","https://www.dan-form.com/","no","trade portal, gated","Scandinavian Design - International Living","","role inbox","Catalogue sits behind a dealer login, so the visitor is a dealer rather than a buyer"
"Dante - Goods and Bads GmbH","www.dante.lu","info@dante.lu","martina@dante.lu","+49 (9961) 9437677","DEU","Neukirchen","Haggn 24","Salone del Mobile 2026","SMI","24","D45","","Dining rooms, living rooms | Outdoor furniture | Upholstered furniture | Furniture","Leisure armchairs | Metal stools | Sofas and armchairs | Marble dining tables | Outdoor furniture and accessories | Leather furniture | Metal chairs | Leather stools | Metal or glass trolleys | Leather chairs | Wooden stools | Wooden chairs","furniture","take","Salone Internazionale del Mobile","yes","https://dante.lu/","no","unclear","Dante Goods and Bads","","role inbox","Live site but no catalogue, cart or contact route found, needs a look"
"DBInformation spa","www.ilbagnonews.it","info@dbinformation.it","arianna.bertola@dbinformation.it","+39 02818301","ITA","Assago","Centro Direzionale MilanofioriStrada 4 palazzo A - scala B","Salone del Mobile 2026","ARB","C.so Italia","ING. PADD 6/10 S39","","Trade newspapers, magazines and publications","Trade newspapers, magazines and publications","furniture","take","International Bathroom Exhibition","yes","https://www.ilbagnonews.it","yes","catalogue only","Il sito web della rivista Il Bagno Oggi e Domani, tutte le news su arredobagno, design e progettazione di ambienti del bagno. Novità di prodotto, protagonisti, aziende","","role inbox","Already runs a visualiser but publishes collections and a catalogue with a contact form as the only way in, so confirm there is a shopper to capture"
"De Castelli srl","www.decastelli.com","info@decastelli.com","francescacelato@decastelli.com","+39 0423638218","ITA","Crocetta del Montello","Via delle Industrie 10","Salone del Mobile 2026","SMI","22","B04","","Dining rooms, living rooms | Upholstered furniture | Furniture","Metal stools | Sofas and armchairs | Metal and glass dining tables | Metal and glass living room tables | Metal sideboards | Metal chairs | Metal bookcases | Hall furniture","furniture","take","Salone Internazionale del Mobile","yes","https://decastelli.com/en/","no","unclear","","","role inbox","Live site but no catalogue, cart or contact route found, needs a look"
"De Manincor spa","www.demanincor.it","info@demanincor.it","daniele.righi@demanincor.it","+39 0461990322","ITA","Trento","Via di Spini 15","Salone del Mobile 2026","EUC","02","A07","","Kitchens","Metal kitchens","furniture","take","EuroCucina","yes","https://www.demanincor.com/it/","no","consumer, via dealers","Cucine a legna, termocucine, termostufe, cucine professionali, macchine di cottura su misura, cucine in acciaio classiche e moderne, sistemi per la ristorazione, cucine su misura, cucine complete","","role inbox","No visualiser yet and markets to shoppers and routes them to dealers, so this is the full pitch rather than an upgrade"
"Decor Walther Einrichtungs GmbH","www.decor-walther.de","info@decor-walther.de","tiziana.gagliano@decor-walther.de","+49 (69) 2722790","DEU","Offenbach","Bettinastrasse 72","Salone del Mobile 2026","ARB","06","C35","","Bathroom furniture and accessories","Bathroom accessories","furniture","take","International Bathroom Exhibition","yes","https://www.decor-walther.com/en","no","consumer, sells online","Objects that reflect. Fine interior accessories made to last. Family owned. Since 1973.","","role inbox","No visualiser yet and sells direct to shoppers, so this is the full pitch rather than an upgrade"
"Decora Comp - Art Georgies","www.artgeorgies.ro","contact@artegeorgies.ro","ligia.stanciu@artgeorgies.ro","+40 (733) 580158","ROU","Iasi","Soseaua Nicolina 74 Jud. Iasi","Salone del Mobile 2026","SMI","03","C26 D33","","Furniture","Mirrors | Marble or stone furniture | Glass furniture","furniture","take","Salone Internazionale del Mobile","yes","https://www.artgeorgies.ro/stiri/","no","catalogue only","Art Georgies","","role inbox","Publishes collections with a contact form as the only way in, which is the exact problem the email opens on. Audience unconfirmed"
"Decormarmi srl","www.kreoo.com","info@kreoo.com","martina@decormarmi.com","+39 0444688311","ITA","Chiampo","Via Duca D'Aosta, 17/E","Salone del Mobile 2026","SMI","22","A12","","Dining rooms, living rooms | Outdoor furniture | Furniture","Marble dining tables | Outdoor furniture and accessories | Marble or stone furniture","furniture","take","Salone Internazionale del Mobile","yes","https://www.kreoo.com/en/","no","unclear","","","role inbox","Live site but no catalogue, cart or contact route found, needs a look"
"DEDON","www.dedon.de","info@dedon.de","marc.carstens@dedon.de","+49 (4131) 224470","DEU","Lüneburg","Zeppelinstrasse 22","Salone del Mobile 2026","SMI","22","B20","","Outdoor furniture","Rush and rattan furniture | Outdoor umbrellas | Outdoor furniture and accessories","furniture","take","Salone Internazionale del Mobile","yes","https://www.dedon.de","no","catalogue only","DEDON is the leader in crafting modern luxury outdoor furniture with unparalleled quality and design for residential, commercial and hospitality spaces","","role inbox","Publishes collections with a contact form as the only way in, which is the exact problem the email opens on. Audience unconfirmed"
"Deesawat Industries Co. Ltd","www.deesawat.com","info@deesawat.com","info@deesawat.com","+66 (2) 5211341","THA","Bangkok","71/9 Changwattana Road Talat Bang Khen, Laksi","Salone del Mobile 2026","SMI","07","D10","","Dining rooms, living rooms","Wooden dining tables | Wooden sideboards | Wooden living room tables | Wooden chairs","furniture","take","Salone Internazionale del Mobile","yes","https://deesawat.com/","no","unclear","OUTDOOR LIFESTYLE","","role inbox","Live site but no catalogue, cart or contact route found, needs a look"
"Defrancq nv","www.tabuliving.be","info@tabuliving.be","marc.defrancq@tabuliving.be","+32 (475) 714759","BEL","Ledegem","Fabriekslaan 10","Salone del Mobile 2026","SMI","03","D18 D20","","Outdoor furniture","Outdoor furniture and accessories","furniture","take","Salone Internazionale del Mobile","yes","https://www.tabuliving.com/","no","consumer, sells online","","","role inbox","No visualiser yet and sells direct to shoppers, so this is the full pitch rather than an upgrade"
"Deimos srl","www.fogher.com","info@fogher.com","marketing@fogher.com","+39 04378066","ITA","Borgo Valbelluna","Via Cavassico Inferiore, 1","Salone del Mobile 2026","EUC","04","C19 D20","","Kitchens","Metal kitchens","furniture","take","EuroCucina","yes","https://www.fogher.com/global/en","yes","consumer, via dealers","When outdoor spaces meet the heart of the home, the kitchen, a new poetry of conviviality is born to share and discover.","","role inbox","Already runs a visualiser and markets to shoppers and routes them to dealers, so the gap is what happens after the render. Sharpest segment"
"Del Tongo","www.deltongocucine.com","info@deltongocucine.com","chiara.dimichele@kico.it","+39 0859463052","ITA","Atri","Via dell'Industria snc","Salone del Mobile 2026","EUC","04","D25 D27","","Kitchens | Kitchen furnishing accessories","Wood kitchens | Plastic laminate kitchens | Lacquered kitchens | Kitchen furnishing accessories","furniture","take","EuroCucina","yes","https://www.deltongocucine.com","no","catalogue only","","","role inbox","Publishes collections with a contact form as the only way in, which is the exact problem the email opens on. Audience unconfirmed"
"Desalto spa","www.desalto.it","info@desalto.it","sab.o@desalto.it","+39 0317832211","ITA","Cantu'","Via per Montesolaro","Salone del Mobile 2026","SMI","09","D10","","Dining rooms, living rooms | Outdoor furniture | Upholstered furniture | Furniture","Plastic chairs | Wooden dining tables | Metal and glass dining tables | Marble dining tables | Metal and glass living room tables | Metal bookcases | Extension dining tables | Leather chairs | Wooden living room tables | Marble living room tables | Metal stools | TV tables | Sofas and armchairs | Outdoor furniture and accessories | Metal chairs | Stacking or folding chairs | Metal or glass trolleys | Plastic stools","furniture","take","Salone Internazionale del Mobile","yes","https://www.desalto.it","yes","consumer, via dealers","Desalto da sempre indaga i limiti dei materiali realizzando collezioni suggestive, arredi architetturali dalla grande potenza espressiva","","role inbox","Already runs a visualiser and markets to shoppers and routes them to dealers, so the gap is what happens after the render. Sharpest segment"
"Design Diffusion World","www.designdiffusion.com","info@designdiffusion.com","d.davanzo@ddadvertising.it","+39 025456102","ITA","Milano","Via Lucano 3","Salone del Mobile 2026","SMI","C.so Italia","FRONTE PADD 6/10 S15","","Trade newspapers, magazines and publications","Trade newspapers, magazines and publications","furniture","take","Salone Internazionale del Mobile","yes","https://designdiffusion.com/","no","catalogue only","Design Diffusion è un sito giornalistico che diffonde Informazione e Cultura del Progetto e del Design in Italia e in tutto il Mondo.","","role inbox","Publishes collections with a contact form as the only way in, which is the exact problem the email opens on. Audience unconfirmed"
"Designwerk AG","www.designwerk.li","info@designwerk.li","marcel.gaechter@cotta.li","+423 (370) 1026","LIE","Bendern","Industriestrasse 4","Salone del Mobile 2026","SMI","03","C20","","Upholstered furniture","Sofas and armchairs","furniture","take","Salone Internazionale del Mobile","yes","https://designwerk.li/","no","unclear","Entdecken Sie die stilvolle Welt von designwerk: hochwertige Sofas, Sessel und Accessoires mit zeitlosem Design und höchstem Komfort.","","role inbox","Live site but no catalogue, cart or contact route found, needs a look"
"Desiree spa","www.gruppoeuromobil.com","desiree@gruppoeuromobil.com","eurote2@euromobil.it","+39 04382817","ITA","Tezze di Piave","Via Piave 25","Salone del Mobile 2026","SMI;EUC","09","L09 M06","","Bedrooms | Dining rooms, living rooms | Upholstered furniture","Sofas and armchairs | Upholstered beds | Metal bookcases | Sofa beds and armchair beds","furniture","take","Salone Internazionale del Mobile","unreachable","","","","","<urlopen error _ssl.c:999: The handshake operation timed out>","other","Site did not respond, check it by hand before spending a credit"
"Devon&Devon spa","www.devon-devon.com","info@devon-devon.com","backoffice@devon-devon.com","+39 055308350","ITA","Scandicci","Via Di Casellina 61d","Salone del Mobile 2026","ARB","10","C27 D20","","Sanitary ware, tapware, radiators, coverings, wellness | Bathroom furniture and accessories","Bathroom accessories | Saunas, turkish bath and spa | Bathroom, laundry and/or kitchen tapware | Wall and floor coverings | Shower cubicles | Bath tubs and whirlpool tubs | Bathroom furniture | Sanitary ware | Radiators","furniture","take","International Bathroom Exhibition","yes","https://www.devon-devon.com/int/","yes","consumer, sells online","Devon&Devon, an Italian luxury interior design brand, offers elegant solutions for classic contemporary classic style bathrooms. Visit the official website.","","role inbox","Already runs a visualiser and sells direct to shoppers, so the gap is what happens after the render. Sharpest segment"
"DFM Sp z o.o.","www.dfm.com.pl","dfm@dfm.com.pl","anna.wyrzykowska@dfm.com.pl","+48 (89) 6153650","POL","Dobre Miasto","u. Olsztynska 21","Salone del Mobile 2026","SMI","05","A29","","Dining rooms, living rooms | Upholstered furniture","Leisure armchairs | Sofas and armchairs | Upholstered rocking-chairs | Metal and glass living room tables | Home cinema / Home-theatre seating | Metal chairs | Leather chairs","furniture","take","Salone Internazionale del Mobile","yes","https://dfm.pl/","no","catalogue only","","","other","Publishes collections with a contact form as the only way in, which is the exact problem the email opens on. Audience unconfirmed"
"DFN srl","www.dfnsrl.com","info@dfnsrl.com","bastianelli@dfnsrl.com","+39 07211835821","ITA","Fano","Via L. Einaudi 114 G","Salone del Mobile 2026","SMI","15","A14","","Outdoor furniture","Rush and rattan furniture | Outdoor umbrellas | Outdoor furniture and accessories","furniture","take","Salone Internazionale del Mobile","yes","https://www.dfnsrl.com","no","unclear","","","role inbox","Live site but no catalogue, cart or contact route found, needs a look"
"Diabla","www.diablaoutdoor.com","clientes@diablaoutdoor.com","alejandra@gandiablasco.com","+34 (962) 911320","ESP","Ontinyent","Avda San Francisco 12","Salone del Mobile 2026","SMI","22","B08","","Outdoor furniture","Outdoor furniture and accessories","furniture","take","Salone Internazionale del Mobile","yes","https://www.diablaoutdoor.com","no","catalogue only","","","other","Publishes collections with a contact form as the only way in, which is the exact problem the email opens on. Audience unconfirmed"
"Dibe srl","www.rc-arredo.it","info@rc-arredo.it","info@rc-arredo.it","+39 3336478757","ITA","Sestino","Via Marche, 13/15","Salone del Mobile 2026","SMI","03","D21","","Bedrooms | Dining rooms, living rooms","Wooden dining tables | Marble dining tables | Bedrooms | Living rooms | Wooden sideboards | Wooden bookcases | Upholstered beds | Modular living rooms | Wooden beds | Walk-in robes | Extension dining tables | Dining rooms","furniture","take","Salone Internazionale del Mobile","yes","https://www.rc-arredo.it","no","consumer, sells online","Scegli gli arredi firmati RC e crea il tuo spazio elegante e unico, rigorosamente made in Italy","","role inbox","No visualiser yet and sells direct to shoppers, so this is the full pitch rather than an upgrade"
"Dienne Salotti srl","www.diennesalotti.it","info@diennesalotti.it","ufficiotecnico@diennesalotti.it","+39 0803104290","ITA","Altamura","Via Del Tabacco 56","Salone del Mobile 2026","SMI","07","D14","","Bedrooms | Upholstered furniture","Leisure armchairs | Sofas and armchairs | Convertible beds | Sofa beds and armchair beds","furniture","take","Salone Internazionale del Mobile","yes","https://www.diennesalotti.it","no","unclear","","","role inbox","Live site but no catalogue, cart or contact route found, needs a look"
"Diesse Stuffed Dreams di Arduini G. & C. sas","www.diessestuffeddreams.it","info@diessestuffeddreams.it","niero.v@diessestuffeddreams.it","+39 0721482270","ITA","Via dell'Industria, sn","Via dell'Industria, sn","Salone del Mobile 2026","SMI","03","D21","","Bedrooms | Upholstered furniture","Sofas and armchairs | Upholstered beds","furniture","take","Salone Internazionale del Mobile","yes","https://www.diessestuffeddreams.it","no","unclear","Diesse Stuffed Dreams","","role inbox","Live site but no catalogue, cart or contact route found, needs a look"
"Dimensis","www.dimensis.it","info@dimensis.it","f.maroni@maroni.it","+39 031769111","ITA","Cabiate","Via Suore del Cottolengo 11","Salone del Mobile 2026","SMI","11","H23 H25","","Bedrooms | Dining rooms, living rooms | Upholstered furniture | Furniture","Wooden dining tables | Metal and glass dining tables | Bedrooms | Metal and glass living room tables | Living rooms | Wooden sideboards | Wooden bookcases | Wooden living room tables | Dining rooms | TV tables | Mirrors | Sofas and armchairs | Upholstered beds | Wooden beds | Metal or glass trolleys | Rocking-chairs | Wooden stools | Cocktail cabinets | Hall furniture | Wooden chairs","furniture","take","Salone Internazionale del Mobile","yes","https://www.dimensis.it","no","unclear","","","role inbox","Live site but no catalogue, cart or contact route found, needs a look"
"Dis Prod srl","www.bydurieux.com","comercial@bydurieux.com","anca@bydurieux.com","+40 (21) 2115860","ROU","Miercurea Ciuc","Str. Harghita 97, Jud Harghita","Salone del Mobile 2026","SMI","03","C28 D35","","Bedrooms | Dining rooms, living rooms | Upholstered furniture | Furniture","Leisure armchairs | Wooden trolleys | Bedrooms | Living rooms | Wooden bookcases | Modular living rooms | Extension dining tables | Leather chairs | Dining rooms | TV tables | Mirrors | Sofas and armchairs | Leather furniture | Upholstered beds | Wooden beds | Leather stools | Hall furniture | Shoe cupboards | Sofa beds and armchair beds | Wardrobes | Wooden chairs","furniture","take","Salone Internazionale del Mobile","yes","https://www.bydurieux.com/en/","no","consumer, sells online","Your furniture your color! Discover our selection of custom made furniture and choose from over 100 colors and finishes.","","other","No visualiser yet and sells direct to shoppers, so this is the full pitch rather than an upgrade"
"Doccia Group","www.docciagroup.com","info@docciagroup.com","frobles@docciagroup.com","+34 (954) 038390","ESP","Alcalá de Guadaira (Sevilla)","Polígono Industrial San Nicolás Uno, Parcela 34","Salone del Mobile 2026","ARB","10","D12","","Sanitary ware, tapware, radiators, coverings, wellness","Shower cubicles","furniture","take","International Bathroom Exhibition","yes","https://www.docciagroup.com/en/","yes","catalogue only","Calidad, diseño y personalización. Creamos el baño que sueñas, a medida.","","role inbox","Already runs a visualiser but publishes collections and a catalogue with a contact form as the only way in, so confirm there is a shopper to capture"
"Doimo - Augusta Moveis ltda","www.doimobrasil.com.br","comercial@doimobrasil.com.br","guilherme@doimobrasil.com.br","+55 (31) 984781707","BRA","Riberão das Neves","Av. Renato Azeredo 435","Salone del Mobile 2026","SMI","03","C06 C08 D07 D09","","Upholstered furniture","Sofas and armchairs","furniture","take","Salone Internazionale del Mobile","yes","https://doimobrasil.com.br/","no","consumer, sells online","","","other","No visualiser yet and sells direct to shoppers, so this is the full pitch rather than an upgrade"
"Domi srl","www.tafaruci.com","info@domitalia.it","sales-eu@domitalia.it","+39 0432749411","ITA","San Giovanni al Natisone","Via Nazionale 65","Salone del Mobile 2026","SMI","05","B07","","Dining rooms, living rooms | Upholstered furniture","Leisure armchairs | Wooden dining tables | Metal and glass dining tables | Marble dining tables | Metal and glass living room tables | Wooden bookcases | Metal bookcases | Extension dining tables | Leather chairs | Wooden living room tables | Marble living room tables | Metal stools | Sofas and armchairs | Metal chairs | Stacking or folding chairs | Leather stools | Wooden stools | Wooden chairs","furniture","take","Salone Internazionale del Mobile","yes","https://www.tafaruci.com","no","unclear","","","role inbox","Live site but no catalogue, cart or contact route found, needs a look"
"Domiziani Design","www.domiziani.com","sofia@domizianidesign.com","sofia@domizianidesign.com","","ITA","Fraz. Ponterosciano Torgiano","Via Roma 28/E","Salone del Mobile 2026","SMI","05","B19","","Dining rooms, living rooms | Outdoor furniture | Kitchen furniture | Furniture","Metal stools | Mirrors | Outdoor furniture and accessories | Metal chairs | Marble or stone furniture | Kitchen furniture | Extension dining tables","furniture","take","Salone Internazionale del Mobile","yes","https://www.domiziani.com/it","no","catalogue only","Domiziani, crea ceramiche, maioliche arredi di design per interni ed esterni in ceramica, pietra vulcanica e lavica. Made in Italy - Torgiano (PG)","","other","Publishes collections with a contact form as the only way in, which is the exact problem the email opens on. Audience unconfirmed"
"Donna Furniture","www.donna-furniture.com","info.donnafurniture@gmail.com","info.donnafurniture@gmail.com","+380 (676) 351888","UKR","Dnipro","Zorjana Str. 30","Salone del Mobile 2026","SMI","05","A23 A25","","Bedrooms | Dining rooms, living rooms | Upholstered furniture","Sofas and armchairs | Wooden living room tables | Wardrobes","furniture","take","Salone Internazionale del Mobile","yes","https://donna-furniture.com/","no","catalogue only","Меблева компанія DONNA. Ми виробництво, якість котрого наповнює фразу «зроблено в Україні» переможним змістом.","","first.last","Publishes collections with a contact form as the only way in, which is the exact problem the email opens on. Audience unconfirmed"
"Dooq Details","www.dooqdetails.com","info@dooqdetails.com","leonor@mambofactory.pt","+351 (21) 8133391","PRT","Lisboa","Rua de Marvila 49 C","Salone del Mobile 2026","SMI","18","B15","","Dining rooms, living rooms | Outdoor furniture | Upholstered furniture | Furniture","Leisure armchairs | Wooden dining tables | Metal and glass dining tables | Marble dining tables | Wooden sideboards | Marble or stone furniture | Wooden living room tables | Marble living room tables | Dining rooms | Metal stools | TV tables | Mirrors | Sofas and armchairs | Outdoor furniture and accessories | Metal chairs | Stacking or folding chairs | Hall furniture | Wooden stools | Wooden chairs","furniture","take","Salone Internazionale del Mobile","yes","https://www.dooqdetails.com","no","catalogue only","","","role inbox","Publishes collections with a contact form as the only way in, which is the exact problem the email opens on. Audience unconfirmed"
"Draenert Studio GmbH","www.draenert.de","info@draenert.de","susanne.draenert@draenert.de","+49 (7545) 2080","DEU","Immenstaad (Bodensee)","Steigwiesen 3","Salone del Mobile 2026","SMI","09","H05","","Dining rooms, living rooms | Outdoor furniture","Wooden dining tables | Metal and glass dining tables | Marble dining tables | Metal and glass living room tables | Outdoor furniture and accessories | Metal chairs | Extension dining tables | Leather chairs | Wooden living room tables | Marble living room tables","furniture","take","Salone Internazionale del Mobile","yes","https://www.draenert.de","no","consumer, via dealers","Als Möbelmanufaktur fertigen wir in eigenen Werkstätten exklusive Designmöbel. Esstische, Couchtische und Stühle bilden den Schwerpunkt unserer Kollektion.","","role inbox","No visualiser yet and markets to shoppers and routes them to dealers, so this is the full pitch rather than an upgrade"
"Dressy","www.dressy.design","info@dressy.design","ferran.oliver@mobliberica.com","+34 (965) 407005","ESP","Crevillent (Alicante)","Ctra. N. 340 Km 704,4","Salone del Mobile 2026","SMI","14","F30","","Dining rooms, living rooms | Upholstered furniture","Plastic chairs | Wooden dining tables | Metal and glass dining tables | Marble dining tables | Metal and glass living room tables | Living rooms | Wooden sideboards | Extension dining tables | Leather chairs | Wooden living room tables | Marble living room tables | Dining rooms | Sofas and armchairs | Metal sideboards | Metal chairs | Stacking or folding chairs | Wooden stools | Wooden chairs","furniture","take","Salone Internazionale del Mobile","yes","https://www.dressy.design/es/","no","consumer, sells online","Dressy es mobiliario de diseño y acabado exclusivo y elegante. Características presentes en cada detalle de nuestros productos de hogar.","","role inbox","No visualiser yet and sells direct to shoppers, so this is the full pitch rather than an upgrade"
"Durame","www.durame.it","info@durame.it","andrea.molteni@durame.it","+39 031734910","ITA","Cantù","Via dell'Artigianato 20","Salone del Mobile 2026","SMI","18","C07","","Bedrooms | Dining rooms, living rooms | Upholstered furniture | Furniture","Wooden dining tables | Marble dining tables | Living rooms | Wooden sideboards | Wooden bookcases | Wooden living room tables | Marble living room tables | Dining rooms | TV tables | Mirrors | Sofas and armchairs | Hall furniture | Cocktail cabinets | Wooden stools | Wardrobes | Wooden chairs","furniture","take","Salone Internazionale del Mobile","yes","https://www.durame.it","no","catalogue only","Design furniture Durame | Design furniture, handcrafted wooden furniture in Cantù","","role inbox","Publishes collections with a contact form as the only way in, which is the exact problem the email opens on. Audience unconfirmed"
"DV home collection","www.dvhomecollection.it","info@dvhomecollection.it","info@dvhomecollection.it","+39 0721478907","ITA","Pesaro","Via Corpo Italiano Liberazione 52","Salone del Mobile 2026","SMI","13","D26 D28","","Bedrooms | Dining rooms, living rooms | Upholstered furniture | Furniture","Wooden dining tables | Metal and glass dining tables | Bedrooms | Wooden sideboards | Wooden bookcases | Marble or stone furniture | Metal bookcases | Walk-in robes | Wooden living room tables | Dining rooms | Metal stools | Mirrors | Leather furniture | Upholstered beds | Leather stools | Marble dining tables | Metal and glass living room tables | Living rooms | Extension dining tables | Leather chairs | Marble living room tables | TV tables | Sofas and armchairs | Metal chairs | Cocktail cabinets | Wooden stools | Sofa beds and armchair beds | Wardrobes | Wooden chairs","furniture","take","Salone Internazionale del Mobile","unreachable","","","","","HTTP Error 429: Too Many Requests","role inbox","Site did not respond, check it by hand before spending a credit"
"ecoBirdy","www.ecobirdy.com","info@ecobirdy.com","annelies@ecobirdy.com","+32 (3) 2464640","BEL","Antwerpen","Oudeleeuwenrui 36A","Salone del Mobile 2026","SMI","18","A01 B02","","Children's furniture | Dining rooms, living rooms | Outdoor furniture | Furniture","Plastic chairs | Mirrors | Plastic dining tables | Outdoor furniture and accessories | Children's bedrooms | Other children's furniture | Plastic living room tables | Plastic stools","furniture","take","Salone Internazionale del Mobile","yes","https://www.ecobirdy.com","no","consumer, sells online","Marine Table","","role inbox","No visualiser yet and sells direct to shoppers, so this is the full pitch rather than an upgrade"
"Editoriale Domus spa","www.domusweb.it","redazione@domusweb.it","francesca.digiuda@edidomus.it","+39 02824721","ITA","Rozzano","Via G. Mazzocchi 1/3","Salone del Mobile 2026","SMI","C.so Italia","FRONTE PADD 5/7 S16","","Trade newspapers, magazines and publications","Trade newspapers, magazines and publications","furniture","take","Salone Internazionale del Mobile","yes","https://www.domusweb.it/it.html","no","catalogue only","La rivista Domus dedicata ai mondi dell'Architettura, del Design e dell'Arte con articoli, approfondimenti, interviste e opinioni dai professionisti del settore. Tutto anche online su Domusweb!","","other","Publishes collections with a contact form as the only way in, which is the exact problem the email opens on. Audience unconfirmed"
"Edizioni Conde' Nast spa","www.ad-italia.it","info@condenast.it","crosati.ext@condenast.it","+39 0285611","ITA","Milano","Via Antonio Bordoni 7","Salone del Mobile 2026","SMI","C.so Italia","FRONTE PADD 6/10 S29","","Trade newspapers, magazines and publications","Trade newspapers, magazines and publications","furniture","take","Salone Internazionale del Mobile","yes","https://www.ad-italia.it","no","catalogue only","Entra nel mondo di AD, il tuo magazine di arredamento, arte e design: scopri ogni giorno le ultime news, le tendenze del momento e i protagonisti del settore!","","role inbox","Publishes collections with a contact form as the only way in, which is the exact problem the email opens on. Audience unconfirmed"
"Edizioni Morelli srl","www.edizionimorellisrl.it","info@edizionimorellisrl.it","f.parmegiani@edizionimorellisrl.it","+39 0249706965","ITA","Milano","Via Grancini 8","Salone del Mobile 2026","SMI","C.so Italia","FRONTE PADD 5/7 S14","","Trade newspapers, magazines and publications","Trade newspapers, magazines and publications","furniture","take","Salone Internazionale del Mobile","yes","https://www.edizionimorelli.com/","no","consumer, sells online","Edizioni Morelli pubblica in Italia e all’estero le riviste Ville&Casali, Orizzonti, Casa Naturale, 100 Idee per Ristrutturare, Home!, Viversani&belli","","role inbox","No visualiser yet and sells direct to shoppers, so this is the full pitch rather than an upgrade"
"Edra spa","www.edra.com","edra@edra.com","press@edra.com","+39 0587616660","ITA","Perignano","Via Livornese Est 106","Salone del Mobile 2026","SMI","24","D01 D02 C01","","Bedrooms | Dining rooms, living rooms | Outdoor furniture | Upholstered furniture | Furniture","Leisure armchairs | Plastic chairs | Metal and glass dining tables | Living rooms | Wooden bookcases | Modular living rooms | Leather chairs | Marble living room tables | Dining rooms | Partition wardrobes | Metal stools | Sofas and armchairs | Outdoor furniture and accessories | Metal chairs | Upholstered beds | Wooden beds | Metal beds | Hall furniture | Sofa beds and armchair beds | Plastic stools","furniture","take","Salone Internazionale del Mobile","yes","https://www.edra.com/it/home","no","consumer, via dealers","Ambasciata d’Italia a Berlino","","other","No visualiser yet and markets to shoppers and routes them to dealers, so this is the full pitch rather than an upgrade"
"Effepi srl","www.effepirubinetterie.com","info@effepirubinetterie.com","info@effepirubinetterie.com","+39 0308900961","ITA","Villa Carcina","Via Bernocchi 56","Salone del Mobile 2026","ARB","10","D04","","Sanitary ware, tapware, radiators, coverings, wellness","Bathroom, laundry and/or kitchen tapware","furniture","take","International Bathroom Exhibition","yes","https://www.effepirubinetterie.com","no","catalogue only","Effepi srl - Rubinetti per la cucina, il bagno. Ambiente doccia e Complementi","","role inbox","Publishes collections with a contact form as the only way in, which is the exact problem the email opens on. Audience unconfirmed"
"Eforma srl","www.eforma.it","info@eforma.it","enrico.strobbe@eforma.it","+39 0445827469","ITA","Thiene","Via dell' Elettronica 9","Salone del Mobile 2026","SMI","05","B02","","Dining rooms, living rooms | Upholstered furniture | Furniture","Wooden dining tables | Metal and glass dining tables | Marble dining tables | Metal and glass living room tables | Living rooms | Marble or stone furniture | Leather chairs | Wooden living room tables | Marble living room tables | Dining rooms | Metal stools | TV tables | Mirrors | Sofas and armchairs | Metal chairs | Leather stools | Hall furniture | Wooden stools | Wooden chairs","furniture","take","Salone Internazionale del Mobile","yes","https://eforma.it/en","no","catalogue only","Discover the excellence of Italian design with Eforma. High-quality furniture and home decor, crafted with passion and artisan tradition.","","role inbox","Publishes collections with a contact form as the only way in, which is the exact problem the email opens on. Audience unconfirmed"
"Egoista","www.relaxit.it","info@relaxit.it","ascorca@relaxit.it","+39 0996963154","ITA","Roma","Via Giuseppe Gioacchino Bellini 86","Salone del Mobile 2026","SMI","03","C02 D03","","Upholstered furniture","Leisure armchairs | Sofa beds and armchair beds","furniture","take","Salone Internazionale del Mobile","yes","https://www.relaxit.it","no","catalogue only","Poltrone relax e alzapersona","","role inbox","Publishes collections with a contact form as the only way in, which is the exact problem the email opens on. Audience unconfirmed"
"Egoitaliano srl","www.egoitaliano.com","info@egoitaliano.com","gparente@egoitaliano.it","+39 0835382096","ITA","Matera","Via 1° Maggio 4","Salone del Mobile 2026","SMI","03","C02 D03","","Upholstered furniture","Sofas and armchairs","furniture","take","Salone Internazionale del Mobile","yes","https://www.egoitaliano.com","no","consumer, sells online","","","role inbox","No visualiser yet and sells direct to shoppers, so this is the full pitch rather than an upgrade"
"Eichholtz bv","www.eichholtz.com","info@eichholtz.com","fairs@eichholtz.com","+31 (252) 515850","NLD","Noordwijkerhout","Delfweg 52","Salone del Mobile 2026","SMI","01","A25","","Bedrooms | Dining rooms, living rooms | Outdoor furniture | Upholstered furniture | Furniture","Wooden dining tables | Metal and glass dining tables | Wooden trolleys | Bedrooms | Wooden sideboards | Wooden bookcases | Marble or stone furniture | Metal bookcases | Wooden living room tables | Dining rooms | Metal stools | Mirrors | Outdoor furniture and accessories | Metal sideboards | Upholstered beds | Wooden beds | Leather stools | Metal or glass trolleys | Leisure armchairs | Marble dining tables | Metal and glass living room tables | Living rooms | Modular living rooms | Extension dining tables | Marble living room tables | Sofas and armchairs | Metal chairs | Glass furniture | Hall furniture | Cocktail cabinets | Wooden chairs","furniture","take","Salone Internazionale del Mobile","yes","https://www.eichholtz.com","no","consumer, sells online","Eichholtz is a leading wholesaler of luxury design furniture, lighting and home accessories. Browse our extensive interior and outdoor collections.","","role inbox","No visualiser yet and sells direct to shoppers, so this is the full pitch rather than an upgrade"
"Elbra Home","www.elbra.com","ask@elbra.com","ricardo.pereira@elbra.com","+351 (914) 307897","PRT","Freamunde","Rua de Santa Cruz 147","Salone del Mobile 2026","SMI","15","A34","","Bedrooms | Dining rooms, living rooms | Upholstered furniture | Furniture","Wooden dining tables | Marble dining tables | Bedrooms | Living rooms | Wooden sideboards | Wooden bookcases | Leather chairs | Wooden living room tables | Marble living room tables | Dining rooms | TV tables | Mirrors | Sofas and armchairs | Leather furniture | Upholstered beds | Wooden beds | Leather stools | Hall furniture | Wooden stools | Wardrobes | Wooden chairs","furniture","take","Salone Internazionale del Mobile","yes","https://www.elbra.com","yes","consumer, via dealers","Bespoke, made-to-order furniture for considered interiors. Handmade in Portugal, delivered worldwide. Configure each piece in 3D, from materials to finishes.","","other","Already runs a visualiser and markets to shoppers and routes them to dealers, so the gap is what happens after the render. Sharpest segment"
"Elli Fratelli","www.ellifratelli.com","info@ellifratelli.com","paolo.elli@ellifratelli.com","+39 0362850602","ITA","Giussano","Via  Prealpi 14","Salone del Mobile 2026","SMI","14","B29 B33 C30 C32","","Bedrooms | Dining rooms, living rooms | Upholstered furniture","Wooden dining tables | Bedrooms | Upholstered beds | Mattresses | Wooden beds | Walk-in robes | Wardrobes | Wooden chairs","furniture","take","Salone Internazionale del Mobile","yes","https://www.ellifratelli.com","no","catalogue only","Italian design manufacturer since 1957","","role inbox","Publishes collections with a contact form as the only way in, which is the exact problem the email opens on. Audience unconfirmed"
"Elmirai","www.elmirai.id","info@elmirai.id","satria.kamajaya@elmirai.id","+62 (812) 36428585","IDN","Banten, Jawa Barat","Jl. M.H. Thamrin Zone 38 Salembaran Kec. Kosambi, Kabupaten Tangerang","Salone del Mobile 2026","SMI","07","D25","","Bedrooms | Dining rooms, living rooms | Furniture","Bedrooms | Wooden living room tables | Cocktail cabinets | Wooden chairs","furniture","take","Salone Internazionale del Mobile","yes","https://www.elmirai.id","no","consumer, sells online","The Art of Living","","role inbox","No visualiser yet and sells direct to shoppers, so this is the full pitch rather than an upgrade"
"Emmemobili","www.emmemobili.it","emmemobili@emmemobili.it","emmemobili@emmemobili.it.","+39 031710142","ITA","Cantù","Via Torino 29","Salone del Mobile 2026","SMI","09","D02 D04","","Bedrooms | Dining rooms, living rooms | Upholstered furniture | Furniture","Wooden dining tables | Marble dining tables | Wooden sideboards | Wooden bookcases | Walk-in robes | Wooden living room tables | Metal stools | TV tables | Sofas and armchairs | Wooden beds | Hall furniture | Cocktail cabinets | Wooden stools | Shoe cupboards | Wooden chairs","furniture","take","Salone Internazionale del Mobile","yes","https://www.emmemobili.it","no","unclear","","","other","Live site but no catalogue, cart or contact route found, needs a look"
"Emmevi Rubinetterie srl","www.emmevi.it","info@emmevi.it","export@emmevi.it","+39 0322950157","ITA","San Maurizio d'Opaglio","Via Brughiere 38","Salone del Mobile 2026","ARB","06","B26","","Sanitary ware, tapware, radiators, coverings, wellness","Bathroom, laundry and/or kitchen tapware","furniture","take","International Bathroom Exhibition","yes","https://emmevi.it/","no","consumer, sells online","","","role inbox","No visualiser yet and sells direct to shoppers, so this is the full pitch rather than an upgrade"
"Emu Group spa","www.emu.it","info@emu.it","g.ranocchia@emu.it","+39 075874021","ITA","Marsciano","Via Luigi Einaudi","Salone del Mobile 2026","SMI","22","B24","","Dining rooms, living rooms | Outdoor furniture | Upholstered furniture","Leisure armchairs | Wooden dining tables | Metal and glass dining tables | Marble dining tables | Metal and glass living room tables | Extension dining tables | Wooden living room tables | Metal stools | Sofas and armchairs | Outdoor umbrellas | Outdoor furniture and accessories | Metal chairs | Stacking or folding chairs | Wooden chairs","furniture","take","Salone Internazionale del Mobile","yes","https://www.emu.it","yes","consumer, sells online","Da oltre 70 anni siamo un riferimento nell'arredo da giardini ed esterno di design grazie alla qualità dei nostri mobili da giardino.","","role inbox","Already runs a visualiser and sells direct to shoppers, so the gap is what happens after the render. Sharpest segment"
"Enne","www.enne.com.tr","info@enne.com.tr","info@enne.com.tr","+90 (312) 3515474","TUR","Ankara","Karacakaya Cad. No. 118 Siteler","Salone del Mobile 2026","SMI","14","B41 B43","","Dining rooms, living rooms | Upholstered furniture | Furniture","Leisure armchairs | Sofas and armchairs | Metal and glass dining tables | Marble dining tables | Metal and glass living room tables | Living rooms | Leather furniture | Modular living rooms | Metal bookcases | Glass furniture | Leather chairs | Marble living room tables","furniture","take","Salone Internazionale del Mobile","yes","https://www.enne.com.tr","no","consumer, via dealers","ENNE exhibits a unique collection of high-end elegant furniture and unique lighting and decorative accessories that is suitable for everyone that seeks modern and sophisticated living spaces.","","role inbox","No visualiser yet and markets to shoppers and routes them to dealers, so this is the full pitch rather than an upgrade"
"Enzofond srl","www.trendymob.ro","trendymob.office@gmail.com","trendymob.office@gmail.com","+40 (753) 381546","ROU","Livada De Bihor","Sat. Livada De Bihor 297","Salone del Mobile 2026","SMI","03","C26 D33","","Dining rooms, living rooms","Cardboard chairs and stools | Cardboard bookcases | Extension dining tables | Dining rooms","furniture","take","Salone Internazionale del Mobile","yes","https://www.trendymob.ro","no","catalogue only","Mobilier la comanda OradeaSuntem experți în arta creării mobilierului personalizat, adaptat nevoilor tale și spațiului în care trăiești sau îți desfășori afacerea.","","first.last","Publishes collections with a contact form as the only way in, which is the exact problem the email opens on. Audience unconfirmed"
"EOS Saunatechnik GmbH","www.eos-sauna.com","info@eos-sauna.com","Florian.Seemueller@eos-sauna.de","+49 277582122","DEU","Driedorf","Schneiderstriesch 1","Salone del Mobile 2026","ARB","06","A32","","Sanitary ware, tapware, radiators, coverings, wellness","Saunas, turkish bath and spa","furniture","take","International Bathroom Exhibition","yes","https://www.eos-sauna.com","no","catalogue only","Ihr Experte für Premium-Saunaöfen, Dampf- & Infrarottechnik sowie Steuerungen. 100 % made in Germany für private & gewerbliche Saunaanlagen.","","role inbox","Publishes collections with a contact form as the only way in, which is the exact problem the email opens on. Audience unconfirmed"
"Epoque","www.epoquesalotti.com","epoque@epoquesalotti.com","gius.ceglie@gmail.com","+39 0803140805","ITA","Altamura","Via dell'Avena 20","Salone del Mobile 2026","SMI","13","D14","","Bedrooms | Upholstered furniture","Sofas and armchairs | Upholstered beds","furniture","take","Salone Internazionale del Mobile","yes","https://www.epoquesalotti.com","no","unclear","","","other","Live site but no catalogue, cart or contact route found, needs a look"
"Epoque & Co.srl","www.epoquecompany.com","info@epoquecompany.com","gius.ceglie@gmail.com","+39 0803140805","ITA","Altamura","SP 18 Km 0,200 Via Mercadante Sub 4","Salone del Mobile 2026","SMI","13","D14","","Bedrooms | Dining rooms, living rooms | Upholstered furniture | Furniture","Wooden dining tables | TV tables | Sofas and armchairs | Metal and glass dining tables | Bedrooms | Metal and glass living room tables | Living rooms | Upholstered beds | Metal bookcases | Hall furniture | Wooden living room tables | Dining rooms","furniture","take","Salone Internazionale del Mobile","yes","https://epoquecompany.com/","no","consumer, sells online","","","role inbox","No visualiser yet and sells direct to shoppers, so this is the full pitch rather than an upgrade"
"Erba Idea srl","www.erbaitalia.it","info@erbaidea.com","laura.porro@erbaitalia.it","+39 039490632","ITA","Milano","Via Bartolomeo Eustachi, 23","Salone del Mobile 2026","SMI","13","D30","","Dining rooms, living rooms | Upholstered furniture","Sofas and armchairs | Wooden sideboards | Metal chairs","furniture","take","Salone Internazionale del Mobile","yes","https://erbaidea.com/it","no","consumer, via dealers","Erba Idea, azienda di arredo in provincia di Como, realizza soluzioni di design italiano con una visione creativa e contemporanea per valorizzare ogni spazio.","","role inbox","No visualiser yet and markets to shoppers and routes them to dealers, so this is the full pitch rather than an upgrade"
"Essenza Design Industria de Moveis lda","www.essenzadesign.com.br","essenza@essenzadesign.com.br","export@essenzamoveis.com.br","+55 (54) 32931077","BRA","Antônio Prado - Rio Grande do Sul","Rua 13 de Maio 300 - São Luiz","Salone del Mobile 2026","SMI","03","C06 C08 D07 D09","","Dining rooms, living rooms | Upholstered furniture | Furniture","Wooden dining tables | Sofas and armchairs | Mirrors | Marble dining tables | Living rooms | Wooden sideboards | Hall furniture | Wooden living room tables | Wooden stools | Marble living room tables | Dining rooms | Wooden chairs","furniture","take","Salone Internazionale del Mobile","yes","https://www.essenzamoveis.com.br/","no","consumer, sells online","","","other","No visualiser yet and sells direct to shoppers, so this is the full pitch rather than an upgrade"
"Essequattro spa","www.essequattro.it","essequattro@essequattro.it","ced@essequattro.it","+39 0444418888","ITA","Grisignano di Zocco","Via Del Lavoro 8","Salone del Mobile 2026","SMI","03","C31","","Dining rooms, living rooms | Upholstered furniture","Wooden dining tables | Sofas and armchairs | Metal sideboards | Wooden sideboards | Wooden bookcases | Wooden living room tables | Wooden chairs","furniture","take","Salone Internazionale del Mobile","yes","https://essequattro.it/en/","no","catalogue only","Essequattro Spa provides Italian customized furniture and turnkey contract solutions for luxury boutiques, hotels, residences, and large spaces.","","other","Publishes collections with a contact form as the only way in, which is the exact problem the email opens on. Audience unconfirmed"
"Established & Sons","www.establishedandsons.com","info@establishedandsons.com","kanchee@establishedandsons.com","+31 (26) 2340024","GBR","London","128 City Road","Salone del Mobile 2026","SMI","24","D03 D05","","Light fixtures","Light fixtures","furniture","take","Salone Internazionale del Mobile","yes","https://establishedandsons.com/","no","catalogue only","Established & Sons is a British brand representing all that is innovative in contemporary design.","","role inbox","Publishes collections with a contact form as the only way in, which is the exact problem the email opens on. Audience unconfirmed"
"Estofados Jardim ltda","www.jardimestofados.com.br","export@estofadosjardim.com.br","export@estofadosjardim.com.br","+55 (47) 21067599","BRA","Sao Luiz, Jaraguà do Sul","Rua Floriano Stahelin 225","Salone del Mobile 2026","SMI","03","C06 C08 D07 D09","","Dining rooms, living rooms","Metal and glass living room tables | Wooden living room tables","furniture","take","Salone Internazionale del Mobile","yes","https://jardimestofados.com.br/","no","consumer, sells online","","","role inbox","No visualiser yet and sells direct to shoppers, so this is the full pitch rather than an upgrade"
"Estro","www.estromilano.it","export@innovadivani.it","cranieri@innovadivani.it","+39 0245071633","ITA","Milano","Via Monte di Pietà 21","Salone del Mobile 2026","SMI","01","A09 A11","","Upholstered furniture","Leisure armchairs | Sofas and armchairs","furniture","take","Salone Internazionale del Mobile","yes","http://www.estromilano.it","no","unclear","","","role inbox","Live site but no catalogue, cart or contact route found, needs a look"
"Et al.","www.et-al.it","info@et-al.it","l.antonietti@ifi.it","+39 0721203601","ITA","Tavullia","Strada Selva Grossa 28/30","Salone del Mobile 2026","SMI","18","D27","","Dining rooms, living rooms | Outdoor furniture | Upholstered furniture","Plastic chairs | Metal stools | Wooden dining tables | Metal and glass dining tables | Sofas and armchairs | Outdoor furniture and accessories | Metal chairs | Stacking or folding chairs | Plastic stools | Wooden chairs","furniture","take","Salone Internazionale del Mobile","yes","https://www.et-al.it/en","no","catalogue only","","","role inbox","Publishes collections with a contact form as the only way in, which is the exact problem the email opens on. Audience unconfirmed"
"Ethimo srl","www.ethimo.com","info@ethimo.com","chiara.zito@ethimo.com","+39 0761300470","ITA","Milano","Via Felice Cavallotti 8","Salone del Mobile 2026","SMI","24","C37","","Outdoor furniture","Outdoor furniture and accessories","furniture","take","Salone Internazionale del Mobile","yes","https://www.ethimo.com/en","yes","catalogue only","The Ethimo furnishing elements reflect the warmth and sunshine of Italian landscapes and incorporate references to tradition updated thanks to a contemporary interpretation.","","role inbox","Already runs a visualiser but publishes collections and a catalogue with a contact form as the only way in, so confirm there is a shopper to capture"
"Ethnicraft","www.ethnicraft.com","info@ethnicraft.com","lieze.vermeiren@ethnicraft.com","+32 (3) 4430100","BEL","Boom","Scheldeweg 5","Salone del Mobile 2026","SMI","14","D30","","Bedrooms | Dining rooms, living rooms | Outdoor furniture | Upholstered furniture | Furniture","Leisure armchairs | Wooden dining tables | Bedrooms | Living rooms | Wooden sideboards | Wooden bookcases | Marble or stone furniture | Mattresses | Extension dining tables | Wooden living room tables | Dining rooms | Stacking and nesting living room tables | TV tables | Mirrors | Sofas and armchairs | Outdoor furniture and accessories | Leather furniture | Metal or glass trolleys | Hall furniture | Wooden stools | Wooden chairs","furniture","take","Salone Internazionale del Mobile","yes","https://ethnicraft.com/","no","unclear","","","role inbox","Live site but no catalogue, cart or contact route found, needs a look"
"Etro Home Interiors","www.etrohomeinteriors.onirogroup.it","info@onirogroup.it","sara.panzeri@onirogroup.it","+39 03170757","ITA","Cantu'","Via Montesolaro 14/b","Salone del Mobile 2026","SMI","13","C01","","Bedrooms | Dining rooms, living rooms | Outdoor furniture | Upholstered furniture | Furniture","Wooden dining tables | Wooden trolleys | Bedrooms | Wooden sideboards | Wooden bookcases | Walk-in robes | Extension dining tables | Wooden living room tables | TV tables | Mirrors | Sofas and armchairs | Outdoor furniture and accessories | Upholstered beds | Wooden beds | Hall furniture | Cocktail cabinets | Wooden stools | Wardrobes | Wooden chairs","furniture","take","Salone Internazionale del Mobile","yes","https://etrohomeinteriors.onirogroup.it/","no","consumer, via dealers","ETRO Home Interiors","","role inbox","No visualiser yet and markets to shoppers and routes them to dealers, so this is the full pitch rather than an upgrade"
"Euro 3 Plast spa","www.plust.com","info@plust.com","vmoretti@euro3plast.com","+39 0444788200","ITA","Ponte di Barbarano","Viale del Lavoro 45","Salone del Mobile 2026","SMI","18","E04","","Dining rooms, living rooms | Outdoor furniture | Upholstered furniture | Furniture","Plastic chairs | Sofas and armchairs | Plastic dining tables | Outdoor furniture and accessories | Plastic bookcases | Cocktail cabinets | Plastic living room tables | Plastic stools","furniture","take","Salone Internazionale del Mobile","unreachable","","","","","<urlopen error [Errno -2] Name or service not known>","role inbox","Site did not respond, check it by hand before spending a credit"
"Euromobila Prod. srl","www.canapele.ro","economic@canapele.ro","matei.cracea@canapele.ro","Tel.+40 (724) 202365","ROU","Giurgiu","Str. Muntenia 5 Jud. Giurgiu","Salone del Mobile 2026","SMI","03","C28 D35","","Upholstered furniture","Sofas and armchairs | Sofa beds and armchair beds","furniture","take","Salone Internazionale del Mobile","yes","https://euromobila.ro/","no","consumer, sells online","","","other","No visualiser yet and sells direct to shoppers, so this is the full pitch rather than an upgrade"
"Evoluta d.o.o.","www.evoluta.hr","info@evoluta.hr","valentina@evoluta.hr","+385 (99) 8367145","HRV","Porec","Vukovarska 19","Salone del Mobile 2026","EUC","04","D28","","Kitchens | Kitchen furnishing accessories","Natural stone kitchens | Masonry kitchens | Kitchen furnishing accessories","furniture","take","EuroCucina","yes","https://evoluta.hr/","no","catalogue only","Tailor-Made Concrete Outdoor Kitchens. Crafted for timeless outdoor living.","","role inbox","Publishes collections with a contact form as the only way in, which is the exact problem the email opens on. Audience unconfirmed"
"Expormim sa","www.expormim.com","export@expormim.com","sales1@expormim.com","+34 (96) 2295035","ESP","Mogente (Valencia)","Venta San Cristobal s/n","Salone del Mobile 2026","SMI","22","A09","","Outdoor furniture","Rush and rattan furniture | Outdoor furniture and accessories","furniture","take","Salone Internazionale del Mobile","yes","https://www.expormim.com/us/","no","consumer, sells online","We produce hancrafted, resistant and high quality furniture with an attractive and functional design in solid wood and rattan.","","role inbox","No visualiser yet and sells direct to shoppers, so this is the full pitch rather than an upgrade"
"Exteta srl","www.exteta.it","info@exteta.it","marketing@exteta.it","+39 0313519027","ITA","Brenna","Via del Moriolo 9","Salone del Mobile 2026","SMI","09","F05 F09 G06","","Outdoor furniture","Outdoor furniture and accessories","furniture","take","Salone Internazionale del Mobile","unreachable","","","","","<urlopen error [SSL: UNEXPECTED_EOF_WHILE_READING] EOF occurred in vio","role inbox","Site did not respond, check it by hand before spending a credit"
"Ezpeleta Division Comercial slu","www.ezpeleta.com","export@ezpeleta.com","rosina.celada@ezpeleta.com","+34 (986) 293922","ESP","Nigrán, Pontevedra","Rua das Pontes 4 (Vial A) - Local 5","Salone del Mobile 2026","SMI","07","D11","","Dining rooms, living rooms | Outdoor furniture","Plastic chairs | Outdoor umbrellas | Metal and glass dining tables | Outdoor furniture and accessories | Stacking or folding chairs | Plastic stools","furniture","take","Salone Internazionale del Mobile","yes","https://www.ezpeleta.com","no","consumer, sells online","Hacemos sillas, mesas, tumbonas, sofás, parasoles, cojines o separadores de ambiente para hacer de tu terraza un espacio único","","role inbox","No visualiser yet and sells direct to shoppers, so this is the full pitch rather than an upgrade"
"F&T Salotti","www.mikiferrari.com","info@ftsalotti.it","michaela.f@ftsalotti.it","+39 0521836452","ITA","Parma","Via Aguzzoli 1","Salone del Mobile 2026","SMI","07","C10","","Upholstered furniture","Sofas and armchairs","furniture","take","Salone Internazionale del Mobile","yes","https://www.mikiferrari.com","no","unclear","","","role inbox","Live site but no catalogue, cart or contact route found, needs a look"
"F.R.P. Industry Co. ltd","www.qurvfurniture.com","qurv@qurvfurniture.com","qurv@qurvfurniture.com","+66 (844) 229966","THA","Samut Sakhon","42/23 Bang Nam Chuet Mueang Samut Sakhon","Salone del Mobile 2026","SMI","07","D10","","Outdoor furniture","Outdoor furniture and accessories","furniture","take","Salone Internazionale del Mobile","yes","https://qurvfurniture.com/","no","consumer, sells online","","","other","No visualiser yet and sells direct to shoppers, so this is the full pitch rather than an upgrade"
"Falegnameria Adriatica Srl","www.onsen.it","info@faonline.it","alessandro.partemi@faonline.it","+39 0735702885","ITA","Monsampolo del Tronto","Contrada S. Mauro 5","Salone del Mobile 2026","ARB","06","D28","","Bathroom furniture and accessories","Bathroom accessories | Laundry furniture | Bathroom furniture","furniture","take","International Bathroom Exhibition","yes","https://www.onsen.it","no","consumer, via dealers","Il bagno diventa il tuo habitat naturale","","role inbox","No visualiser yet and markets to shoppers and routes them to dealers, so this is the full pitch rather than an upgrade"
"Family Bedding","www.familybedding.it","info@familybedding.it","matteo.grazioli@familybedding.it","+39 0362560566","ITA","Lentate sul Seveso","Via Gran Sasso, 6","Salone del Mobile 2026","SMI","05","B28","","Upholstered furniture","Sofas and armchairs | Sofa beds and armchair beds","furniture","take","Salone Internazionale del Mobile","yes","https://www.familybedding.it","no","unclear","","","role inbox","Live site but no catalogue, cart or contact route found, needs a look"
"Fas Pendezza srl","www.faspendezza .it","info@faspendezza.it","g.peciscavagna@faspendezza.it","+39 034621164","ITA","Villa D'Ogna","Via Provinciale 671","Salone del Mobile 2026","SMI","05","A06","","Dining rooms, living rooms | Outdoor furniture | Furniture","Metal and glass dining tables | Metal and glass living room tables | Outdoor furniture and accessories | Glass furniture | Game tables and billiards","furniture","take","Salone Internazionale del Mobile","unreachable","","","","","URL can't contain control characters. 'www.faspendezza .it' (found at ","role inbox","Site did not respond, check it by hand before spending a credit"
"Fatih Kiral Mobilya Ve Dekorasyon San. Tic. A.S.","www.fatihkiral.com","fk@fatihkiral.com","evren@fatihkiral.com","+90 (216) 3603443","TUR","Istanbul","Caddebostan Mh. Opr. Cemiltopuzlu Cad. No:48 Kadikoy","Salone del Mobile 2026","SMI","15","A51","","Bedrooms | Dining rooms, living rooms | Upholstered furniture | Furniture","Wooden dining tables | Metal and glass dining tables | Marble dining tables | Bedrooms | Metal and glass living room tables | Living rooms | Wooden sideboards | Wooden bookcases | Marble or stone furniture | Metal bookcases | Extension dining tables | Leather chairs | Wooden living room tables | Marble living room tables | Dining rooms | TV tables | Mirrors | Sofas and armchairs | Sliding or fixed partitions for wardrobe walls | Leather furniture | Wooden beds | Metal or glass trolleys | Cocktail cabinets | Hall furniture | Wardrobes | Wooden chairs","furniture","take","Salone Internazionale del Mobile","yes","https://www.fatihkiral.com","no","unclear","Estetiği ve İşlevselliği Bir Arada Keşfedin","","other","Live site but no catalogue, cart or contact route found, needs a look"
"Favero Health Projects spa","www.favero.it","info@favero.it","federica.davanzo@favero.it","+39 04236125","ITA","Montebelluna","Via Schiavonesca Priula, 20","Salone del Mobile 2026","SMI","05","B05","","Bedrooms","Metal beds | Wardrobes | Partition wardrobes","furniture","take","Salone Internazionale del Mobile","yes","https://www.favero.it","no","catalogue only","Healing Habitat","","role inbox","Publishes collections with a contact form as the only way in, which is the exact problem the email opens on. Audience unconfirmed"
"FDesign Italia srl","www.fdesignitalia.it","info@fdesignitalia.it","export@fdesignitalia.it","+39 0803149769","ITA","Altamura","Via dell'Avena 41-42","Salone del Mobile 2026","SMI","07","C22","","Bedrooms | Dining rooms, living rooms | Upholstered furniture | Furniture","Leisure armchairs | Sofas and armchairs | Upholstered rocking-chairs | Home cinema / Home-theatre seating | Leather furniture | Upholstered beds | Mattresses | Convertible beds | Leather chairs | Sofa beds and armchair beds","furniture","take","Salone Internazionale del Mobile","yes","https://www.fdesignitalia.it","no","catalogue only","Azienda leader nel mercato italiano","","role inbox","Publishes collections with a contact form as the only way in, which is the exact problem the email opens on. Audience unconfirmed"
"Febal Casa","www.febalcasa.com","marketing@colombinigroup.com","asaccani@colombinigroup.com","+39 0549975611","SMR","Falciano","Strada Ca Valentino 124","Salone del Mobile 2026","SMI;EUC","04","C04 C08","","Bedrooms | Dining rooms, living rooms | Upholstered furniture | Furniture","Metal and glass dining tables | Bedrooms | Wooden bookcases | Metal bookcases | Walk-in robes | Dining rooms | Partition wardrobes | Metal stools | Upholstered beds | Leather stools | Metal beds | Leisure armchairs | Marble dining tables | Living rooms | Home cinema / Home-theatre seating | Folding beds | Modular living rooms | Extension dining tables | Leather chairs | Marble living room tables | TV tables | Sofas and armchairs | Sliding or fixed partitions for wardrobe walls | Convertible beds | Hall furniture | Bunk beds | Sofa beds and armchair beds | Wardrobes | Wooden chairs","furniture","take","Salone Internazionale del Mobile","yes","https://www.febalcasa.com/it/","no","consumer, via dealers","Progetta la casa dei tuoi sogni con Febal Casa: Design italiano dallo stile moderno. Scopri le soluzioni d'arredo su misura per gli ambienti della tua casa.","","role inbox","No visualiser yet and markets to shoppers and routes them to dealers, so this is the full pitch rather than an upgrade"
"FederlegnoArredo La Filiera delle Meraviglie","salone@salonemilano.it","www.salonemilano.it","assarredo@federlegnoarredo.it","+39 02725941","ITA","Milano","Foro Buonaparte 65","Salone del Mobile 2026","SMI","C.so Italia","REC.PADD 2/4 S01","","Trade associations and organizations","Trade associations and organizations","furniture","take","Salone Internazionale del Mobile","unreachable","","","","","<urlopen error [Errno -2] Name or service not known>","other","Site did not respond, check it by hand before spending a credit"
"Fenabel sa","www.fenabel.pt","fenabel@fenabel.pt","design@fenabel.pt","+351 (22) 4119120","PRT","Rebordosa (Porto)","Via Rota dos Móveis I 624","Salone del Mobile 2026","SMI","05","B03","","Dining rooms, living rooms | Upholstered furniture","Leisure armchairs | Wooden dining tables | Sofas and armchairs | Stacking or folding chairs | Leather stools | Leather chairs | Wooden stools | Wooden living room tables | Wooden chairs","furniture","take","Salone Internazionale del Mobile","yes","https://fenabel.pt/","no","consumer, sells online","Fenabel is your specialist for wooden chairs, armchairs and tables. The perfect partner for your contract, hospitality or healthcare project.","","other","No visualiser yet and sells direct to shoppers, so this is the full pitch rather than an upgrade"
"Ferri 1956","www.ferri1956.it","info@francoferri.it","michelesparta@francoferri.it","+39 0803165599","ITA","Altamura","Via Ceraso 1","Salone del Mobile 2026","SMI","14","C28","","Bedrooms | Dining rooms, living rooms | Upholstered furniture","Leisure armchairs | Sofas and armchairs | Upholstered rocking-chairs | Home cinema / Home-theatre seating | Upholstered beds | Leather chairs | Sofa beds and armchair beds","furniture","take","Salone Internazionale del Mobile","unreachable","","","","","HTTP Error 403: Forbidden","role inbox","Site did not respond, check it by hand before spending a credit"
"Ferrimobili srl","www.ferrimobili.com","info@ferrimobili.com","fabioferri@ferrimobili.com","+39 0541988365","ITA","San Clemente","Via Tavoleto 1750","Salone del Mobile 2026","SMI","05","B14","","Bedrooms | Children's furniture | Dining rooms, living rooms","Living rooms | Sliding or fixed partitions for wardrobe walls | Children's bedrooms | Wooden bookcases | Upholstered beds | Modular living rooms | Metal bookcases | Wooden beds | Walk-in robes | Other children's furniture | Wooden stools | Wardrobes | Partition wardrobes","furniture","take","Salone Internazionale del Mobile","yes","https://www.ferrimobili.com","no","consumer, via dealers","Con Ferrimobili il su misura non costa di più. Personalizza ogni arredo al centimetro senza sovrapprezzi e senza sorprese. Scopri la nostra filosofia unica.","","role inbox","No visualiser yet and markets to shoppers and routes them to dealers, so this is the full pitch rather than an upgrade"
"Fiam srl","www.fiam.it","sales@fiam.it","sales@fiam.it","+39 0309032106","ITA","Ghedi","Via Montichiari, 87","Salone del Mobile 2026","SMI","07","D15","","Dining rooms, living rooms | Outdoor furniture","Outdoor umbrellas | Outdoor furniture and accessories | Metal chairs | Stacking or folding chairs | Extension dining tables","furniture","take","Salone Internazionale del Mobile","unreachable","","","","","unknown encoding: latin1_general_ci","role inbox","Site did not respond, check it by hand before spending a credit"
"Fima Carlo Frattini spa","www.fimacf.com","info@fimacf.com","sara.baronchelli@fimacf.com","+39 03229549","ITA","Briga Novarese","Via Borgomanero 105","Salone del Mobile 2026","ARB","06","A25 A27","","Sanitary ware, tapware, radiators, coverings, wellness","Bathroom, laundry and/or kitchen tapware","furniture","take","International Bathroom Exhibition","yes","https://fimacf.com/","yes","consumer, sells online","Fima - Carlo Frattini - Taps and Accessories made in Italy, una storia di eleganza, cura e innovazione. Da generazioni valorizziamo ogni dettaglio.","","role inbox","Already runs a visualiser and sells direct to shoppers, so the gap is what happens after the render. Sharpest segment"
"Fimar srl","www.fimarmobili.com","info@fimarmobili.com","info@fimarmobili.com","+39 031698245","ITA","Inverigo","Via Valsorda  snc","Salone del Mobile 2026","SMI","05","A02 A04","","Bedrooms | Dining rooms, living rooms | Furniture","Wooden dining tables | Bedrooms | Living rooms | Wooden sideboards | Wooden bookcases | Modular living rooms | Walk-in robes | Sliding or fixed partitions for walk-in robes | Dining rooms | Partition wardrobes | TV tables | Sliding or fixed partitions for wardrobe walls | Wooden beds | Hall furniture | Wardrobes","furniture","take","Salone Internazionale del Mobile","yes","https://www.fimarmobili.com","no","unclear","","","role inbox","Live site but no catalogue, cart or contact route found, needs a look"
"Fischer Möbel GmbH","www.fischer-moebel.de","info@fischer-moebel.de","n.seyfang@fischer-moebel.de","+49 (7021) 72760","DEU","Schlierbach","Dieselstr. 6","Salone del Mobile 2026","SMI","14","A31","","Dining rooms, living rooms | Outdoor furniture","Plastic chairs | Wooden dining tables | Outdoor umbrellas | Outdoor furniture and accessories | Metal sideboards | Metal chairs | Extension dining tables | Rocking-chairs | Wooden chairs","furniture","take","Salone Internazionale del Mobile","yes","https://www.fischer-moebel.de/en","no","consumer, sells online","Entdecken Sie Premium Gartenmöbel von Fischer Möbel – langlebiges Design, hochwertige Materialien und zeitlose Formensprache für anspruchsvolles Outdoor Living.","","role inbox","No visualiser yet and sells direct to shoppers, so this is the full pitch rather than an upgrade"
"FK Grupo S.A","www.maxdesign.it","info@maxdesign.it","marco.ceccato@maxdesign.it","+39 0423432216","BRA","Bariri","Rod. Braz Fortunato s/n Km 0,2","Salone del Mobile 2026","SMI","24","D26","","Dining rooms, living rooms | Outdoor furniture | Upholstered furniture","Plastic chairs | Wooden dining tables | Plastic dining tables | Metal and glass living room tables | Modular living rooms | Metal bookcases | Wooden living room tables | Plastic living room tables | Metal stools | Sofas and armchairs | Outdoor furniture and accessories | Metal chairs | Stacking or folding chairs | Wooden stools | Plastic stools | Wooden chairs","furniture","take","Salone Internazionale del Mobile","unreachable","","","","","HTTP Error 403: Forbidden","role inbox","Site did not respond, check it by hand before spending a credit"
"Florence Art di Marini Bruno srl","www.florence-art.it","florenceart@florence-art.it","florenceart@florence-art.it","+39 0558077329","ITA","Barberino Tavernelle","Via delle Fonti 70","Salone del Mobile 2026","SMI","13","C44","","Bedrooms | Children's furniture | Dining rooms, living rooms | Upholstered furniture | Furniture","Wooden dining tables | Wooden trolleys | Bedrooms | Living rooms | Wooden sideboards | Wooden bookcases | Walk-in robes | Wooden living room tables | Dining rooms | TV tables | Mirrors | Sofas and armchairs | Upholstered rocking-chairs | Children's bedrooms | Wooden beds | Hall furniture | Cocktail cabinets | Wooden stools | Other children's furniture | Wardrobes | Wooden chairs","furniture","take","Salone Internazionale del Mobile","yes","https://www.florence-art.it","no","consumer, sells online","La Florence Art nasce nel 1950 dall'abilità manuale delle maestranze toscane, dell'amore per l'arte e per il bello,dalla passione per il classico.","","other","No visualiser yet and sells direct to shoppers, so this is the full pitch rather than an upgrade"
"Flou spa","www.flou.it","info@flou.it","c.mariani@flou.it","+39 03623731","ITA","Meda","Via Cadorna 12","Salone del Mobile 2026","SMI","11","A15 B12","","Bedrooms | Dining rooms, living rooms | Outdoor furniture | Upholstered furniture | Furniture","Wooden dining tables | Bedrooms | Metal and glass living room tables | Living rooms | Wooden bookcases | Mattresses | Metal bookcases | Wooden living room tables | Marble living room tables | Sofas and armchairs | Mirrors | Outdoor furniture and accessories | Metal chairs | Upholstered beds | Wooden beds | Metal beds | Convertible beds | Sofa beds and armchair beds | Wooden chairs","furniture","take","Salone Internazionale del Mobile","yes","https://www.flou.com/en","yes","consumer, via dealers","Flou creates designer furniture for modern interiors: high-quality beds, sofas, and home accessories designed for elegant and comfortable living.","","role inbox","Already runs a visualiser and markets to shoppers and routes them to dealers, so the gap is what happens after the render. Sharpest segment"
"Formenti srl","www.formentidivani.com","formenti@formentidivani.com","laura@formentidivani.com","+39 0362355051","ITA","Giussano","Via Crocefisso 11","Salone del Mobile 2026","SMI","13","D25","","Upholstered furniture","Sofas and armchairs","furniture","take","Salone Internazionale del Mobile","yes","https://www.formentidivani.com","no","unclear","","","other","Live site but no catalogue, cart or contact route found, needs a look"
"Former In Italia srl","www.formerin.it","info@formerin.it","gaia.rombaldoni@formerin.it","+39 072252176","ITA","Gallo di Petriano","Via E. Romagna 2","Salone del Mobile 2026","SMI","01","B10","","Bedrooms | Dining rooms, living rooms | Upholstered furniture | Furniture","Wooden dining tables | Marble dining tables | Bedrooms | Metal and glass living room tables | Living rooms | Wooden sideboards | Leather chairs | Wooden living room tables | Marble living room tables | Dining rooms | Sofas and armchairs | Leather furniture | Upholstered beds | Hall furniture | Cocktail cabinets | Sofa beds and armchair beds | Wooden chairs","furniture","take","Salone Internazionale del Mobile","yes","https://formerin.it/","no","catalogue only","Former In Italia, arredamento Made in Italy e mobili di design per interior design, case, hotel e yacht","","role inbox","Publishes collections with a contact form as the only way in, which is the exact problem the email opens on. Audience unconfirmed"
"Formitalia Group srl","www.formitalia.it","info@formitalia.it","grafica@formitalia.it","+39 0573790066","ITA","Quarrata Loc. Valenzatico","Via Corticella 5/7/9","Salone del Mobile 2026","SMI","13","D20 D24","","Bedrooms | Dining rooms, living rooms | Outdoor furniture | Upholstered furniture | Furniture","Leisure armchairs | Wooden dining tables | Marble dining tables | Bedrooms | Metal and glass living room tables | Home cinema / Home-theatre seating | Wooden sideboards | Marble or stone furniture | Leather chairs | Wooden living room tables | Marble living room tables | Dining rooms | Metal stools | Sofas and armchairs | Outdoor furniture and accessories | Metal chairs | Upholstered beds | Wooden beds | Leather stools | Cocktail cabinets | Wooden chairs","furniture","take","Salone Internazionale del Mobile","yes","https://formitalia.it/","no","consumer, sells online","","","role inbox","No visualiser yet and sells direct to shoppers, so this is the full pitch rather than an upgrade"
"Fornasarig","www.fornasarig.it","info@fornasarig.it","elisam@fornasarig.it","+39 0432750057","ITA","Manzano","Via San Giovanni 106/c","Salone del Mobile 2026","SMI","18","D15 D19","","Dining rooms, living rooms","Plastic chairs | Metal stools | Metal chairs | Wooden stools | Plastic stools | Wooden chairs","furniture","take","Salone Internazionale del Mobile","yes","https://www.fornasarig.it","no","consumer, sells online","Fornasarig è un’azienda italiana che dal 1878 produce sedie e tavoli di design, unendo artigianalità, comfort e sostenibilità.","","role inbox","No visualiser yet and sells direct to shoppers, so this is the full pitch rather than an upgrade"
"Francesco Molon srl","www.francescomolon.it","info@francescomolon.com","palberti@francescomolon.com","+39 0424832600","ITA","Romano d'Ezzelino","Via del Torrione, 16","Salone del Mobile 2026","SMI","15","B21","","Bedrooms | Dining rooms, living rooms | Upholstered furniture | Furniture","Wooden dining tables | Living rooms | Wooden sideboards | Walk-in robes | Extension dining tables | Sliding or fixed partitions for walk-in robes | Leather chairs | Game tables and billiards | Wooden living room tables | Dining rooms | Partition wardrobes | TV tables | Mirrors | Sofas and armchairs | Sliding or fixed partitions for wardrobe walls | Upholstered beds | Wooden beds | Hall furniture | Cocktail cabinets | Wooden stools | Wardrobes","furniture","take","Salone Internazionale del Mobile","yes","https://www.francescomolon.it","no","consumer, sells online","Creiamo e produciamo mobili da oltre cinquant'anni, mobili destinati ad arredare i contesti più importanti e significativi per anni.","","role inbox","No visualiser yet and sells direct to shoppers, so this is the full pitch rather than an upgrade"
"Franco Ferri srl","www.francoferri.it","info@francoferri.it","michelesparta@francoferri.it","+39 0803165511","ITA","Altamura","Via Ceraso 1","Salone del Mobile 2026","SMI","05","B24","","Bedrooms | Dining rooms, living rooms | Upholstered furniture","Leisure armchairs | Sofas and armchairs | Upholstered rocking-chairs | Home cinema / Home-theatre seating | Upholstered beds | Leather chairs | Wooden living room tables | Sofa beds and armchair beds | Marble living room tables","furniture","take","Salone Internazionale del Mobile","yes","https://francoferri.it/","no","consumer, sells online","","","role inbox","No visualiser yet and sells direct to shoppers, so this is the full pitch rather than an upgrade"
"Frattini Rubinetti dal 1958","www.frattini.com","info@frattini.it","sara.pastori@frattini.it","+39 032296127","ITA","San Maurizio D'Opaglio","Via Roma 125","Salone del Mobile 2026","ARB","06","C29 D22","","Sanitary ware, tapware, radiators, coverings, wellness","Bathroom, laundry and/or kitchen tapware","furniture","take","International Bathroom Exhibition","yes","https://www.frattini.com","no","unclear","Rubinetterie F.lli Frattini","","role inbox","Live site but no catalogue, cart or contact route found, needs a look"
"Freifrau Manufaktur GmbH","www.freifrau.com","info@freifrau.com","nina@freifrau.com","+49 (5261) 9713300","DEU","Lemgo","Gildestrasse 9","Salone del Mobile 2026","SMI","11","M18","","Dining rooms, living rooms | Outdoor furniture | Upholstered furniture","Sofas and armchairs | Outdoor furniture and accessories | Leather stools | Leather chairs | Rocking-chairs | Wooden chairs","furniture","take","Salone Internazionale del Mobile","yes","https://www.freifrau.com/en","no","consumer, via dealers","Designer furniture by Freifrau: handcrafted chairs, armchairs, sofas, and accessories made in Germany. Timeless designs for homes and commercial spaces, crafted with care and responsibility.","","role inbox","No visualiser yet and markets to shoppers and routes them to dealers, so this is the full pitch rather than an upgrade"
"Freixotel - Equipamentos Hoteleiros lda","www.freixotel.pt","mail@freixotel.pt","marisa@freixotel.pt","+35 (125) 2808660","PRT","Santo Tirso","Rua de Santo André 801 Apartado 335","Salone del Mobile 2026","SMI","05","A28","","Dining rooms, living rooms | Outdoor furniture | Upholstered furniture","Plastic chairs | Metal stools | Sofas and armchairs | Outdoor furniture and accessories | Metal chairs | Plastic stools","furniture","take","Salone Internazionale del Mobile","yes","https://www.freixotel.pt","no","unclear","Mobiliário para hotelaria, café, bar, restaurante, shopping, esplanada.","","role inbox","Live site but no catalogue, cart or contact route found, needs a look"
"FreshBed BV","www.freshbed.com","support@freshbed.com","n.vanderwerff@freshbed.com","+31 (20) 4720816","NLD","Amsterdam","Emmalaan 7","Salone del Mobile 2026","SMI","05","A36","","Bedrooms","Bedrooms | Upholstered beds","furniture","take","Salone Internazionale del Mobile","yes","https://freshbed.com/","no","unclear","Sleep deeper, perform better, live longer. The climate-controlled smart bed engineered for peak recovery.","","other","Live site but no catalogue, cart or contact route found, needs a look"
"Fri Form AB","www.friform.se","support@friform.se","support@friform.se","+46 (35) 186565","SWE","Halmstad","Kulinggatan 2","Salone del Mobile 2026","SMI","14","E38","","Outdoor furniture","Outdoor furniture and accessories","furniture","take","Salone Internazionale del Mobile","yes","https://www.friform.se","no","consumer, sells online","Exklusiva utemöbler i svensk design sedan 1964. Fri Forms ikoniska kollektion förenar tidlös estetik, hantverk och hållbarhet för generationer av uteliv. Design av Elsa Stackelberg.","","other","No visualiser yet and sells direct to shoppers, so this is the full pitch rather than an upgrade"
"Frigerio Poltrone e Divani srl","www.frigerio.com","frigeriosalotti@frigeriosalotti.it","florinda.ceppi@frigerio.com","+39 0315481225","ITA","Mariano Comense","Via Sant'Agata 63","Salone del Mobile 2026","SMI","11","C25 D18","","Bedrooms | Dining rooms, living rooms | Upholstered furniture","Sofas and armchairs | Metal and glass dining tables | Marble dining tables | Bedrooms | Metal and glass living room tables | Walk-in robes | Sofa beds and armchair beds | Dining rooms","furniture","take","Salone Internazionale del Mobile","yes","https://www.frigerio.com/it","no","catalogue only","","","other","Publishes collections with a contact form as the only way in, which is the exact problem the email opens on. Audience unconfirmed"
"Fulgini Contract srl","www.fulginicontract.com","info@fulginicontract.com","e.kayhorodova@fulginicontract.com","+39 072125145","ITA","Montecchio di Vallefoglia - Pesaro","Via Marche 40/C","Salone del Mobile 2026","SMI","01","B06","","Bedrooms | Dining rooms, living rooms | Upholstered furniture | Furniture","Sofas and armchairs | Bedrooms | Metal and glass living room tables | Wooden sideboards | Upholstered beds | Hall furniture | Wardrobes | Dining rooms | Wooden chairs","furniture","take","Salone Internazionale del Mobile","yes","https://fulginicontract.com/","no","unclear","Your Italian partner","","role inbox","Live site but no catalogue, cart or contact route found, needs a look"
"Furninova","www.furninova.com","info@furninova.com","adam.berntsson@furninova.se","+46 (76) 5385638","SWE","Markaryd","Hallarydsvägen 56A","Salone del Mobile 2026","SMI","01","A08","","Outdoor furniture | Upholstered furniture","Sofas and armchairs | Outdoor furniture and accessories","furniture","take","Salone Internazionale del Mobile","yes","https://furninova.com/","no","consumer, via dealers","We are one of Scandinavia’s leading producers of upholstered furniture, and at our heart lies our Scandinavian design.","","role inbox","No visualiser yet and markets to shoppers and routes them to dealers, so this is the full pitch rather than an upgrade"
"Förni","www.forni.com.tr","hello@forni.com.tr","ibrahim@forni.com.tr","+90 (850) 3058800","TUR","Istanbul","Halkali Merkez Mah Basin Ekspres Cad. 9/69 Kucukcekmece","Salone del Mobile 2026","SMI","03","D32","","Dining rooms, living rooms | Furniture","Wooden dining tables | Metal and glass dining tables | Metal and glass living room tables | Living rooms | Wooden sideboards | Wooden bookcases | Metal bookcases | Wooden living room tables | Dining rooms | Metal stools | TV tables | Mirrors | Metal sideboards | Metal chairs | Metal or glass trolleys | Wooden stools | Wooden chairs","furniture","take","Salone Internazionale del Mobile","yes","https://forni.com.tr/","no","consumer, sells online","FÖRNİ, Türk tasarım mirasını modern çizgilerle buluşturan, masif meşe mobilyalar sunar. Ödüllü tasarımcılardan zamansız ve özgün tasarımlar.","","role inbox","No visualiser yet and sells direct to shoppers, so this is the full pitch rather than an upgrade"
"Gabba Home","www.gabba.com.tr","export@gabba.com.tr","fagan.mehdi@gabba.com.tr","+90 (532) 6262891","TUR","Bursa","Inegöl Mobilya Agaç Isleri Ihtisas O.S.B. 1. Cd. No.17","Salone del Mobile 2026","SMI","01","B24","","Bedrooms | Dining rooms, living rooms | Upholstered furniture","Wooden dining tables | Sofas and armchairs | Bedrooms | Living rooms | Wooden sideboards | Metal chairs | Wooden living room tables | Dining rooms | Wooden chairs","furniture","take","Salone Internazionale del Mobile","unreachable","","","","","<urlopen error [SSL: CERTIFICATE_VERIFY_FAILED] certificate verify fai","role inbox","Site did not respond, check it by hand before spending a credit"
"Gaber srl","www.gaber.it","info@gaber.it","stefania@gaber.it","+39 0423915521","ITA","Caerano di San Marco","Via Altivole 3","Salone del Mobile 2026","SMI","18","E14","","Dining rooms, living rooms | Outdoor furniture | Upholstered furniture","Leisure armchairs | Plastic chairs | Metal and glass dining tables | Living rooms | Cardboard bookcases | Modular living rooms | Extension dining tables | Leather chairs | Plastic living room tables | Marble living room tables | Stacking and nesting living room tables | Metal stools | Sofas and armchairs | Outdoor furniture and accessories | Metal chairs | Stacking or folding chairs | Leather stools | Rocking-chairs | Wooden stools | Plastic stools | Wooden chairs","furniture","take","Salone Internazionale del Mobile","yes","https://www.gaber.it","no","catalogue only","Gaber progetta, sviluppa e produce arredo design per il settore contract con grande flessibilità e qualità.","","role inbox","Publishes collections with a contact form as the only way in, which is the exact problem the email opens on. Audience unconfirmed"
"Galbiati F.lli srl","www.galbiatifratelli.it","galbiati@galbiatifratelli.it","galbiati@galbiatifratelli.it","+39 031712047","ITA","Cantu'","Via Paganella 20/b","Salone del Mobile 2026","SMI","15","A36","","Dining rooms, living rooms | Outdoor furniture | Upholstered furniture | Furniture","Metal stools | Upholstered rocking-chairs | Metal and glass dining tables | Metal and glass living room tables | Outdoor furniture and accessories | Metal chairs | Convertible furniture | Metal or glass trolleys | Rocking-chairs | Cocktail cabinets","furniture","take","Salone Internazionale del Mobile","unreachable","","","","","HTTP Error 429: Too Many Requests","other","Site did not respond, check it by hand before spending a credit"
"Galimberti Mario di Galimberti Massimo & C. snc","www.galimbertimario.it","galimberti@galimbertimario.it","galimberti@galimbertimario.it","+39 031734922-21","ITA","Cantù","Via dell'Artigianato, 4","Salone del Mobile 2026","SMI","13","C33","","Bedrooms | Upholstered furniture","Sofas and armchairs | Upholstered beds | Wooden beds","furniture","take","Salone Internazionale del Mobile","unreachable","","","","","<urlopen error [SSL: UNEXPECTED_EOF_WHILE_READING] EOF occurred in vio","other","Site did not respond, check it by hand before spending a credit"
"Gallotti&Radice srl","www.gallottiradice.it","info@gallottiradice.it","alessia.bernardinelli@gallottiradice.it","+39 031777111","ITA","Cermenate","Via Matteotti 17","Salone del Mobile 2026","SMI","09","B09 C12","","Bedrooms | Dining rooms, living rooms | Upholstered furniture | Furniture","Wooden dining tables | Metal and glass dining tables | Marble dining tables | Bedrooms | Metal and glass living room tables | Wooden sideboards | Wooden bookcases | Marble or stone furniture | Metal bookcases | Wooden living room tables | Marble living room tables | Dining rooms | Sofas and armchairs | Mirrors | Metal chairs | Upholstered beds | Glass furniture | Metal or glass trolleys | Rocking-chairs | Wooden stools | Cocktail cabinets | Wooden chairs","furniture","take","Salone Internazionale del Mobile","yes","https://www.gallottiradice.it","no","consumer, sells online","La ricerca della perfezione è un costante cerchio imperfetto","","role inbox","No visualiser yet and sells direct to shoppers, so this is the full pitch rather than an upgrade"
"Gamma Arredamenti International spa","www.gammarr.com","info@gammarr.it","francesca.nanni@gammarr.it","+39 0543708311","ITA","Forli'","Via Pitagora 3","Salone del Mobile 2026","SMI","01","B02 B04","","Upholstered furniture","Sofas and armchairs","furniture","take","Salone Internazionale del Mobile","yes","https://www.gammarr.com/en","no","catalogue only","Gamma Arredamenti designs and produces in Italy leather sofas, beds, armchairs, chairs and tables, with high quality leather, stitching and materials.","","role inbox","Publishes collections with a contact form as the only way in, which is the exact problem the email opens on. Audience unconfirmed"
"Gan","www.gan-rugs.com","info@gan-rugs.com","alejandra@gandiablasco.com","+34 (962) 911320","ESP","Ontinyent","Avda San Francisco 12","Salone del Mobile 2026","SMI","22","B08","","Outdoor furniture","Outdoor furniture and accessories","furniture","take","Salone Internazionale del Mobile","yes","https://www.gan-rugs.com","no","consumer, sells online","","","role inbox","No visualiser yet and sells direct to shoppers, so this is the full pitch rather than an upgrade"
"Gandia Blasco sa","www.gandiablasco.com","info@gandiablasco.com","alejandra@gandiablasco.com","+34 (962) 911320","ESP","Ontinyent","C/Músico Vert 4","Salone del Mobile 2026","SMI","22","B08","","Outdoor furniture","Outdoor umbrellas | Outdoor furniture and accessories","furniture","take","Salone Internazionale del Mobile","yes","https://www.gandiablasco.com","no","catalogue only","","","role inbox","Publishes collections with a contact form as the only way in, which is the exact problem the email opens on. Audience unconfirmed"
"Gansk","www.gansk.pt","info@gansk.pt","vasco.miranda@albinomiranda.pt","+351 (253) 826714","PRT","Barcelos","Rua Nova do Corujo 164","Salone del Mobile 2026","SMI","03","C16","","Outdoor furniture","Outdoor furniture and accessories","furniture","take","Salone Internazionale del Mobile","yes","https://www.gansk.pt/en/","no","catalogue only","Explore GANSK outdoor furniture, combining modern design with durable materials and distinctive finishes built to withstand the elements.","","role inbox","Publishes collections with a contact form as the only way in, which is the exact problem the email opens on. Audience unconfirmed"
"Gemla Fabrikers AB","www.gemlaab.se","mail@gemlaab.se","benny@gemlaab.se","+46 (476) 21400","SWE","Diö","Store Backegatan 2","Salone del Mobile 2026","SMI","24","C34","","Dining rooms, living rooms | Upholstered furniture | Furniture","Leisure armchairs | Wooden dining tables | Sofas and armchairs | Mirrors | Living rooms | Leather stools | Leather chairs | Wooden stools | Wooden living room tables | Dining rooms | Wooden chairs","furniture","take","Salone Internazionale del Mobile","yes","https://www.gemlaab.se","no","catalogue only","","","role inbox","Publishes collections with a contact form as the only way in, which is the exact problem the email opens on. Audience unconfirmed"
"Genco Furniture Indonesia","www.gencofurniture.com","arista@gencofurniture.com","arista@gencofurniture.com","+62 (822) 21439801","IDN","Central Java","Jl Tirto Samudro Km 01 RT18 RW06 Kelurahan Bandengan Kecamatan Jepara","Salone del Mobile 2026","SMI","07","D25","","Dining rooms, living rooms","Wooden dining tables | Wooden living room tables | Wooden stools | Game tables and billiards | Wooden chairs","furniture","take","Salone Internazionale del Mobile","yes","http://www.gencofurniture.com","no","unclear","","","other","Live site but no catalogue, cart or contact route found, needs a look"
"Gervasoni spa","www.gervasoni1882.com","info@gervasoni1882.com","marketing@gervasoni1882.com","+39 0432656611","ITA","Pavia di Udine","Viale del Lavoro 88","Salone del Mobile 2026","SMI","09","A09 B10","","Bedrooms | Dining rooms, living rooms | Outdoor furniture | Upholstered furniture","Leisure armchairs | Wooden dining tables | Marble dining tables | Bedrooms | Living rooms | Wooden sideboards | Wooden bookcases | Wooden living room tables | Marble living room tables | Dining rooms | Stacking and nesting living room tables | Sofas and armchairs | Upholstered rocking-chairs | Outdoor furniture and accessories | Upholstered beds | Stacking or folding chairs | Rocking-chairs | Wooden stools | Wooden chairs","furniture","take","Salone Internazionale del Mobile","yes","https://gervasoni1882.com/en","no","consumer, via dealers","Since 1882, an informal yet elegant and contemporary way of living the home.","","role inbox","No visualiser yet and markets to shoppers and routes them to dealers, so this is the full pitch rather than an upgrade"
"Gescova NV","www.gescova.com","info@gescova.com","frederik@gescova.com","+32 (56) 427903","BEL","Wevelgem","Albertstraat 34","Salone del Mobile 2026","SMI","03","D28","","Dining rooms, living rooms | Outdoor furniture","Wooden dining tables | Outdoor umbrellas | Outdoor furniture and accessories | Wooden stools","furniture","take","Salone Internazionale del Mobile","yes","https://www.gescova.com/en","no","consumer, sells online","Our collection","","role inbox","No visualiser yet and sells direct to shoppers, so this is the full pitch rather than an upgrade"
"GF Interiors By Guzzini & Fontana","www.guzziniefontana.it","info@guzziniefontana.it","erica@guzziniefontana.it","+39 0858069006","ITA","Roseto degli Abruzzi","Via Grecia snc","Salone del Mobile 2026","EUC","04","D09 D11","","Kitchens | Furniture | Kitchen furnishing accessories","Wood kitchens | Lacquered kitchens | Furniture | Kitchen furnishing accessories","furniture","take","EuroCucina","yes","https://guzziniefontana.it/","no","catalogue only","GF Interior è sinonimo di arredamento di lusso su misura. Scopri i nostri progetti di interior design di alta gamma, 100% Made in Italy.","","role inbox","Publishes collections with a contact form as the only way in, which is the exact problem the email opens on. Audience unconfirmed"
"Ghekiere Industries NV","www.joli.be","info@joli.be","marketing@joli.be","+32 (56) 372716","BEL","Kuurne","Industrielaan 5","Salone del Mobile 2026","SMI","05","B23","","Dining rooms, living rooms | Outdoor furniture | Upholstered furniture | Furniture","Wooden dining tables | Sofas and armchairs | Mirrors | Outdoor furniture and accessories | Leather furniture | Extension dining tables | Leather chairs | Hall furniture","furniture","take","Salone Internazionale del Mobile","yes","https://www.joli.be/en","yes","consumer, via dealers","lasting memories","","role inbox","Already runs a visualiser and markets to shoppers and routes them to dealers, so the gap is what happens after the render. Sharpest segment"
"Ghidini 1961","www.ghidini1961.com","info@ghidini1961.com","giuseppe.ghidini@ghidini1961.com","+39 0308980521","ITA","Villa Carcina","Via G. D'Annunzio 27","Salone del Mobile 2026","SMI","15","A33","","Bedrooms | Dining rooms, living rooms | Upholstered furniture | Furniture","Leisure armchairs | Marble dining tables | Bedrooms | Wooden bookcases | Marble or stone furniture | Wooden living room tables | Metal stools | Sofas and armchairs | Mirrors | Metal chairs | Upholstered beds | Metal beds | Cocktail cabinets | Wooden stools","furniture","take","Salone Internazionale del Mobile","unreachable","","","","","HTTP Error 403: Forbidden","role inbox","Site did not respond, check it by hand before spending a credit"
"Ghidini Giuseppe Bosco spa","www.ghidinibosco.com","info@ghidinibosco.it","giuseppe.ghidini@ghidini1961.com","+39 0308980521","ITA","Villa Carcina","Via G. D'Annunzio 27","Salone del Mobile 2026","SMI","15","A33","","Bedrooms | Dining rooms, living rooms | Upholstered furniture | Furniture","Leisure armchairs | Marble dining tables | Bedrooms | Wooden bookcases | Marble or stone furniture | Wooden living room tables | Metal stools | Sofas and armchairs | Mirrors | Metal chairs | Upholstered beds | Metal beds | Cocktail cabinets | Wooden stools","furniture","take","Salone Internazionale del Mobile","yes","https://www.ghidinibosco.com","no","catalogue only","","","role inbox","Publishes collections with a contact form as the only way in, which is the exact problem the email opens on. Audience unconfirmed"
"Gianfranco Ferré Home","www.gianfrancoferrehome.com","info@onirogroup.it","sara.panzeri@onirogroup.it","+39 03170757","ITA","Cantu'","Via Montesolaro 14/b","Salone del Mobile 2026","SMI","13","C03","","Bedrooms | Dining rooms, living rooms | Outdoor furniture | Upholstered furniture | Furniture","Wooden dining tables | Wooden trolleys | Bedrooms | Wooden sideboards | Wooden bookcases | Walk-in robes | Extension dining tables | Wooden living room tables | TV tables | Mirrors | Sofas and armchairs | Outdoor furniture and accessories | Upholstered beds | Wooden beds | Hall furniture | Cocktail cabinets | Wooden stools | Wardrobes | Wooden chairs","furniture","take","Salone Internazionale del Mobile","yes","https://gianfrancoferrehome.com/","no","consumer, via dealers","","","role inbox","No visualiser yet and markets to shoppers and routes them to dealers, so this is the full pitch rather than an upgrade"
"Gibo srl","www.giboarreda.com","info@giboarreda.com","info@giboarreda.com","+39 3687589127","ITA","San Giovanni Lupatoto","Via Monte Cimone 5","Salone del Mobile 2026","SMI","15","A09","","Dining rooms, living rooms","Metal and glass dining tables | Metal and glass living room tables | Game tables and billiards | Marble living room tables","furniture","take","Salone Internazionale del Mobile","yes","https://www.giboarreda.com","no","consumer, sells online","","","role inbox","No visualiser yet and sells direct to shoppers, so this is the full pitch rather than an upgrade"
"Giellesse di Galli Giuseppe Matteo e C. sas","www.giellesse.it","giellesse@giellesse.it","scrivellaro@giellesse.it","+39 031607090","ITA","Inverigo","Via Prealpi 34","Salone del Mobile 2026","SMI","09","H01 H03","","Bedrooms | Dining rooms, living rooms | Upholstered furniture","Wooden dining tables | Marble dining tables | Bedrooms | Living rooms | Wooden sideboards | Wooden bookcases | Modular living rooms | Walk-in robes | Extension dining tables | Sliding or fixed partitions for walk-in robes | Wooden living room tables | Marble living room tables | Partition wardrobes | Sofas and armchairs | Sliding or fixed partitions for wardrobe walls | Upholstered beds | Wooden beds | Wardrobes | Wooden chairs","furniture","take","Salone Internazionale del Mobile","yes","https://www.giellesse.it","no","consumer, sells online","Sistemi d’arredo per living e zona notte, armadi, cabine armadio e complementi di design. GIELLESSE interpreta l’abitare contemporaneo con qualità, ricerca e produzione Made in Italy.","","other","No visualiser yet and sells direct to shoppers, so this is the full pitch rather than an upgrade"
"Giorgetti spa","www.giorgetti.eu","info@giorgetti.eu","claudia.marocchino@giorgetti.eu","+39 036275275","ITA","Meda","Via Manzoni 20","Salone del Mobile 2026","SMI","C.so Italia","CORSO ITALIA S26","","Dining rooms, living rooms | Upholstered furniture","Sofas and armchairs | Marble living room tables","furniture","take","Salone Internazionale del Mobile","unreachable","","","","","HTTP Error 403: Forbidden","role inbox","Site did not respond, check it by hand before spending a credit"
"Giorgio Collection srl","www.giorgiocollection.it","giorgiocollection@giorgiocollection.it","e.masolo@giorgiocollection.it","+39 0362326814","ITA","Seregno","Via Albert Einstein 6","Salone del Mobile 2026","SMI","13","D02 D06","","Bedrooms | Dining rooms, living rooms | Outdoor furniture | Upholstered furniture | Furniture","Wooden dining tables | Marble dining tables | Bedrooms | Metal and glass living room tables | Living rooms | Wooden bookcases | Leather chairs | Wooden living room tables | Marble living room tables | Dining rooms | TV tables | Mirrors | Sofas and armchairs | Outdoor furniture and accessories | Upholstered beds | Wooden beds | Leather stools | Hall furniture | Cocktail cabinets | Wooden stools | Wardrobes | Wooden chairs","furniture","take","Salone Internazionale del Mobile","yes","https://giorgiocollection.com/","no","consumer, sells online","Enter the world of Giorgio Collection and get inspired by the timeless elegance of luxury Italian furniture.","","other","No visualiser yet and sells direct to shoppers, so this is the full pitch rather than an upgrade"
"Giovanni Visentin srl","www.visentingiovanni.com","info@visentingiovanni.com","diego@visentingiovanni.com","+39 0424861161","ITA","Rosa'","Via Piave 25","Salone del Mobile 2026","SMI","13","C27","","Bedrooms | Dining rooms, living rooms | Furniture","Wooden dining tables | Bedrooms | Living rooms | Wooden sideboards | Wooden bookcases | Modular living rooms | Walk-in robes | Extension dining tables | Wooden living room tables | Dining rooms | Mirrors | Upholstered beds | Wooden beds | Hall furniture | Cocktail cabinets | Wooden stools | Wardrobes | Wooden chairs","furniture","take","Salone Internazionale del Mobile","unreachable","","","","","<urlopen error [SSL: CERTIFICATE_VERIFY_FAILED] certificate verify fai","role inbox","Site did not respond, check it by hand before spending a credit"
"Giulio Marelli Italia spa","www.giuliomarelli.com","info@giuliomarelli.com","vittorio@giuliomarelli.com","+39 0362342116","ITA","Meda","Via Indipendenza 159","Salone del Mobile 2026","SMI","11","H20","","Upholstered furniture","Sofas and armchairs","furniture","take","Salone Internazionale del Mobile","yes","https://giuliomarelli.com/","no","catalogue only","SALONE DEL MOBILE 2026","","role inbox","Publishes collections with a contact form as the only way in, which is the exact problem the email opens on. Audience unconfirmed"
"Glam More","www.glamoursofa.it","info@glamoursofa.it","peppino@glamoursofa.it","+39 0804030636-3274549446","ITA","Altamura","Piazza Aldo Moro 7","Salone del Mobile 2026","SMI","05","B29","","Upholstered furniture","Sofas and armchairs | Sofa beds and armchair beds","furniture","take","Salone Internazionale del Mobile","yes","https://www.glamoursofa.it","no","unclear","","","role inbox","Live site but no catalogue, cart or contact route found, needs a look"
"Glammfire","www.glammfire.com","contact@glammfire.com","marketing@glammfire.com","+351 251654800","PRT","Cortes, Monção","Zona Industrial da Lagoa, Lote G1 Rua da Suiça 213","Salone del Mobile 2026","EUC","02","A31","","Kitchens","Wood kitchens | Natural stone kitchens | Lacquered kitchens | Metal kitchens","furniture","take","EuroCucina","yes","https://www.glammfire.com/en/homepage/","no","consumer, via dealers","Aqueça os seus espaços com lareiras elegantes e ecológicas. GlammFire, referência em sofisticação e inovação.","","role inbox","No visualiser yet and markets to shoppers and routes them to dealers, so this is the full pitch rather than an upgrade"
"Glas Italia","www.glasitalia.com","glas@glasitalia.com","press@glasitalia.com","+39 0392323202","ITA","Macherio","Via Cavour 29","Salone del Mobile 2026","SMI","22","A08","","Bedrooms | Dining rooms, living rooms | Upholstered furniture | Furniture","TV tables | Mirrors | Metal and glass dining tables | Sofas and armchairs | Metal and glass living room tables | CD-racks | Glass furniture | Walk-in robes | Extension dining tables | Sliding or fixed partitions for walk-in robes | Metal or glass trolleys | Hall furniture | Wooden chairs","furniture","take","Salone Internazionale del Mobile","yes","https://www.glasitalia.com/en","yes","catalogue only","","","other","Already runs a visualiser but publishes collections and a catalogue with a contact form as the only way in, so confirm there is a shopper to capture"
"Glass 1989","www.ronalbathrooms.com","marketing@glass1989.it","alice.battistella@ronalgroup.com","+39 04227146","ITA","Oderzo","Via Baite 12/e","Salone del Mobile 2026","ARB","06","D23","","Sanitary ware, tapware, radiators, coverings, wellness","Saunas, turkish bath and spa | Bath tubs and whirlpool tubs","furniture","take","International Bathroom Exhibition","yes","https://www.ronalbathrooms.com/en_GB","no","catalogue only","High-quality customized shower solutions. Shower enclosures, bath enclosures, walk-in, shower enclosures, saunas, hammams, whirlpools, bathtubs, bathroom furniture","","role inbox","Publishes collections with a contact form as the only way in, which is the exact problem the email opens on. Audience unconfirmed"
"Glatz AG","www.glatz.com","lorena.voce@glatz.com","claudia.staber@glatz.com","+41 (52) 7236464","CHE","Frauenfeld","Langfeldstrasse 113","Salone del Mobile 2026","SMI","01","B21","","Outdoor furniture","Outdoor umbrellas","furniture","take","Salone Internazionale del Mobile","yes","https://www.glatz.com/en","yes","consumer, sells online","Glatz parasols ✓ Swissness ✓ World’s largest selection of parasols ✓ A wide range of accessories ✓ 70 colours✓ Cantilever parasols ✓ Balcony parasols","","first.last","Already runs a visualiser and sells direct to shoppers, so the gap is what happens after the render. Sharpest segment"
"Gloster Furniture GmbH","www.gloster.com","contact@gloster.com","matthew.robinson@gloster.com","+49 (4131) 287530","DEU","Lüneburg","Zeppelinstrasse 22","Salone del Mobile 2026","SMI","22","B18","","Outdoor furniture","Outdoor furniture and accessories","furniture","take","Salone Internazionale del Mobile","yes","https://www.gloster.com/en-us/","no","consumer, via dealers","Gloster is a global leader in high-end teak outdoor furniture, offering a wide range of modern collections for residential, commercial, and hospitality spaces","","role inbox","No visualiser yet and markets to shoppers and routes them to dealers, so this is the full pitch rather than an upgrade"
"Gommaire NV","www.gommaire.com","info@gommaire.com","elisabeth@gommaire.com","+32 (3) 2881940","BEL","Merksem","Schijnpoortweg 121","Salone del Mobile 2026","SMI","03","C15","","Outdoor furniture","Outdoor furniture and accessories","furniture","take","Salone Internazionale del Mobile","yes","https://gommaire.com/","no","trade portal, gated","Discover Design furniture from the highest quality. Belgian design. Browse our catalogue. Find the nearest shop and discover our new collection.","","role inbox","Catalogue sits behind a dealer login, so the visitor is a dealer rather than a buyer"
"GRAFF","www.graff-designs.com","info@graff-designs.com","valentina.spotti@graff-designs.com","+39 0559332115","USA","WI Milwaukee","1901 E Rawson Avenue - Oak Creek","Salone del Mobile 2026","ARB","06","B31","","Sanitary ware, tapware, radiators, coverings, wellness | Bathroom furniture and accessories","Bathroom accessories | Saunas, turkish bath and spa | Bathroom, laundry and/or kitchen tapware | Bath tubs and whirlpool tubs | Bathroom furniture | Sanitary ware","furniture","take","International Bathroom Exhibition","yes","https://www.graff-designs.com/en","yes","consumer, via dealers","","","role inbox","Already runs a visualiser and markets to shoppers and routes them to dealers, so the gap is what happens after the render. Sharpest segment"
"Grifoni Silvano srl","www.silvanogrifoni.com","info@silvanogrifoni.it","amministrazione@silvanogrifoni.it","+39 055721673/74","ITA","Scandicci","Via di Castelpulci 17/a","Salone del Mobile 2026","SMI","13","C36","","Bedrooms | Dining rooms, living rooms | Upholstered furniture | Furniture","Bedrooms | Wooden sideboards | Modular living rooms | Metal bookcases | Extension dining tables | Dining rooms | TV tables | Mirrors | Sofas and armchairs | Upholstered beds | Wooden beds | Hall furniture | Wardrobes | Plastic stools","furniture","take","Salone Internazionale del Mobile","yes","https://www.silvanogrifoni.com","no","unclear","","","role inbox","Live site but no catalogue, cart or contact route found, needs a look"
"Gruppo Tre S spa","www.gruppotreesse.it","info@gruppotres.it","lucac@gruppotres.it","+39 0761527242","ITA","Nepi","S.S. Cassia Km. 36,400","Salone del Mobile 2026","ARB","10","D15 D19","","Sanitary ware, tapware, radiators, coverings, wellness","Saunas, turkish bath and spa | Bath tubs and whirlpool tubs","furniture","take","International Bathroom Exhibition","yes","https://www.gruppotres.it/","no","catalogue only","Benvenuti sul sito ufficiale di Treesse, azienda italiana produttrice di Spa, vasche idromassaggio design, vasche da bagno, box doccia, minipiscine e saune.","","role inbox","Publishes collections with a contact form as the only way in, which is the exact problem the email opens on. Audience unconfirmed"
"GSG Ceramic Design srl","www.ceramicagsg.it","info@ceramicagsg.it","gloriagiovannini@ceramicagsg.it","+39 0761515258","ITA","Civita Castellana","Via Brunelleschi 27","Salone del Mobile 2026","ARB","10","C19","","Sanitary ware, tapware, radiators, coverings, wellness","Sanitary ware","furniture","take","International Bathroom Exhibition","yes","https://www.ceramicagsg.it","no","consumer, sells online","GSG Ceramic Design è un’azienda italiana, che dal 1974 realizza ceramica sanitaria di altissima qualità e design","","role inbox","No visualiser yet and sells direct to shoppers, so this is the full pitch rather than an upgrade"
"Gufram srl","www.gufram.it","info@gufram.it","brand@gufram.it","+39 017356102","ITA","La Morra","Località Batasiolo 85/a","Salone del Mobile 2026","SMI","22","B30","","Upholstered furniture | Furniture","Sofas and armchairs | Hall furniture","furniture","take","Salone Internazionale del Mobile","yes","https://gufram.it/","no","catalogue only","Il marchio italiano di design radicale che, dal 1966, sfida e influenza il panorama del design a livello globale con icone come BOCCA®️, PRATONE®️ e CACTUS","","role inbox","Publishes collections with a contact form as the only way in, which is the exact problem the email opens on. Audience unconfirmed"
"Guglielmi Rubinetterie","www.guglielmi.com","info@guglielmi.com","giulia.guglielmi@guglielmi.com","+39 0163418129","ITA","Grignasco","Via Arturo Biella 27","Salone del Mobile 2026","ARB","06","D34","","Sanitary ware, tapware, radiators, coverings, wellness | Bathroom furniture and accessories","Bathroom accessories | Bathroom, laundry and/or kitchen tapware","furniture","take","International Bathroom Exhibition","unreachable","","","","","<urlopen error _ssl.c:999: The handshake operation timed out>","role inbox","Site did not respond, check it by hand before spending a credit"
"Gurian srl","www.gurian.it","gurianspa@gurian.it","vitobragato@gurian.it","+39 0421469111","ITA","Cessalto","Via delle Querce 7","Salone del Mobile 2026","SMI","05","B04","","Dining rooms, living rooms | Upholstered furniture","Sofas and armchairs | Metal and glass living room tables | Marble living room tables","furniture","take","Salone Internazionale del Mobile","yes","https://www.gurian.it","no","catalogue only","Gurian è un produttore di divani made in Italy. Scopri i divani, letti, poltrone e complementi realizzati su misura per te.","","other","Publishes collections with a contact form as the only way in, which is the exact problem the email opens on. Audience unconfirmed"
"Gyllos Ike","www.gyllos.gr","info@gyllos.gr","info@gyllos.gr","+30 (23) 10682040","GRC","Thessaloniki","Thermaikou 40","Salone del Mobile 2026","SMI","05","B27","","Dining rooms, living rooms | Upholstered furniture | Furniture","Leisure armchairs | Wooden dining tables | Mirrors | Leather furniture | Leather stools | Extension dining tables | Leather chairs | Wooden stools | Wooden living room tables | Dining rooms | Wooden chairs","furniture","take","Salone Internazionale del Mobile","yes","https://www.gyllos.gr","no","catalogue only","Gyllos Furniture Concepts","","role inbox","Publishes collections with a contact form as the only way in, which is the exact problem the email opens on. Audience unconfirmed"
"H&H Project - Department of International Trade Promotion","www.ditp.go.th","ttomilan@thaitradeitaly.com","ttomilan@thaitradeitaly.com","+66 (2) 5078409","THA","Nonthaburi","563 Nonthaburi Road","Salone del Mobile 2026","SMI","07","D10","","Trade associations and organizations","Trade associations and organizations","furniture","take","Salone Internazionale del Mobile","yes","https://www.ditp.go.th","no","catalogue only","กรมส่งเสริมการค้าระหว่างประเทศ (DITP) กระทรวงพาณิชย์ ส่งเสริมการส่งออก นำเข้า ขยายตลาดต่างประเทศ สถิติการค้า ข้อมูลตลาดโลก บริการผู้ประกอบการไทย","","other","Publishes collections with a contact form as the only way in, which is the exact problem the email opens on. Audience unconfirmed"
"H2OSTYLE srl","www.h2ostyle.it","info@h2ostyle.it","design@h2ostyle.it","+39 0452583776","ITA","Brenzone sul Garda","Via Giardino 2","Salone del Mobile 2026","ARB","06","D38","","Sanitary ware, tapware, radiators, coverings, wellness","Bath tubs and whirlpool tubs","furniture","take","International Bathroom Exhibition","yes","https://h2ostyle.it/","yes","catalogue only","","","role inbox","Already runs a visualiser but publishes collections and a catalogue with a contact form as the only way in, so confirm there is a shopper to capture"
"Hansgrohe SE","www.hansgrohe.com","info@hansgrohe.com","wolfgang.pfaff@hansgrohe.com","+49 (7836) 510","DEU","Schiltach","Auestrasse 5-9","Salone del Mobile 2026","ARB","06","A35","","Sanitary ware, tapware, radiators, coverings, wellness | Bathroom furniture and accessories","Bathroom accessories | Bathroom, laundry and/or kitchen tapware | Bathroom furniture","furniture","take","International Bathroom Exhibition","unreachable","","","","","HTTP Error 403: Forbidden","role inbox","Site did not respond, check it by hand before spending a credit"
"Hapa Design","www.hapa.design","info@hapa.design","diana.carvalho@hapa.design","+351 912 238666","PRT","Ribeirão","Rua da Fervença pav. 9-10","Salone del Mobile 2026","ARB","10","D06","","Sanitary ware, tapware, radiators, coverings, wellness","Bathroom, laundry and/or kitchen tapware","furniture","take","International Bathroom Exhibition","yes","https://hapa.design/en","no","consumer, sells online","","","role inbox","No visualiser yet and sells direct to shoppers, so this is the full pitch rather than an upgrade"
"Hatria srl","www.hatria.com","info@hatria.com","avalentini@hatria.com","+39 08612011","ITA","Teramo","Via Isidoro e Lepido Facii 4 Zona Industriale S. Atto","Salone del Mobile 2026","ARB","10","D21","","Sanitary ware, tapware, radiators, coverings, wellness","Sanitary ware","furniture","take","International Bathroom Exhibition","yes","https://hatria.com/","no","catalogue only","","","role inbox","Publishes collections with a contact form as the only way in, which is the exact problem the email opens on. Audience unconfirmed"
"HAUT","www.hautform.com","minayaney@gmail.com","minayaney@gmail.com","+43 (676) 5536755","AUT","Vienna","Schmalzhofgasse 14/1","Salone del Mobile 2026","ARB","10","D09","","Bathroom furniture and accessories","Bathroom furniture","furniture","take","International Bathroom Exhibition","yes","https://www.hautform.com","no","unclear","Haut Architectural Brand Identity | Interior Design | Product Design | Visual Branding Architectural Brand Identity | Interior Design Product Design | Visual Br","","other","Live site but no catalogue, cart or contact route found, needs a look"
"Hearst Magazines Italia spa","www.hearst.it","hearstemag@hearst.it","claudia.suardi@contractor.hearst.it","+39 0266191","ITA","Milano","Via R. Bracco 6","Salone del Mobile 2026","SMI","C.so Italia","FRONTE PADD 5/7 S12","","Trade newspapers, magazines and publications","Trade newspapers, magazines and publications","furniture","take","Salone Internazionale del Mobile","yes","https://www.hearst.it","no","consumer, sells online","Siamo Hearst.","","other","No visualiser yet and sells direct to shoppers, so this is the full pitch rather than an upgrade"
"Heerenhuis","www.heerenhuis.be","info@heerenhuis.be","louis@heerenhuis.be","+32 (3) 2386603","BEL","Antwerpen (Hoboken)","Van Praetstraat 140","Salone del Mobile 2026","SMI","18","A01 B02","","Dining rooms, living rooms | Upholstered furniture","Leisure armchairs | Wooden dining tables | Metal chairs | Leather chairs | Wooden living room tables","furniture","take","Salone Internazionale del Mobile","yes","https://www.heerenhuis.be","no","unclear","","","role inbox","Live site but no catalogue, cart or contact route found, needs a look"
"Henry Glass srl","www.henryglass.it","info@henryglass.it","paolo.tonus@henryglass.it","+39 0422209411","ITA","Mansuè","Portobuffolé 46 A/B","Salone del Mobile 2026","SMI","09","C09","","Bedrooms | Furniture","Convertible furniture | Glass furniture | Walk-in robes | Sliding or fixed partitions for walk-in robes","furniture","take","Salone Internazionale del Mobile","yes","https://henryglass.it/","no","consumer, via dealers","HenryGlass: eccellenza 100% Made in Italy nella produzione di porte in vetro, scorrevoli e pareti divisorie per l'architettura.","","role inbox","No visualiser yet and markets to shoppers and routes them to dealers, so this is the full pitch rather than an upgrade"
"Herval Moveis - Uultis","www.uultis.com","contato@uultis.com","luciano.poletto@herval.com.br","+55 (51) 35648300","BRA","Dois Irmãos","Rodovia Br 116 Km 224 7070 Bairro Portal da Serra","Salone del Mobile 2026","SMI","03","C06 C08 D07 D09","","Dining rooms, living rooms | Outdoor furniture | Upholstered furniture | Furniture","Wooden dining tables | Sofas and armchairs | Mirrors | Metal and glass dining tables | Outdoor furniture and accessories | Living rooms | Wooden sideboards | Leather chairs | Wooden stools | Wooden living room tables | Dining rooms | Wooden chairs","furniture","take","Salone Internazionale del Mobile","yes","https://uultisusa.com/","no","consumer, sells online","When design draws from the quiet elegance of nature, it becomes more than form—it becomes an expression of life.","","other","No visualiser yet and sells direct to shoppers, so this is the full pitch rather than an upgrade"
"Hervet Manufacturier","www.hervet-manufacturier.com","contact@hervet-manufacturier.com","amaury@hervet-manufacturier.com","+33 (6) 62506496","FRA","Paris","8 Rue Volnay","Salone del Mobile 2026","SMI","15","A20","","Dining rooms, living rooms | Upholstered furniture","Leisure armchairs | Wooden dining tables | Sofas and armchairs | Wooden living room tables | Wooden chairs","furniture","take","Salone Internazionale del Mobile","yes","https://hervet.com/","no","unclear","Hervet Manufacturier est une manufacture francaise d","","role inbox","Live site but no catalogue, cart or contact route found, needs a look"
"HIDEO Corporation","www.hideo.design","global@hideo.design","global@hideo.design","+81 (3) 57977507","JPN","Tokyo","3-3-3-1F Akasaka, Minato-ku","Salone del Mobile 2026","ARB","10","A07","","Sanitary ware, tapware, radiators, coverings, wellness","Bath tubs and whirlpool tubs","furniture","take","International Bathroom Exhibition","yes","https://www.hideo.design","no","catalogue only","HIDEO is a Japanese bath design brand founded by Hideo Shimizu, bridging Tokyo and Milan through sculptural bathtubs, craftsmanship, and contemporary bathing culture.","","other","Publishes collections with a contact form as the only way in, which is the exact problem the email opens on. Audience unconfirmed"
"Hidromekanik Mak. San. Ve Tic. as","www.papatya.com.tr","export@papatya.com.tr","esra.yavas@papatya.com.tr","+90 (212) 6989050","TUR","Sefakoy - Istanbul","Halkali Cad. No: 188","Salone del Mobile 2026","SMI","03","D29","","Dining rooms, living rooms | Outdoor furniture | Upholstered furniture | Furniture","Plastic chairs | Metal stools | Wooden dining tables | Sofas and armchairs | Outdoor umbrellas | Outdoor furniture and accessories | Living rooms | Leather furniture | Metal chairs | Stacking or folding chairs | Hall furniture | Wooden living room tables | Wooden chairs","furniture","take","Salone Internazionale del Mobile","yes","https://papatya.com.tr/en","yes","catalogue only","","","role inbox","Already runs a visualiser but publishes collections and a catalogue with a contact form as the only way in, so confirm there is a shopper to capture"
"Himolla Polstermöbel GmbH","www.himolla.com","information@himolla.com","tamara.haerty@himolla.com","+49 (8084) 250","DEU","Taufkirchen (Vils)","Landshuter Strasse 38","Salone del Mobile 2026","SMI","07","D12","","Upholstered furniture","Sofas and armchairs","furniture","take","Salone Internazionale del Mobile","yes","https://www.himolla.com/de/","no","consumer, via dealers","","","other","No visualiser yet and markets to shoppers and routes them to dealers, so this is the full pitch rather than an upgrade"
"Hinokisoken Co. ltd","www.hinokisoken.jp/en/","info@hinokisoken.jp","m.oguri@hinokisoken.jp","+81 (573) 755400","JPN","Nakatsugawa City - Gifu","305-15 Sakashita","Salone del Mobile 2026","ARB","10","C07","","Sanitary ware, tapware, radiators, coverings, wellness","Bath tubs and whirlpool tubs","furniture","take","International Bathroom Exhibition","yes","https://www.hinokisoken.jp/en/","no","catalogue only","","","role inbox","Publishes collections with a contact form as the only way in, which is the exact problem the email opens on. Audience unconfirmed"
"Hjort Knudsen A/S","www.hjortknudsen.com","info@hjortknudsen.de","sandra.fons@hjortknudsen.com","+45 (7525) 0244","DNK","Tarm","Stabelhøjvej 1","Salone del Mobile 2026","SMI","01","B20","","Dining rooms, living rooms | Upholstered furniture","Wooden dining tables | Sofas and armchairs | Upholstered rocking-chairs | Extension dining tables | Sofa beds and armchair beds","furniture","take","Salone Internazionale del Mobile","yes","https://hjortknudsen.com/","no","catalogue only","","","role inbox","Publishes collections with a contact form as the only way in, which is the exact problem the email opens on. Audience unconfirmed"
"Hotbath srl","www.hotbath.it","info@hotbath.it","nicola.ponsi@hotbath.it","+39 05841783742","ITA","Viareggio","Via Marco Polo 135/d","Salone del Mobile 2026","ARB","10","B08","","Sanitary ware, tapware, radiators, coverings, wellness","Bathroom, laundry and/or kitchen tapware","furniture","take","International Bathroom Exhibition","yes","https://www.hotbath.it/it/home","yes","catalogue only","","","role inbox","Already runs a visualiser but publishes collections and a catalogue with a contact form as the only way in, so confirm there is a shopper to capture"
"House Design","www.house-design.it","info@house-design.it","m.bruni@house-design.it","+39 0577306105","ITA","Monteriggioni","Strada Prov. Colligiana 38","Salone del Mobile 2026","ARB","06","D30","","Bathroom furniture and accessories","Bathroom accessories | Laundry furniture | Bathroom furniture","furniture","take","International Bathroom Exhibition","yes","https://www.house-design.it","no","catalogue only","House Design nasce per dare vita ad accessori e complementi per l","","role inbox","Publishes collections with a contact form as the only way in, which is the exact problem the email opens on. Audience unconfirmed"
"House Garden Outdoor Importacao e Exportacao ltd","www.housegarden.com.br","contato@housegarden.com.br","projetos@abimovel.com","+55 (91) 989163027","BRA","Canutama","Rodovia BR 316","Salone del Mobile 2026","SMI","03","C06 C08 D07 D09","","Outdoor furniture","Rush and rattan furniture | Outdoor furniture and accessories","furniture","take","Salone Internazionale del Mobile","yes","https://housegarden.com.br/","no","catalogue only","peÇA AGORA O SEU MÓVEL","","other","Publishes collections with a contact form as the only way in, which is the exact problem the email opens on. Audience unconfirmed"
"House of Capricorn SA","www.houseofcapricorn.pt","info@houseofcapricorn.pt","info@houseofcapricorn.pt","+351 (91) 5537519","PRT","Lisbon","Av. da Liberdade 224 1st Floor","Salone del Mobile 2026","SMI","03","D36","","Dining rooms, living rooms | Outdoor furniture | Upholstered furniture","Leisure armchairs | Wooden dining tables | Sofas and armchairs | Rush and rattan furniture | Wooden sideboards | Wooden living room tables | Wooden stools | Wooden chairs","furniture","take","Salone Internazionale del Mobile","yes","https://houseofcapricorn.pt/","no","consumer, sells online","","","role inbox","No visualiser yet and sells direct to shoppers, so this is the full pitch rather than an upgrade"
"Hukla","www.hukla.de","office@hukla.de","J.Krohn@polipol.de","+49 (5775) 9680200","DEU","Diepenau","Diepenauer Heide 1","Salone del Mobile 2026","SMI","01","B08","","Upholstered furniture","Sofas and armchairs","furniture","take","Salone Internazionale del Mobile","yes","https://www.hukla.de/en/","yes","unclear","HUKLA ist die Traditionsmarke für entspanntes Sitzen. Die Relax-Sessel und hochwertigen Sofas stehen für höchsten Komfort und unverwechselbares Design.","","role inbox","Already runs a visualiser but no catalogue, cart or contact route found, so confirm there is a shopper to capture"
"Hurtado Muebles - Huca Habitat sl","www.hurtado.eu","hurtado@hurtado.eu","irina@hurtado.eu","+34 (96) 0110000","ESP","Beniparrell (Valencia)","Cami Vell dAlbal 43","Salone del Mobile 2026","SMI","14","C44","","Bedrooms | Dining rooms, living rooms | Upholstered furniture | Furniture","Wooden dining tables | Marble dining tables | Bedrooms | Living rooms | Wooden sideboards | Wooden bookcases | Modular living rooms | Extension dining tables | Leather chairs | Wooden living room tables | Marble living room tables | Dining rooms | Stacking and nesting living room tables | TV tables | Mirrors | Sofas and armchairs | Upholstered beds | Wooden beds | Hall furniture | Cocktail cabinets | Wooden chairs","furniture","take","Salone Internazionale del Mobile","yes","https://www.hurtado.eu","no","consumer, via dealers","Bienvenidos a la página web de Hurtado Muebles","","other","No visualiser yet and markets to shoppers and routes them to dealers, so this is the full pitch rather than an upgrade"
"Hygea","www.uspa.eu","info@uspa.eu","paolo.ravizzotti@uspa.eu","+39 0321030449","ITA","Novara","Corso della Vittoria 14","Salone del Mobile 2026","ARB","06","C36","","Sanitary ware, tapware, radiators, coverings, wellness","Sanitary ware","furniture","take","International Bathroom Exhibition","yes","https://uspa.eu/","yes","consumer, sells online","","","role inbox","Already runs a visualiser and sells direct to shoppers, so the gap is what happens after the render. Sharpest segment"
"Häcker","www.haecker-kuechen.com","info@haecker-kuechen.de","dsoete@haecker-kuechen.de","+49 (5746) 9400","DEU","Rödinghausen","Werkstrasse 3","Salone del Mobile 2026","EUC","04","C11 D16","","Kitchens","Wood kitchens | Plastic laminate kitchens | Lacquered kitchens","furniture","take","EuroCucina","yes","https://www.haecker-kuechen.com/en/","no","catalogue only","With a Häcker kitchen, we guarantee sustainable quality, aesthetic design and functionality that is individually tailored to your needs.","","role inbox","Publishes collections with a contact form as the only way in, which is the exact problem the email opens on. Audience unconfirmed"
"I 4 Mariani srl","www.i4mariani.com","info@i4mariani.it","info@i4mariani.it","+39 031746204","ITA","Mariano Comense","Via S. Antonio 102/104","Salone del Mobile 2026","SMI","18","E29 F28","","Bedrooms | Dining rooms, living rooms | Upholstered furniture | Furniture","Leisure armchairs | TV tables | Sofas and armchairs | Upholstered rocking-chairs | Bedrooms | Metal and glass living room tables | Wooden bookcases | Upholstered beds | Leather chairs | Game tables and billiards | Dining rooms | Wooden chairs","furniture","take","Salone Internazionale del Mobile","yes","https://www.i4mariani.com","no","consumer, sells online","COMPANY SHOWROOM","","role inbox","No visualiser yet and sells direct to shoppers, so this is the full pitch rather than an upgrade"
"IBTW","www.ibtw.pt","info@ibtw.pt","sergio@ibtw.pt","+351 (913) 766324","PRT","Frazão","Rua do Monte 289","Salone del Mobile 2026","SMI","05","B21","","Outdoor furniture","Outdoor furniture and accessories","furniture","take","Salone Internazionale del Mobile","yes","https://ibtw.pt/","no","consumer, sells online","Class.25/ By Ronald SassonView CollectionModo/ By PininfarinaView Collection","","role inbox","No visualiser yet and sells direct to shoppers, so this is the full pitch rather than an upgrade"
"Ideale - Livramento Industria e Comercio de Estofados ltda","www.idealeestofados.com.br","vendas@idealeestofados.com.br","vendas@idealeestofados.com.br","+55 (91) 989163027","BRA","Valentim Gentil","Rua José Saraiva 120","Salone del Mobile 2026","SMI","03","C06 C08 D07 D09","","Upholstered furniture","Sofas and armchairs","furniture","take","Salone Internazionale del Mobile","yes","https://idealeestofados.com.br/","no","consumer, sells online","","","other","No visualiser yet and sells direct to shoppers, so this is the full pitch rather than an upgrade"
"IDG srl","www.idogi.com","idogi@idogi.com","brandimage@idogi.com","+39 041926251","ITA","Venezia","Via della Avena 15","Salone del Mobile 2026","SMI","13","C20","","Dining rooms, living rooms | Outdoor furniture | Upholstered furniture | Furniture","Sofas and armchairs | Metal and glass dining tables | Marble dining tables | Outdoor furniture and accessories | Metal sideboards | Living rooms | Metal bookcases | Glass furniture | Metal or glass trolleys | Dining rooms | Wooden chairs","furniture","take","Salone Internazionale del Mobile","yes","https://www.idogi.com","no","catalogue only","iDOGI is an Italian company based in Venice that has defied the impossible by creating majestic works of art in the world of lighting.","","other","Publishes collections with a contact form as the only way in, which is the exact problem the email opens on. Audience unconfirmed"
"IFDM - Marble srl","www.ifdm.design","info@ifdm.it","df@bleevcapital.com","+39 0240701449","ITA","Milano","Corso Venezia 8","Salone del Mobile 2026","SMI","C.so Italia","ING. PADD 9/11 S42","","Trade newspapers, magazines and publications","Trade newspapers, magazines and publications","furniture","take","Salone Internazionale del Mobile","yes","https://ifdm.design/","no","consumer, sells online","IFDM, the Interior Furniture Design Magazine: news, projects and trends in interior design, architecture, hospitality and the global furniture industry.","","role inbox","No visualiser yet and sells direct to shoppers, so this is the full pitch rather than an upgrade"
"IFI spa","www.ifi.it","info@ifi.it","l.antonietti@ifi.it","+39 072120021","ITA","Tavullia","Strada Selva Grossa 28/30","Salone del Mobile 2026","SMI","18","D27","","Outdoor furniture | Upholstered furniture","Sofas and armchairs | Outdoor furniture and accessories","furniture","take","Salone Internazionale del Mobile","yes","https://www.ifi.it/en","no","catalogue only","Refrigerated display cases, bar counters, undercounter refrigerators, pozzetti gelato and more. Discover all Ifi products!","","role inbox","Publishes collections with a contact form as the only way in, which is the exact problem the email opens on. Audience unconfirmed"
"iHome lda","www.ihome.pt","geral@ihome.pt","milano@ihome.pt","+351 (289) 090900","PRT","Almancil - Quinta do Lago","Avenida Almirante Mendes Cabeçada Edif. Buganvilia Plaza, Loja 30","Salone del Mobile 2026","SMI","15","A45","","Upholstered furniture","Sofas and armchairs | Home cinema / Home-theatre seating","furniture","take","Salone Internazionale del Mobile","yes","https://ihome.pt/","no","unclear","iHome: specialists in home automation, home cinema, audio video and electrical engineering in the Algarve since 2006. Official Control4 dealer.","","other","Live site but no catalogue, cart or contact route found, needs a look"
"IKONO GmbH & Co. KG","www.ikono.de","kontakt@ikono.de","t.ebeling@ky-holding.de","+49 (5254) 957520","DEU","Paderborn","Otto-Hahn-Str. 11","Salone del Mobile 2026","SMI","14","F36","","Outdoor furniture","Outdoor furniture and accessories","furniture","take","Salone Internazionale del Mobile","yes","https://www.ikono.de","no","consumer, sells online","IKONO steht für modulare Möbelsysteme mit zeitlosem Design, gepaart mit Komfort, hochwertigen Materialien und innovativen Produkteigenschaften.","","other","No visualiser yet and sells direct to shoppers, so this is the full pitch rather than an upgrade"
"Il Giardino di Legno","www.ilgiardinodilegno.it","info@ilgiardinodilegno.it","info@ilgiardinodilegno.it","+39 01119502429","ITA","Torino","C.so Matteotti 2","Salone del Mobile 2026","SMI","18","A05","","Bedrooms | Dining rooms, living rooms | Outdoor furniture | Upholstered furniture | Furniture","Wooden dining tables | Wooden trolleys | Living rooms | Wooden bookcases | Extension dining tables | Wooden living room tables | Game tables and billiards | Rush and rattan furniture | Sofas and armchairs | Outdoor umbrellas | Outdoor furniture and accessories | Metal chairs | Pet furniture | Wooden beds | Stacking or folding chairs | Cocktail cabinets | Wooden stools | Wooden chairs","furniture","take","Salone Internazionale del Mobile","yes","https://www.ilgiardinodilegno.it","no","unclear","","","role inbox","Live site but no catalogue, cart or contact route found, needs a look"
"Ilcap srl","www.outoo.it","info@outoo.it","atreu@outoo.it","+39 0432685030","ITA","S. Maria La Longa","Via dei Prati 4","Salone del Mobile 2026","SMI","03","C12","","Dining rooms, living rooms | Outdoor furniture | Upholstered furniture","Metal and glass dining tables | Metal and glass living room tables | Extension dining tables | Leather chairs | Wooden living room tables | Stacking and nesting living room tables | Metal stools | Sofas and armchairs | Outdoor furniture and accessories | Metal chairs | Stacking or folding chairs | Leather stools | Wooden stools | Wooden chairs","furniture","take","Salone Internazionale del Mobile","yes","https://www.outoo.it","no","catalogue only","Made in Italy","","role inbox","Publishes collections with a contact form as the only way in, which is the exact problem the email opens on. Audience unconfirmed"
"illionaire Society lda","www.luxxu.net","info@luxxu.net","slanca@luxxu.net","+351 (914) 470214","PRT","Fanzeres","Rua Da Portelinha 136","Salone del Mobile 2026","SMI","15","A01 A03","","Bedrooms | Dining rooms, living rooms | Outdoor furniture | Upholstered furniture | Furniture","Wooden dining tables | Metal and glass dining tables | Bedrooms | Wooden sideboards | Wooden bookcases | Marble or stone furniture | Metal bookcases | Walk-in robes | Wooden living room tables | Game tables and billiards | Dining rooms | Partition wardrobes | Metal stools | Outdoor umbrellas | Mirrors | Outdoor furniture and accessories | Metal sideboards | Leather furniture | Upholstered beds | Leather stools | Leisure armchairs | Marble dining tables | Metal and glass living room tables | Living rooms | Home cinema / Home-theatre seating | Modular living rooms | Leather chairs | Marble living room tables | TV tables | Sofas and armchairs | Metal chairs | Hall furniture | Wooden stools | Sofa beds and armchair beds | Wardrobes | Wooden chairs","furniture","take","Salone Internazionale del Mobile","yes","https://luxxu.net/","no","consumer, sells online","To inspire elevating Design & Craftsmanship.","","role inbox","No visualiser yet and sells direct to shoppers, so this is the full pitch rather than an upgrade"
"Imob srl","www.imobsrl.ro","office@imobsrl.ro","rodica.bontas@imobsrl.ro","+40 (233) 211320","ROU","Dumbrava Rosie","Str. Dumbravei 1A Jud. Neamt","Salone del Mobile 2026","SMI","03","C26 D33","","Dining rooms, living rooms | Furniture","Wooden dining tables | Leather furniture | Wooden sideboards | Metal chairs | Leather chairs | Wooden stools | Wooden chairs","furniture","take","Salone Internazionale del Mobile","yes","https://www.imobsrl.ro","no","catalogue only","","","role inbox","Publishes collections with a contact form as the only way in, which is the exact problem the email opens on. Audience unconfirmed"
"Impatia srl","www.impatia.com","info@impatia.com","anxhela@impatia.it","+39 0331620992","ITA","Busto Arsizio","Via Mentana, 7","Salone del Mobile 2026","SMI","15","B10","","Dining rooms, living rooms","Metal and glass dining tables | Wooden living room tables | Game tables and billiards | Marble living room tables","furniture","take","Salone Internazionale del Mobile","yes","https://www.impatia.com","no","catalogue only","","","role inbox","Publishes collections with a contact form as the only way in, which is the exact problem the email opens on. Audience unconfirmed"
"Inbani","www.inbani.com","info@inbani.com","v.llorens@inbani.com","+34 (965) 106465","ESP","Alicante","P.I. Atalayas, C/Libra 49 Esquina Corona Buzon","Salone del Mobile 2026","ARB","06","C33","","Bathroom furniture and accessories","Bathroom furniture","furniture","take","International Bathroom Exhibition","yes","https://inbani.com/","no","consumer, sells online","","","role inbox","No visualiser yet and sells direct to shoppers, so this is the full pitch rather than an upgrade"
"Inclass Designworks sl","www.inclass.es","inclass@inclass.es","cristina.tosi@inclass.es","+34 (965) 405230","ESP","Crevillente (Alicante)","Ctra Estación s/n - Pol. I-4 P5 Ap. Correos 466","Salone del Mobile 2026","SMI","18","B25","","Dining rooms, living rooms | Outdoor furniture | Upholstered furniture | Furniture","Plastic chairs | Wooden dining tables | Sofas and armchairs | Outdoor furniture and accessories | Leather furniture | Wooden sideboards | Leather stools | Leather chairs | Wooden stools | Wooden living room tables | Plastic stools | Wooden chairs","furniture","take","Salone Internazionale del Mobile","yes","https://inclass.es/","no","catalogue only","INCLASS stands for innovation, design excellence and quality. We craft modern timeless furniture for collaborative workspaces, hospitality and private residencies.","","other","Publishes collections with a contact form as the only way in, which is the exact problem the email opens on. Audience unconfirmed"
"Inda spa","www.inda.net","info@inda.net","nicola.filippini@samo.it","+39 036338061","ITA","Pagazzano","Via dell'Industria 163","Salone del Mobile 2026","ARB","06","A34 A36","","Sanitary ware, tapware, radiators, coverings, wellness | Bathroom furniture and accessories","Bathroom accessories | Shower cubicles | Bathroom furniture","furniture","take","International Bathroom Exhibition","yes","https://www.inda.net","no","unclear","","","role inbox","Live site but no catalogue, cart or contact route found, needs a look"
"Indera","www.indera.be","made@indera.be","jolien.monnissen@mecam.be","+32 (89) 798298","BEL","Dilsen-Stokkem","Vilverstaat 11","Salone del Mobile 2026","SMI","05","A15","","Upholstered furniture","Sofas and armchairs","furniture","take","Salone Internazionale del Mobile","yes","https://www.indera.be","no","catalogue only","","","other","Publishes collections with a contact form as the only way in, which is the exact problem the email opens on. Audience unconfirmed"
"Indian Ocean","www.indian-ocean.co.uk","info@indian-ocean.co.uk","tom@indian-ocean.co.uk","+44 (208) 6754808","GBR","London","155-163 Balham Hill","Salone del Mobile 2026","SMI","14","E49","","Outdoor furniture","Outdoor umbrellas | Outdoor furniture and accessories","furniture","take","Salone Internazionale del Mobile","yes","https://www.indian-ocean.co.uk","no","consumer, sells online","Discover premium collections of luxury outdoor furniture, finished to the highest specifications using only the finest materials. Find outdoor inspiration.","","role inbox","No visualiser yet and sells direct to shoppers, so this is the full pitch rather than an upgrade"
"Indonesia Design District","www.indonesiadesigndistrict.com","indonesiadesigndistrict@agungsedayu.com","adityo.dharmanto@agungsedayu.com","+62 (813) 27731303","IDN","Banten","Jalan M.H. Thamrin Kel Salembaran Jaya Kec Kosambi Kabupaten Tangerang","Salone del Mobile 2026","SMI","07","D25","","Trade associations and organizations","Trade associations and organizations","furniture","take","Salone Internazionale del Mobile","yes","https://indonesiadesigndistrict.com/","no","catalogue only","Indonesia Design District — the largest design hub in Indonesia, curating furniture, lifestyle, and creative experiences.","","other","Publishes collections with a contact form as the only way in, which is the exact problem the email opens on. Audience unconfirmed"
"Industrias San Isidro sl","www.isimar.es","mar@isimar.es","marketing@isimar.es","+34 (948) 318465","ESP","Noáin","Ctra. Salinas Km. 1","Salone del Mobile 2026","SMI","14","E41","","Dining rooms, living rooms | Outdoor furniture | Upholstered furniture","Metal stools | Sofas and armchairs | Upholstered rocking-chairs | Metal and glass living room tables | Metal sideboards | Outdoor furniture and accessories | Metal chairs | Modular living rooms | Metal bookcases | Sofa beds and armchair beds","furniture","take","Salone Internazionale del Mobile","yes","https://www.isimar.es","no","unclear","","","other","Live site but no catalogue, cart or contact route found, needs a look"
"Infiniti","www.infinitidesign.it","info@infinitidesign.it","infiniti@infinitidesign.it","+39 04237616","ITA","Castello di Godego","Via Ca' Leoncino 2","Salone del Mobile 2026","SMI","14","E31","","Dining rooms, living rooms | Outdoor furniture | Upholstered furniture","Stacking and nesting living room tables | Plastic chairs | Metal stools | Wooden dining tables | Metal and glass dining tables | Sofas and armchairs | Outdoor furniture and accessories | Metal chairs | Wooden stools | Plastic stools | Wooden chairs","furniture","take","Salone Internazionale del Mobile","yes","https://www.infinitidesign.it","no","consumer, sells online","Infiniti è un giovane brand nato nel 2008, che propone complementi d’arredo progettati per lavorare, rilassarsi, socializzare.","","role inbox","No visualiser yet and sells direct to shoppers, so this is the full pitch rather than an upgrade"
"Innova srl","www.innovaimbottiti.com","commerciale@innovaimbottiti.com","matteo.moro@innovaimbottiti.com","+39 0499200500","ITA","Campodarsego","Via Meucci 17","Salone del Mobile 2026","SMI","07","D01","","Upholstered furniture","Sofas and armchairs","furniture","take","Salone Internazionale del Mobile","yes","https://www.innovaimbottiti.com","no","catalogue only","Innova, azienda d'avanguardia dal 1982. Progettiamo e creiamo soluzioni per l'arredamento di lusso nel settore Hospitality.","","role inbox","Publishes collections with a contact form as the only way in, which is the exact problem the email opens on. Audience unconfirmed"
"InnoZen GmbH","www.innozen.eu","info@innozen.eu","tobias.ebeling@re-fab.de","","DEU","Paderborn","Otto-Hahn-Straße 11","Salone del Mobile 2026","ARB","06","A32","","Sanitary ware, tapware, radiators, coverings, wellness","Saunas, turkish bath and spa","furniture","take","International Bathroom Exhibition","yes","https://innozen.eu/","no","unclear","","","role inbox","Live site but no catalogue, cart or contact route found, needs a look"
"Interno Italiano","www.internoitaliano.com","info@internoitaliano.com","elisabetta@alivar.com","+39 0558070202","ITA","Barberino Tavernelle","Via Leonardo da Vinci 118/12","Salone del Mobile 2026","SMI","18","D04","","Bedrooms | Dining rooms, living rooms | Outdoor furniture | Upholstered furniture | Furniture","Leisure armchairs | Wooden dining tables | Metal and glass dining tables | Marble dining tables | Wooden sideboards | Wooden bookcases | Marble or stone furniture | Extension dining tables | Leather chairs | Sofas and armchairs | Outdoor furniture and accessories | Leather furniture | Metal chairs | Upholstered beds | Wooden beds | Cocktail cabinets","furniture","take","Salone Internazionale del Mobile","yes","https://internoitaliano.com/","no","consumer, sells online","Internoitaliano ha un cuore pulsante costituito da una rete di laboratori artigiani che incarnano l’eccellenza italiana.","","role inbox","No visualiser yet and sells direct to shoppers, so this is the full pitch rather than an upgrade"
"Itlas srl sb","www.itlas.it","info@itlas.it","marketing@itlas.it","+39 0438368040","ITA","Cordignano","Via del Lavoro 35 - Z.I.","Salone del Mobile 2026","ARB","06","B22","","Sanitary ware, tapware, radiators, coverings, wellness | Bathroom furniture and accessories","Bathroom accessories | Bathroom, laundry and/or kitchen tapware | Wall and floor coverings | Bathroom furniture","furniture","take","International Bathroom Exhibition","yes","https://www.itlas.com/it","no","catalogue only","Itlas realizza pavimenti in legno, parquet e arredo bagno di design 100% made in Italy. Visita il sito e scopri i nostri prodotti ed essenze.","","role inbox","Publishes collections with a contact form as the only way in, which is the exact problem the email opens on. Audience unconfirmed"
"IVG Home Collection","www.ivghomecollection.com","info@mobilpiuluxury.com","info@mobilpiuluxury.com","+39 0721394306","ITA","Vallefoglia","Via XXV Aprile 41/A Frazione Montecchio","Salone del Mobile 2026","SMI","15","A27","","Bedrooms | Dining rooms, living rooms | Upholstered furniture | Furniture","Wooden dining tables | Sofas and armchairs | Mirrors | Marble dining tables | Bedrooms | Metal and glass living room tables | Marble or stone furniture | Upholstered beds | Metal bookcases | Hall furniture | Leather chairs | Marble living room tables | Wooden chairs","furniture","take","Salone Internazionale del Mobile","yes","https://www.ivghomecollection.com/","no","catalogue only","Scopri IVG Home Collection, innovazione e design dal 1966. Esplora la collezione Futura per arredi esclusivi e dettagli impeccabili.","","role inbox","Publishes collections with a contact form as the only way in, which is the exact problem the email opens on. Audience unconfirmed"
"J. Dias Industria de Mobiliario lda","www.jdias.pt","geral@jdias.pt","marketing@jdias.pt","+351 (224) 111517","PRT","Vandoma, Paredes","Rua do Monte Ergudo 131","Salone del Mobile 2026","EUC","02","B20","","Kitchens | Kitchen furnishing accessories","Wood kitchens | Natural stone kitchens | Plastic laminate kitchens | Lacquered kitchens | Kitchen furnishing accessories","furniture","take","EuroCucina","yes","https://www.jdias.pt","no","consumer, via dealers","Manufacture and sale of kitchen furniture, bathrooms and wardrobes tailored to each client. Design, quality and functionality.","","other","No visualiser yet and markets to shoppers and routes them to dealers, so this is the full pitch rather than an upgrade"
"J. Marcon Industria e Comercio de Moveis ltda","www.jmarcon.com.br","jmarcon@jmarcon.com.br","jmarcon@jmarcon.com.br","+55 (54) 32912332","BRA","São Marcos - RS","Rua Alexandre José Rizzo 400 Bairro Santini","Salone del Mobile 2026","SMI","03","C06 C08 D07 D09","","Dining rooms, living rooms","Wooden chairs","furniture","take","Salone Internazionale del Mobile","unreachable","","","","","<urlopen error [SSL: CERTIFICATE_VERIFY_FAILED] certificate verify fai","other","Site did not respond, check it by hand before spending a credit"
"J. Moreira da Silva & Filhos sa","www.jms.pt","info@jms.pt","josemoreira@jms.pt","+351 (224) 157390","PRT","Rebordosa (Porto)","Av. das Fontainhas 42","Salone del Mobile 2026","SMI","07","C04","","Dining rooms, living rooms | Outdoor furniture | Upholstered furniture","Cardboard chairs and stools | Plastic chairs | Wooden dining tables | Leisure armchairs | Plastic dining tables | Marble dining tables | Wooden sideboards | Wooden bookcases | Mattresses | Leather chairs | Wooden living room tables | Plastic living room tables | Marble living room tables | Rush and rattan furniture | Sofas and armchairs | Upholstered rocking-chairs | Outdoor furniture and accessories | Stacking or folding chairs | Leather stools | Rocking-chairs | Wooden stools | Sofa beds and armchair beds | Plastic stools | Wooden chairs","furniture","take","Salone Internazionale del Mobile","yes","https://jms.pt/en","no","catalogue only","","","role inbox","Publishes collections with a contact form as the only way in, which is the exact problem the email opens on. Audience unconfirmed"
"Jacob & Co Haute Living","www.onirogroup.it","info@onirogroup.it","sara.panzeri@onirogroup.it","+39 03170757","ITA","Cantu'","Via Montesolaro 14/b","Salone del Mobile 2026","SMI","13","D01","","Bedrooms | Dining rooms, living rooms | Outdoor furniture | Upholstered furniture | Furniture","Wooden dining tables | Wooden trolleys | Bedrooms | Wooden sideboards | Wooden bookcases | Walk-in robes | Extension dining tables | Wooden living room tables | TV tables | Mirrors | Sofas and armchairs | Outdoor furniture and accessories | Upholstered beds | Wooden beds | Hall furniture | Cocktail cabinets | Wooden stools | Wardrobes | Wooden chairs","furniture","take","Salone Internazionale del Mobile","yes","https://www.onirogroup.it/en","no","consumer, via dealers","Luxury furniture and interior design ONIRO Group","","role inbox","No visualiser yet and markets to shoppers and routes them to dealers, so this is the full pitch rather than an upgrade"
"Jansen Furniture B.V.","www.jansenfurniture.com","info@jansenfurniture.com","nick@jansenfurniture.com","+31 (61) 2159151","NLD","Gaanderen","Slakweg 6A","Salone del Mobile 2026","SMI","15","B30","","Bedrooms | Dining rooms, living rooms | Outdoor furniture | Upholstered furniture | Furniture","Wooden dining tables | Wooden trolleys | Bedrooms | Wooden sideboards | Wooden bookcases | Marble or stone furniture | Wooden living room tables | Game tables and billiards | Dining rooms | Stacking and nesting living room tables | Mirrors | Outdoor furniture and accessories | Leather furniture | Upholstered beds | Pet furniture | Wooden beds | Leather stools | Rocking-chairs | Leisure armchairs | Marble dining tables | Living rooms | Extension dining tables | Leather chairs | Marble living room tables | Rush and rattan furniture | Sofas and armchairs | Upholstered rocking-chairs | Stacking or folding chairs | Hall furniture | Cocktail cabinets | Wooden stools | Shoe cupboards | Wardrobes | Sofa beds and armchair beds | Wooden chairs","furniture","take","Salone Internazionale del Mobile","yes","https://www.jansenfurniture.com","no","consumer, sells online","Discover timeless elegance and impeccable craftsmanship with Jansen Furniture. Explore our range of meticulously designed furniture pieces","","role inbox","No visualiser yet and sells direct to shoppers, so this is the full pitch rather than an upgrade"
"Janua - Christian Seisenberger GmbH","www.janua-moebel.com","info@janua-moebel.com","marketing@janua-moebel.com","+49 (8081) 957500","DEU","St. Wolfgang - Armstorf","Am Klosterpark 1","Salone del Mobile 2026","SMI","11","M18","","Dining rooms, living rooms | Outdoor furniture","Wooden dining tables | Outdoor furniture and accessories | Wooden living room tables","furniture","take","Salone Internazionale del Mobile","yes","https://www.janua-moebel.com","no","consumer, sells online","Entdecken Sie zeitlose Möbel von Janua, die Handwerkskunst, natürliche Materialien und individuelles Design vereinen – ideal für Innen- und Außenbereiche.","","role inbox","No visualiser yet and sells direct to shoppers, so this is the full pitch rather than an upgrade"
"Jati Kebon","www.jati-kebon.com","info@jati-kebon.com","jordi.delcroix@jati-kebon.com","+32 (479) 625187","BEL","Nazareth","3 Nijverheidstraat","Salone del Mobile 2026","SMI","03","C11","","Outdoor furniture","Outdoor furniture and accessories","furniture","take","Salone Internazionale del Mobile","yes","https://jati-kebon.com/","yes","consumer, sells online","Jati Kebon manufactures and distributes outdoor furniture worldwide, creating enjoyable garden & living spaces.","","role inbox","Already runs a visualiser and sells direct to shoppers, so the gap is what happens after the render. Sharpest segment"
"JLC","www.jlc.pt","marketing@jlc.pt","guilherme.machado@jlc.pt","+351 (252) 640780","PRT","Vila do Conde","Rua de São José 154","Salone del Mobile 2026","SMI","07","D21","","Bedrooms | Dining rooms, living rooms | Upholstered furniture","Leisure armchairs | Wooden dining tables | Metal and glass dining tables | Marble dining tables | Bedrooms | Living rooms | Home cinema / Home-theatre seating | Wooden sideboards | Leather chairs | Wooden living room tables | Game tables and billiards | Marble living room tables | Dining rooms | Sofas and armchairs | Upholstered beds | Leather stools | Wooden stools | Wooden chairs","furniture","take","Salone Internazionale del Mobile","yes","https://jlc.pt/","no","consumer, sells online","Explore o design de mobiliário sob medida. Soluções personalizadas que combinam estética, inovação e funcionalidade para cada espaço.","","role inbox","No visualiser yet and sells direct to shoppers, so this is the full pitch rather than an upgrade"
"Joenfa sl","www.voolcangrupo.com","info@skldstudio.com","maria@voolcangrupo.com","+34 (96) 2232032","ESP","Mogente","P.I. Moinsa c/Boquella 2","Salone del Mobile 2026","SMI","14","D29","","Bedrooms | Dining rooms, living rooms | Outdoor furniture | Upholstered furniture","Leisure armchairs | Wooden dining tables | Metal and glass dining tables | Marble dining tables | Bedrooms | Metal and glass living room tables | Living rooms | Modular living rooms | Extension dining tables | Wooden living room tables | Marble living room tables | Dining rooms | Metal stools | Sofas and armchairs | Outdoor furniture and accessories | Metal chairs | Wooden stools | Sofa beds and armchair beds | Wooden chairs","furniture","take","Salone Internazionale del Mobile","yes","https://voolcangrupo.com/","no","consumer, sells online","","","role inbox","No visualiser yet and sells direct to shoppers, so this is the full pitch rather than an upgrade"
"Johanson Design ab","www.johansondesign.se","info@johansondesign.se","paul@johansondesign.se","+46 (433) 72500","SWE","Markaryd","Anders Anderssonsväg 7","Salone del Mobile 2026","SMI","24","C21","","Dining rooms, living rooms | Upholstered furniture","Plastic chairs | Metal stools | Sofas and armchairs | Metal chairs | Leather stools | Leather chairs | Wooden chairs","furniture","take","Salone Internazionale del Mobile","yes","https://johansondesign.com/sv","no","catalogue only","Genom åren har vi nått en internationell publik genom att satsa på skandinavisk design och gediget möbelhantverk. Oﬀentliga miljöer runtom i världen är idag vår hemmaplan.","","role inbox","Publishes collections with a contact form as the only way in, which is the exact problem the email opens on. Audience unconfirmed"
"Jonas Ihreborn ab","www.ihreborn.se","info@ihreborn.se","jonas@ihreborn.se","+46 (370) 355000","SWE","Värnamo","Expovägen 5","Salone del Mobile 2026","SMI","14","E38","","Upholstered furniture","Sofas and armchairs","furniture","take","Salone Internazionale del Mobile","yes","https://www.ihreborn.se","no","consumer, sells online","Metal Rubber Heater Pipe LR031393 Heater Hose – Good Sealing, Metal & Rubber, Fits Land Rover LR4 2010-2016 & Range Rover Sport 5.0L 2010-2013","","role inbox","No visualiser yet and sells direct to shoppers, so this is the full pitch rather than an upgrade"
"Jori nv","www.jori.com","jori@jori.com","vl@jori.com","+32 (56) 313501","BEL","Wervik","Hoogweg 52","Salone del Mobile 2026","SMI","09","M02 M04","","Upholstered furniture","Sofas and armchairs","furniture","take","Salone Internazionale del Mobile","yes","https://www.jori.com","yes","catalogue only","You will find the very best seating comfort at Jori. Discover the wide collection of comfortable seating furniture.","","other","Already runs a visualiser but publishes collections and a catalogue with a contact form as the only way in, so confirm there is a shopper to capture"
"Jumbo Collection","www.jumbocollection.com","info@onirogroup.it","sara.panzeri@onirogroup.it","+39 03170757","ITA","Cantu'","Via Montesolaro 14/b","Salone del Mobile 2026","SMI","13","C09","","Bedrooms | Dining rooms, living rooms | Outdoor furniture | Upholstered furniture | Furniture","Wooden dining tables | Wooden trolleys | Bedrooms | Wooden sideboards | Wooden bookcases | Walk-in robes | Extension dining tables | Wooden living room tables | TV tables | Mirrors | Sofas and armchairs | Outdoor furniture and accessories | Upholstered beds | Wooden beds | Hall furniture | Cocktail cabinets | Wooden stools | Wardrobes | Wooden chairs","furniture","take","Salone Internazionale del Mobile","yes","https://jumbocollection.com/","no","unclear","Jumbo Collection has always been distinguished by an extraordinary passion for Made in Italy luxury classic furniture","","role inbox","Live site but no catalogue, cart or contact route found, needs a look"
"Juno Home","www.juno-home.com","info@juno-home.com","adrianwonoto@juno-home.com","+62 (815) 8889390","IDN","Kapuk, Jakarta","Jl Mangga Ubi n. 4","Salone del Mobile 2026","SMI","07","D25","","Dining rooms, living rooms | Upholstered furniture","Leisure armchairs | Sofas and armchairs | Wooden living room tables | Wooden chairs","furniture","take","Salone Internazionale del Mobile","yes","https://www.juno-home.com","no","consumer, sells online","by Jaya Rattan Est. Since 1975","","role inbox","No visualiser yet and sells direct to shoppers, so this is the full pitch rather than an upgrade"
"KANA BV","www.kanaobjects.com","info@kanaobjects.com","info@kanaobjects.com","+32 (477) 757054","BEL","Mechelen","Blarenberglaan 6","Salone del Mobile 2026","SMI","14","E47","","Dining rooms, living rooms","Wooden dining tables | Living rooms | Wooden sideboards | Wooden living room tables | Wooden stools | Wooden chairs","furniture","take","Salone Internazionale del Mobile","yes","https://www.kanaobjects.com","no","consumer, sells online","Join the KANA TRIBE","","role inbox","No visualiser yet and sells direct to shoppers, so this is the full pitch rather than an upgrade"
"Kanttari","www.kanttari.com","info@kanttari.com","agnese@kanttari.com","+371 (28) 673600","LVA","Riga","Hanzas Str. 2, Pinki, Marupes pag.","Salone del Mobile 2026","SMI","13","D40","","Furniture","Cocktail cabinets","furniture","take","Salone Internazionale del Mobile","unreachable","","","","","HTTP Error 500: RuntimeError","role inbox","Site did not respond, check it by hand before spending a credit"
"Karibian Descanso SL","www.karibiandescanso.com","marketing@karibiandescanso.com","marketing@karibiandescanso.com","+34 (968) 753798","ESP","Yecla (Murcia)","Carretera de Pinoso Km. 2 s/n Apdo Correos 611","Salone del Mobile 2026","SMI","03","C23","","Bedrooms | Upholstered furniture","Bedrooms | Mattresses | Convertible beds","furniture","take","Salone Internazionale del Mobile","yes","https://karibiandescanso.com/en/","no","catalogue only","Karibian Descanso es un fabricante de colchones que incluyen los mejores materiales junto a la tecnología mas avanzada. Yecla Murcia (SPAIN)","","role inbox","Publishes collections with a contact form as the only way in, which is the exact problem the email opens on. Audience unconfirmed"
"Karimoku Furniture Inc.","www.karimoku.com","furniture@karimoku.co.jp","yuuki.izumi@karimoku.co.jp","+81 (562) 4140","JPN","Chita (Aichi)","108 Kaieicho Fujie Higashiura-cho","Salone del Mobile 2026","SMI","24","D10","","Dining rooms, living rooms | Upholstered furniture | Furniture","Wooden dining tables | Wooden trolleys | Living rooms | Wooden sideboards | Marble or stone furniture | Modular living rooms | Leather chairs | Wooden living room tables | Marble living room tables | Dining rooms | Sofas and armchairs | Leather furniture | Stacking or folding chairs | Leather stools | Wooden stools | Wooden chairs","furniture","take","Salone Internazionale del Mobile","yes","https://www.karimoku.com","no","unclear","｢木｣という素材の魅力と向き合い、国内製造にこだわって「木とつくる幸せな暮らし」を実現するカリモク家具","","other","Live site but no catalogue, cart or contact route found, needs a look"
"Karl Andersson & Söner ab","www.karl-andersson.se","info@karl-andersson.se","sara.wadskog@karl-andersson.se","+46 (36) 132530","SWE","Huskvarna","Rosendalagatan 6","Salone del Mobile 2026","SMI","22","A34","","Dining rooms, living rooms | Furniture","Wooden dining tables | Wooden trolleys | Living rooms | Wooden sideboards | Wooden bookcases | Extension dining tables | Leather chairs | Wooden living room tables | Dining rooms | Stacking and nesting living room tables | TV tables | Stacking or folding chairs | Leather stools | Wooden stools | Wooden chairs","furniture","take","Salone Internazionale del Mobile","yes","https://www.karl-andersson.se","no","catalogue only","Karl Andersson & Söner, Kvalitets och design möbler i massivt trä. Handmade in Huskvarna. Since 1898.","","role inbox","Publishes collections with a contact form as the only way in, which is the exact problem the email opens on. Audience unconfirmed"
"Kartell","www.kartell.com","info@kartell.it","sara.tansini@kartell.it","+39 02900121","ITA","Noviglio","Via delle Industrie 1","Salone del Mobile 2026","SMI","22","A01 A02 B01","","Light fixtures","Light fixtures","furniture","take","Salone Internazionale del Mobile","unreachable","","","","","<urlopen error _ssl.c:999: The handshake operation timed out>","role inbox","Site did not respond, check it by hand before spending a credit"
"KenkoonEX Co. ltd","www.kenkoon.com","info@kenkoon.com","mark@kenkoon.com","+66 (2) 3191015","THA","Bangkok","28/2 Moo 2 Mitmaitri Rd. Kwang Khufangnuea, Nongchok","Salone del Mobile 2026","SMI","07","D10","","Outdoor furniture | Furniture","Outdoor furniture and accessories | Hall furniture","furniture","take","Salone Internazionale del Mobile","yes","https://www.kenkoon.com","no","consumer, sells online","","","role inbox","No visualiser yet and sells direct to shoppers, so this is the full pitch rather than an upgrade"
"Kenneth Cobonpue Portugal lda","www.kennethcobonpue.com","portugal@kennethcobonpue.com","anya@kennethcobonpue.com","+351 (22) 9741542","PRT","Coronado","Rua do Covelo 98","Salone del Mobile 2026","SMI","18","D05","","Dining rooms, living rooms | Outdoor furniture","Rush and rattan furniture | Outdoor furniture and accessories | Living rooms","furniture","take","Salone Internazionale del Mobile","yes","https://kennethcobonpue.com/","no","unclear","The official Kenneth Cobonpue website features artistic and innovative designs for furniture, accessories, and lights. Explore and know more about the brand.","","other","Live site but no catalogue, cart or contact route found, needs a look"
"Keoma Italia srl","www.keomasalotti.it","info@keomasalotti.it","info@keomasalotti.it","+39 0835339128","ITA","Matera","C.da Jesce Zona Industriale","Salone del Mobile 2026","SMI","15","A49","","Upholstered furniture","Sofas and armchairs | Sofa beds and armchair beds","furniture","take","Salone Internazionale del Mobile","yes","https://www.keomasalotti.it","no","unclear","","","role inbox","Live site but no catalogue, cart or contact route found, needs a look"
"Kettler Home&Garden GmbH","www.kettler-garden.com","info@kettler-garden.com","miriam.klein@kettler-garden.com","+49 (40) 879784200","DEU","Glinde","Otto-Hahn-Str. 5","Salone del Mobile 2026","SMI","01","B27","","Outdoor furniture","Outdoor umbrellas | Outdoor furniture and accessories","furniture","take","Salone Internazionale del Mobile","yes","https://www.kettler-garden.com","no","consumer, via dealers","Zweifach Ausgezeichnet","","role inbox","No visualiser yet and markets to shoppers and routes them to dealers, so this is the full pitch rather than an upgrade"
"Knoll International spa","www.knolleurope.com","italy@knolleurope.com","f.bianco@knolleurope.com","+39 027222291","ITA","Milano","Piazza Bertarelli, 2","Salone del Mobile 2026","SMI","24","C11 C15","","Dining rooms, living rooms | Outdoor furniture | Upholstered furniture | Furniture","Leisure armchairs | Plastic chairs | Wooden dining tables | Metal and glass dining tables | Marble dining tables | Metal and glass living room tables | Wooden sideboards | Marble or stone furniture | Metal bookcases | Leather chairs | Wooden living room tables | Marble living room tables | Metal stools | Sofas and armchairs | Outdoor furniture and accessories | Metal sideboards | Metal chairs | Glass furniture | Leather stools | Metal or glass trolleys | Wooden stools | Plastic stools | Wooden chairs","furniture","take","Salone Internazionale del Mobile","yes","https://www.knolleurope.com","no","consumer, sells online","Knoll International","","other","No visualiser yet and sells direct to shoppers, so this is the full pitch rather than an upgrade"
"Koala Beds","www.koalabeds.net","info@koalabeds.net","marketing@karibiandescanso.com","+34 (968) 718045","ESP","Yecla (Murcia)","C/ Poeta Antonio Jimenez 18","Salone del Mobile 2026","SMI","03","C23","","Bedrooms | Upholstered furniture","Bedrooms | Mattresses | Convertible beds","furniture","take","Salone Internazionale del Mobile","yes","https://koalabeds.net/","no","consumer, sells online","En Koala Beds somos fabricantes de canapés, bases, cabeceros y mueble auxiliar con la mejor calidad y diseño. Ubicados en Yecla Murcia.","","role inbox","No visualiser yet and sells direct to shoppers, so this is the full pitch rather than an upgrade"
"Koinor Polstermöbel GmbH & Co. KG","www.koinor.com","info@koinor.de","m.lutsch@koinor.de","+49 (9571) 8920","DEU","Michelau","Landwehrstrasse 14","Salone del Mobile 2026","SMI","07","C11 C15","","Dining rooms, living rooms | Upholstered furniture","Wooden dining tables | Sofas and armchairs | Upholstered rocking-chairs | Living rooms | Metal chairs | Leather chairs | Rocking-chairs | Dining rooms | Wooden chairs","furniture","take","Salone Internazionale del Mobile","yes","https://www.koinor.com","no","consumer, via dealers","Designersofas, Polstermöbel, sofas for friends, dinner sofas, Designersessel, Designerstühle, Designerpolstermöbel von KOINOR, +49 9571 892-0, info(at)koinor.de","","role inbox","No visualiser yet and markets to shoppers and routes them to dealers, so this is the full pitch rather than an upgrade"
"Kover srl","www.milanobedding.it","info@milanobedding.it","roberto@milanobedding.it","+39 0362307144","ITA","Desio","Via Ferravilla 70","Salone del Mobile 2026","SMI","09","D06","","Bedrooms | Upholstered furniture","Upholstered beds | Sofa beds and armchair beds","furniture","take","Salone Internazionale del Mobile","unreachable","","","","","<urlopen error _ssl.c:999: The handshake operation timed out>","role inbox","Site did not respond, check it by hand before spending a credit"
"Koyori","www.koyori-jp.com","info@koyori-jp.com","mizuki@koyori-jp.com","+81 (3) 64271505","JPN","Tokyo","601- 16-3 Minamiaoyama 5 Chome Minato-ku","Salone del Mobile 2026","SMI","22","A16","","Dining rooms, living rooms","Wooden dining tables | Wooden living room tables | Wooden stools | Wooden chairs","furniture","take","Salone Internazionale del Mobile","yes","https://www.koyori-jp.com","no","trade portal, gated","","","role inbox","Catalogue sits behind a dealer login, so the visitor is a dealer rather than a buyer"
"Kriptonite Italia srl","www.kriptonite.com","info@kriptonite.com","carlotta@kriptonite.com","+39 026590439","ITA","Milano","Piazza XXV Aprile 7","Salone del Mobile 2026","SMI","14","D45","","Bedrooms | Dining rooms, living rooms | Furniture","TV tables | Metal bookcases | Walk-in robes | Metal or glass trolleys | Hall furniture","furniture","take","Salone Internazionale del Mobile","yes","https://www.kriptonite.com/it/","yes","consumer, via dealers","Kriptonite progetta complementi di arredo in alluminio e legno. Soluzioni Made in Italy modulari che uniscono design e artigianalità.","","role inbox","Already runs a visualiser and markets to shoppers and routes them to dealers, so the gap is what happens after the render. Sharpest segment"
"Kunakij Furniture Industry Co. Ltd","www.kundecorate.com","emmykun@gmail.com","emmykun@gmail.com","+66 (2) 4272662","THA","Bangkok","1 Pracha-U-Tid Soi 37, Pracha-U-Tid Rd., Bangmod, Thoongkru","Salone del Mobile 2026","SMI","07","D10","","Dining rooms, living rooms | Outdoor furniture","Marble dining tables | Outdoor furniture and accessories | Metal chairs","furniture","take","Salone Internazionale del Mobile","yes","https://www.resismore.com/","no","catalogue only","Craft & Design Decoration / Aluminum Furniture​​, No.1 Metal Expertise Manufacturer with over 70 years","","other","Publishes collections with a contact form as the only way in, which is the exact problem the email opens on. Audience unconfirmed"
"L.S. Factory srl","www.laseggiola.it","laseggiola@laseggiola.it","davide.ingrosso@laseggiola.it","+39 0392143363","ITA","Milano","Via Benvenuto Cellini, 1","Salone del Mobile 2026","SMI","14","F42","","Dining rooms, living rooms | Outdoor furniture | Furniture","Cardboard chairs and stools | Plastic chairs | Wooden dining tables | Metal and glass dining tables | Plastic dining tables | Marble dining tables | Metal and glass living room tables | Wooden sideboards | Extension dining tables | Leather chairs | Wooden living room tables | Plastic living room tables | Metal stools | TV tables | Mirrors | Outdoor umbrellas | Outdoor furniture and accessories | Metal chairs | Stacking or folding chairs | Leather stools | Hall furniture | Rocking-chairs | Wooden stools | Shoe cupboards | Plastic stools | Wooden chairs","furniture","take","Salone Internazionale del Mobile","unreachable","","","","","unknown encoding: latin1_general_ci","other","Site did not respond, check it by hand before spending a credit"
"La Cornue","www.lacornue.com","a.table@la-cornue.com","alexandra.b@la-cornue.com","+33 (1) 34483636","FRA","Saint Ouen l'Aumone","14 Rue du Bois du Pont","Salone del Mobile 2026","EUC","04","D19","","Kitchens","Wood kitchens | Lacquered kitchens | Metal kitchens","furniture","take","EuroCucina","yes","https://www.lacornue.com/en-GB","no","catalogue only","Kitchens and creations of excellence since 1908. La Cornue® is a French purveyor of luxury kitchen appliances for culinary delight. Buy kitchen ranges here.","","first.last","Publishes collections with a contact form as the only way in, which is the exact problem the email opens on. Audience unconfirmed"
"La Primavera di De Marchi Lino e C. sas","www.laprimaverasnc.it","amministrazione@laprimaverasnc.it","amministrazione@laprimaverasnc.it","+39 0434623330","ITA","S. Cassiano di Brugnera","Via Rovere 22","Salone del Mobile 2026","SMI","07","C26","","Dining rooms, living rooms","Plastic chairs | Metal and glass dining tables | Metal and glass living room tables | Metal bookcases | Stacking or folding chairs | Extension dining tables | Plastic stools","furniture","take","Salone Internazionale del Mobile","yes","https://www.laprimaverasnc.it","no","catalogue only","","","other","Publishes collections with a contact form as the only way in, which is the exact problem the email opens on. Audience unconfirmed"
"Lago","www.lago.it","lago@lago.it","giovanni.giannotti@lago.it","+39 0495994299","ITA","Villa del Conte","Via dell'Artigianato II n° 21","Salone del Mobile 2026","SMI","24","D06 D08","","Bedrooms | Children's furniture | Dining rooms, living rooms | Light fixtures | Bathroom furniture and accessories | Kitchen furniture | Upholstered furniture | Furniture","Wooden dining tables | Bedrooms | Living rooms | Wooden bookcases | Bathroom furniture and accessories | Kitchen furniture | Walk-in robes | Leather chairs | Wooden living room tables | Dining rooms | TV tables | Sofas and armchairs | Light fixtures | Children's bedrooms | Metal chairs | Wooden beds | Glass furniture | Sofa beds and armchair beds | Wardrobes | Wooden chairs","furniture","take","Salone Internazionale del Mobile","yes","https://www.lago.it","yes","consumer, via dealers","Scopri il design LAGO per tutte le aree della casa: arredi made in Italy, eleganti e senza tempo, per arredare con uno stile unico e innovativo.","","other","Already runs a visualiser and markets to shoppers and routes them to dealers, so the gap is what happens after the render. Sharpest segment"
"Lapalma srl","www.lapalma.it","info@lapalma.it","c.zen@lapalma.it","+39 049702788","ITA","Cadoneghe","Via E. Majorana 26","Salone del Mobile 2026","SMI","24","C09","","Dining rooms, living rooms | Outdoor furniture | Upholstered furniture","Leisure armchairs | Plastic chairs | Wooden dining tables | Marble dining tables | Leather chairs | Wooden living room tables | Marble living room tables | Metal stools | Sofas and armchairs | Outdoor furniture and accessories | Metal chairs | Stacking or folding chairs | Leather stools | Wooden stools | Plastic stools | Wooden chairs","furniture","take","Salone Internazionale del Mobile","yes","https://www.lapalma.it/it","no","unclear","","","role inbox","Live site but no catalogue, cart or contact route found, needs a look"
"Lasunya Co. ltd","www.lasunya.com","info@lasunya.com","chanya@lasunya.com","+66 (0) 629565463","THA","Samut Prakan","259-259/1 Moo 8,  Bangduan Mueang Samut Prakan","Salone del Mobile 2026","SMI","07","D10","","Upholstered furniture","Sofas and armchairs","furniture","take","Salone Internazionale del Mobile","yes","https://lasunya.com/","no","consumer, sells online","Our craftsmanship and care in detail are reflected by comfortable design which perfectly supports body | LASUNYA Thai crafted genuine leather Sofa factory and export in Thailand","","role inbox","No visualiser yet and sells direct to shoppers, so this is the full pitch rather than an upgrade"
"Laufen","www.laufen.com","feedback@laufen.ch","susana.saldana@roca.net","+41 (61) 7657111","CHE","Laufen","Wahlenstrasse 46","Salone del Mobile 2026","ARB","10","B11 B19 C12 C16","","Sanitary ware, tapware, radiators, coverings, wellness | Bathroom furniture and accessories","Bathroom accessories | Bathroom, laundry and/or kitchen tapware | Shower cubicles | Bath tubs and whirlpool tubs | Bathroom furniture | Sanitary ware | Radiators","furniture","take","International Bathroom Exhibition","yes","https://www.laufen.com","no","consumer, sells online","OUR GALLERIES","","other","No visualiser yet and sells direct to shoppers, so this is the full pitch rather than an upgrade"
"Laurameroni Design Collection","www.laurameroni.com","info@laurameroni.com","nicolo.r@laurameroni.com","+39 031761450","ITA","Alzate Brianza","Via Manzoni 2784","Salone del Mobile 2026","SMI","11","G19","","Bedrooms | Dining rooms, living rooms | Upholstered furniture | Furniture","Cardboard chairs and stools | Plastic dining tables | Marble dining tables | Bedrooms | Wooden sideboards | Marble or stone furniture | Modular living rooms | Metal bookcases | Walk-in robes | Extension dining tables | Sliding or fixed partitions for walk-in robes | Plastic living room tables | Dining rooms | Partition wardrobes | TV tables | Mirrors | Sofas and armchairs | Plastic bookcases | Sliding or fixed partitions for wardrobe walls | Upholstered beds | Pet furniture | Stacking or folding chairs | Shoe cupboards | Cocktail cabinets | Wardrobes","furniture","take","Salone Internazionale del Mobile","yes","https://www.laurameroni.com/en","no","consumer, via dealers","Laurameroni is a company manifacturing bespoke Hand-made in Italy design furniture and decor in precious materials, for a modern luxury interior design.","","role inbox","No visualiser yet and markets to shoppers and routes them to dealers, so this is the full pitch rather than an upgrade"
"Lema spa","www.lemamobili.com","lema@lemamobili.com","matteo.meroni@lemamobili.com","+39 031630990","ITA","Alzate Brianza","s.s. Briantea 2","Salone del Mobile 2026","SMI","11","B11 C20","","Bedrooms | Dining rooms, living rooms | Upholstered furniture | Furniture","Plastic chairs | Wooden dining tables | Metal and glass dining tables | Marble dining tables | Bedrooms | Metal and glass living room tables | Living rooms | Wooden sideboards | Wooden bookcases | Modular living rooms | Metal bookcases | Walk-in robes | Sliding or fixed partitions for walk-in robes | Leather chairs | Wooden living room tables | Marble living room tables | Dining rooms | Partition wardrobes | Metal stools | Sofas and armchairs | Metal chairs | Upholstered beds | Wooden beds | Glass furniture | Wooden stools | Wardrobes | Wooden chairs","furniture","take","Salone Internazionale del Mobile","yes","https://www.lemamobili.com/it/","no","consumer, via dealers","Lema unisce tradizione artigianale e innovazione industriale in una collezione completa di arredi per la casa dal design contemporaneo.","","other","No visualiser yet and markets to shoppers and routes them to dealers, so this is the full pitch rather than an upgrade"
"Leolori srl","www.leolori.com","info@leolori.com","matteo.mandelli@leolori.com","+39 0296729169","ITA","Lazzate","via Marco Biagi 11","Salone del Mobile 2026","SMI","18","C04","","Outdoor furniture","Outdoor furniture and accessories","furniture","take","Salone Internazionale del Mobile","yes","https://leolori.com/","no","consumer, sells online","Stain removal","","role inbox","No visualiser yet and sells direct to shoppers, so this is the full pitch rather than an upgrade"
"Leolux Global bv","www.leolux.com","info@leolux.nl","marketing@leolux.nl","+31 (77) 3877222","NLD","Venlo","Marinus Dammeweg 56","Salone del Mobile 2026","SMI","24","D30","","Upholstered furniture","Sofas and armchairs","furniture","take","Salone Internazionale del Mobile","yes","https://www.leolux.com","no","consumer, via dealers","Autumn promotions at Leolux","","role inbox","No visualiser yet and markets to shoppers and routes them to dealers, so this is the full pitch rather than an upgrade"
"Leta","www.leta.com.tr","leta@leta.com.tr","alya.sahin@leta.com.tr","+90 (541) 9076356","TUR","Inegöl / Bursa","Inegöl Mobilya Agaç Isleri Ihtisas O.S.B.17. Cad. No: 9","Salone del Mobile 2026","SMI","14","E51 F48","","Dining rooms, living rooms | Outdoor furniture | Upholstered furniture | Furniture","Leisure armchairs | Wooden dining tables | Marble dining tables | Wooden sideboards | Marble or stone furniture | Extension dining tables | Leather chairs | Wooden living room tables | Rush and rattan furniture | Sofas and armchairs | Outdoor furniture and accessories | Leather furniture | Metal chairs | Leather stools | Hall furniture | Wooden stools | Wooden chairs","furniture","take","Salone Internazionale del Mobile","yes","https://www.leta.com.tr","no","consumer, sells online","Anasayfa Leta Contract | Leta Mobilya | Leta Sandalye: Otel, Cafe ve Restoran projeleriniz için her mevsim dayanıklı ve modern ürünler.","","other","No visualiser yet and sells direct to shoppers, so this is the full pitch rather than an upgrade"
"Liljeblads Möbelsnickeri","www.liljebladsmobelsnickeri.com","william@liljebladsmobelsnickeri.se","william@liljebladsmobelsnickeri.se","+46 (738) 913 592","SWE","Visby","Bogegatan 5","Salone del Mobile 2026","SMI","14","E38","","Dining rooms, living rooms","Wooden chairs","furniture","take","Salone Internazionale del Mobile","yes","https://www.liljebladsmobelsnickeri.com","no","unclear","","","other","Live site but no catalogue, cart or contact route found, needs a look"
"Lino Barros & Ferreira lda","www.lbf.pt","info@lbf.pt","inespacheco@lbf.pt","+351 (255) 878393","PRT","Figueiras Lousada","Rua dos Combatentes do Ultramar 697","Salone del Mobile 2026","SMI","07","C14","","Bedrooms | Dining rooms, living rooms","Wooden dining tables | Bedrooms | Living rooms | Wooden sideboards | Wooden bookcases | Wooden beds | Extension dining tables | Wooden living room tables | Wooden stools | Wardrobes | Dining rooms","furniture","take","Salone Internazionale del Mobile","yes","https://www.lbfmobiliario.com/en/","no","consumer, sells online","","","role inbox","No visualiser yet and sells direct to shoppers, so this is the full pitch rather than an upgrade"
"LINTELOO","www.linteloo.com","info@linteloo.com","frances@linteloo.nl","+31 (30) 2122110","NLD","Zeist","Johannes Postlaan 6","Salone del Mobile 2026","SMI","11","E20 E22","","Bedrooms | Dining rooms, living rooms | Upholstered furniture | Furniture","Leisure armchairs | Wooden dining tables | Marble dining tables | Wooden sideboards | Wooden bookcases | Marble or stone furniture | Leather chairs | Wooden living room tables | Metal stools | Sofas and armchairs | Mirrors | Leather furniture | Metal chairs | Upholstered beds | Leather stools | Wooden stools | Sofa beds and armchair beds | Wooden chairs","furniture","take","Salone Internazionale del Mobile","yes","https://linteloo.com/","yes","catalogue only","The 2026 collection in motion Discover more Go to collection overview Volta sofa Learn more Collection Sofas Armchairs Coffee tables Dining tables Dining chairs Lighting","","role inbox","Already runs a visualiser but publishes collections and a catalogue with a contact form as the only way in, so confirm there is a shopper to capture"
"Lisa srl","www.lisaoutdoor.com","commerciale@lisasrl.biz","commerciale@lisasrl.biz","+39 0854308333","ITA","Pescara","Via Raiale 291","Salone del Mobile 2026","EUC","02","B24","","Kitchens","Metal kitchens","furniture","take","EuroCucina","yes","https://lisaoutdoor.com/","yes","consumer, sells online","Lisa Outdoor realizza cucine da esterno complete, con design, funzionalità e resistenza. Cucine esterne moderne, pratiche e ideali per ogni spazio outdoor.","","role inbox","Already runs a visualiser and sells direct to shoppers, so the gap is what happens after the render. Sharpest segment"
"Living Divani srl","www.livingdivani.it","info@livingdivani.it","veronica.molteni@livingdivani.it","+39 031630954","ITA","Anzano del Parco","Strada del Cavolto","Salone del Mobile 2026","SMI","11","C15 D16","","Bedrooms | Dining rooms, living rooms | Upholstered furniture | Furniture","Wooden dining tables | Metal and glass dining tables | Marble dining tables | Metal and glass living room tables | Wooden bookcases | Marble or stone furniture | Metal bookcases | Wooden living room tables | Marble living room tables | Dining rooms | Metal stools | Sofas and armchairs | Mirrors | Upholstered rocking-chairs | Metal chairs | Upholstered beds | Glass furniture | Metal or glass trolleys | Cocktail cabinets | Sofa beds and armchair beds","furniture","take","Salone Internazionale del Mobile","yes","https://www.livingdivani.it/en/homepage/","yes","catalogue only","Welcome to Living Divani official homepage","","role inbox","Already runs a visualiser but publishes collections and a catalogue with a contact form as the only way in, so confirm there is a shopper to capture"
"Livoni Edoardo & Figlio srl società unipersonale","www.livoni.it","info@livoni.it","enrico.quendolo@livoni.it","+39 0432759055","ITA","Corno di Rosazzo","Via Papa Giovanni XXIII 8","Salone del Mobile 2026","SMI","03","C04","","Dining rooms, living rooms | Upholstered furniture","Metal stools | Wooden dining tables | Sofas and armchairs | Metal and glass dining tables | Metal and glass living room tables | Metal chairs | Stacking or folding chairs | Leather stools | Leather chairs | Wooden stools | Wooden living room tables | Wooden chairs","furniture","take","Salone Internazionale del Mobile","yes","https://www.livoni.it","no","catalogue only","","","role inbox","Publishes collections with a contact form as the only way in, which is the exact problem the email opens on. Audience unconfirmed"
"Loiudice srl","www.loiudice.com","info@loiudice.com","lloiudice@loiudice.com","+39 0803101088","ITA","Altamura","Via della Paglia 41","Salone del Mobile 2026","SMI","01","B33","","Upholstered furniture","Sofa beds and armchair beds","furniture","take","Salone Internazionale del Mobile","yes","https://www.loiudice.com/en/home-eng/","no","catalogue only","","","role inbox","Publishes collections with a contact form as the only way in, which is the exact problem the email opens on. Audience unconfirmed"
"LOOPE","www.loopefurniture.com","info@loopefurniture.com","agata.wojcik@loopefurniture.com","+48 664 221 313","POL","Koszalin","Wiazowa 15","Salone del Mobile 2026","SMI","22","B23","","Dining rooms, living rooms | Outdoor furniture","Plastic chairs | Plastic dining tables | Outdoor furniture and accessories | Stacking or folding chairs | Plastic living room tables","furniture","take","Salone Internazionale del Mobile","yes","https://loopefurniture.com/","no","consumer, sells online","Circular furniture that is the result of an uncompromising approach to recycling and sustainability that creates a timeless design.","","role inbox","No visualiser yet and sells direct to shoppers, so this is the full pitch rather than an upgrade"
"Lovato Móveis ltda","www.lovatomoveis.com.br","contato@lovatomoveis.com.br","marketing@lovatomoveis.com.br","+55 (41) 36772805","BRA","Campo Magro","R. Ângelo Manfron 1137","Salone del Mobile 2026","SMI","14","A41","","Outdoor furniture","Rush and rattan furniture | Outdoor furniture and accessories","furniture","take","Salone Internazionale del Mobile","yes","https://lovatomoveis.com/","no","consumer, sells online","A Lovato nasceu em 2006 para criar móveis externos que se adaptam a diferentes estilos de vida. Desde então, seus conceitos...","","other","No visualiser yet and sells direct to shoppers, so this is the full pitch rather than an upgrade"
"Luce Rubinetterie Srl","www.lucerubinetterie.it","info@lucerubinetterie.it","guido.cristina@lucerubinetterie.it","+39 0322076848","ITA","Gargallo","Via San Michele 20","Salone del Mobile 2026","ARB","10","C11","","Sanitary ware, tapware, radiators, coverings, wellness | Bathroom furniture and accessories","Bathroom accessories | Bathroom, laundry and/or kitchen tapware","furniture","take","International Bathroom Exhibition","yes","https://www.lucerubinetterie.it","no","catalogue only","","","role inbox","Publishes collections with a contact form as the only way in, which is the exact problem the email opens on. Audience unconfirmed"
"Luciano Zonta srl Soc. Unipersonale","www.shake-design.it","info@zontamobili.it","export@zontamobili.it","+39 0424560213","ITA","Tezze sul Brenta","Via S.Pertini 37","Salone del Mobile 2026","SMI","11","L23 L27","","Bedrooms | Dining rooms, living rooms | Upholstered furniture | Furniture","Wooden dining tables | Bedrooms | Living rooms | Wooden sideboards | Wooden bookcases | Modular living rooms | Metal bookcases | Walk-in robes | Extension dining tables | Wooden living room tables | Dining rooms | Sofas and armchairs | Mirrors | Metal sideboards | Wooden beds | Wardrobes | Wooden chairs","furniture","take","Salone Internazionale del Mobile","yes","https://www.shake-design.it/en/","no","consumer, sells online","Shake is a new concept of furniture throughout the house, based on the use of natural materials, the search for beauty in the functional.","","role inbox","No visualiser yet and sells direct to shoppers, so this is the full pitch rather than an upgrade"
"Lyxo","www.lyxodesign.com","info@lyxodesign.com","valentina.rea@vecaspa.com","+39 0444790328","ITA","Albettone","Via dell'Artigianato 8","Salone del Mobile 2026","SMI","14","E34","","Dining rooms, living rooms | Outdoor furniture | Upholstered furniture | Furniture","Leisure armchairs | Plastic chairs | Sofas and armchairs | Plastic dining tables | Outdoor furniture and accessories | Living rooms | Cocktail cabinets | Plastic living room tables | Plastic stools","furniture","take","Salone Internazionale del Mobile","yes","https://lyxodesign.com/","no","catalogue only","","","role inbox","Publishes collections with a contact form as the only way in, which is the exact problem the email opens on. Audience unconfirmed"
"M.G.C. Figli di Mariani Ettore snc di Mariani Giuseppe e Carlo","www.mgcmariani.it","mgc@mgcmariani.it","mgc@mgcmariani.it","+39 036272087","ITA","Meda","Via Milano 14/16","Salone del Mobile 2026","SMI","13","D59","","Bedrooms | Dining rooms, living rooms | Outdoor furniture | Upholstered furniture","Wooden dining tables | Sofas and armchairs | Upholstered rocking-chairs | Outdoor furniture and accessories | Upholstered beds | Wooden beds | Extension dining tables | Rocking-chairs | Wooden stools | Wooden living room tables | Wooden chairs","furniture","take","Salone Internazionale del Mobile","yes","https://www.mgcmariani.it","no","unclear","Server error","","other","Live site but no catalogue, cart or contact route found, needs a look"
"MA.CO. Sofa & Bed","www.reflexnotte.it","info@reflexsrl.it","info@reflexsrl.it","+39 0802473366","ITA","Altamura","Via del Serpillo nc","Salone del Mobile 2026","SMI","01","A24","","Bedrooms | Upholstered furniture","Upholstered beds | Mattresses | Sofa beds and armchair beds","furniture","take","Salone Internazionale del Mobile","yes","https://macosofa.com/","no","catalogue only","Un divano componibile per ""vivere la casa con passione"". La gamma di modularità permette di rispondere a ogni personale esigenza di comfort e relax con divani letto e versioni reclinabili.","","role inbox","Publishes collections with a contact form as the only way in, which is the exact problem the email opens on. Audience unconfirmed"
"MAAMI HOME","www.maamihome.com/en","info@maamihome.com","arthursantos@tccwhitestone.com","+351 220 924 778","PRT","Gulpilhares","Rua Norton de Matos 835","Salone del Mobile 2026","ARB","06","C37","","Sanitary ware, tapware, radiators, coverings, wellness | Bathroom furniture and accessories","Bathroom accessories | Wall and floor coverings | Bath tubs and whirlpool tubs | Bathroom furniture","furniture","take","International Bathroom Exhibition","yes","https://maamihome.com/","no","catalogue only","MAAMI HOME crafts natural stone furniture and bath pieces. Portuguese marble, travertine and granite, shaped by hand in Vila Nova de Gaia.","","role inbox","Publishes collections with a contact form as the only way in, which is the exact problem the email opens on. Audience unconfirmed"
"Macrosul Industria e Comercio de Moveis ltda","www.macrosulmoveis.com.br","comercial@macrosulmoveis.com.br","comercial@macrosulmoveis.com.br","+55 (54) 34415459","BRA","Veranopolis","BR 470 Km 173","Salone del Mobile 2026","SMI","03","C06 C08 D07 D09","","Dining rooms, living rooms","Wooden chairs","furniture","take","Salone Internazionale del Mobile","yes","https://www.macrosulmoveis.com.br","no","catalogue only","","","other","Publishes collections with a contact form as the only way in, which is the exact problem the email opens on. Audience unconfirmed"
"Made To Last lda","www.stylishclub.pt","info@stylishclub.pt","press@stylishclub.pt","+351 (255) 865917","PRT","Frazão, P. de Ferreira","Travessa do Calvário 215","Salone del Mobile 2026","SMI","14","E42","","Bedrooms | Dining rooms, living rooms | Upholstered furniture | Furniture","Wooden dining tables | Metal and glass dining tables | Wooden trolleys | Bedrooms | Wooden sideboards | Wooden bookcases | Marble or stone furniture | Metal bookcases | Walk-in robes | Sliding or fixed partitions for walk-in robes | Wooden living room tables | Game tables and billiards | Dining rooms | Partition wardrobes | Metal stools | Mirrors | Metal sideboards | Leather furniture | Upholstered beds | Leather stools | Metal beds | Leisure armchairs | Marble dining tables | Metal and glass living room tables | Living rooms | Home cinema / Home-theatre seating | Extension dining tables | Leather chairs | Marble living room tables | TV tables | Sofas and armchairs | Sliding or fixed partitions for wardrobe walls | Metal chairs | Hall furniture | Cocktail cabinets | Wooden stools | Shoe cupboards | Wardrobes | Sofa beds and armchair beds | Wooden chairs","furniture","take","Salone Internazionale del Mobile","yes","https://stylishclub.pt/","no","consumer, sells online","Stylish Club stands out as a post-modern brand built on references from the past, while preserving the characteristics of a contemporary label.","","role inbox","No visualiser yet and sells direct to shoppers, so this is the full pitch rather than an upgrade"
"Maison Valentina","www.maisonvalentina.net","info@maisonvalentina.net","slanca@maisonvalentina.net","+351 (914) 470214","PRT","Fânzeres","Rua da Portelinha 136","Salone del Mobile 2026","ARB","06","C32","","Sanitary ware, tapware, radiators, coverings, wellness | Bathroom furniture and accessories","Bathroom accessories | Wall and floor coverings | Bath tubs and whirlpool tubs | Bathroom furniture","furniture","take","International Bathroom Exhibition","yes","https://www.maisonvalentina.net","no","unclear","Maison Valentina is a luxury brand specialized in high-end bathroom furniture.","","role inbox","Live site but no catalogue, cart or contact route found, needs a look"
"Malerba Collection","www.malerba.eu","info@malerba.eu","federica@malerba.eu","+39 0721470069","ITA","Mombaroccio","Via Cairo 81","Salone del Mobile 2026","SMI","03","C03","","Bedrooms | Dining rooms, living rooms | Upholstered furniture","Wooden dining tables | Sofas and armchairs | Bedrooms | Wooden bookcases | Walk-in robes | Wooden living room tables | Wardrobes | Wooden chairs","furniture","take","Salone Internazionale del Mobile","yes","https://www.malerbafurniture.com/","no","catalogue only","Un viaggio attraverso le scelte stilistiche di Malerba, collezioni concepite come aree del gusto, dove ogni oggetto può raccontare una nuova storia di design.","","role inbox","Publishes collections with a contact form as the only way in, which is the exact problem the email opens on. Audience unconfirmed"
"Malerba srl","www.malerbafurniture.com/ www.malerba.eu","info@malerba.eu","federica@malerba.eu","+39 0721470069","ITA","Mombaroccio","Via Cairo 81","Salone del Mobile 2026","SMI","03","C03","","Bedrooms | Dining rooms, living rooms | Upholstered furniture","Wooden dining tables | Sofas and armchairs | Bedrooms | Wooden bookcases | Walk-in robes | Wooden living room tables | Wardrobes | Wooden chairs","furniture","take","Salone Internazionale del Mobile","unreachable","","","","","URL can't contain control characters. '/ www.malerba.eu' (found at lea","role inbox","Site did not respond, check it by hand before spending a credit"
"Mamagreen llc","www.mamagreen.com","info@mamagreen.com","martinapadoan@mamagreen.com","+1 (804) 5623083","USA","Richmond, VA","2601 Maury Street BLDG 26, Unit A","Salone del Mobile 2026","SMI","14","E45","","Outdoor furniture","Outdoor furniture and accessories","furniture","take","Salone Internazionale del Mobile","yes","https://mamagreen.com/","no","consumer, sells online","MAMAGREEN is a Luxury, innovative outdoor furniture brand. Renowned for Belgian design excellence, maximum comfort, and durability since 2007.","","role inbox","No visualiser yet and sells direct to shoppers, so this is the full pitch rather than an upgrade"
"Mambo Factory lda","www.mambounlimitedideas.com","info@mambofactory.pt","leonor@mambofactory.pt","+351 (21) 8133391","PRT","Lisboa","Rua de Marvila 49 C","Salone del Mobile 2026","SMI","18","B15","","Dining rooms, living rooms | Outdoor furniture | Upholstered furniture | Furniture","Leisure armchairs | Wooden dining tables | Metal and glass dining tables | Marble dining tables | Wooden sideboards | Marble or stone furniture | Wooden living room tables | Marble living room tables | Dining rooms | Metal stools | TV tables | Mirrors | Sofas and armchairs | Outdoor furniture and accessories | Metal chairs | Stacking or folding chairs | Hall furniture | Wooden stools | Wooden chairs","furniture","take","Salone Internazionale del Mobile","yes","https://www.mambounlimitedideas.com","no","catalogue only","mambo unlimited ideas . 100% Portuguese design","","role inbox","Publishes collections with a contact form as the only way in, which is the exact problem the email opens on. Audience unconfirmed"
"Mamoli Milano 1932","www.paini.com","paini@paini.com","andrea.langhi@paini.com","+39 03229971","ITA","Pogno","Via Cremosina 43","Salone del Mobile 2026","ARB","06","A26 A28","","Sanitary ware, tapware, radiators, coverings, wellness","Bathroom, laundry and/or kitchen tapware","furniture","take","International Bathroom Exhibition","yes","https://www.paini.com","no","consumer, sells online","Rubinetteria e accessori per bagno, miscelatori cucina, sistemi doccia - Paini Rubinetterie","","other","No visualiser yet and sells direct to shoppers, so this is the full pitch rather than an upgrade"
"Manutti bv","www.manutti.com","info@manutti.com","digital@manutti.com","+32 (56) 645625","BEL","Deerlijk","Beverenstraat 13-17","Salone del Mobile 2026","SMI","18","C21","","Outdoor furniture","Outdoor umbrellas | Outdoor furniture and accessories","furniture","take","Salone Internazionale del Mobile","yes","https://www.manutti.com/en","yes","consumer, via dealers","As pioneers in design, craftsmanship and usability, we create luxury outdoor furniture that inspires, delights and connects us in nature’s embrace.","","role inbox","Already runs a visualiser and markets to shoppers and routes them to dealers, so the gap is what happens after the render. Sharpest segment"
"Marac srl","www.marac.it","info@marac.it","stefano@marac.it","+39 031711349","ITA","Cantu'","Via Milano 74","Salone del Mobile 2026","SMI","18","C22","","Bedrooms | Dining rooms, living rooms | Upholstered furniture | Furniture","Stacking and nesting living room tables | Wooden dining tables | Sofas and armchairs | Mirrors | Upholstered beds | Leather chairs | Wooden living room tables | Sofa beds and armchair beds | Marble living room tables","furniture","take","Salone Internazionale del Mobile","yes","https://marac.it/","no","consumer, sells online","","","role inbox","No visualiser yet and sells direct to shoppers, so this is the full pitch rather than an upgrade"
"Marel Design Mobili","www.marel.com.br","comercioexterior@marel.com.br","ferraz@grupomsa.com.br","+55 (46) 35203000","BRA","Francisco Beltrão (Paraná)","Av. Duque de Caxias, 360 Marrecas","Salone del Mobile 2026","EUC","02","B22","","Kitchens","Wood kitchens | Plastic laminate kitchens | Lacquered kitchens","furniture","take","EuroCucina","yes","https://marel.com.br/","no","consumer, sells online","","","other","No visualiser yet and sells direct to shoppers, so this is the full pitch rather than an upgrade"
"Margot","www.margot.fr","contact@margot.fr","p.tassot@mrf.fr","+33 3 22232425","FRA","Abbeville","213 Boulevard Voltaire","Salone del Mobile 2026","ARB","10","C15","","Sanitary ware, tapware, radiators, coverings, wellness | Bathroom furniture and accessories","Bathroom accessories | Bathroom, laundry and/or kitchen tapware | Bath tubs and whirlpool tubs | Sanitary ware","furniture","take","International Bathroom Exhibition","yes","https://www.margot.fr","no","consumer, sells online","Forte de son savoir-faire entièrement français, Margot fabrique depuis 1912 une robinetterie de qualité, alliant robustesse et simplicité.","","role inbox","No visualiser yet and sells direct to shoppers, so this is the full pitch rather than an upgrade"
"Mariner Rubinetterie srl","www.mariner.it","info@mariner.it","lorenzo.p@mariner.it","+39 0323865049","ITA","Gravellona Toce","Corso Sempione, 187","Salone del Mobile 2026","ARB","10","B01","","Sanitary ware, tapware, radiators, coverings, wellness | Bathroom furniture and accessories","Bathroom accessories | Bathroom, laundry and/or kitchen tapware","furniture","take","International Bathroom Exhibition","yes","https://www.mariner.it/en/","no","catalogue only","Discover Mariner Rubinetterie: Made in Italy faucets and wellness solutions with contemporary design, including shower heads, mixers, and customizable fixtures for modern bathrooms.","","role inbox","Publishes collections with a contact form as the only way in, which is the exact problem the email opens on. Audience unconfirmed"
"Marmi Maccarinelli Mauro & C. sas","www.mgmstone.com","info@marmimaccarinelli.it","info@mgmstone.com","+39 3391271412","ITA","Paitone","Via Italia, 59","Salone del Mobile 2026","SMI","15","A37","","Dining rooms, living rooms | Furniture","Marble dining tables | Marble or stone furniture | Marble living room tables","furniture","take","Salone Internazionale del Mobile","yes","https://www.mgmstone.com","no","catalogue only","Produttore marmi di lusso","","role inbox","Publishes collections with a contact form as the only way in, which is the exact problem the email opens on. Audience unconfirmed"
"MARMONT","","","johnny@oceanteam.com","","SWE","Lödöse","Hede 125","Salone del Mobile 2026","EUC","02","A20","","OTHER","","furniture","take","EuroCucina","no site","","","","","","","No website on file, so nothing for a visualiser to sit on. Skip"
"Marques & Silva lda","www.msilva.com.pt","info@msilva.com.pt","jose.marques@msilva.com.pt","+351 (234) 610130","PRT","Agueda","Rua Z. Ind. Nascente, Poente Barrô 102","Salone del Mobile 2026","SMI","05","B31","","Dining rooms, living rooms","Metal stools | Metal chairs | Leather stools | Leather chairs | Wooden stools | Wooden chairs","furniture","take","Salone Internazionale del Mobile","yes","https://www.msilva.com.pt/en","yes","catalogue only","Marques & Silva manufactures contract chairs, stools and tables in Portugal since 1980 — seating designed to last for hospitality, workplace and retail.","","role inbox","Already runs a visualiser but publishes collections and a catalogue with a contact form as the only way in, so confirm there is a shopper to capture"
"Marzorati srl","www.marzorati.com","info@marzorati.com","info@marzorati.com","+39 031780286","ITA","Figino Serenza","Via Cervino, 10/G","Salone del Mobile 2026","SMI","15","B40","","Bedrooms | Dining rooms, living rooms | Upholstered furniture | Furniture","Wooden dining tables | Bedrooms | Living rooms | Wooden sideboards | Wooden bookcases | Walk-in robes | Extension dining tables | Wooden living room tables | Dining rooms | TV tables | Sofas and armchairs | Upholstered beds | Wooden beds | Hall furniture | Cocktail cabinets | Wooden stools | Wardrobes | Wooden chairs","furniture","take","Salone Internazionale del Mobile","yes","https://marzorati.com/","no","consumer, sells online","Discover Marzorati luxury Italian furniture: handcrafted classic pieces since 1960 for private residences, hotels and superyachts worldwide.","","role inbox","No visualiser yet and sells direct to shoppers, so this is the full pitch rather than an upgrade"
"Mascheroni srl","www.mascheroni.it","info@mascheroni.it","press@mascheroni.it","+39 031767157","ITA","Cabiate","Via Buozzi 38","Salone del Mobile 2026","SMI","13","D11","","Bedrooms | Dining rooms, living rooms | Outdoor furniture | Upholstered furniture | Furniture","Leisure armchairs | Wooden dining tables | Sofas and armchairs | Outdoor furniture and accessories | Home cinema / Home-theatre seating | Leather furniture | Wooden bookcases | Upholstered beds | Leather chairs | Wooden living room tables | Marble living room tables","furniture","take","Salone Internazionale del Mobile","yes","https://www.mascheroni.it","no","consumer, sells online","Da oltre 50 anni Mascheroni realizza in Brianza arredi di lusso Made in Italy, su misura per casa, ufficio e progetti contract.","","role inbox","No visualiser yet and sells direct to shoppers, so this is the full pitch rather than an upgrade"
"Mattiazzi srl","www.mattiazzi.eu","info@mattiazzi.eu","marketing@mattiazzi.eu","+39 0432757474","ITA","San Giovanni al Natisone","Via Sottorive 19","Salone del Mobile 2026","SMI","22","A14","","Dining rooms, living rooms | Furniture","Wooden dining tables | Stacking or folding chairs | Hall furniture | Wooden living room tables | Wooden stools | Wooden chairs","furniture","take","Salone Internazionale del Mobile","yes","https://www.mattiazzi.eu","no","catalogue only","","","role inbox","Publishes collections with a contact form as the only way in, which is the exact problem the email opens on. Audience unconfirmed"
"Maxdivani srl","www.maxdivani.it","info@maxdivani.it","glogrieco@maxdivani.it","+39 0809266200","ITA","Altamura","Largo Epitaffio 1","Salone del Mobile 2026","SMI","01","A04 B03","","Bedrooms | Dining rooms, living rooms | Upholstered furniture","Leisure armchairs | Sofas and armchairs | Upholstered rocking-chairs | Metal and glass living room tables | Upholstered beds | Wooden living room tables | Sofa beds and armchair beds | Marble living room tables","furniture","take","Salone Internazionale del Mobile","yes","https://maxdivani.it/","no","consumer, via dealers","Divani, poltrone e letti imbottiti 100% Made in Italy. Design contemporaneo, materiali naturali pregiati e artigianalità sartoriale. Scopri le collezioni MAXDIVANI.","","role inbox","No visualiser yet and markets to shoppers and routes them to dealers, so this is the full pitch rather than an upgrade"
"Mebus Manufacture llc","www.mebus.com.ua","sales@mebus.com.ua","sales@mebus.com.ua","+380 (677) 354177","UKR","Lviv region, Busk","Lvivska Str. 75","Salone del Mobile 2026","SMI","05","A23 A25","","Bedrooms | Dining rooms, living rooms | Furniture","Cardboard chairs and stools | Wooden dining tables | Bedrooms | Wooden sideboards | Wooden bookcases | Cardboard bookcases | Extension dining tables | Wooden living room tables | Dining rooms | Mirrors | Upholstered beds | Wooden beds | Wooden stools | Wooden chairs","furniture","take","Salone Internazionale del Mobile","yes","https://mebus.com.ua/","no","consumer, sells online","Вишукані меблі з дерева ➤ Меблева мануфактура Mebus ✔️Меблі для спальні, вітальні, кабінету чи гардеробної кімнати ✔️Натуральні матеріали ☎️ + 38 (063) 377 00 70","","role inbox","No visualiser yet and sells direct to shoppers, so this is the full pitch rather than an upgrade"
"Mecam Group nv","www.mecam.be","info@mecamgroup.be","jolien.monnissen@mecam.be","+32 (89) 798298","BEL","Dilsen-Stokkem","Vilverstraat 11","Salone del Mobile 2026","SMI","05","A15","","Upholstered furniture","Sofas and armchairs","furniture","take","Salone Internazionale del Mobile","yes","https://www.mecamgroup.be/selectlang","no","catalogue only","","","role inbox","Publishes collections with a contact form as the only way in, which is the exact problem the email opens on. Audience unconfirmed"
"Megius spa","www.megius.com","megius@megius.com","andrea.lanza@megius.com","+39 0499048711","ITA","Mestrino","Via Torino 18","Salone del Mobile 2026","ARB","06","A22 A24","","Sanitary ware, tapware, radiators, coverings, wellness","Saunas, turkish bath and spa | Shower cubicles | Bath tubs and whirlpool tubs","furniture","take","International Bathroom Exhibition","yes","https://www.megius.com","no","unclear","","","other","Live site but no catalogue, cart or contact route found, needs a look"
"Memphis srl","www.memphis-milano.it","info@memphis.it","brand@memphis.it","+39 017356102","ITA","La Morra","Località Batasiolo 85/a","Salone del Mobile 2026","SMI","22","B30","","Dining rooms, living rooms | Upholstered furniture | Furniture","Wooden dining tables | Sofas and armchairs | Mirrors | Wooden bookcases | Metal chairs | Hall furniture | Wooden living room tables | Wooden chairs","furniture","take","Salone Internazionale del Mobile","yes","https://memphis-milano.com/","no","unclear","","","role inbox","Live site but no catalogue, cart or contact route found, needs a look"
"Meridiani srl","www.meridiani.it","info@meridiani.it","s.pessina@meridiani.it","+39 029669161","ITA","Misinto","Via Birago 16","Salone del Mobile 2026","SMI","11","G11 H18","","Bedrooms | Dining rooms, living rooms | Upholstered furniture | Furniture","Wooden dining tables | Marble dining tables | Bedrooms | Metal and glass living room tables | Wooden bookcases | Extension dining tables | Leather chairs | Wooden living room tables | Marble living room tables | Stacking and nesting living room tables | Metal stools | Sofas and armchairs | Mirrors | Metal chairs | Upholstered beds | Convertible beds | Hall furniture | Bunk beds | Sofa beds and armchair beds | Plastic stools | Wooden chairs","furniture","take","Salone Internazionale del Mobile","yes","https://meridiani.it/en","no","consumer, via dealers","","","role inbox","No visualiser yet and markets to shoppers and routes them to dealers, so this is the full pitch rather than an upgrade"
"Meritalia srl","www.meritalia.it","info@meritalia.it","brand@meritalia.it","+39 017356102","ITA","La Morra","Località Batasiolo 85/a","Salone del Mobile 2026","SMI","22","B30","","Dining rooms, living rooms | Upholstered furniture | Furniture","Wooden dining tables | Sofas and armchairs | Mirrors | Metal and glass dining tables | Metal and glass living room tables | Metal chairs | Hall furniture | Wooden living room tables","furniture","take","Salone Internazionale del Mobile","yes","https://meritalia.it/en/","no","unclear","","","role inbox","Live site but no catalogue, cart or contact route found, needs a look"
"Meroni & Colzani srl","www.meroniecolzani.it","info@meroniecolzani.it","tecnico@meroniecolzani.it","+39 0316122773","ITA","Cabiate","Via Europa 16","Salone del Mobile 2026","SMI","03","C07","","Bedrooms | Dining rooms, living rooms | Outdoor furniture | Upholstered furniture | Furniture","Leisure armchairs | Wooden dining tables | Marble dining tables | Bedrooms | Living rooms | Wooden sideboards | Wooden bookcases | Modular living rooms | Leather chairs | Wooden living room tables | Marble living room tables | Dining rooms | TV tables | Mirrors | Sofas and armchairs | Outdoor furniture and accessories | Upholstered beds | Wooden beds | Hall furniture | Cocktail cabinets | Wooden stools | Wardrobes | Wooden chairs","furniture","take","Salone Internazionale del Mobile","yes","https://www.meroniecolzani.it/","no","catalogue only","","","role inbox","Publishes collections with a contact form as the only way in, which is the exact problem the email opens on. Audience unconfirmed"
"Meson's Cucine srl","www.mesons.it","mesons@mesons.it","mara.mior@mesons.it","+39 0434614911","ITA","Pasiano di Pordenone","Via Gradisca 1","Salone del Mobile 2026","EUC","05","A01 B01","","Kitchens","Wood kitchens | Natural stone kitchens | Plastic laminate kitchens | Lacquered kitchens | Metal kitchens","furniture","take","EuroCucina","yes","https://www.mesons.it","no","catalogue only","","","other","Publishes collections with a contact form as the only way in, which is the exact problem the email opens on. Audience unconfirmed"
"Mexil ltd","www.mexil.com","mh@mexil.gr","mh@mexil.gr","+30 (2310) 3830001","GRC","Thessaloniki","Monastiriou Str. 101","Salone del Mobile 2026","SMI","07","D18","","Bedrooms | Dining rooms, living rooms | Outdoor furniture | Upholstered furniture | Furniture","Wooden dining tables | Metal and glass dining tables | Plastic dining tables | Bedrooms | Wooden trolleys | Marble or stone furniture | Cardboard bookcases | Mattresses | Wooden living room tables | Dining rooms | Stacking and nesting living room tables | Metal stools | Outdoor umbrellas | Mirrors | Outdoor furniture and accessories | Leather furniture | Upholstered beds | Wooden beds | Leather stools | Metal beds | Metal or glass trolleys | Cardboard chairs and stools | Plastic chairs | Leisure armchairs | Marble dining tables | Metal and glass living room tables | Living rooms | Modular living rooms | Extension dining tables | Leather chairs | Marble living room tables | Rush and rattan furniture | TV tables | Sofas and armchairs | Metal chairs | Glass furniture | Stacking or folding chairs | Convertible beds | Shoe cupboards | Wooden stools | Sofa beds and armchair beds | Wooden chairs","furniture","take","Salone Internazionale del Mobile","yes","https://www.mexil.gr/","no","consumer, sells online","Contract and Home Furniture","","other","No visualiser yet and sells direct to shoppers, so this is the full pitch rather than an upgrade"
"Mezzo Collection","www.mezzocollection.com","info@mezzocollection.com","bazevedo@the-privatelabel.com","+351 (93) 9420623","PRT","Carvalhosa, Paços de Ferreira","Rua de S. Domingos Loja 101 G","Salone del Mobile 2026","SMI","15","A08","","Bedrooms | Children's furniture | Dining rooms, living rooms | Outdoor furniture | Upholstered furniture | Furniture","Wooden dining tables | Metal and glass dining tables | Bedrooms | Wooden sideboards | Wooden bookcases | Marble or stone furniture | Metal bookcases | Wooden living room tables | Dining rooms | Metal stools | Mirrors | Outdoor furniture and accessories | Metal sideboards | Leather furniture | Children's bedrooms | Upholstered beds | Wooden beds | Leather stools | Leisure armchairs | Marble dining tables | Metal and glass living room tables | Living rooms | Home cinema / Home-theatre seating | Extension dining tables | Leather chairs | Marble living room tables | TV tables | Sofas and armchairs | Upholstered rocking-chairs | Metal chairs | Glass furniture | Hall furniture | Cocktail cabinets | Wooden stools | Other children's furniture | Sofa beds and armchair beds | Wooden chairs","furniture","take","Salone Internazionale del Mobile","yes","https://mezzocollection.com/","no","catalogue only","Mezzo Collection creates mid-century-inspired furniture with a modern signature, combining refined aesthetics, honest materials and timeless character with contemporary design.","","role inbox","Publishes collections with a contact form as the only way in, which is the exact problem the email opens on. Audience unconfirmed"
"Miazzo Elite Italia srl","www.miazzo.it","elite@miazzo.it","monica@miazzo.it","+39 031735533","ITA","Cantu'","Via Asiago 13","Salone del Mobile 2026","SMI","13","D35","","Bedrooms | Children's furniture | Dining rooms, living rooms | Upholstered furniture | Furniture","Wooden dining tables | Bedrooms | Living rooms | Wooden sideboards | Wooden bookcases | Modular living rooms | Walk-in robes | Wooden living room tables | Dining rooms | Partition wardrobes | TV tables | Mirrors | Sofas and armchairs | CD-racks | Children's bedrooms | Upholstered beds | Wooden beds | Hall furniture | Cocktail cabinets | Wooden stools | Shoe cupboards | Wardrobes | Other children's furniture | Wooden chairs","furniture","take","Salone Internazionale del Mobile","unreachable","","","","","HTTP Error 429: Too Many Requests","other","Site did not respond, check it by hand before spending a credit"
"Midj spa","www.midj.com","info@midj.it","comunicazione@midj.it","+39 0434690122","ITA","Cordovado","Via Madonna di Campagna 2/a","Salone del Mobile 2026","SMI","18","E23 E25 F20 F24","","Dining rooms, living rooms | Outdoor furniture | Upholstered furniture | Furniture","Plastic chairs | Wooden dining tables | Metal and glass dining tables | Marble dining tables | Metal and glass living room tables | Wooden bookcases | Metal bookcases | Extension dining tables | Leather chairs | Wooden living room tables | Marble living room tables | Metal stools | Sofas and armchairs | Mirrors | Outdoor furniture and accessories | Metal chairs | Stacking or folding chairs | Leather stools | Rocking-chairs | Wooden stools | Plastic stools | Wooden chairs","furniture","take","Salone Internazionale del Mobile","yes","https://www.midj.com","no","consumer, sells online","","","role inbox","No visualiser yet and sells direct to shoppers, so this is the full pitch rather than an upgrade"
"Milano 1964 srl","www.milano1964.com","contact@milano1964.it","davide.ingrosso@milano1964.it","+39 0392143416","ITA","Lissone","Via delle Indistrie 6","Salone del Mobile 2026","SMI","18","E01","","Bedrooms | Dining rooms, living rooms | Upholstered furniture | Furniture","Wooden dining tables | Metal and glass dining tables | Wooden sideboards | Wooden bookcases | Marble or stone furniture | Metal bookcases | Wooden living room tables | Dining rooms | Metal stools | Mirrors | Metal sideboards | Leather furniture | Upholstered beds | Wooden beds | Leather stools | Metal beds | Marble dining tables | Metal and glass living room tables | Living rooms | Modular living rooms | Leather chairs | Marble living room tables | TV tables | Sofas and armchairs | Metal chairs | Glass furniture | Cocktail cabinets | Wooden stools | Wooden chairs","furniture","take","Salone Internazionale del Mobile","yes","https://www.milano1964.com","no","consumer, via dealers","","","role inbox","No visualiser yet and markets to shoppers and routes them to dealers, so this is the full pitch rather than an upgrade"
"Milhomem Alba - Michael Ramon Milhomem Alba","www.milhomem.art/home","brazil@milhomem.art","brazil@milhomem.art","","BRA","Boa Vista - Roraima","Rua Abrilina Pena 231Jardim Flore","Salone del Mobile 2026","SMI","03","C06 C08 D07 D09","","Dining rooms, living rooms","Metal chairs","furniture","take","Salone Internazionale del Mobile","unreachable","","","","","<urlopen error [Errno 104] Connection reset by peer>","other","Site did not respond, check it by hand before spending a credit"
"Milldue spa","www.noorth.it","amministrazione@milldue.com","stefania.berra@milldue.it","+39 0423756611","ITA","Riese Pio X","Via Balegante 7","Salone del Mobile 2026","ARB","06","A29","","Sanitary ware, tapware, radiators, coverings, wellness | Bathroom furniture and accessories","Bathroom, laundry and/or kitchen tapware | Bath tubs and whirlpool tubs | Bathroom furniture | Sanitary ware","furniture","take","International Bathroom Exhibition","yes","https://noorth.it/","no","consumer, via dealers","","","other","No visualiser yet and markets to shoppers and routes them to dealers, so this is the full pitch rather than an upgrade"
"Mindo Group International","www.mindo.com","mindo@mindo.dk","ar@mindo.dk","+45 (31) 398910","DNK","Odense C","Østre Stationsvej 43, 3","Salone del Mobile 2026","SMI","18","B04","","Outdoor furniture","Outdoor furniture and accessories","furniture","take","Salone Internazionale del Mobile","yes","https://mindo.com/","no","consumer, sells online","","","other","No visualiser yet and sells direct to shoppers, so this is the full pitch rather than an upgrade"
"Miniforms srl","www.miniforms.com","miniforms@miniforms.com","carolina@miniforms.com","+39 0421618255","ITA","Meolo","Via Ca' Corner Nord 4","Salone del Mobile 2026","SMI","24","C20","","Bedrooms | Dining rooms, living rooms | Outdoor furniture | Upholstered furniture | Furniture","Wooden dining tables | Metal and glass dining tables | Plastic dining tables | Wooden trolleys | Wooden sideboards | Wooden bookcases | Marble or stone furniture | Wooden living room tables | Game tables and billiards | Dining rooms | Stacking and nesting living room tables | Metal stools | Outdoor furniture and accessories | Plastic bookcases | Upholstered beds | Wooden beds | Leather stools | Metal beds | Rocking-chairs | Metal or glass trolleys | Plastic stools | Leisure armchairs | Plastic chairs | Marble dining tables | Extension dining tables | Leather chairs | Plastic living room tables | Marble living room tables | Sofas and armchairs | Plastic trolleys | Metal chairs | Glass furniture | Stacking or folding chairs | Hall furniture | Wooden stools","furniture","take","Salone Internazionale del Mobile","yes","https://www.miniforms.com/en/","no","consumer, via dealers","Our world, made of authentic and honest objects, where charming products make you enjoy the little things with elegance.","","other","No visualiser yet and markets to shoppers and routes them to dealers, so this is the full pitch rather than an upgrade"
"Minotti Luigi e Benigno snc","www.minottiluigiebenigno.com","info@minottiluigiebenigno.com","info@minottiluigiebenigno.com","+39 031766019","ITA","Cabiate","Via Milano, 54","Salone del Mobile 2026","SMI","15","B35","","Bedrooms | Dining rooms, living rooms | Upholstered furniture | Furniture","Metal and glass dining tables | Wooden trolleys | Bedrooms | Wooden sideboards | Modular living rooms | Walk-in robes | Extension dining tables | Metal stools | TV tables | Mirrors | Sofas and armchairs | Upholstered beds | Wooden beds | Cocktail cabinets | Wooden stools | Wardrobes | Plastic stools | Wooden chairs","furniture","take","Salone Internazionale del Mobile","yes","https://www.minottiluigiebenigno.com","no","unclear","","","role inbox","Live site but no catalogue, cart or contact route found, needs a look"
"Minotti spa","www.minotti.com","info@minotti.it","roberto.paiano@minotti.it","+39 0362343499","ITA","Meda","Via Indipendenza 152","Salone del Mobile 2026","SMI","11","E15 E27 G12 G16 G22","","Bedrooms | Dining rooms, living rooms | Outdoor furniture | Upholstered furniture","Sofas and armchairs | Metal and glass dining tables | Marble dining tables | Metal and glass living room tables | Outdoor furniture and accessories | Wooden bookcases | Upholstered beds | Leather chairs | Wooden living room tables | Sofa beds and armchair beds | Marble living room tables","furniture","take","Salone Internazionale del Mobile","yes","https://www.minotti.com/en","no","consumer, via dealers","","","role inbox","No visualiser yet and markets to shoppers and routes them to dealers, so this is the full pitch rather than an upgrade"
"Miroir Brot","www.miroirbrot.fr","brot@mrf.fr","p.tassot@mrf.fr","+33 1 60836167","FRA","Parigi","99 Rue du Faubourg du Temple","Salone del Mobile 2026","ARB","10","C15","","Bathroom furniture and accessories","Bathroom accessories","furniture","take","International Bathroom Exhibition","yes","https://www.miroirbrot.fr","no","consumer, sells online","","","other","No visualiser yet and sells direct to shoppers, so this is the full pitch rather than an upgrade"
"Mirt","www.mirt.ua","export.mirt@gmail.com","export.mirt@gmail.com","+380 (50) 4631905","UKR","Zviahel","Lesi Ukrainky Str. 1-A","Salone del Mobile 2026","SMI","01","A32 B41","","Kitchen furniture","Kitchen furniture","furniture","take","Salone Internazionale del Mobile","yes","https://mirt.ua/","no","catalogue only","Международная компания MIRT – профессионал в области проектирования, возведения и оснащения объектов современной и классической архитектуры. Мебельная фабрика МИРТ - №1 в Украине.","","first.last","Publishes collections with a contact form as the only way in, which is the exact problem the email opens on. Audience unconfirmed"
"Mobex Company srl","www.mobexfurniture.ro","contact@mobexfurniture.ro","mobexcompany@gmail.com","+40 (723) 548070","ROU","Satu Mare","Str. Principala 59 Potau","Salone del Mobile 2026","SMI","03","C26 D33","","Dining rooms, living rooms","Wooden dining tables | Living rooms | Wooden sideboards | Wooden bookcases | Wooden living room tables | Wooden chairs","furniture","take","Salone Internazionale del Mobile","unreachable","","","","","<urlopen error [Errno -2] Name or service not known>","role inbox","Site did not respond, check it by hand before spending a credit"
"Mobil Crab srl","www.mobilcrab.it","amministrazione@mobilcrab.it","amministrazione@mobilcrab.it","+39 023288721","ITA","Settimo Milanese","Via Gallarata 66","Salone del Mobile 2026","ARB","06","C40","","Bathroom furniture and accessories","Bathroom furniture","furniture","take","International Bathroom Exhibition","yes","https://www.mobilcrab.it","no","catalogue only","","","other","Publishes collections with a contact form as the only way in, which is the exact problem the email opens on. Audience unconfirmed"
"Mobiladalin srl","www.mobiladalin.ro","dalin@mobiladalin.ro","danielcramba@mobiladalin.ro","+40 (265) 306250","ROU","Reghin","Str. Apalinei 122/Ajud. Mures","Salone del Mobile 2026","SMI","03","C26 D33","","Dining rooms, living rooms | Upholstered furniture","Sofas and armchairs | Metal chairs | Wooden stools","furniture","take","Salone Internazionale del Mobile","yes","https://www.mobiladalin.ro","no","catalogue only","Companie românească producătoare de canapele și mobilier tapițat. Peste 100.000 de familii se bucură de canapelele noastre. Vino și alege-ți canapeaua!","","other","Publishes collections with a contact form as the only way in, which is the exact problem the email opens on. Audience unconfirmed"
"Mobilduenne srl","www.mobilduenne.it","info@mobilduenne.it","claudia@mobilduenne.it","+39 073597120","ITA","Ripatransone","Z.I. Capo di Termine 1","Salone del Mobile 2026","ARB","06","B24","","Sanitary ware, tapware, radiators, coverings, wellness | Bathroom furniture and accessories","Bathroom accessories | Bathroom, laundry and/or kitchen tapware | Laundry furniture | Bath tubs and whirlpool tubs | Bathroom furniture | Sanitary ware","furniture","take","International Bathroom Exhibition","yes","https://www.nucci.design/","no","consumer, sells online","","","role inbox","No visualiser yet and sells direct to shoppers, so this is the full pitch rather than an upgrade"
"Mobiliario Auxiliar de Diseño sl","www.mobliberica.com","info@mobliberica.com","ferran.oliver@mobliberica.com","+34 (965) 407005","ESP","Crevillent (Alicante)","Ctra. N. 340 Km 704,4","Salone del Mobile 2026","SMI","14","F30","","Dining rooms, living rooms | Outdoor furniture | Upholstered furniture","Plastic chairs | Wooden dining tables | Metal and glass dining tables | Marble dining tables | Metal and glass living room tables | Living rooms | Wooden sideboards | Extension dining tables | Leather chairs | Wooden living room tables | Marble living room tables | Dining rooms | Metal stools | Sofas and armchairs | Outdoor furniture and accessories | Metal sideboards | Metal chairs | Stacking or folding chairs | Leather stools | Wooden stools | Wooden chairs","furniture","take","Salone Internazionale del Mobile","yes","https://www.mobliberica.com/en/","no","consumer, via dealers","Discover our latest innovations for indoor furniture design and give a distinguished look to your home with Mobliberica's designs.","","role inbox","No visualiser yet and markets to shoppers and routes them to dealers, so this is the full pitch rather than an upgrade"
"Mobilierul srl","www.mobilierul.ro","office@mobilierul.ro","office@mobilierul.ro","+40 (740) 840667","ROU","Mizil","Str. Spicului 1 Jud. Prahova","Salone del Mobile 2026","SMI","03","C26 D33","","Bedrooms | Upholstered furniture","Leisure armchairs | Sofas and armchairs | Upholstered rocking-chairs | Home cinema / Home-theatre seating | Upholstered beds | Mattresses | Sofa beds and armchair beds","furniture","take","Salone Internazionale del Mobile","yes","https://mobilierul.ro/","no","consumer, sells online","Ai o întrebare? Scrie-ne!","","role inbox","No visualiser yet and sells direct to shoppers, so this is the full pitch rather than an upgrade"
"Mobilificio SanGiacomo spa","www.msg.it","sg_info@msg.it","michele.celotto@msg.it","+39 04346291","ITA","Cecchini di Pasiano","Via Gallopat 33","Salone del Mobile 2026","SMI","05","A01 B01","","Bedrooms | Dining rooms, living rooms","Wooden dining tables | Bedrooms | Plastic bookcases | Living rooms | Wooden sideboards | Upholstered beds | Modular living rooms | Wooden beds | Walk-in robes | Leather chairs | Dining rooms","furniture","take","Salone Internazionale del Mobile","yes","https://www.msg.it","no","catalogue only","Arredo per l'Architettura","","first_last","Publishes collections with a contact form as the only way in, which is the exact problem the email opens on. Audience unconfirmed"
"Mobilpiù - dal 1966 - Massimiliano Vagnini","www.mobilpiu.com","info@mobilpiu.com","italia1@mobilpiu.com","+39 0721499480","ITA","Vallefoglia","Via XXV Aprile 41 Frazione Montecchio","Salone del Mobile 2026","SMI","07","C34","","Bedrooms | Dining rooms, living rooms | Upholstered furniture","Sofas and armchairs | Marble dining tables | Bedrooms | Upholstered beds | Modular living rooms | Metal bookcases | Wooden beds | Wardrobes | Dining rooms | Plastic stools","furniture","take","Salone Internazionale del Mobile","yes","https://www.mobilpiu.com","no","catalogue only","","","role inbox","Publishes collections with a contact form as the only way in, which is the exact problem the email opens on. Audience unconfirmed"
"Mobilpiù Luxury srl unipersonale","www.mobilpiuluxury.com","info@mobilpiuluxury.com","info@mobilpiuluxury.com","+39 0721394306","ITA","Vallefoglia","Via XXV Aprile 41/A Frazione Montecchio","Salone del Mobile 2026","SMI","15","A27","","Bedrooms | Dining rooms, living rooms | Upholstered furniture | Furniture","Wooden dining tables | Sofas and armchairs | Mirrors | Marble dining tables | Bedrooms | Metal and glass living room tables | Marble or stone furniture | Upholstered beds | Metal bookcases | Hall furniture | Leather chairs | Marble living room tables | Wooden chairs","furniture","take","Salone Internazionale del Mobile","yes","https://www.mobilpiuluxury.com/en","no","catalogue only","Mobilpiù Luxury realizes luxury furniture with an exclusive design. 100% Made in Italy certified quality and over 50 years of experience.","","role inbox","Publishes collections with a contact form as the only way in, which is the exact problem the email opens on. Audience unconfirmed"
"Mobilsedia 2000 srl","www.mobilsedia2000.it","info@mobilsedia2000.it","davide@mobilsedia2000.it","+39 0456971147","ITA","Isola Rizza","Via Muselle 751","Salone del Mobile 2026","SMI","07","D27","","Bedrooms | Dining rooms, living rooms | Upholstered furniture | Furniture","Wooden dining tables | Sofas and armchairs | Mirrors | Upholstered beds | Stacking or folding chairs | Leather stools | Extension dining tables | Leather chairs | Rocking-chairs | Wooden stools | Wooden living room tables | Sofa beds and armchair beds | Wooden chairs","furniture","take","Salone Internazionale del Mobile","yes","https://www.mobilsedia2000.it","no","consumer, sells online","Scopri SIEDO Italian way of seating, il nuovo brand di Mobilsedia 2000. Guarda i prodotti visita il sito del brand","","role inbox","No visualiser yet and sells direct to shoppers, so this is the full pitch rather than an upgrade"
"Mobiltesino srl","www.mobiltesino.it","info@mobiltesino.it","danilo@mobiltesino.it","+39 073590280","ITA","Ripatransone","Contrada S. Rustico 33","Salone del Mobile 2026","ARB","10","B06","","Bathroom furniture and accessories","Bathroom accessories | Laundry furniture | Bathroom furniture","furniture","take","International Bathroom Exhibition","yes","https://www.mobiltesino.it","no","consumer, sells online","Mobiltesino è un'azienda italiana che realizza mobili bagno di qualità, unici nella ricerca, nell’attenzione ai dettagli, nello stile e nella scelta dei materiali e delle finiture.","","role inbox","No visualiser yet and sells direct to shoppers, so this is the full pitch rather than an upgrade"
"Modalle Moveis","www.modalle.com.br","sales@modalle.com.br","export@modalle.com.br","+55 (17) 34219186","BRA","Sao Paolo","Av. Joaquim Ferreira Costa 628 V Distrito, Votuporanga","Salone del Mobile 2026","SMI","03","C06 C08 D07 D09","","Dining rooms, living rooms | Outdoor furniture | Upholstered furniture","Metal stools | Wooden dining tables | Sofas and armchairs | Outdoor furniture and accessories | Wooden sideboards | Metal chairs | Wooden living room tables | Wooden stools | Wooden chairs","furniture","take","Salone Internazionale del Mobile","yes","https://modalle.com.br/","no","consumer, sells online","","","role inbox","No visualiser yet and sells direct to shoppers, so this is the full pitch rather than an upgrade"
"Modenese Gastone Interiors srl","www.modeneseinteriors.com","projects@modeneseinteriors.com","gianluca.modenese@modeneseinteriors.com","+39 0429879146","ITA","Casale di Scodosia","Via Roma 106/92","Salone del Mobile 2026","SMI","13","C31","","Bedrooms | Dining rooms, living rooms | Upholstered furniture | Furniture","Wooden dining tables | Wooden trolleys | Bedrooms | Wooden bookcases | Walk-in robes | Sliding or fixed partitions for walk-in robes | Wooden living room tables | Game tables and billiards | Dining rooms | Partition wardrobes | Mirrors | Upholstered beds | Pet furniture | Wooden beds | Rocking-chairs | Marble dining tables | Metal and glass living room tables | Living rooms | Home cinema / Home-theatre seating | Modular living rooms | Extension dining tables | Marble living room tables | TV tables | Sofas and armchairs | Upholstered rocking-chairs | Stacking or folding chairs | Hall furniture | Cocktail cabinets | Wooden stools | Shoe cupboards | Wardrobes | Sofa beds and armchair beds | Wooden chairs","furniture","take","Salone Internazionale del Mobile","yes","https://modeneseinteriors.com/","no","catalogue only","Luxury Classic Interior Design Studio. We transform luxury interiors with custom-made furniture. Schedule your design and concept consultation","","other","Publishes collections with a contact form as the only way in, which is the exact problem the email opens on. Audience unconfirmed"
"Modis Interiors","www.modisinteriors.com","export@modisinteriors.com","muhammet.gul@modisinteriors.com","+90 (54) 57875379","TUR","Inegol Bursa","Hamzabey OSB Mh. 3. Cd. No: 8","Salone del Mobile 2026","SMI","07","D06","","Dining rooms, living rooms | Upholstered furniture | Furniture","TV tables | Sofas and armchairs | Living rooms | Modular living rooms | Dining rooms","furniture","take","Salone Internazionale del Mobile","yes","https://www.modisinteriors.com","no","consumer, via dealers","Discover Modis Interiors - a leading furniture and interior design company offering high-quality products and exceptional craftsmanship.","","role inbox","No visualiser yet and markets to shoppers and routes them to dealers, so this is the full pitch rather than an upgrade"
"Mogg srl","www.mogg.it","info@mogg.it","nicola.galbiati@mogg.it","+39 03621723880","ITA","Giussano","Via A. Da Giussano 76","Salone del Mobile 2026","SMI","22","B19","","Bedrooms | Dining rooms, living rooms | Upholstered furniture","Wooden dining tables | Metal and glass dining tables | Wooden sideboards | Wooden bookcases | Cardboard bookcases | Metal bookcases | Dining rooms | Metal stools | Sofas and armchairs | Metal sideboards | Metal chairs | Upholstered beds | Wooden stools | Wooden chairs","furniture","take","Salone Internazionale del Mobile","yes","https://www.mogg.it","no","consumer, sells online","PRESS + EVENTS","","role inbox","No visualiser yet and sells direct to shoppers, so this is the full pitch rather than an upgrade"
"Molteni Mobili di Angelo Ernesto e Paolo Molteni snc","www.moltenimobili.com","info@moltenimobili.com","andrea.molteni@durame.it","+39 031734910","ITA","Cantù","Via dell'Artigianato 20","Salone del Mobile 2026","SMI","18","C07","","Bedrooms | Dining rooms, living rooms | Upholstered furniture | Furniture","Wooden dining tables | Marble dining tables | Living rooms | Wooden sideboards | Wooden bookcases | Wooden living room tables | Marble living room tables | Dining rooms | TV tables | Mirrors | Sofas and armchairs | Hall furniture | Cocktail cabinets | Wooden stools | Wardrobes | Wooden chairs","furniture","take","Salone Internazionale del Mobile","yes","https://www.moltenimobili.com","no","unclear","Molteni Mobili arredamenti su misura a Cantù","","role inbox","Live site but no catalogue, cart or contact route found, needs a look"
"Moma Design","www.moma-design.com","info@momadesign.it","info@momadesign.it","+39 0290361225","ITA","Bareggio","Via Falcone 42","Salone del Mobile 2026","ARB","06","C31","","Sanitary ware, tapware, radiators, coverings, wellness | Bathroom furniture and accessories","Bathroom accessories | Saunas, turkish bath and spa | Shower cubicles | Bath tubs and whirlpool tubs | Bathroom furniture | Sanitary ware","furniture","take","International Bathroom Exhibition","unreachable","","","","","<urlopen error [Errno -2] Name or service not known>","role inbox","Site did not respond, check it by hand before spending a credit"
"Moma Design srl","www.moma-design.it","info@momadesign.it","info@momadesign.it","+39 0290361225","ITA","Bareggio","Via Falcone 42","Salone del Mobile 2026","ARB","06","C31","","Sanitary ware, tapware, radiators, coverings, wellness | Bathroom furniture and accessories","Bathroom accessories | Saunas, turkish bath and spa | Shower cubicles | Bath tubs and whirlpool tubs | Bathroom furniture | Sanitary ware","furniture","take","International Bathroom Exhibition","yes","https://www.moma-design.it","no","consumer, sells online","Soluzioni di prestigio e su misura per il bagno, all’insegna dell’amore per il design, per l’arredo e per il benessere della persona.","","role inbox","No visualiser yet and sells direct to shoppers, so this is the full pitch rather than an upgrade"
"Mondadori Media spa","www.internimagazine.it","interni@mondadori.com","andrea.carbone@mondadori.it","+39 0275421","ITA","Milano","Via Gian Battista Vico 42","Salone del Mobile 2026","SMI","C.so Italia","FRONTE PADD 6/10 S03","","Trade newspapers, magazines and publications","Trade newspapers, magazines and publications","furniture","take","Salone Internazionale del Mobile","yes","https://www.internimagazine.it","no","consumer, sells online","Notizie, tendenze, opinioni, eventi: dal 1954, Interni Magazine è la voce del design italiano nel mondo","","other","No visualiser yet and sells direct to shoppers, so this is the full pitch rather than an upgrade"
"Monitillo 1980","www.monitillo1980.it","info@monitillomarmi.it","nazario@monitillo1980.it","+39 0803112325","ITA","Altamura","Via Matera km 2.00","Salone del Mobile 2026","SMI","13","D41","","Dining rooms, living rooms | Bathroom furniture and accessories","Marble dining tables | Bathroom furniture and accessories | Marble living room tables","furniture","take","Salone Internazionale del Mobile","yes","https://www.monitillo1980.it","no","unclear","","","role inbox","Live site but no catalogue, cart or contact route found, needs a look"
"Montbel srl","www.montbel.it","montbel@montbel.it","simona.montina@montbel.it","+39 0432750784","ITA","Manzano","Via delle Scuole 30","Salone del Mobile 2026","SMI","18","C16","","Dining rooms, living rooms | Upholstered furniture","Leisure armchairs | Wooden dining tables | Metal and glass dining tables | Metal and glass living room tables | Home cinema / Home-theatre seating | Leather chairs | Wooden living room tables | Stacking and nesting living room tables | Metal stools | Sofas and armchairs | Metal chairs | Leather stools | Wooden stools | Wooden chairs","furniture","take","Salone Internazionale del Mobile","yes","https://www.montbel.it","no","unclear","","","other","Live site but no catalogue, cart or contact route found, needs a look"
"Montina 1919 srl","www.montina.it","info@montina.it","admin@montina.it","+39 3342595185","ITA","Montebelluna","Via Feltrina Nuova, 5","Salone del Mobile 2026","SMI","05","A11","","Dining rooms, living rooms | Upholstered furniture","Wooden dining tables | Metal and glass dining tables | Marble dining tables | Wooden sideboards | Wooden bookcases | Metal bookcases | Leather chairs | Wooden living room tables | Marble living room tables | Metal stools | Sofas and armchairs | Metal chairs | Stacking or folding chairs | Leather stools | Wooden stools | Sofa beds and armchair beds | Wooden chairs","furniture","take","Salone Internazionale del Mobile","yes","https://montina.it/en/","no","consumer, sells online","","","role inbox","No visualiser yet and sells direct to shoppers, so this is the full pitch rather than an upgrade"
"Montis","www.montis.nl","marketing@montis.nl","acoenen@artifort.com","+31 (162) 377777","NLD","Dongen","Steenstraat 2","Salone del Mobile 2026","SMI","22","B39","","Dining rooms, living rooms | Upholstered furniture | Furniture","Leisure armchairs | Wooden dining tables | Sofas and armchairs | Metal chairs | Marble or stone furniture | Glass furniture | Leather stools | Hall furniture | Leather chairs | Marble living room tables","furniture","take","Salone Internazionale del Mobile","yes","https://montis.nl/","no","consumer, sells online","","","role inbox","No visualiser yet and sells direct to shoppers, so this is the full pitch rather than an upgrade"
"Moonler Collection Co. Ltd","www.moonler.com","contact@moonler.com","waranya@moonler.com","+66 (53) 398942","THA","Chiangmai","99/60 Moo 12 Sannameng, Sansai","Salone del Mobile 2026","SMI","07","D10","","Bedrooms | Dining rooms, living rooms","Wooden dining tables | Wooden sideboards | Wooden bookcases | Wooden beds | Wooden living room tables | Wooden stools | Wooden chairs","furniture","take","Salone Internazionale del Mobile","yes","https://www.moonler.com","no","unclear","Experience handcrafted Thailand wooden furniture made from premium Chamchuri wood. Moonler’s Chiang Mai artisans create timeless wooden furniture with sustainability and craftsmanship.","","role inbox","Live site but no catalogue, cart or contact route found, needs a look"
"MORPHO by Tomorrowland","www.morpho.world","info@morpho.world","lieze.vermeiren@ethnicraft.com","+32 (3) 4430100","BEL","Boom","Scheldeweg 5","Salone del Mobile 2026","SMI","14","C33","","Bedrooms | Dining rooms, living rooms | Outdoor furniture | Bathroom furniture and accessories | Upholstered furniture | Furniture","Leisure armchairs | Wooden dining tables | Bedrooms | Living rooms | Wooden sideboards | Wooden bookcases | Marble or stone furniture | Mattresses | Bathroom furniture and accessories | Extension dining tables | Wooden living room tables | Dining rooms | Stacking and nesting living room tables | TV tables | Mirrors | Sofas and armchairs | Outdoor furniture and accessories | Leather furniture | Metal or glass trolleys | Hall furniture | Wooden stools | Wooden chairs","furniture","take","Salone Internazionale del Mobile","yes","https://www.morpho.world","no","consumer, via dealers","","","role inbox","No visualiser yet and markets to shoppers and routes them to dealers, so this is the full pitch rather than an upgrade"
"Mos Design srl","www.mosdesign.eu","mos@mosdesign.eu","mos@mosdesign.eu","+39 0631056594","ITA","Arco","Via Monache 6","Salone del Mobile 2026","SMI","18","B01","","Dining rooms, living rooms","Wooden dining tables | Wooden bookcases | Wooden living room tables | Wooden stools","furniture","take","Salone Internazionale del Mobile","yes","https://www.mosdesign.eu","no","catalogue only","MOS-DESIGN S.R.L.VIA MONTE ROCCHETTA 6800139 ROMAVAT NUMBER: IT 01789660220R.E.A. DI TRENTO N.177548MOS@MOSDESIGN.EUT +39 06 310 565 94COPYRIGHT © MOS-DESIGN S.R.L. TUTTI I DIRITTI RISERVATI","","other","Publishes collections with a contact form as the only way in, which is the exact problem the email opens on. Audience unconfirmed"
"Moveis James","www.moveisjames.com.br","lucas@moveisjames.com.br","lucas@moveisjames.com.br","+55 (47) 999157372","BRA","Sao Bento do Sul","Rua Padre Henrique Muller 534","Salone del Mobile 2026","SMI","03","C06 C08 D07 D09","","Upholstered furniture","Leisure armchairs","furniture","take","Salone Internazionale del Mobile","yes","https://www.moveisjames.com.br/en/","no","catalogue only","A Móveis James","","other","Publishes collections with a contact form as the only way in, which is the exact problem the email opens on. Audience unconfirmed"
"Moveis Rudnick sa","www.rudnick.com.br","export@rudnick.com.br","roger@rudnick.com.br","+55 (47) 36311000","BRA","São Bento do Sul - Santa Catarina","Rua Leopoldo Rudnick 258 Bairro Oxford","Salone del Mobile 2026","SMI","03","C06 C08 D07 D09","","Upholstered furniture","Leisure armchairs","furniture","take","Salone Internazionale del Mobile","yes","https://www.rudnick.com.br","no","consumer, via dealers","","","role inbox","No visualiser yet and markets to shoppers and routes them to dealers, so this is the full pitch rather than an upgrade"
"Mozea","www.mozea.io","info@mozea.io","andrei@mozea.io","+40 (745) 373244","ROU","Cisnadioara","Cistercienilor 193 Jud. Sibiu","Salone del Mobile 2026","SMI","07","D03","","Dining rooms, living rooms | Upholstered furniture | Furniture","Leisure armchairs | Wooden dining tables | Marble dining tables | Living rooms | Leather furniture | Marble or stone furniture | Hall furniture | Leather chairs | Wooden stools | Wooden living room tables | Dining rooms | Wooden chairs","furniture","take","Salone Internazionale del Mobile","yes","https://www.mozea.io","no","consumer, sells online","","","role inbox","No visualiser yet and sells direct to shoppers, so this is the full pitch rather than an upgrade"
"Mpt - Marcenaria Portuguesa lda","www.wewood.eu","info@wewood.eu","communication@wewood.eu","+351 (224) 114050","PRT","Rebordosa","Rua D. Afonso Henriques 77 Ap. 10","Salone del Mobile 2026","SMI","18","C06","","Bedrooms | Dining rooms, living rooms | Upholstered furniture | Furniture","Leisure armchairs | Wooden dining tables | Living rooms | Wooden sideboards | Wooden bookcases | Leather chairs | Wooden living room tables | Sofas and armchairs | Mirrors | Upholstered beds | Wooden beds | Wooden stools | Sofa beds and armchair beds | Wooden chairs","furniture","take","Salone Internazionale del Mobile","yes","https://www.wewood.eu","no","consumer, sells online","","","role inbox","No visualiser yet and sells direct to shoppers, so this is the full pitch rather than an upgrade"
"MRF - Maîtres Robinetiers de France","www.mrf.fr","contact@mrf.fr","p.tassot@mrf.fr","+33 (0) 322232425","FRA","Abbeville","213 Boulevard Voltaire","Salone del Mobile 2026","ARB","10","C15","","Sanitary ware, tapware, radiators, coverings, wellness | Bathroom furniture and accessories","Bathroom accessories | Bathroom, laundry and/or kitchen tapware | Bath tubs and whirlpool tubs | Sanitary ware","furniture","take","International Bathroom Exhibition","yes","https://www.mrf.fr","no","catalogue only","Cristal&amp;Bronze, Margot, Serdaneli et Miroir Brot","","role inbox","Publishes collections with a contact form as the only way in, which is the exact problem the email opens on. Audience unconfirmed"
"Muranti","www.muranti.com","info@muranti.com","monicasilva@muranti.com","+351 (255) 871273","PRT","Carvalhosa, Paços de Ferreira","Rua do Industrial 9","Salone del Mobile 2026","SMI","15","A40","","Bedrooms | Dining rooms, living rooms | Upholstered furniture | Furniture","Wooden dining tables | Marble dining tables | Bedrooms | Living rooms | Wooden sideboards | Wooden bookcases | Marble or stone furniture | Metal bookcases | Wooden living room tables | Marble living room tables | Dining rooms | Metal stools | Sofas and armchairs | Mirrors | Metal sideboards | Metal chairs | Upholstered beds | Cocktail cabinets | Wooden stools | Wooden chairs","furniture","take","Salone Internazionale del Mobile","yes","https://muranti.com/","no","consumer, sells online","","","role inbox","No visualiser yet and sells direct to shoppers, so this is the full pitch rather than an upgrade"
"Musola","www.musola.es","info@musola.es","ferran.oliver@mobliberica.com","+34 (965) 407005","ESP","Crevillent (Alicante)","Ctra. N. 340 Km 704,4","Salone del Mobile 2026","SMI","14","F30","","Dining rooms, living rooms | Outdoor furniture | Upholstered furniture","Plastic chairs | Metal stools | Sofas and armchairs | Metal and glass dining tables | Metal and glass living room tables | Outdoor furniture and accessories | Metal chairs | Stacking or folding chairs | Extension dining tables","furniture","take","Salone Internazionale del Mobile","yes","https://www.musola.es","no","catalogue only","En Musola somos diseñadores de mobiliario de exterior de diseño. Descubre todas nuestras colecciones de muebles de jardín y terraza online","","role inbox","Publishes collections with a contact form as the only way in, which is the exact problem the email opens on. Audience unconfirmed"
"Muundo","www.muundo.be","info@muundo.be","louis@pr-living.com","+32 (56) 625190","BEL","Waregem","Kalkhoevestraat 51","Salone del Mobile 2026","SMI","18","B10","","Dining rooms, living rooms | Outdoor furniture | Upholstered furniture | Furniture","Metal stools | Wooden dining tables | Mirrors | Sofas and armchairs | Outdoor furniture and accessories | Living rooms | Metal chairs | Modular living rooms | Wooden living room tables | Wooden stools | Dining rooms | Wooden chairs","furniture","take","Salone Internazionale del Mobile","yes","https://www.muundo.be","yes","consumer, sells online","Muundo is a Belgian furniture brand creating handcrafted tables and furniture inspired by nature. Timeless design, natural materials and honest craftsmanship —...","","role inbox","Already runs a visualiser and sells direct to shoppers, so the gap is what happens after the render. Sharpest segment"
"My Home Collection","www.myhomecollection.it","info@myhomecollection.it","elisabetta@alivar.com","+39 0558070202","ITA","Barberino Tavernelle","Via Leonardo da Vinci 118/12","Salone del Mobile 2026","SMI","18","D04","","Bedrooms | Dining rooms, living rooms | Outdoor furniture | Upholstered furniture | Furniture","Leisure armchairs | Wooden dining tables | Metal and glass dining tables | Marble dining tables | Wooden sideboards | Wooden bookcases | Marble or stone furniture | Extension dining tables | Leather chairs | Sofas and armchairs | Outdoor furniture and accessories | Leather furniture | Metal chairs | Upholstered beds | Wooden beds | Cocktail cabinets","furniture","take","Salone Internazionale del Mobile","yes","https://www.myhomecollection.it","no","consumer, via dealers","Elementi d’arredo per uno stile esclusivo","","role inbox","No visualiser yet and markets to shoppers and routes them to dealers, so this is the full pitch rather than an upgrade"
"MY YOUR Italian Outdoor Experience","www.myyour.eu","info@myyour.eu","commerciale4@myyour.eu","+39 0495963419","ITA","Gazzo","Via Bixio 20","Salone del Mobile 2026","SMI","18","C19","","Dining rooms, living rooms | Outdoor furniture | Upholstered furniture | Furniture","Metal stools | Sofas and armchairs | Plastic dining tables | Outdoor furniture and accessories | Extension dining tables | Cocktail cabinets | Plastic stools","furniture","take","Salone Internazionale del Mobile","unreachable","","","","","HTTP Error 403: Forbidden","role inbox","Site did not respond, check it by hand before spending a credit"
"MYCH.Objects","www.mych-objects.com","nebouzhhorod@gmail.com","nebouzhhorod@gmail.com","+380 (50) 1905519","UKR","Uzhhorod","Kvitnevy Lane 1","Salone del Mobile 2026","SMI","05","A23 A25","","Dining rooms, living rooms","Wooden chairs","furniture","take","Salone Internazionale del Mobile","yes","https://mych-objects.com/","no","consumer, sells online","","","other","No visualiser yet and sells direct to shoppers, so this is the full pitch rather than an upgrade"
"Myface Outdoor Design","www.myface.eu","myfacemkt@myface.eu","mariasilva@myface.eu","+351 (910) 820746","PRT","Santo Tirso","Estrada do Loteamento de Várzea do Monte 16","Salone del Mobile 2026","SMI","18","F08","","Outdoor furniture | Kitchen furniture","Outdoor furniture and accessories | Kitchen furniture","furniture","take","Salone Internazionale del Mobile","yes","https://myface.eu/","no","catalogue only","Seasonless and premium outdoor furniture. Sofas and Lounge. Outdoor Swings. Dining Sets. Poolside furniture. Kitchens and more.","","other","Publishes collections with a contact form as the only way in, which is the exact problem the email opens on. Audience unconfirmed"
"Nagano Interior","www.nagano-interior.co.jp","info@nagano-interior.co.jp","hansokuka99@gmail.com","+81 (946) 223314","JPN","Fukuoka","2153, Amagi, Asakura-city","Salone del Mobile 2026","SMI","14","E40","","Dining rooms, living rooms | Upholstered furniture","Stacking and nesting living room tables | Wooden dining tables | Sofas and armchairs | Wooden bookcases | Stacking or folding chairs | Leather stools | Leather chairs | Wooden stools | Wooden living room tables | Wooden chairs","furniture","take","Salone Internazionale del Mobile","yes","https://nagano-interior.co.jp/","no","unclear","NAGANO INTERIORは、1946年に福岡県朝倉市で創業したチェア・ソファ・テーブルを製造卸販売する国産家具・インテリアブランドです。無垢材にこだわり、それぞれの暮らしに寄り添ったカスタムオーダーができます。","","role inbox","Live site but no catalogue, cart or contact route found, needs a look"
"Naos srl","www.naos.net","naos@naos.net","f.porcini@naos.net","+39 055913611","ITA","Figline Valdarno","Via Ottone Rosai 1","Salone del Mobile 2026","SMI","07","C19","","Dining rooms, living rooms | Outdoor furniture | Upholstered furniture | Furniture","Metal and glass dining tables | Marble dining tables | Metal and glass living room tables | Metal bookcases | Extension dining tables | Marble living room tables | Dining rooms | Stacking and nesting living room tables | Metal stools | Sofas and armchairs | Outdoor furniture and accessories | Metal sideboards | Metal chairs | Metal or glass trolleys | Hall furniture","furniture","take","Salone Internazionale del Mobile","yes","https://www.naos.net","yes","unclear","Naos: The Original Action Design. Tables, CoffeTables, Chairs and more.","","other","Already runs a visualiser but no catalogue, cart or contact route found, so confirm there is a shopper to capture"
"Nardi spa","www.nardioutdoor.com","info@nardioutdoor.com","marketing@nardioutdoor.com","+39 0444422100","ITA","Chiampo","Via Delle Stanga' 14","Salone del Mobile 2026","SMI","14","A23 B22","","Dining rooms, living rooms | Outdoor furniture | Upholstered furniture","Stacking and nesting living room tables | Plastic chairs | Sofas and armchairs | Upholstered rocking-chairs | Plastic dining tables | Leisure armchairs | Outdoor furniture and accessories | Stacking or folding chairs | Extension dining tables | Rocking-chairs | Plastic living room tables | Wooden chairs","furniture","take","Salone Internazionale del Mobile","unreachable","","","","","HTTP Error 403: Forbidden","role inbox","Site did not respond, check it by hand before spending a credit"
"Natevo","www.natevo.com","info@natevo.com","c.mariani@flou.it","+39 03623731","ITA","Meda","Via Cadorna 12","Salone del Mobile 2026","SMI","11","A15 B12","","Bedrooms | Dining rooms, living rooms | Outdoor furniture | Upholstered furniture | Furniture","Wooden dining tables | Bedrooms | Metal and glass living room tables | Living rooms | Wooden bookcases | Mattresses | Metal bookcases | Wooden living room tables | Marble living room tables | Sofas and armchairs | Mirrors | Outdoor furniture and accessories | Metal chairs | Upholstered beds | Wooden beds | Metal beds | Convertible beds | Sofa beds and armchair beds | Wooden chairs","furniture","take","Salone Internazionale del Mobile","yes","https://www.natevo.com/en","no","consumer, via dealers","","","role inbox","No visualiser yet and markets to shoppers and routes them to dealers, so this is the full pitch rather than an upgrade"
"Nature Design srl","www.naturedesign.com","info@naturedesign.com","info@naturedesign.com","+39 0442321236","ITA","Cerea","Viale del Lavoro 1","Salone del Mobile 2026","SMI","11","M20 M24","","Bedrooms | Dining rooms, living rooms | Upholstered furniture | Furniture","Marble dining tables | Metal and glass living room tables | Wooden sideboards | Wooden bookcases | Marble or stone furniture | Metal bookcases | Wooden living room tables | Marble living room tables | TV tables | Mirrors | Sofas and armchairs | Upholstered rocking-chairs | Metal chairs | Upholstered beds | Wooden beds | Glass furniture | Rocking-chairs | Wooden stools | Plastic stools | Wooden chairs","furniture","take","Salone Internazionale del Mobile","yes","https://naturedesign.com/","no","catalogue only","Ethereal Light","","role inbox","Publishes collections with a contact form as the only way in, which is the exact problem the email opens on. Audience unconfirmed"
"Natuzzi Italia","www.natuzzi.com","info@natuzzi.com","bcolapinto@natuzzi.com","+39 0808820111","ITA","Santeramo in Colle","Via Iazzitiello 47","Salone del Mobile 2026","SMI","11","L15","","Bedrooms | Dining rooms, living rooms | Upholstered furniture","Leisure armchairs | Wooden dining tables | Metal and glass dining tables | Marble dining tables | Metal and glass living room tables | Wooden bookcases | Mattresses | Metal bookcases | Leather chairs | Wooden living room tables | Marble living room tables | Dining rooms | Sofas and armchairs | Metal chairs | Upholstered beds | Sofa beds and armchair beds | Wooden chairs","furniture","take","Salone Internazionale del Mobile","unreachable","","","","","HTTP Error 403: Forbidden","role inbox","Site did not respond, check it by hand before spending a credit"
"NDESIGN","www.ndesign.com.tr","info@ndesign.com.tr","betulgulec@ndesign.com.tr","+90 (224) 7148068","TUR","Inegöl, Bursa","Süleymaniye-OSB Mh. 1 Cad. No: 16","Salone del Mobile 2026","SMI","03","D26","","Bedrooms | Dining rooms, living rooms | Upholstered furniture | Furniture","Wooden dining tables | Marble dining tables | Bedrooms | Living rooms | Wooden sideboards | Wooden bookcases | Marble or stone furniture | Metal bookcases | Extension dining tables | Leather chairs | Wooden living room tables | Marble living room tables | Dining rooms | Partition wardrobes | TV tables | Mirrors | Sofas and armchairs | Leather furniture | Upholstered beds | Wooden beds | Leather stools | Rocking-chairs | Wooden stools | Sofa beds and armchair beds | Wardrobes | Wooden chairs","furniture","take","Salone Internazionale del Mobile","yes","https://www.ndesign.com.tr","no","consumer, sells online","Modern ve zarif mobilya tasarımlarıyla evinizin tarzını yeniden keşfedin. Yenilikçi çözümler ve özel dokunuşlarla kalite ve şıklığı bir arada sunuyoruz.","","role inbox","No visualiser yet and sells direct to shoppers, so this is the full pitch rather than an upgrade"
"next125","www.next125.de","export@schueller.de","karl.ankenbrand@schueller.de","+49 (9825) 830","DEU","Herrieden","Rother Strasse 1","Salone del Mobile 2026","EUC","02","A15 B18","","Kitchens","Wood kitchens | Plastic laminate kitchens | Lacquered kitchens","furniture","take","EuroCucina","yes","https://www.next125.com/de/","no","consumer, via dealers","Entdecken Sie next125 Küchen und lassen Sie sich von moderner Küchen Inspiration und kreativen Küchengestaltung Ideen für Ihr perfektes Zuhause begeistern.","","role inbox","No visualiser yet and markets to shoppers and routes them to dealers, so this is the full pitch rather than an upgrade"
"Nicoletti Home","www.nicolettihome.com","info@nicolettihome.com","giancarlo@nicolettihome.com","+39 0835303364","ITA","Matera","Contrada Serritello La Valle","Salone del Mobile 2026","SMI","07","C07","","Upholstered furniture","Sofas and armchairs","furniture","take","Salone Internazionale del Mobile","yes","https://nicolettihome.com/","yes","consumer, sells online","","","role inbox","Already runs a visualiser and sells direct to shoppers, so the gap is what happens after the render. Sharpest segment"
"Nicoline Salotti srl","www.nicoline.it","info@nicoline.it","m.palasciano@nicoline.it","+39 0803101487","ITA","Altamura","C.da Parchi Calia sn z.i. Pip","Salone del Mobile 2026","SMI","05","B20","","Upholstered furniture","Sofas and armchairs","furniture","take","Salone Internazionale del Mobile","yes","https://www.nicoline.it","no","catalogue only","","","role inbox","Publishes collections with a contact form as the only way in, which is the exact problem the email opens on. Audience unconfirmed"
"Nikari oy","www.nikari.fi","nikari@nikari.fi","johanna.vuorio@nikari.fi","+358 (10) 3151310","FIN","Fiskars","Peltorivi 13","Salone del Mobile 2026","SMI","22","B07","","Bedrooms | Dining rooms, living rooms | Outdoor furniture | Upholstered furniture | Furniture","Wooden dining tables | Sofas and armchairs | Wooden trolleys | Bedrooms | Outdoor furniture and accessories | Living rooms | Wooden sideboards | Extension dining tables | Wooden living room tables | Wooden stools | Dining rooms | Wooden chairs","furniture","take","Salone Internazionale del Mobile","yes","https://nikari.fi/","no","consumer, sells online","","","other","No visualiser yet and sells direct to shoppers, so this is the full pitch rather than an upgrade"
"Nisi Family 1972","www.nisifamily.com","mirko@nisifamily1972.com","mirko@ennenne-group.com","+34 (968) 228310","ESP","Yecla","Calle Doctor Pedro Pons 5","Salone del Mobile 2026","SMI","01","A33","","Outdoor furniture","Outdoor furniture and accessories","furniture","take","Salone Internazionale del Mobile","unreachable","","","","","<urlopen error [Errno -3] Temporary failure in name resolution>","other","Site did not respond, check it by hand before spending a credit"
"Nobili spa Rubinetterie","www.grupponobili.it","info@grupponobili.it","e.bertola@nobili.it","+39 0322885885","ITA","Borgomanero","Via Lagone 32","Salone del Mobile 2026","ARB","10","A09 A11","","Sanitary ware, tapware, radiators, coverings, wellness","Bathroom, laundry and/or kitchen tapware","furniture","take","International Bathroom Exhibition","yes","https://www.nobili.it/en/","no","consumer, via dealers","Let you marvel at taps and showers of the highest made in Italy excellence, 100% Nobili since 1954.","","role inbox","No visualiser yet and markets to shoppers and routes them to dealers, so this is the full pitch rather than an upgrade"
"nobilia","www.nobilia.de","info@nobilia.de","theresa_potthoff@nobilia.de","+49 (5246) 5080","DEU","Verl","Waldstrasse 53-57","Salone del Mobile 2026","EUC","02","B23 B27","","Kitchens | Bathroom furniture and accessories | Furniture | Kitchen furnishing accessories","Plastic laminate kitchens | Bathroom furniture and accessories | Lacquered kitchens | Furniture | Kitchen furnishing accessories","furniture","take","EuroCucina","yes","https://www.nobilia.de/en/","no","consumer, via dealers","Experience the wonderful world of kitchens from Germany’s leading kitchen manufacturer – nobilia. You are just a few steps away from your dream kitchen. Let’s get started.","","role inbox","No visualiser yet and markets to shoppers and routes them to dealers, so this is the full pitch rather than an upgrade"
"Nodo Italia","www.nodoitalia.com","info@nodoitalia.com","matteo.mandelli@leolori.com","+39 3472225828","ITA","Lazzate","Via Marco Biagi 11","Salone del Mobile 2026","SMI","18","C04","","Outdoor furniture","Outdoor furniture and accessories","furniture","take","Salone Internazionale del Mobile","yes","https://nodoitalia.com/en/","no","consumer, sells online","","","role inbox","No visualiser yet and sells direct to shoppers, so this is the full pitch rather than an upgrade"
"Nolte Küchen GmbH & Co. KG","www.nolte-kuechen.com","info@nolte-kuechen.de","nils.hardtke@nolte-kuechen.de","+49 (5732) 8990","DEU","Löhne","Anni-Nolte-Strasse 4","Salone del Mobile 2026","EUC","04","D21 D23","","Kitchens","Wood kitchens | Plastic laminate kitchens | Lacquered kitchens","furniture","take","EuroCucina","yes","https://www.nolte-kuechen.com/de-DE/privatkunden","yes","consumer, via dealers","Entdecken Sie Küchen von nolte: vielfältige Designs, Farben und Materialien, clevere Planungslösungen und Inspiration für Ihre Traumküche.","","role inbox","Already runs a visualiser and markets to shoppers and routes them to dealers, so the gap is what happens after the render. Sharpest segment"
"Nordarin Prod Com","www.nordarin.com","office@nordarin.com","eniko.beno@nordarin.com","+40 (233) 241600","ROU","Jud. Neamt","Sat. Preluca 1 Com. Pangarati","Salone del Mobile 2026","SMI","03","C28 D35","","Dining rooms, living rooms","Wooden dining tables | Wooden sideboards | Wooden living room tables","furniture","take","Salone Internazionale del Mobile","yes","https://www.nordarin.com","no","consumer, sells online","","","role inbox","No visualiser yet and sells direct to shoppers, so this is the full pitch rather than an upgrade"
"Nouhaus Co. ltd","www.nouhaus.co.kr","ea@nouhaus.co.kr","ea@nouhaus.co.kr","+82 (2) 34099500","KOR","Seoul","4f, KJ Tower 207, Bongeunsa-ro Gangnam-gu","Salone del Mobile 2026","SMI","03","C30","","Dining rooms, living rooms | Upholstered furniture","Leisure armchairs | Sofas and armchairs | Living rooms | Home cinema / Home-theatre seating","furniture","take","Salone Internazionale del Mobile","yes","https://www.nouhaus.co.kr","no","consumer, sells online","스타일과 기능을 넘다. 다양한 이들의 취향과 삶의 방식을 이해하고 그들의 공간에 자연스럽게 녹아들어 개인의 생활에 맞는 가구. 누하스안마의자","","other","No visualiser yet and sells direct to shoppers, so this is the full pitch rather than an upgrade"
"Novaluna srl","www.novalunaitalia.com","commerciale@novalunaitalia.com","antonio@antoniocornacchia.com","+39 08351891001","ITA","Matera","Via Appia Antica km 13 z.i. Jesce","Salone del Mobile 2026","SMI","07","D08","","Bedrooms | Upholstered furniture","Sofas and armchairs | Bedrooms | Folding beds | Upholstered beds","furniture","take","Salone Internazionale del Mobile","yes","https://www.novalunaitalia.com/en/","no","consumer, via dealers","Novaluna®. Emotions and design®.","","role inbox","No visualiser yet and markets to shoppers and routes them to dealers, so this is the full pitch rather than an upgrade"
"Novara Outdoor Kitchens","www.novara.es","info@novara.es","jose.l@novara.es","+34 934 743696","ESP","Cornellà de Llobregat (Barcelona)","C/Calderon de la Barca 1","Salone del Mobile 2026","EUC","04","D22","","Kitchens","Metal kitchens","furniture","take","EuroCucina","yes","https://www.novaraoutdoor.com/","no","consumer, via dealers","Primer sistema modular personalizable de cocinas de exterior de gran calidad. Resistente, duradero y preparado para el aire libre.","","role inbox","No visualiser yet and markets to shoppers and routes them to dealers, so this is the full pitch rather than an upgrade"
"Novello srl","www.novello.it","info@novello.it","monica@novello.it","+39 041430733","ITA","Mirano","Via Guido Novello 1","Salone del Mobile 2026","ARB","06","C24","","Sanitary ware, tapware, radiators, coverings, wellness | Bathroom furniture and accessories","Bathroom accessories | Laundry furniture | Bath tubs and whirlpool tubs | Bathroom furniture","furniture","take","International Bathroom Exhibition","yes","https://novello.it/","no","consumer, sells online","Novello è il leader per l'arredo e design del bagno dal 1956: il Made in Italy, quello vero.","","role inbox","No visualiser yet and sells direct to shoppers, so this is the full pitch rather than an upgrade"
"Nube di Nicoli Antonio & C. snc","www.nubeitalia.com","nubeitalia@nubeitalia.com","simona@nubeitalia.com","+39 031780295","ITA","Figino Serenza","Via Don L. Meroni 87","Salone del Mobile 2026","SMI","18","B09","","Bedrooms | Dining rooms, living rooms | Upholstered furniture","Wooden dining tables | Sofas and armchairs | Metal and glass living room tables | Wooden sideboards | Upholstered beds | Wooden living room tables | Dining rooms","furniture","take","Salone Internazionale del Mobile","unreachable","","","","","<urlopen error _ssl.c:999: The handshake operation timed out>","other","Site did not respond, check it by hand before spending a credit"
"Nucci","www.nucci.design","info@nucci.design","claudia@mobilduenne.it","+39 073597120","ITA","Ripatransone","Z.I. Capo di Termine 1","Salone del Mobile 2026","ARB","06","B24","","Sanitary ware, tapware, radiators, coverings, wellness | Bathroom furniture and accessories","Bathroom accessories | Bathroom, laundry and/or kitchen tapware | Laundry furniture | Bath tubs and whirlpool tubs | Bathroom furniture | Sanitary ware","furniture","take","International Bathroom Exhibition","yes","https://www.nucci.design","no","consumer, sells online","","","role inbox","No visualiser yet and sells direct to shoppers, so this is the full pitch rather than an upgrade"
"Nunc","www.nunc.design","info@nunc.design","mladen.salinovic@ancona-grupa.hr","+385 (31) 840840","HRV","Djakovo","Makarska ulica 29","Salone del Mobile 2026","SMI","03","D01","","Bedrooms | Dining rooms, living rooms | Outdoor furniture | Upholstered furniture | Furniture","Leisure armchairs | Wooden dining tables | Extension dining tables | Leather chairs | Wooden living room tables | Metal stools | Sofas and armchairs | Mirrors | Outdoor furniture and accessories | Leather furniture | Metal chairs | Upholstered beds | Leather stools | Wooden stools | Wardrobes | Wooden chairs","furniture","take","Salone Internazionale del Mobile","yes","https://nunc.design/","no","consumer, sells online","","","role inbox","No visualiser yet and sells direct to shoppers, so this is the full pitch rather than an upgrade"
"Oala - Palazzo Pisos e Revestimentos lda","www.oala.com.br","oi@oala.com.br","oi@oala.com.br","","BRA","Ano Bom, Corupa","R Ano Bom 1081","Salone del Mobile 2026","SMI","03","C06 C08 D07 D09","","Dining rooms, living rooms","Stacking and nesting living room tables","furniture","take","Salone Internazionale del Mobile","unreachable","","","","","HTTP Error 429: Too Many Requests","other","Site did not respond, check it by hand before spending a credit"
"Officine Gullo srl","www.officinegullo.com","info@officinegullo.com","i.bartoli@officinegullo.com","+39 0556560324","ITA","Bagno a Ripoli","Via della Torricella 25","Salone del Mobile 2026","EUC","02","B06","","Kitchens","Metal kitchens","furniture","take","EuroCucina","yes","https://officinegullo.com/","no","catalogue only","Officine Gullo produce cucine di lusso artigianali, con materiali di alta qualità e un design unico e raffinato.","","role inbox","Publishes collections with a contact form as the only way in, which is the exact problem the email opens on. Audience unconfirmed"
"OGO Furniture","www.ogofurniture.com","design@ogofurniture.com","design@ogofurniture.com","+34 (961) 241764","ESP","Alcàsser, Valencia","Calle Argenters 31 Pol. Ind. El Alter Apdo de Correos 79","Salone del Mobile 2026","SMI","07","C36","","Outdoor furniture","Outdoor furniture and accessories","furniture","take","Salone Internazionale del Mobile","yes","https://ogofurniture.com/","no","consumer, sells online","Explore OGO Furniture's innovative, island-inspired outdoor furniture designed for style and durability. Enhance your spaces with our unique products","","other","No visualiser yet and sells direct to shoppers, so this is the full pitch rather than an upgrade"
"Olta","www.olta.eu","sales@olta.eu","martynazadlo@gmail.com","+48 (690) 144225","POL","Ignatki","Ignatki 40/6","Salone del Mobile 2026","SMI","01","A35","","Upholstered furniture","Sofas and armchairs","furniture","take","Salone Internazionale del Mobile","yes","https://olta.eu/","no","consumer, via dealers","","","role inbox","No visualiser yet and markets to shoppers and routes them to dealers, so this is the full pitch rather than an upgrade"
"Ombrellificio il Parco Eredi di Pozza","www.ombrellificioilparco.it","tecnico@ombrellificioilparco.it","tecnico@ombrellificioilparco.it","+39 04291962040","ITA","Trento","Via Praga 5","Salone del Mobile 2026","SMI","01","B39","","Outdoor furniture","Outdoor umbrellas | Outdoor furniture and accessories","furniture","take","Salone Internazionale del Mobile","yes","https://www.ombrellificioilparco.it","yes","catalogue only","Gamma completa di prodotti come ombrelloni, gazebo, pavimentazioni e componenti per arredo esterno. Tante soluzioni per coperture esterne di ristoranti, catering spiagge ed eventi all","","other","Already runs a visualiser but publishes collections and a catalogue with a contact form as the only way in, so confirm there is a shopper to capture"
"Ombrellificio r.t. Magnani srl","www.ombrellificiomagnani.com","info@ombrellificiomagnani.com","info@ombrellificiomagnani.com","+39 0547301848","ITA","Cesena","Via Malanotte 574","Salone del Mobile 2026","SMI","01","B39","","Outdoor furniture","Outdoor umbrellas | Outdoor furniture and accessories","furniture","take","Salone Internazionale del Mobile","yes","https://www.ombrellificiomagnani.com:443/","yes","catalogue only","Produzione di ombrelloni e lettini professionali in alluminio per stabilimenti balneari, spiagge e piscine. Entra e scopri tutto il catalogo Magnani.","","role inbox","Already runs a visualiser but publishes collections and a catalogue with a contact form as the only way in, so confirm there is a shopper to capture"
"Ombres et Facettes","www.ombresetfacettes.com","contact@ombresetfacettes.com","contact@ombresetfacettes.com","+33 (06) 11806270","FRA","Saint Laurent Nouan","10 Rue de l'Industrie","Salone del Mobile 2026","SMI","13","C29","","Dining rooms, living rooms","Metal stools | Metal sideboards | Dining rooms","furniture","take","Salone Internazionale del Mobile","yes","https://ombresetfacettes.com/","no","consumer, sells online","","","role inbox","No visualiser yet and sells direct to shoppers, so this is the full pitch rather than an upgrade"
"Ondarreta Mesas y Sillas sl","www.ondarreta.com","hola@ondarreta.com","marketing@ondarreta.com","+34 (943) 490301","ESP","Oiartzun (Gipuzkoa)","Zuaznabar Kalea 83","Salone del Mobile 2026","SMI","22","B25","","Dining rooms, living rooms | Outdoor furniture | Upholstered furniture","Plastic chairs | Wooden dining tables | Sofas and armchairs | Outdoor furniture and accessories | Metal bookcases | Stacking or folding chairs | Extension dining tables | Wooden living room tables | Wooden stools | Wooden chairs","furniture","take","Salone Internazionale del Mobile","yes","https://www.ondarreta.com","yes","unclear","","","other","Already runs a visualiser but no catalogue, cart or contact route found, so confirm there is a shopper to capture"
"Ongaro & Fuga Murano srl","www.ongaroefuga.com","info@ongaroefuga.com","ludovico.fuga@ongaroefuga.com","+39 0410996927","ITA","Murano","Calle del Cristo, 8","Salone del Mobile 2026","SMI","15","B36","","Dining rooms, living rooms | Furniture","Mirrors | Metal and glass dining tables | Metal and glass living room tables | Living rooms | Glass furniture | Hall furniture","furniture","take","Salone Internazionale del Mobile","yes","https://ongaroefuga.com/","no","catalogue only","Elevate your space with the exquisite craftsmanship of Ongaro&Fuga's luxury designer mirrors, handcrafted in the heart of Venice for a touch of timeless elegance","","role inbox","Publishes collections with a contact form as the only way in, which is the exact problem the email opens on. Audience unconfirmed"
"Ormo's","www.ormossofas.com","export@ormossofas.com","export@ormossofas.com","+34 (954) 750332","ESP","Pilas","P I La Pila, Avda. Manuel Salado Rodriguez 13","Salone del Mobile 2026","SMI","07","C30","","Upholstered furniture","Leisure armchairs | Sofas and armchairs | Upholstered rocking-chairs | Home cinema / Home-theatre seating | Sofa beds and armchair beds","furniture","take","Salone Internazionale del Mobile","yes","https://ormossofas.com/","no","consumer, sells online","Nuestros showrooms para profesionales","","role inbox","No visualiser yet and sells direct to shoppers, so this is the full pitch rather than an upgrade"
"Ornare - Gabs","www.ornare.com.br","murillo@ornare.com.br","murillo@ornare.com.br","","BRA","Rio Cotia","Rua Etiopia 310","Salone del Mobile 2026","SMI","03","C06 C08 D07 D09","","Bedrooms | Furniture","Leather furniture | Walk-in robes | Wardrobes | Partition wardrobes","furniture","take","Salone Internazionale del Mobile","yes","https://www.ornare.com.br/en/home-en-2/","no","consumer, via dealers","Conheça a história da família Schattan, sua trajetória, conquistas, parceirias internacionais e prêmios. Ornare excelência em móveis de alto padrão!","","other","No visualiser yet and markets to shoppers and routes them to dealers, so this is the full pitch rather than an upgrade"
"Oxley's Furniture ltd","www.oxleys.com","info@oxleys.com","nick@oxleys.com","+44 (1386) 701894","GBR","Blockley, Gloucestershire","Dovedale,Greenway Road","Salone del Mobile 2026","SMI","15","A43","","Outdoor furniture","Outdoor furniture and accessories","furniture","take","Salone Internazionale del Mobile","yes","https://www.oxleys.com","no","consumer, sells online","Oxley’s luxury outdoor furniture is made with enduring craftsmanship to last a lifetime by skilled workers in heart of the Cotswolds.","","role inbox","No visualiser yet and sells direct to shoppers, so this is the full pitch rather than an upgrade"
"PAA Ltd","www.paabaths.com","info@paa.lv","aleksandra@paa.lv","+371 (26) 333 237","LVA","Riga","Unijas iela 12a","Salone del Mobile 2026","ARB","06","D26","","Sanitary ware, tapware, radiators, coverings, wellness","Bath tubs and whirlpool tubs | Sanitary ware","furniture","take","International Bathroom Exhibition","yes","https://paabaths.com/","no","consumer, sells online","","","role inbox","No visualiser yet and sells direct to shoppers, so this is the full pitch rather than an upgrade"
"Pambianco srl","www.pambianconews.com","segreteria@pambianco.com","c.cogliandolo@pambianco.com","+39 0276388600","ITA","Milano","Corso Giacomo Matteotti 11","Salone del Mobile 2026","SMI","C.so Italia","FRONTE PADD 5/7 S 20","","Trade newspapers, magazines and publications","Trade newspapers, magazines and publications","furniture","take","Salone Internazionale del Mobile","yes","https://www.pambianconews.com","no","consumer, sells online","","","other","No visualiser yet and sells direct to shoppers, so this is the full pitch rather than an upgrade"
"PANERAI","www.panerai.com","info@panerai.com","valentina.gastaldo@panerai.com","+39 0230231","ITA","Milano","Via Benigno Crespi 26","Salone del Mobile 2026","SMI","C.so Italia","CORSO ITALIA 30","","OTHER","","furniture","take","Salone Internazionale del Mobile","unreachable","","","","","HTTP Error 403: Forbidden","role inbox","Site did not respond, check it by hand before spending a credit"
"Papadatos sa","www.papadatos.gr","export@papadatos.gr","export@papadatos.gr","+30 (210) 8079300","GRC","Acharne (Athens)","Tatoiou Avenue 196","Salone del Mobile 2026","SMI","18","E16 D21 D23","","Bedrooms | Dining rooms, living rooms | Outdoor furniture | Upholstered furniture | Furniture","Wooden dining tables | Sofas and armchairs | Marble dining tables | Bedrooms | Outdoor furniture and accessories | Living rooms | Wooden sideboards | Marble or stone furniture | Upholstered beds | Sofa beds and armchair beds | Marble living room tables | Dining rooms","furniture","take","Salone Internazionale del Mobile","yes","https://papadatos.gr/en","yes","consumer, via dealers","","","role inbox","Already runs a visualiser and markets to shoppers and routes them to dealers, so the gap is what happens after the render. Sharpest segment"
"Park Avenue","www.parkavenue.it","info@parkavenue.it","f.lombardi@parkavenue.it","+39 0571531218","ITA","Vinci - Sovigliana","Via Spartaco Marmugi 1","Salone del Mobile 2026","ARB","06","C28","","Sanitary ware, tapware, radiators, coverings, wellness | Bathroom furniture and accessories","Bathroom accessories | Bathroom, laundry and/or kitchen tapware | Wall and floor coverings | Shower cubicles | Bath tubs and whirlpool tubs | Bathroom furniture | Sanitary ware | Radiators","furniture","take","International Bathroom Exhibition","yes","https://www.parkavenue.it/en","no","consumer, sells online","Park Avenue redefines the concept of luxury bathrooms","","role inbox","No visualiser yet and sells direct to shoppers, so this is the full pitch rather than an upgrade"
"Paul Rogers","www.paulrogers.be","info@paulrogers.be","louis@pr-living.com","+32 (56) 625190","BEL","Waregem","Kalkhoevestraat 51","Salone del Mobile 2026","SMI","18","B10","","Dining rooms, living rooms | Outdoor furniture | Upholstered furniture | Furniture","Metal stools | Wooden dining tables | Mirrors | Sofas and armchairs | Outdoor furniture and accessories | Living rooms | Metal chairs | Modular living rooms | Wooden living room tables | Wooden stools | Dining rooms | Wooden chairs","furniture","take","Salone Internazionale del Mobile","yes","https://www.paulrogers.be","no","consumer, sells online","Premium furniture crafted with three generations of expertise. Timeless design for hospitality and home. Kwaliteitsmeubelen met drie generaties vakmanschap. Ti...","","role inbox","No visualiser yet and sells direct to shoppers, so this is the full pitch rather than an upgrade"
"Paulangelo Design srl","www.paulangelodesign.it","amministrazione@paulangelodesign.com","amministrazione@paulangelodesign.com","+39 0802228285","ITA","Santeramo in Colle","Via Caduti del Lavoro snc","Salone del Mobile 2026","SMI","01","A33","","Bedrooms | Outdoor furniture | Upholstered furniture","Leisure armchairs | Sofas and armchairs | Upholstered rocking-chairs | Outdoor furniture and accessories | Home cinema / Home-theatre seating | Upholstered beds | Sofa beds and armchair beds","furniture","take","Salone Internazionale del Mobile","yes","https://www.paulangelodesign.it","no","consumer, sells online","Dal 2004 Paulangelo Design è specializzata nella produzione e vendita di divani e poltrone in pelle e tessuto di alta qualità. Manifattura 100% Made in Italy!","","other","No visualiser yet and sells direct to shoppers, so this is the full pitch rather than an upgrade"
"Paulo Antunes Furniture","www.pauloantunes.net","info@pauloantunes.net","barbarafernandes@pauloantunes.net","+351 (25) 3368530","PRT","Fiscal, Amares","Av. Sto. Antonio 67","Salone del Mobile 2026","SMI","14","D33","","Bedrooms | Dining rooms, living rooms | Upholstered furniture | Furniture","Leisure armchairs | Wooden dining tables | Marble dining tables | Home cinema / Home-theatre seating | Wooden sideboards | Wooden bookcases | Leather chairs | Wooden living room tables | Sofas and armchairs | Mirrors | Leather furniture | Upholstered beds | Leather stools | Wooden stools | Sofa beds and armchair beds | Wooden chairs","furniture","take","Salone Internazionale del Mobile","yes","https://www.pauloantunes.net","no","consumer, sells online","Subscribe to our newsletter","","role inbox","No visualiser yet and sells direct to shoppers, so this is the full pitch rather than an upgrade"
"Pedrali","www.pedrali.it","info@pedrali.it","marika.pagani@pedrali.it","+39 0358358840","ITA","Mornico al Serio","Strada Provinciale 122","Salone del Mobile 2026","SMI","24","C27 C35","","Light fixtures | Dining rooms, living rooms | Outdoor furniture | Upholstered furniture | Furniture","Leisure armchairs | Plastic chairs | Wooden dining tables | Metal and glass dining tables | Marble dining tables | Metal and glass living room tables | Wooden sideboards | Metal bookcases | Extension dining tables | Leather chairs | Wooden living room tables | Marble living room tables | Metal stools | Sofas and armchairs | Outdoor furniture and accessories | Light fixtures | Metal chairs | Stacking or folding chairs | Leather stools | Hall furniture | Wooden stools | Plastic stools | Wooden chairs","furniture","take","Salone Internazionale del Mobile","yes","https://www.pedrali.com/en-us","no","unclear","Discover the Pedrali collections: 100% Made in Italy chairs, tables and furnishings. For use in the office, at home and in public and outdoor spaces..Enter now!","","role inbox","Live site but no catalogue, cart or contact route found, needs a look"
"Per/Use","www.peruse.be","info@peruse.be","marketing@joli.be","+32 (56) 372716","BEL","Kuurne","Industrielaan 5","Salone del Mobile 2026","SMI","05","B23","","Dining rooms, living rooms | Outdoor furniture | Upholstered furniture | Furniture","Wooden dining tables | Sofas and armchairs | Mirrors | Outdoor furniture and accessories | Leather furniture | Extension dining tables | Leather chairs | Hall furniture","furniture","take","Salone Internazionale del Mobile","yes","https://www.peruse.be","no","consumer, via dealers","PER/USE combines the finest Belgian craftsmanship with a global perspective to shape innovative, high-end functional design.","","role inbox","No visualiser yet and markets to shoppers and routes them to dealers, so this is the full pitch rather than an upgrade"
"Perfini Ind. e Com. ltda","www.perfini.com.br","rosangela@perfini.com.br","rosangela@perfini.com.br","+55 (91) 32249207","BRA","Umarizal, Belém - PA","R. Diogo Móia 160","Salone del Mobile 2026","SMI","03","C06 C08 D07 D09","","Bedrooms | Dining rooms, living rooms | Upholstered furniture | Furniture","Wooden dining tables | Sofas and armchairs | Upholstered rocking-chairs | Wooden trolleys | Wooden sideboards | Wooden beds | Rocking-chairs | Wooden stools | Wooden living room tables | Cocktail cabinets | Wooden chairs","furniture","take","Salone Internazionale del Mobile","unreachable","","","","","<urlopen error [Errno -2] Name or service not known>","other","Site did not respond, check it by hand before spending a credit"
"Pianca spa Società Benefit","www.pianca.com","info@pianca.com","silvia.gigante@pianca.com","+39 0434756911","ITA","Gaiarine","Via dei Cappellari 20","Salone del Mobile 2026","SMI","05","B05","","Bedrooms | Dining rooms, living rooms | Outdoor furniture | Upholstered furniture | Furniture","Wooden dining tables | Marble dining tables | Bedrooms | Living rooms | Wooden sideboards | Wooden bookcases | Modular living rooms | Walk-in robes | Extension dining tables | Sliding or fixed partitions for walk-in robes | Leather chairs | Wooden living room tables | Marble living room tables | Dining rooms | Partition wardrobes | Sofas and armchairs | Mirrors | Outdoor furniture and accessories | Upholstered beds | Wooden beds | Convertible beds | Sofa beds and armchair beds | Wardrobes | Wooden chairs","furniture","take","Salone Internazionale del Mobile","yes","https://pianca.com/","yes","consumer, via dealers","Pianca Spa crea sistemi e complementi d’arredo su misura per il residenziale, zona notte e giorno e per il mondo del contract.","","role inbox","Already runs a visualiser and markets to shoppers and routes them to dealers, so the gap is what happens after the render. Sharpest segment"
"Piaval srl","www.piaval.it","info@piaval.it","piani.elisa@piaval.it","+39 0432756046","ITA","San Giovanni al Natisone","Via del Collio 57","Salone del Mobile 2026","SMI","18","D07","","Dining rooms, living rooms | Outdoor furniture | Upholstered furniture","Leisure armchairs | Metal stools | Wooden dining tables | Sofas and armchairs | Outdoor furniture and accessories | Metal chairs | Stacking or folding chairs | Wooden living room tables | Wooden stools | Sofa beds and armchair beds | Wooden chairs","furniture","take","Salone Internazionale del Mobile","yes","https://piaval.it/","no","consumer, sells online","","","role inbox","No visualiser yet and sells direct to shoppers, so this is the full pitch rather than an upgrade"
"Piegatto","www.piegatto.com","pietro@piegatto.com","pietro@piegatto.com","+502 (23) 663377","GTM","Guatemala","15 Calle 7-41 Zona 10","Salone del Mobile 2026","SMI","18","F12","","Dining rooms, living rooms | Outdoor furniture | Upholstered furniture | Furniture","Leisure armchairs | Wooden dining tables | Sofas and armchairs | Outdoor furniture and accessories | Living rooms | Wooden sideboards | Marble or stone furniture | Wooden living room tables | Wooden stools | Cocktail cabinets | Dining rooms | Wooden chairs","furniture","take","Salone Internazionale del Mobile","yes","https://piegatto.com/","no","consumer, sells online","Piegatto is a Design Studio based in Guatemala focused in creating new ideas in furniture, art and architecture that beautify the world.","","other","No visualiser yet and sells direct to shoppers, so this is the full pitch rather than an upgrade"
"Pierre Cardin Bedding","www.pierrecardinbedding.com.tr","export@pierrecardinbedding.com.tr","serkanduman@taskiranlar.com.tr","+90 (533) 0369699","TUR","Izmir","Kamill Tunca Cad. 273/A Altinag, Bornova","Salone del Mobile 2026","SMI","03","D30","","Bedrooms | Upholstered furniture","Upholstered beds | Mattresses","furniture","take","Salone Internazionale del Mobile","unreachable","","","","","HTTP Error 403: Forbidden","role inbox","Site did not respond, check it by hand before spending a credit"
"Piet Boon Collection","www.pietbooncollection.com","info@pietbooncollection.com","niels@pietbooncollection.com","+31 (30) 8200090","NLD","LN Zeist","Johannes Postlaan 6","Salone del Mobile 2026","SMI","11","E20 E22","","Bedrooms | Dining rooms, living rooms | Outdoor furniture | Upholstered furniture | Furniture","Leisure armchairs | Wooden dining tables | Marble dining tables | Wooden sideboards | Wooden bookcases | Leather chairs | Wooden living room tables | Marble living room tables | Metal stools | Sofas and armchairs | Mirrors | Outdoor furniture and accessories | Leather furniture | Metal chairs | Upholstered beds | Leather stools | Wooden stools | Sofa beds and armchair beds | Wooden chairs","furniture","take","Salone Internazionale del Mobile","yes","https://pietboon.com/products/","no","consumer, sells online","We collaborate with like-minded brands to complement the Piet Boon vision with quality products that elevate or stand alone in any interior.","","role inbox","No visualiser yet and sells direct to shoppers, so this is the full pitch rather than an upgrade"
"Pikart","www.pikartlights.com","pikartlights@gmail.com","pikartlights@gmail.com","+380 (68) 7552828","UKR","Lviv","Llihanska St. 9","Salone del Mobile 2026","SMI","05","A23 A25","","Dining rooms, living rooms | Furniture","Mirrors | Marble or stone furniture | Metal bookcases | Glass furniture | Marble living room tables","furniture","take","Salone Internazionale del Mobile","yes","https://pikartlights.com/","no","consumer, sells online","Гарна оселя варта гідного освітлення. Pikart Lights - світильники, люстри та елементи інтер'єру виготовленні в Україні.","","other","No visualiser yet and sells direct to shoppers, so this is the full pitch rather than an upgrade"
"Pimar srl","www.pimarlimestone.com","info@pimarlimestone.com","saverio@pimarlimestone.com","+39 0836483285","ITA","Cursi","Via Manzoni 36","Salone del Mobile 2026","ARB","10","B03","","Sanitary ware, tapware, radiators, coverings, wellness","Wall and floor coverings | Bath tubs and whirlpool tubs | Sanitary ware","furniture","take","International Bathroom Exhibition","yes","https://www.pimarlimestone.com","no","catalogue only","Italian limestone","","role inbox","Publishes collections with a contact form as the only way in, which is the exact problem the email opens on. Audience unconfirmed"
"Pimpen Co. ltd","www.mobella.co.th","nicha4295@pimpem.co.th","nicha4295@pimpen.co.th","+66 (2) 3232887","THA","Samutprakarn","669 MOO 2, Sukhumvit Rd., Bangpoo-Mai, Muang Samutprakan","Salone del Mobile 2026","SMI","07","D10","","Upholstered furniture | Furniture","Sofas and armchairs | Leather furniture","furniture","take","Salone Internazionale del Mobile","yes","https://www.mobella.co.th/en","no","catalogue only","Mobella Galleria Co.,ltd manufacturer and exporter of luxtury craftmanship living furniture in Thailand. Design square, furniture, product, furniture","","other","Publishes collections with a contact form as the only way in, which is the exact problem the email opens on. Audience unconfirmed"
"Pizeta Due srl","www.italydea.com","italydea.backoffice@italydea.com","italydea.backoffice@italydea.com","+40 (765) 036680","ROU","Cugir Jud. Alba","Str. Victorie 8A","Salone del Mobile 2026","SMI","03","C26 D33","","Dining rooms, living rooms","Metal chairs | Leather chairs","furniture","take","Salone Internazionale del Mobile","yes","https://www.italydea.com","no","unclear","","","first.last","Live site but no catalogue, cart or contact route found, needs a look"
"PLA.NET","www.planetoutdoorcooking.it","info@planetbarbecue.it","contact@levigmatic.it","+39 0438470552","ITA","San Vendemiano","Via dell'industria 39","Salone del Mobile 2026","EUC","02","A27","","Kitchens","Metal kitchens","furniture","take","EuroCucina","yes","https://www.planetoutdoorcooking.it/","yes","catalogue only","Siamo fra le prime aziende a dare vita ad un nuovo modo di vivere gli spazi aperti della casa: l’outdoor cooking.","","role inbox","Already runs a visualiser but publishes collections and a catalogue with a contact form as the only way in, so confirm there is a shopper to capture"
"Plank srl","www.plank.it","info@plank.it","marketing@plank.it","+39 0471803500","ITA","Ora","Via Nazionale 35","Salone del Mobile 2026","SMI","22","A26","","Dining rooms, living rooms | Outdoor furniture","Plastic chairs | Wooden dining tables | Metal and glass dining tables | Metal and glass living room tables | Outdoor furniture and accessories | Metal chairs | Stacking or folding chairs | Wooden living room tables | Wooden stools | Plastic stools | Wooden chairs","furniture","take","Salone Internazionale del Mobile","yes","https://www.plank.it/en","yes","trade portal, gated","We produce timeless, functional furniture for contract, residential and public spaces in collaboration with leading international designers since 1953.","","role inbox","Already runs a visualiser but gates its catalogue behind a dealer login, so confirm there is a shopper to capture"
"Plastitex","www.sergeferrari.com","info@ombrellificiomagnani.com","info@ombrellificiomagnani.com","+39 049597196","ITA","Carmignano di Brenta","Via Postumia 9/A","Salone del Mobile 2026","SMI","01","B39","","Outdoor furniture","Outdoor umbrellas | Outdoor furniture and accessories","furniture","take","Salone Internazionale del Mobile","yes","http://www.sergeferrari.com","no","consumer, sells online","Discover Serge Ferrari membranes for buildings, solar protection, tensile architecture, modular structures, industry, environment.","","role inbox","No visualiser yet and sells direct to shoppers, so this is the full pitch rather than an upgrade"
"Platform","www.platformarchitecture.it","info@platformnetwork.it","dondolini@platformnetwork.it","+39 0198400311","ITA","Milano","Piazzetta  Brera 24/6","Salone del Mobile 2026","SMI","C.so Italia","ING. PADD 9/11 S46","","Trade newspapers, magazines and publications","Trade newspapers, magazines and publications","furniture","take","Salone Internazionale del Mobile","yes","https://www.platformarchitecture.it/","no","consumer, sells online","","","role inbox","No visualiser yet and sells direct to shoppers, so this is the full pitch rather than an upgrade"
"Plycollection ltd","www.plycollection.com","info@plycollection.com","elmars@plycollection.com","+371 (2) 9842005","LVA","Riga","Cesu Street 31 K-3","Salone del Mobile 2026","SMI","18","E19","","Dining rooms, living rooms | Furniture","Leather furniture | Wooden sideboards | Wooden bookcases | Wooden living room tables","furniture","take","Salone Internazionale del Mobile","yes","https://www.plycollection.com","no","consumer, sells online","The most unique stackable plywood chairs","","role inbox","No visualiser yet and sells direct to shoppers, so this is the full pitch rather than an upgrade"
"Point sl","www.point1920.com","info@point1920.com","agarmendia@point1920.com","+34 (96) 6480132","ESP","Jalón (Alicante)","Partida Planet s/n","Salone del Mobile 2026","SMI","22","B14","","Dining rooms, living rooms | Outdoor furniture | Upholstered furniture","Leisure armchairs | Wooden dining tables | Sofas and armchairs | Outdoor umbrellas | Outdoor furniture and accessories | Living rooms | Extension dining tables | Wooden living room tables | Wooden stools | Dining rooms | Wooden chairs","furniture","take","Salone Internazionale del Mobile","yes","https://www.point1920.com/en","no","consumer, sells online","Design, innovation, craftsmanship, creativity, and high quality characterize POINT Outdoor Furniture. More than 40 collections for contract and residential use.","","role inbox","No visualiser yet and sells direct to shoppers, so this is the full pitch rather than an upgrade"
"Point srl","www.pointhouse.it","vendite@pointhouse.it","marketing@pointhouse.it","+39 0422800019","ITA","Gorgo al Monticano","Via Veneto 10","Salone del Mobile 2026","SMI","05","B06","","Dining rooms, living rooms","Plastic chairs | Wooden dining tables | Metal and glass dining tables | Marble dining tables | Metal and glass living room tables | Extension dining tables | Leather chairs | Wooden living room tables | Marble living room tables | Metal stools | Metal chairs | Stacking or folding chairs | Leather stools | Wooden stools | Plastic stools | Wooden chairs","furniture","take","Salone Internazionale del Mobile","yes","https://www.pointhouse.it/it","no","consumer, via dealers","Pointhouse produce tavoli, sedie e complementi d’arredo con linee di prodotto dedicate esclusivamente al mondo del Retail e del Contract","","role inbox","No visualiser yet and markets to shoppers and routes them to dealers, so this is the full pitch rather than an upgrade"
"Polipol International GmbH","www.polipol.de","office@hukla.de","J.Krohn@polipol.de","+49 (5775) 9680600","DEU","Diepenau","Diepenauer Heide 1","Salone del Mobile 2026","SMI","01","B08","","Upholstered furniture","Sofas and armchairs","furniture","take","Salone Internazionale del Mobile","yes","https://www.polipol.de/en/","no","catalogue only","","","role inbox","Publishes collections with a contact form as the only way in, which is the exact problem the email opens on. Audience unconfirmed"
"Poltrone Sofia srl","www.sofiarelax.it","amministrazione@poltronesofia.it","amministrazione@poltronesofia.it","+39 0721203015","ITA","Pesaro","Via Mario Ricci, 15","Salone del Mobile 2026","SMI","07","C20","","Upholstered furniture","Leisure armchairs | Sofa beds and armchair beds","furniture","take","Salone Internazionale del Mobile","yes","https://www.sofiarelax.it","no","unclear","","","other","Live site but no catalogue, cart or contact route found, needs a look"
"Porada Arredi srl","www.porada.it","info@porada.it","federica.stucchi@porada.it","+39 031766215","ITA","Cabiate","Via B. Buozzi 2","Salone del Mobile 2026","SMI","09","A03 C02","","Bedrooms | Dining rooms, living rooms | Upholstered furniture | Furniture","Wooden dining tables | Marble dining tables | Wooden trolleys | Wooden sideboards | Wooden bookcases | Wooden living room tables | Marble living room tables | TV tables | Mirrors | Sofas and armchairs | Upholstered beds | Wooden beds | Shoe cupboards | Cocktail cabinets | Wooden stools | Wooden chairs","furniture","take","Salone Internazionale del Mobile","yes","https://www.porada.it","no","consumer, sells online","","","role inbox","No visualiser yet and sells direct to shoppers, so this is the full pitch rather than an upgrade"
"Porro spa","www.porro.com","info@porro.com","milena.cassotti@porro.com","+39 031783266","ITA","Montesolaro","Via per Cantu' 35","Salone del Mobile 2026","SMI","11","D15 E18","","Bedrooms | Dining rooms, living rooms | Upholstered furniture | Furniture","Wooden dining tables | Metal and glass dining tables | Marble dining tables | Bedrooms | Metal and glass living room tables | Living rooms | Wooden bookcases | Metal bookcases | Walk-in robes | Sliding or fixed partitions for walk-in robes | Leather chairs | Wooden living room tables | Dining rooms | Partition wardrobes | Sofas and armchairs | Mirrors | Sliding or fixed partitions for wardrobe walls | Upholstered beds | Wooden beds | Wooden stools | Wardrobes | Wooden chairs","furniture","take","Salone Internazionale del Mobile","yes","https://www.porro.com/en","no","catalogue only","","","role inbox","Publishes collections with a contact form as the only way in, which is the exact problem the email opens on. Audience unconfirmed"
"Potocco spa","www.potocco.it","info@potocco.it","mariannapotocco@potocco.it","+39 0432745111","ITA","Manzano","Via Indipendenza 4","Salone del Mobile 2026","SMI","11","C22 C24","","Dining rooms, living rooms | Outdoor furniture | Upholstered furniture | Furniture","Wooden dining tables | Metal and glass dining tables | Wooden trolleys | Wooden bookcases | Marble or stone furniture | Metal bookcases | Wooden living room tables | Dining rooms | Metal stools | Mirrors | Outdoor furniture and accessories | Leather stools | Metal or glass trolleys | Rocking-chairs | Plastic chairs | Marble dining tables | Metal and glass living room tables | Living rooms | Extension dining tables | Leather chairs | Marble living room tables | Sofas and armchairs | Upholstered rocking-chairs | Metal chairs | Stacking or folding chairs | Hall furniture | Wooden stools | Wooden chairs","furniture","take","Salone Internazionale del Mobile","yes","https://potocco.it/","yes","consumer, via dealers","Potocco is a company founded in 1919 specialized in the creation of Italian-made design furniture for home and contract, indoor and outdoor environments","","role inbox","Already runs a visualiser and markets to shoppers and routes them to dealers, so the gap is what happens after the render. Sharpest segment"
"Presotto","www.presotto.com","offices@presotto.com","ibedin@estel.com","+39 0434618111","ITA","Brugnera","Via Puja 7","Salone del Mobile 2026","SMI","09","L02 L04","","Bedrooms | Dining rooms, living rooms | Upholstered furniture | Furniture","Wooden dining tables | Metal and glass dining tables | Marble dining tables | Metal and glass living room tables | Wooden sideboards | Wooden bookcases | Modular living rooms | Walk-in robes | Extension dining tables | Leather chairs | Wooden living room tables | Marble living room tables | Sofas and armchairs | Mirrors | Upholstered beds | Wooden beds | Wardrobes | Wooden chairs","furniture","take","Salone Internazionale del Mobile","yes","https://www.presotto.com","no","consumer, via dealers","Presotto produce mobili di design made in Italy per arredare la zona giorno e la zona notte. Scopri nel sito una storia italiana di qualità e stile.","","other","No visualiser yet and markets to shoppers and routes them to dealers, so this is the full pitch rather than an upgrade"
"Private Label lda","www.the-privatelabel.com","info@the-privatelabel.com","bazevedo@the-privatelabel.com","+351 (93) 9420623","PRT","Carvalhosa, Paços de Ferreira","Rua de S. Domingos Loja 101 G","Salone del Mobile 2026","SMI","15","A08","","Bedrooms | Children's furniture | Dining rooms, living rooms | Outdoor furniture | Upholstered furniture | Furniture","Wooden dining tables | Metal and glass dining tables | Bedrooms | Wooden sideboards | Wooden bookcases | Marble or stone furniture | Metal bookcases | Wooden living room tables | Dining rooms | Metal stools | Mirrors | Outdoor furniture and accessories | Metal sideboards | Leather furniture | Children's bedrooms | Upholstered beds | Wooden beds | Leather stools | Leisure armchairs | Marble dining tables | Metal and glass living room tables | Living rooms | Home cinema / Home-theatre seating | Extension dining tables | Leather chairs | Marble living room tables | TV tables | Sofas and armchairs | Upholstered rocking-chairs | Metal chairs | Glass furniture | Hall furniture | Cocktail cabinets | Wooden stools | Other children's furniture | Sofa beds and armchair beds | Wooden chairs","furniture","take","Salone Internazionale del Mobile","yes","https://www.the-privatelabel.com/en/","no","consumer, sells online","PRIVATE LABEL is a luxury furniture and lighting brands, located in Portugal.","","role inbox","No visualiser yet and sells direct to shoppers, so this is the full pitch rather than an upgrade"
"Profilo9","www.profilo9.it","contabilita@tecnomarmisrl.it","commerciale@tecnomarmisrl.it","+39 0423915466","ITA","Altivole","Via Piroleri, 27","Salone del Mobile 2026","SMI","15","A39","","Light fixtures | Dining rooms, living rooms | Kitchen furniture | Furniture","Metal and glass dining tables | Marble dining tables | Metal and glass living room tables | Wooden bookcases | Marble or stone furniture | Metal bookcases | Kitchen furniture | Leather chairs | Wooden living room tables | Marble living room tables | Mirrors | Light fixtures | Metal sideboards | Cocktail cabinets","furniture","take","Salone Internazionale del Mobile","yes","https://www.profilo9.it","no","consumer, sells online","Italian Luxury marble - Luxury Marble tables made in Italy - Profilo9 - Profilo9, Marble made in Italy for your Luxury Designs","","other","No visualiser yet and sells direct to shoppers, so this is the full pitch rather than an upgrade"
"Progetto Arte Poli srl","www.progettoartepoli.com","info@progettoartepoli.com","segreteria@progettoartepoli.com","+39 0458510455","ITA","Verona","Via Bresciana, 67/b","Salone del Mobile 2026","SMI","15","A48","","Dining rooms, living rooms | Furniture","Metal and glass dining tables | Marble dining tables | Wooden bookcases | Metal bookcases | Glass furniture | Hall furniture | Marble living room tables","furniture","take","Salone Internazionale del Mobile","yes","https://progettoartepoli.com/","no","catalogue only","Dal 1953, Progetto Arte Poli realizza opere d'arte uniche e restauri monumentali. Scopri la nostra bottega d'arte.","","role inbox","Publishes collections with a contact form as the only way in, which is the exact problem the email opens on. Audience unconfirmed"
"Progetto Design International srl","www.tonincasa.it","info@tonincasa.it","vpoletto@blacktiehomedecor.it","+39 0499453300","ITA","S.Pietro in Gu","Via Guglielmo Marconi 37","Salone del Mobile 2026","SMI","05","A19","","Bedrooms | Dining rooms, living rooms | Upholstered furniture | Furniture","Wooden dining tables | Metal and glass dining tables | Marble dining tables | Metal and glass living room tables | Wooden trolleys | Wooden bookcases | Marble or stone furniture | Extension dining tables | Leather chairs | Wooden living room tables | Marble living room tables | Metal stools | Sofas and armchairs | Mirrors | Metal chairs | Upholstered beds | Glass furniture | Leather stools | Metal or glass trolleys | Cocktail cabinets | Wooden stools | Wooden chairs","furniture","take","Salone Internazionale del Mobile","yes","https://www.tonincasa.it","yes","consumer, via dealers","","","role inbox","Already runs a visualiser and markets to shoppers and routes them to dealers, so the gap is what happens after the render. Sharpest segment"
"Prophilo","www.prophilo.it","info@prophilo.it","comunicazione@belcor.it","+39 0362564267","ITA","Giussano","Via Parini 49","Salone del Mobile 2026","SMI","15","B18","","Bedrooms | Dining rooms, living rooms | Upholstered furniture | Furniture","Wooden dining tables | Metal and glass dining tables | Bedrooms | Wooden sideboards | Wooden bookcases | Marble or stone furniture | Metal bookcases | Walk-in robes | Wooden living room tables | Dining rooms | Stacking and nesting living room tables | Mirrors | Upholstered beds | Wooden beds | Leisure armchairs | Marble dining tables | Metal and glass living room tables | Living rooms | Modular living rooms | Extension dining tables | Marble living room tables | TV tables | Sofas and armchairs | Metal chairs | Glass furniture | Hall furniture | Cocktail cabinets | Wooden stools | Sofa beds and armchair beds | Wardrobes | Wooden chairs","furniture","take","Salone Internazionale del Mobile","yes","https://www.prophilo.it","no","unclear","","","role inbox","Live site but no catalogue, cart or contact route found, needs a look"
"Prostoria d.o.o.","www.prostoria.eu","info@prostoria.eu","isilovic@prostoria.eu","+385 (49) 200555","HRV","Sveti Kriz Zacretje","Pustodol Zacretski 19G","Salone del Mobile 2026","SMI","24","C25","","Bedrooms | Children's furniture | Dining rooms, living rooms | Outdoor furniture | Upholstered furniture","Leisure armchairs | Wooden dining tables | Living rooms | Home cinema / Home-theatre seating | Wooden bookcases | Metal bookcases | Wooden living room tables | Dining rooms | Metal stools | Sofas and armchairs | Outdoor furniture and accessories | Children's bedrooms | Metal chairs | Stacking or folding chairs | Convertible beds | Wooden stools | Sofa beds and armchair beds | Wooden chairs","furniture","take","Salone Internazionale del Mobile","yes","https://www.prostoria.eu","yes","consumer, sells online","We craft timeless furniture for homes, offices, hospitality and public spaces, blending comfort and enduring quality.","","role inbox","Already runs a visualiser and sells direct to shoppers, so the gap is what happens after the render. Sharpest segment"
"PT Matahari Alka Indonesia","","nanda.reza@malka.co.id","nanda.reza@malka.co.id","+62 (813) 19503188","IDN","Jakarta","Jl Pakubuwono 6 n.79 RT11/RW2 Gunung Kec Kby Baru Kota Jakarta Selatan","Salone del Mobile 2026","SMI","07","D25","","Outdoor furniture","Outdoor furniture and accessories","furniture","take","Salone Internazionale del Mobile","no site","","","","","","first.last","No website on file, so nothing for a visualiser to sit on. Skip"
"Punt Mobles XXI sl","www.puntmobles.com","info@puntmobles.com","jose.perez@puntmobles.com","+34 (96) 1343272","ESP","Paterna (Valencia)","C/Islas Baleares 48, Pol. Ind. Fuente del Jarro","Salone del Mobile 2026","SMI","24","D31","","Bedrooms | Dining rooms, living rooms | Outdoor furniture | Upholstered furniture","Wooden dining tables | Metal and glass dining tables | Marble dining tables | Metal and glass living room tables | Living rooms | Wooden sideboards | Metal bookcases | Marble living room tables | Dining rooms | Sofas and armchairs | Outdoor furniture and accessories | Metal sideboards | Metal chairs | Wooden beds","furniture","take","Salone Internazionale del Mobile","yes","https://puntmobles.com/","no","unclear","","","role inbox","Live site but no catalogue, cart or contact route found, needs a look"
"Pure Home Collections srl","www.purefurniture.com","info@purefurniture.com","valentina@purefurniture.com","+40 (261) 839780","ROU","Dorolt Jud. Satu Mare","Str. Principala 234","Salone del Mobile 2026","SMI","03","C26 D33","","Bedrooms | Dining rooms, living rooms | Upholstered furniture | Furniture","Leisure armchairs | Wooden dining tables | Living rooms | Wooden sideboards | Wooden bookcases | Extension dining tables | Leather chairs | Wooden living room tables | Dining rooms | Sofas and armchairs | Leather furniture | Metal chairs | Upholstered beds | Wooden beds | Leather stools | Wooden chairs","furniture","take","Salone Internazionale del Mobile","yes","https://www.purefurniture.com","no","consumer, sells online","Pure Furniture","","role inbox","No visualiser yet and sells direct to shoppers, so this is the full pitch rather than an upgrade"
"Qeeboo","www.qeeboo.com","office@qeeboo.com","marketing@qeeboo.com","+39 0247719280","ITA","Milano","Via Stendhal 35","Salone del Mobile 2026","SMI","C.so Italia","CORSO ITALIA S45","","Light fixtures","Light fixtures","furniture","take","Salone Internazionale del Mobile","yes","https://www.qeeboo.com/en","no","consumer, sells online","The Italian design brand launched by Stefano Giovannoni in 2016 for extraordinary daily-use objects. Ironic, pop, colorful and available to everyone","","role inbox","No visualiser yet and sells direct to shoppers, so this is the full pitch rather than an upgrade"
"Quadro srl","www.quadrodesign.it","info@quadrodesign.it","marketing@quadrodesign.it","+39 032296266","ITA","San Maurizio d'Opaglio","Via Bonetto 40","Salone del Mobile 2026","ARB","06","B41","","Sanitary ware, tapware, radiators, coverings, wellness","Bathroom, laundry and/or kitchen tapware","furniture","take","International Bathroom Exhibition","yes","https://quadrodesign.it/it/","no","consumer, sells online","QuadroDesign produce rubinetteria e accessori per bagno e cucina dal design senza tempo, nel segno della sostenibilità e del Made in Italy. Scopri di più.","","role inbox","No visualiser yet and sells direct to shoppers, so this is the full pitch rather than an upgrade"
"Qualitybed srl","www.qualitybed.it","progettazione@qualitybed.it","progettazione@qualitybed.it","+39 0804555770","ITA","Bari","Via ex S.S.100 km11,2 snc z.i","Salone del Mobile 2026","SMI","01","A30","","Bedrooms | Upholstered furniture","Upholstered beds | Mattresses","furniture","take","Salone Internazionale del Mobile","yes","https://qualitybed.it/","no","consumer, sells online","Da oltre 90 anni ci dedichiamo con passione alla produzione di materassi, cuscini, e sistemi per il riposo, con l’obiettivo di rendere il sonno dei nostri clienti più confortevole e rigenerante.","","other","No visualiser yet and sells direct to shoppers, so this is the full pitch rather than an upgrade"
"Quare Design sl","www.quaredesign.com","marketing@quaredesign.com","marketing@quaredesign.com","+34 665608337","ESP","Burgos","Calle Merindad de Valdeporres 10Pol. Ind. de Villalonquejar","Salone del Mobile 2026","ARB","06","D41","","Sanitary ware, tapware, radiators, coverings, wellness | Bathroom furniture and accessories","Wall and floor coverings | Bath tubs and whirlpool tubs | Bathroom furniture | Sanitary ware","furniture","take","International Bathroom Exhibition","yes","https://quaredesign.com/","no","consumer, sells online","Productos a Medida para Baños de Diseño - Platos de ducha, Paneles, Encimeras, Bañeras, Lavabos. Consulta nuestro Catálogo.","","role inbox","No visualiser yet and sells direct to shoppers, so this is the full pitch rather than an upgrade"
"ramonsoler","www.rsramonsoler.com","aandrada@rsramonsoler.com","aandrada@rsramonsoler.com","+34 (93) 3738001","ESP","Sant Joan Despi (Barcellona)","C/Vallespir 26","Salone del Mobile 2026","ARB","10","D03","","Sanitary ware, tapware, radiators, coverings, wellness | Bathroom furniture and accessories","Bathroom accessories | Bathroom, laundry and/or kitchen tapware | Sanitary ware","furniture","take","International Bathroom Exhibition","yes","https://rsramonsoler.com/es/particulares","no","consumer, via dealers","Conoce ramonsoler, marca especializada en grifería de alta calidad. Descubre opciones ideales para tu casa o proyectos profesionales.","","other","No visualiser yet and markets to shoppers and routes them to dealers, so this is the full pitch rather than an upgrade"
"Ravak a.s.","www.ravak.com","export@ravak.com","malvina.koutova@ravak.com","+420 (318) 427288","CZE","Príbram I","Obecnická 285","Salone del Mobile 2026","ARB","06","D35 D37","","Sanitary ware, tapware, radiators, coverings, wellness | Bathroom furniture and accessories","Bathroom, laundry and/or kitchen tapware | Shower cubicles | Bath tubs and whirlpool tubs | Bathroom furniture | Sanitary ware","furniture","take","International Bathroom Exhibition","yes","https://www.ravak.com","yes","catalogue only","Ravak a.s. - Leading manufacturer of bathroom ware and sanitary equipment: bathtubs, shower enclosures and shower doors, mixers and taps, washbasins, shower trays, bathroom furniture and more","","role inbox","Already runs a visualiser but publishes collections and a catalogue with a contact form as the only way in, so confirm there is a shopper to capture"
"Relaxvanguard-Atelier lda","www.relaxvanguard-atelier.pt","geral@relaxvanguard-atelier.pt","geral@relaxvanguard-atelier.pt","+351 (255) 093838","PRT","Freamunde","Beco do Recanto 31 Pavilhão C","Salone del Mobile 2026","SMI","01","A16","","Bedrooms | Outdoor furniture | Upholstered furniture","Sofas and armchairs | Outdoor furniture and accessories | Upholstered beds | Sofa beds and armchair beds","furniture","take","Salone Internazionale del Mobile","yes","https://www.relaxvanguard-atelier.pt","no","unclear","","","other","Live site but no catalogue, cart or contact route found, needs a look"
"Rever in & Out Solution","www.reversrl.it","info@reversrl.it","info@reversrl.it","+39 0399052415","ITA","Milano","Via Aristide de Togni 7","Salone del Mobile 2026","SMI","14","A27","","Outdoor furniture | Furniture","Outdoor furniture and accessories | Pet furniture","furniture","take","Salone Internazionale del Mobile","unreachable","","","","","HTTP Error 403: Forbidden","role inbox","Site did not respond, check it by hand before spending a credit"
"Rho srl","www.thehouseofrho.com","info@thehouseofrho.com","info@thehouseofrho.com","+39 031745146","ITA","Cabiate","Viale Repubblica 6","Salone del Mobile 2026","SMI","15","B32","","Bedrooms | Dining rooms, living rooms | Upholstered furniture | Furniture","Wooden dining tables | Metal and glass dining tables | Bedrooms | Wooden sideboards | Wooden bookcases | Metal bookcases | Sliding or fixed partitions for walk-in robes | Wooden living room tables | Game tables and billiards | Dining rooms | Mirrors | Upholstered beds | Wooden beds | Metal beds | Rocking-chairs | Leisure armchairs | Marble dining tables | Metal and glass living room tables | Living rooms | Convertible furniture | Extension dining tables | Marble living room tables | TV tables | Sofas and armchairs | Sliding or fixed partitions for wardrobe walls | Metal chairs | Glass furniture | Hall furniture | Cocktail cabinets | Wooden stools | Shoe cupboards | Wardrobes | Sofa beds and armchair beds | Wooden chairs","furniture","take","Salone Internazionale del Mobile","yes","https://www.thehouseofrho.com","no","catalogue only","","","role inbox","Publishes collections with a contact form as the only way in, which is the exact problem the email opens on. Audience unconfirmed"
"Riluc","www.riluc.com","info@riluc.com","ricardo.lucas@riluc.com","+351 (91) 4004300","PRT","Porto","Av. da Boavista 1430, Loja 9","Salone del Mobile 2026","SMI","14","B35","","Dining rooms, living rooms | Upholstered furniture | Furniture","Metal stools | Sofas and armchairs | Mirrors | Metal and glass dining tables | Metal and glass living room tables | Metal sideboards | Metal chairs | Metal bookcases | Metal or glass trolleys | Hall furniture | Marble living room tables","furniture","take","Salone Internazionale del Mobile","yes","https://www.riluc.com","no","catalogue only","","","role inbox","Publishes collections with a contact form as the only way in, which is the exact problem the email opens on. Audience unconfirmed"
"Rinaldi Group spa sb","www.rinaldigroup.com","marketing@rinaldigroup.com","marketing@rinaldigroup.com","+39 0899920550","ITA","Giffoni Valle Piana","Via Santa Maria - Zona PIP","Salone del Mobile 2026","SMI","03","D15","","Bedrooms | Upholstered furniture","Upholstered beds | Mattresses","furniture","take","Salone Internazionale del Mobile","yes","https://www.rinaldigroup.com","no","unclear","","","role inbox","Live site but no catalogue, cart or contact route found, needs a look"
"Ringvide Studio & Produktion AB","www.ringvide.com","customercare@ringvide.com","leila@ringvide.com","+46 (73) 3969227","SWE","Visby","Brissund Strandskogsvägen 4","Salone del Mobile 2026","SMI","14","E38","","Bedrooms | Dining rooms, living rooms","Bedrooms | Living rooms | Wooden sideboards | Wooden stools","furniture","take","Salone Internazionale del Mobile","yes","https://www.ringvide.com","no","consumer, sells online","Our interior design products are created with a combination of traditional crafts and new tech to be more than aesthetic and practical: Objects with soul.","","other","No visualiser yet and sells direct to shoppers, so this is the full pitch rather than an upgrade"
"Ritzwell & Co.","www.ritzwell.com","info@ritzwell.com","info@ritzwell.com","+81 (92) 5842240","JPN","Hakata-ku Fukuoka","5-2-9 Itazuke","Salone del Mobile 2026","SMI","09","C01 C03","","Bedrooms | Dining rooms, living rooms | Upholstered furniture | Furniture","Wooden dining tables | Bedrooms | Living rooms | Wooden sideboards | Modular living rooms | Leather chairs | Wooden living room tables | Dining rooms | TV tables | Sofas and armchairs | Leather furniture | Metal chairs | Leather stools | Hall furniture | Wooden stools | Wooden chairs","furniture","take","Salone Internazionale del Mobile","unreachable","","","","","The read operation timed out","role inbox","Site did not respond, check it by hand before spending a credit"
"Riva 1920","www.riva1920.it","info@riva1920.it","dalila.maldura@riva1920.it","+39 031733094","ITA","Cantu'","Via Milano 137","Salone del Mobile 2026","SMI","C.so Italia","CORSO ITALIA S24","","Bedrooms | Dining rooms, living rooms | Outdoor furniture | Upholstered furniture | Furniture","Bedrooms | Wooden sideboards | Modular living rooms | Metal bookcases | Walk-in robes | Extension dining tables | Dining rooms | TV tables | Mirrors | Sofas and armchairs | Outdoor furniture and accessories | Upholstered beds | Wooden beds | Leather stools | Hall furniture | Rocking-chairs | Cocktail cabinets | Wardrobes | Wooden chairs","furniture","take","Salone Internazionale del Mobile","yes","https://www.riva1920.it/it/","no","consumer, via dealers","Riva1920: mobili di design in legno massello dal 1920. Scopri l","","role inbox","No visualiser yet and markets to shoppers and routes them to dealers, so this is the full pitch rather than an upgrade"
"Roberto Cavalli Home Interiors","www.robertocavallihomeinteriors.onirogroup.it","info@onirogroup.it","sara.panzeri@onirogroup.it","+39 03170757","ITA","Cantu'","Via Montesolaro 14/b","Salone del Mobile 2026","SMI","13","D03","","Bedrooms | Dining rooms, living rooms | Outdoor furniture | Upholstered furniture | Furniture","Wooden dining tables | Wooden trolleys | Bedrooms | Wooden sideboards | Wooden bookcases | Walk-in robes | Extension dining tables | Wooden living room tables | TV tables | Mirrors | Sofas and armchairs | Outdoor furniture and accessories | Upholstered beds | Wooden beds | Hall furniture | Cocktail cabinets | Wooden stools | Wardrobes | Wooden chairs","furniture","take","Salone Internazionale del Mobile","yes","https://robertocavallihomeinteriors.onirogroup.it/","no","catalogue only","Glamourous furniture","","role inbox","Publishes collections with a contact form as the only way in, which is the exact problem the email opens on. Audience unconfirmed"
"Roberto Crolla srl","www.crolla.it","info@crolla.it","sebastianobrivio@crolla.it","+39 0322969100","ITA","Alzo di Pella","Via delle Cave 9","Salone del Mobile 2026","ARB","06","B32","","Sanitary ware, tapware, radiators, coverings, wellness","Bathroom, laundry and/or kitchen tapware","furniture","take","International Bathroom Exhibition","yes","https://www.crolla.it","no","consumer, sells online","La manifattura I Crolla ha definito il proprio destino attraverso la costante ricerca dell","","role inbox","No visualiser yet and sells direct to shoppers, so this is the full pitch rather than an upgrade"
"Robinetterie RVB","www.rvb.be","info@rvb.be","lm@rvb.be","+32 2 376 00 30","BEL","Bruxelles","Boulevard Industriel 137","Salone del Mobile 2026","ARB","06","B28","","Sanitary ware, tapware, radiators, coverings, wellness","Bathroom, laundry and/or kitchen tapware","furniture","take","International Bathroom Exhibition","unreachable","","","","","HTTP Error 429: Too Many Requests","role inbox","Site did not respond, check it by hand before spending a credit"
"Roda srl","www.rodaonline.com","info@rodaonline.com","sarah.speroni@rodaonline.com","+39 03327486","ITA","Gavirate","Via Tinella 2","Salone del Mobile 2026","SMI","22","A04 B05","","Dining rooms, living rooms | Outdoor furniture | Upholstered furniture","Metal stools | Wooden dining tables | Sofas and armchairs | Outdoor furniture and accessories | Metal chairs | Stacking or folding chairs | Extension dining tables | Rocking-chairs | Wooden stools | Wooden chairs","furniture","take","Salone Internazionale del Mobile","yes","https://www.rodaonline.com/en/","yes","catalogue only","Thanks to RODA’s wide range of outdoor furniture and accessories, the Italian design is spread all over the world. Discover all products and collections.","","role inbox","Already runs a visualiser but publishes collections and a catalogue with a contact form as the only way in, so confirm there is a shopper to capture"
"Romagno Marmi srl","www.romagnomarmi.it","info@romagnomarmi.it","gianpiero@romagnomarmi.it","+39 0804741975","ITA","Mola di Bari","Prov.le Mola - Rutigliano Km. 4","Salone del Mobile 2026","SMI;ARB","05","A32","","Dining rooms, living rooms | Furniture","Marble or stone furniture | Marble living room tables","furniture","take","Salone Internazionale del Mobile","yes","https://romagnomarmi.com/","no","consumer, sells online","","","role inbox","No visualiser yet and sells direct to shoppers, so this is the full pitch rather than an upgrade"
"Rosa Splendiani srl","www.rosasplendiani.it","info@rosasplendiani.it","info@rosasplendiani.it","+39 0733556541","ITA","Mogliano","Zona Ind.Piani d'Ete 14","Salone del Mobile 2026","SMI","01","B16","","Outdoor furniture","Rush and rattan furniture | Outdoor furniture and accessories","furniture","take","Salone Internazionale del Mobile","yes","https://rosasplendiani.it/en/","no","consumer, sells online","","","role inbox","No visualiser yet and sells direct to shoppers, so this is the full pitch rather than an upgrade"
"Royal Botania nv","www.royalbotania.com","info@royalbotania.com","pieter@royalbotania.com","+32 (3) 4112285","BEL","Nijlen","Elsendonkstraat 146","Salone del Mobile 2026","SMI","09","L06 L08","","Outdoor furniture","Outdoor umbrellas","furniture","take","Salone Internazionale del Mobile","yes","https://www.royalbotania.com/en","no","consumer, sells online","Discover Royal Botania’s premium outdoor furniture collections. Experience the perfect blend of elegance and durability in our meticulously crafted designs.","","role inbox","No visualiser yet and sells direct to shoppers, so this is the full pitch rather than an upgrade"
"Rs Barcelona sl","www.rsbarcelona.com","info@rsbarcelona.com","maria@rsbarcelona.com","+34 (936) 589503","ESP","Olesa de Montserrat","C/de la Barca 7-9 Pol. Ind. La Flora-Fou","Salone del Mobile 2026","SMI","14","C35","","Dining rooms, living rooms | Outdoor furniture","Metal stools | Metal and glass dining tables | Metal and glass living room tables | Outdoor furniture and accessories | Metal bookcases | Game tables and billiards | Marble living room tables","furniture","take","Salone Internazionale del Mobile","yes","https://rsbarcelona.com/en-us","yes","consumer, sells online","Spanish Brand Specialized in Design Game Tables.","","role inbox","Already runs a visualiser and sells direct to shoppers, so the gap is what happens after the render. Sharpest segment"
"Rubinetterie Eurorama spa","www.eurorama.it","info@eurorama.it","marketing2@eurorama.it","+39 0163568911","ITA","Varallo","Via al Sesia 4 Fr. Roccapietra","Salone del Mobile 2026","ARB","06","D24","","Sanitary ware, tapware, radiators, coverings, wellness","Bathroom, laundry and/or kitchen tapware","furniture","take","International Bathroom Exhibition","yes","https://www.eurorama.it","no","consumer, sells online","Rubinetterie EUORORAMA S.p.A. - LIVING BEAUTY","","role inbox","No visualiser yet and sells direct to shoppers, so this is the full pitch rather than an upgrade"
"Rubinetterie Ritmonio srl","www.ritmonio.it","info@ritmonio.it","c.ciscato@ritmonio.it","+39 0163560000","ITA","Varallo","Via Indren 4 Z.I. Roccapietra","Salone del Mobile 2026","ARB","10","C04","","Sanitary ware, tapware, radiators, coverings, wellness | Bathroom furniture and accessories","Bathroom accessories | Bathroom, laundry and/or kitchen tapware | Sanitary ware","furniture","take","International Bathroom Exhibition","yes","https://www.ritmonio.it/en/","no","consumer, via dealers","","","role inbox","No visualiser yet and markets to shoppers and routes them to dealers, so this is the full pitch rather than an upgrade"
"Rubinetterie Stella spa","www.rubinetteriestella.it","commerciale@rubinetteriestella.it","s.marchetti@rubinetteriestella.it","+39 0321473351","ITA","Dormelletto","Via Monte Bianco snc","Salone del Mobile 2026","ARB","10","B02","","Sanitary ware, tapware, radiators, coverings, wellness | Bathroom furniture and accessories","Bathroom accessories | Bathroom, laundry and/or kitchen tapware","furniture","take","International Bathroom Exhibition","yes","https://www.rubinetteriestella.it","no","consumer, sells online","","","role inbox","No visualiser yet and sells direct to shoppers, so this is the full pitch rather than an upgrade"
"Rubinetterie Zazzeri spa","www.zazzeri.it","info@zazzeri.it","rbecattini@zazzeri.it","+39 055696051","ITA","Figline e Incisa Valdarno","Frazione Burchio 55","Salone del Mobile 2026","ARB","10","C02","","Sanitary ware, tapware, radiators, coverings, wellness","Bathroom, laundry and/or kitchen tapware","furniture","take","International Bathroom Exhibition","yes","https://www.zazzeri.it","no","consumer, sells online","Zazzeri è un’azienda italiana specializzata nel creazione di rubinetti di design, per lavabo, vasca e la tua doccia.","","role inbox","No visualiser yet and sells direct to shoppers, so this is the full pitch rather than an upgrade"
"Rug' Society","www.rugsociety.eu","info@rugsociety.eu","saralanca@brabbu.com","+351 (914) 470214","PRT","Fanzeres","Rua Da Portelinha 136","Salone del Mobile 2026","SMI","15","A01 A03","","Bedrooms | Dining rooms, living rooms | Upholstered furniture | Furniture","Leisure armchairs | Wooden dining tables | Metal and glass dining tables | Marble dining tables | Bedrooms | Metal and glass living room tables | Living rooms | Home cinema / Home-theatre seating | Wooden sideboards | Wooden bookcases | Marble or stone furniture | Metal bookcases | Leather chairs | Wooden living room tables | Marble living room tables | Dining rooms | Sofas and armchairs | Mirrors | Metal sideboards | Leather furniture | Upholstered beds | Leather stools | Hall furniture | Wooden stools | Wooden chairs","furniture","take","Salone Internazionale del Mobile","yes","https://www.rugsociety.eu","no","consumer, sells online","Portuguese brand of contemporary carpets that transform rugs into pieces of art.","","role inbox","No visualiser yet and sells direct to shoppers, so this is the full pitch rather than an upgrade"
"Rugiano Interiors Decoration srl","www.rugiano.com","rugiano@rugiano.it","mondo@rugiano.it","+39 031752378","ITA","Mariano Comense","Via per Cascina Amata 9","Salone del Mobile 2026","SMI","15","A02 B01","","Bedrooms | Dining rooms, living rooms | Outdoor furniture | Upholstered furniture | Furniture","Metal and glass dining tables | Marble dining tables | Bedrooms | Living rooms | Marble or stone furniture | Metal bookcases | Leather chairs | Marble living room tables | Dining rooms | Metal stools | Sofas and armchairs | Mirrors | Outdoor furniture and accessories | Metal chairs | Upholstered beds | Hall furniture | Wardrobes | Wooden chairs","furniture","take","Salone Internazionale del Mobile","yes","https://www.rugiano.com/en","no","catalogue only","Rugiano designs timeless luxury furniture, handcrafted in Italy. Explore indoor and outdoor collections: leather sofas, beds, armchairs and tables in bronze and fine materials.","","other","Publishes collections with a contact form as the only way in, which is the exact problem the email opens on. Audience unconfirmed"
"S.CAB","www.s-cab.it","export@s-cab.it","milena.marella@s-cab.it","+39 0307718611","ITA","Coccaglio","Via G. Monauni 12","Salone del Mobile 2026","SMI","18","E22","","Dining rooms, living rooms | Upholstered furniture","Plastic chairs | Sofas and armchairs | Metal and glass dining tables | Plastic dining tables | Metal chairs | Stacking or folding chairs | Extension dining tables | Wooden chairs","furniture","take","Salone Internazionale del Mobile","yes","https://www.s-cab.it","yes","consumer, sells online","S•CAB è una storia di famiglia che racconta sessant’anni di impegno e passione per il mondo dell’arredo.","","role inbox","Already runs a visualiser and sells direct to shoppers, so the gap is what happens after the render. Sharpest segment"
"S.d.r. Ceramiche Srl","www.sdrceramiche.it","info@sdrceramiche.it","fornitori@sdrceramiche.it","+39 0761541055","ITA","Fabrica di Roma","Località Quartaccio","Salone del Mobile 2026","ARB","10","B07","","Bathroom furniture and accessories","Bathroom accessories | Bathroom furniture","furniture","take","International Bathroom Exhibition","yes","https://sdrceramiche.it/","yes","consumer, sells online","Il prodotto SDR è il tratto artigiano che distingue ogni prodotto e ne restituisce prestigio e unicità: cura del dettaglio, ricerca attenta di materiali.","","role inbox","Already runs a visualiser and sells direct to shoppers, so the gap is what happens after the render. Sharpest segment"
"Saba Italia srl","www.sabaitalia.it","amministrazione@sabaitalia.it","sandra@sabaitalia.com","+39 0499462227","ITA","San Martino di Lupari","Via dell'Industria 17","Salone del Mobile 2026","SMI","11","H15 H21","","Upholstered furniture","Sofas and armchairs","furniture","take","Salone Internazionale del Mobile","yes","https://sabaitalia.com/en","no","catalogue only","","","other","Publishes collections with a contact form as the only way in, which is the exact problem the email opens on. Audience unconfirmed"
"Sachi","www.sachi.pt","info@sachi.pt","info@sachi.pt","+351 (234) 871343","PRT","Estarreja","Pq. Empresarial Quimiparque 69","Salone del Mobile 2026","EUC","02","B11","","Kitchens | Bathroom furniture and accessories | Furniture | Kitchen furnishing accessories","Wood kitchens | Natural stone kitchens | Bathroom furniture and accessories | Metal kitchens | Furniture | Kitchen furnishing accessories","furniture","take","EuroCucina","unreachable","","","","","HTTP Error 429: Too Many Requests","role inbox","Site did not respond, check it by hand before spending a credit"
"Salda Arredamenti srl","www.saldaarredamenti.com","info@saldaarredamenti.com","marketing@saldaarredamenti.com","+39 0362341229","ITA","Meda","Via Trieste 101/W","Salone del Mobile 2026","SMI","13","C25","","Bedrooms | Dining rooms, living rooms | Upholstered furniture | Furniture","Wooden dining tables | Sofas and armchairs | Mirrors | Bedrooms | Living rooms | Wooden sideboards | Wooden bookcases | Wooden beds | Wooden stools | Wooden chairs","furniture","take","Salone Internazionale del Mobile","yes","https://saldaarredamenti.com/","no","consumer, sells online","","","role inbox","No visualiser yet and sells direct to shoppers, so this is the full pitch rather than an upgrade"
"Salma Furniture","www.salmafurniture.pt","info@salmafurniture.pt","paula.morgado@salmafurniture.pt","+351 (918) 779690","PRT","Palhaça","Rua de Vila Nova 10","Salone del Mobile 2026","SMI","13","D43","","Bedrooms | Dining rooms, living rooms | Upholstered furniture | Furniture","Leisure armchairs | Bedrooms | Living rooms | Home cinema / Home-theatre seating | Wooden bookcases | Walk-in robes | Dining rooms | Sofas and armchairs | Upholstered beds | Wooden beds | Hall furniture | Sofa beds and armchair beds | Wardrobes | Wooden chairs","furniture","take","Salone Internazionale del Mobile","yes","https://salmafurniture.pt/","no","consumer, sells online","Salma is a Portuguese manufacturer of luxurious bespoke furniture including upholstery, cabinetry and metalwork","","role inbox","No visualiser yet and sells direct to shoppers, so this is the full pitch rather than an upgrade"
"Sancal Diseño sl","www.sancal.com","empresa@sancal.com","prensa@sancal.com","+34 (968) 718074","ESP","Yecla (Murcia)","Pol. Ind. La Herrada, Parcela 6-B C/Principe de Asturias 18","Salone del Mobile 2026","SMI","22","A29","","Bedrooms | Dining rooms, living rooms | Upholstered furniture | Furniture","Leisure armchairs | Wooden dining tables | Metal and glass dining tables | Marble dining tables | Bedrooms | Metal and glass living room tables | Living rooms | Home cinema / Home-theatre seating | Wooden sideboards | Marble or stone furniture | Metal bookcases | Leather chairs | Wooden living room tables | Marble living room tables | Metal stools | TV tables | Sofas and armchairs | Leather furniture | Metal chairs | Glass furniture | Leather stools | Metal or glass trolleys | Hall furniture | Wooden stools | Sofa beds and armchair beds | Wooden chairs","furniture","take","Salone Internazionale del Mobile","yes","https://sancal.com/en/","no","consumer, sells online","Sancal, leading brand of sofas, chairs and occasional furniture. Manufactured in Spain since 1973.","","other","No visualiser yet and sells direct to shoppers, so this is the full pitch rather than an upgrade"
"Sanco Bathroom Theory","www.sanco.gr","info@sanco.gr","pano@sanco.gr","+30 (21) 06627500","GRC","Athens","Thesi Poka Koropi","Salone del Mobile 2026","ARB","06","C43","","Bathroom furniture and accessories","Bathroom accessories","furniture","take","International Bathroom Exhibition","yes","https://www.sanco.gr","no","catalogue only","sanco bathroom accessories - design & manufacturing","","role inbox","Publishes collections with a contact form as the only way in, which is the exact problem the email opens on. Audience unconfirmed"
"SANTAMBROGIOMILANO","www.santambrogiomilano.it","info@santambrogiomilano.it","design@santambrogiomilano.it","+39 0276020788","ITA","Milano","Via Francesco Sforza 14","Salone del Mobile 2026","SMI","24","C28","","Bedrooms | Dining rooms, living rooms | Outdoor furniture | Upholstered furniture | Furniture","Sofas and armchairs | Metal and glass living room tables | Outdoor furniture and accessories | Modular living rooms | Glass furniture | Walk-in robes | Hall furniture | Cocktail cabinets | Game tables and billiards | Wardrobes","furniture","take","Salone Internazionale del Mobile","yes","http://www.santambrogiomilano.it","no","unclear","","","role inbox","Live site but no catalogue, cart or contact route found, needs a look"
"Sanycces Design s.l.u.","www.sanycces.es","info@sanycces.es","d.suarez@sanycces.es","+34 (964) 518202","ESP","Burriana (Castellón)","Poligono Industrial Carabona  C/Coure P-11","Salone del Mobile 2026","ARB","06","B38","","Sanitary ware, tapware, radiators, coverings, wellness | Bathroom furniture and accessories","Bathroom accessories | Bathroom, laundry and/or kitchen tapware | Bath tubs and whirlpool tubs | Bathroom furniture | Sanitary ware","furniture","take","International Bathroom Exhibition","yes","https://sanycces.es/","no","catalogue only","Sanycces diseña y fabrica equipamiento de baño con alma mediterránea: bañeras, lavabos y platos de ducha que unen diseño, confort e innovación. Descubre la esencia del baño mediterráneo.","","role inbox","Publishes collections with a contact form as the only way in, which is the exact problem the email opens on. Audience unconfirmed"
"Saota","www.saota.com","info@saota.com","luke@saota.com","+27 (21) 4684400","ZAF","Cape Town","109 Hatfield Street, Gardens","Salone del Mobile 2026","SMI","18","F14 F18","","Dining rooms, living rooms | Outdoor furniture | Upholstered furniture | Furniture","Leisure armchairs | Sofas and armchairs | Metal and glass living room tables | CD-racks | Outdoor furniture and accessories | Metal chairs | Sofa beds and armchair beds","furniture","take","Salone Internazionale del Mobile","yes","https://www.saota.com","no","consumer, sells online","SAOTA is a leading global architecture and design studio based in Cape Town, South Africa, with projects around the world.","","role inbox","No visualiser yet and sells direct to shoppers, so this is the full pitch rather than an upgrade"
"Sartoris Maxdivani","www.sartorisitalia.it","info@sartorisitalia.it","glogrieco@maxdivani.it","+39 0809266200","ITA","Altamura","Largo Epitaffio 1","Salone del Mobile 2026","SMI","01","A04 B03","","Bedrooms | Dining rooms, living rooms | Upholstered furniture","Leisure armchairs | Sofas and armchairs | Upholstered rocking-chairs | Metal and glass living room tables | Upholstered beds | Wooden living room tables | Sofa beds and armchair beds | Marble living room tables","furniture","take","Salone Internazionale del Mobile","yes","https://www.sartorisitalia.it","no","consumer, sells online","Scopri la collezione di divani letto di Sartoris Italia by Max Divani. Design e materiali di prima qualità, design e produzione italiana.","","role inbox","No visualiser yet and sells direct to shoppers, so this is the full pitch rather than an upgrade"
"Savas Plastik San ve Tic A.S.","www.tiliafurniture.com","info@tilia.com.tr","burak.savas@tilia.com.tr","+90 (212) 4223406","TUR","Istanbul","Beysan Sanayi Sitesi Birlik Cad. 18","Salone del Mobile 2026","SMI","01","A37","","Dining rooms, living rooms | Outdoor furniture","Plastic chairs | Plastic dining tables | Outdoor furniture and accessories | Stacking or folding chairs | Plastic living room tables | Plastic stools","furniture","take","Salone Internazionale del Mobile","yes","https://www.tiliafurniture.com/en","yes","catalogue only","Tilia offers modern and durable furniture solutions for hotels, cafes, and gardens. Discover timeless designs that combine aesthetics and functionality!","","role inbox","Already runs a visualiser but publishes collections and a catalogue with a contact form as the only way in, so confirm there is a shopper to capture"
"Savio Firmino srl","www.saviofirmino.com","info@saviofirmino.com","e.petuhova@saviofirmino.com","+39 055720466","ITA","Scandicci","Via Delle Fonti 10","Salone del Mobile 2026","ARB","06","C34","","Bathroom furniture and accessories","Bathroom accessories | Bathroom furniture","furniture","take","International Bathroom Exhibition","yes","https://saviofirmino.com/","no","consumer, sells online","","","role inbox","No visualiser yet and sells direct to shoppers, so this is the full pitch rather than an upgrade"
"SC Montana Campeni Srl","www.mobilamontana.ro","office@montanasa.ro","jimi@montanasa.ro","+40 (258) 771863","ROU","Jud. Alba","Str. Motilor 77 Câmpeni","Salone del Mobile 2026","SMI","03","C28 D35","","Dining rooms, living rooms","Wooden dining tables | Living rooms | Wooden bookcases","furniture","take","Salone Internazionale del Mobile","yes","https://www.mobilamontana.ro","no","consumer, sells online","MOBILA MONTANA","","role inbox","No visualiser yet and sells direct to shoppers, so this is the full pitch rather than an upgrade"
"Scarabeo Ceramiche srl","www.scarabeosrl.com","info@scarabeosrl.com","giampaolo@scarabeosrl.com","+39 0761540028","ITA","Fabrica di Roma","Loc. Pian del Trullo snc","Salone del Mobile 2026","ARB","06","B25 C22","","Bathroom furniture and accessories","Bathroom accessories | Bathroom furniture","furniture","take","International Bathroom Exhibition","yes","https://www.scarabeosrl.com/","yes","catalogue only","Produzione di prodotti lper l'arredo bagno, lavabi, sanitari e accessori da bagno","","role inbox","Already runs a visualiser but publishes collections and a catalogue with a contact form as the only way in, so confirm there is a shopper to capture"
"Scavolini spa","www.scavolini.com","contatti@scavolini.com","francesca.boldrini@scavolini.com","+39 07214431","ITA","Montelabbate","Via Risara 60/70-74/78","Salone del Mobile 2026","SMI;ARB;EUC","02","B03 B09","","Bedrooms | Dining rooms, living rooms | Outdoor furniture | Upholstered furniture | Furniture","Wooden dining tables | Metal and glass dining tables | Plastic dining tables | Bedrooms | Wooden sideboards | Wooden bookcases | Mattresses | Walk-in robes | Sliding or fixed partitions for walk-in robes | Wooden living room tables | Partition wardrobes | Stacking and nesting living room tables | Metal stools | Mirrors | Outdoor furniture and accessories | Upholstered beds | Metal or glass trolleys | Plastic stools | Plastic chairs | Marble dining tables | Metal and glass living room tables | Living rooms | Modular living rooms | Convertible furniture | Extension dining tables | Plastic living room tables | Marble living room tables | TV tables | Sliding or fixed partitions for wardrobe walls | Metal chairs | Stacking or folding chairs | Convertible beds | Hall furniture | Shoe cupboards | Wardrobes","furniture","take","Salone Internazionale del Mobile","yes","https://www.scavolini.com/us/","no","consumer, via dealers","Quality, assistance and guarantees that accompany your furniture over time.","","other","No visualiser yet and markets to shoppers and routes them to dealers, so this is the full pitch rather than an upgrade"
"Schramm GmbH","www.schrammbeds.com","info@schrammbeds.com","urte.stoecklein@schrammbeds.com","+49 (6302) 92360","DEU","Winnweiler","Am Stundenstein 1","Salone del Mobile 2026","SMI","15","A19","","Bedrooms","Upholstered beds","furniture","take","Salone Internazionale del Mobile","yes","https://schrammbeds.com/","no","consumer, sells online","Entdecken Sie die hochwertigen Produkte von SCHRAMM: Luxuriöse Betten ✓ Handgefertigte Matratzen ✓ Exklusive Schlafsysteme ✓","","role inbox","No visualiser yet and sells direct to shoppers, so this is the full pitch rather than an upgrade"
"Schüller","www.schueller.de","export@schueller.de","karl.ankenbrand@schueller.de","+49 (9825) 830","DEU","Herrieden","Rother Strasse 1","Salone del Mobile 2026","EUC","02","A15 B18","","Kitchens","Wood kitchens | Plastic laminate kitchens | Lacquered kitchens","furniture","take","EuroCucina","yes","https://www.schueller.de/de/","no","consumer, via dealers","Wir zeigen Ihnen Küchen, die sich genau nach Ihren Wünschen planen lassen. Damit Sie sich in Ihrer Küche jeden Tag rundum wohl fühlen.","","role inbox","No visualiser yet and markets to shoppers and routes them to dealers, so this is the full pitch rather than an upgrade"
"Scolaro Parasol srl Unipersonale","www.scolaro-parasol.it","info@scolaro-parasol.it","fs@scolaro-parasol.it","+39 0429656687","ITA","Casale di Scodosia","Via Liguria 197","Salone del Mobile 2026","SMI","01","B07","","Outdoor furniture","Outdoor umbrellas | Outdoor furniture and accessories","furniture","take","Salone Internazionale del Mobile","yes","https://www.scolaro-parasol.it/gb/","no","consumer, sells online","Scolaro is a factory specialized in production and sale of umbrellas and parasols for garden and outdoors. All models are produced with italian design.","","role inbox","No visualiser yet and sells direct to shoppers, so this is the full pitch rather than an upgrade"
"Secolo","www.secolo.design","info@secolo.design","lorenzo@secolo.design","+39 3476489444","ITA","Milano","Via Giuseppe Giacosa 35","Salone del Mobile 2026","SMI","22","B35","","Dining rooms, living rooms | Outdoor furniture | Upholstered furniture","Rush and rattan furniture | Sofas and armchairs | Sofa beds and armchair beds | Wooden chairs","furniture","take","Salone Internazionale del Mobile","yes","https://secolo.design/","no","consumer, sells online","Contemporary Italian furniture by design brand SECOLO. Crafted 100% in Italy, uniting sculptural forms, local materials and artisanal craftsmanship.","","role inbox","No visualiser yet and sells direct to shoppers, so this is the full pitch rather than an upgrade"
"SEDJA Sp. z o.o.","www.sedja.com.pl","sedja@sedja.com.pl","sedja@sedja.com.pl","+48 (506) 176163","POL","Miedzyrzecze Gorne","Miedzyrzecze Gorne 165","Salone del Mobile 2026","SMI","03","D25","","Dining rooms, living rooms | Upholstered furniture","Metal stools | Wooden dining tables | Sofas and armchairs | Living rooms | Metal chairs | Stacking or folding chairs | Leather stools | Leather chairs | Wooden stools | Wooden living room tables | Sofa beds and armchair beds | Wooden chairs","furniture","take","Salone Internazionale del Mobile","yes","http://sedja.com.pl/","no","unclear","Nowoczesne wzornictwo","","other","Live site but no catalogue, cart or contact route found, needs a look"
"Segis srl","www.segis.it","segis@segis.it","e.ciocci@segis.it","+39 0577980333","ITA","Poggibonsi","Via Umbria 14 - Loc. Fosci","Salone del Mobile 2026","SMI","14","E32","","Dining rooms, living rooms | Upholstered furniture","Plastic chairs | Metal stools | Sofas and armchairs | Metal chairs | Wooden stools | Plastic stools","furniture","take","Salone Internazionale del Mobile","yes","https://www.segis.it","no","consumer, sells online","Segis, produttori di sedie di design dal 1983.","","other","No visualiser yet and sells direct to shoppers, so this is the full pitch rather than an upgrade"
"Sempre","www.sempre.be","info@sempre.be","sofie@sempre.be","+32 (14) 283636","BEL","Herenthout","Grensstraat 18","Salone del Mobile 2026","SMI","18","A01 B02","","Dining rooms, living rooms | Outdoor furniture | Upholstered furniture | Furniture","Leisure armchairs | Wooden dining tables | Marble dining tables | Wooden bookcases | Marble or stone furniture | Wooden living room tables | Marble living room tables | Rush and rattan furniture | Metal stools | Sofas and armchairs | Mirrors | Outdoor umbrellas | Outdoor furniture and accessories | Leather furniture | Metal chairs | Wooden stools | Sofa beds and armchair beds | Wooden chairs","furniture","take","Salone Internazionale del Mobile","unreachable","","","","","HTTP Error 429: Too Many Requests","role inbox","Site did not respond, check it by hand before spending a credit"
"Sentta - Global Design Concept","www.sentta.pt","design@fenabel.pt","design@fenabel.pt","+351 (22) 4119120","PRT","Rebordosa (Porto)","Via Rota dos Móveis I 624","Salone del Mobile 2026","SMI","18","C20","","Dining rooms, living rooms | Upholstered furniture","Leisure armchairs | Wooden dining tables | Sofas and armchairs | Stacking or folding chairs | Leather stools | Leather chairs | Wooden stools | Wooden living room tables | Wooden chairs","furniture","take","Salone Internazionale del Mobile","yes","https://sentta.pt/","no","catalogue only","SENTTA is more than a furniture design brand. SENTTA is a combination of craftsmanship and innovation to manufacture impeccable design pieces.","","other","Publishes collections with a contact form as the only way in, which is the exact problem the email opens on. Audience unconfirmed"
"Serdaneli","www.serdaneli.fr","info@serdaneli.fr","p.tassot@mrf.fr","+33 1 64293138","FRA","Château-Landon","25 Rue du Gâtinais","Salone del Mobile 2026","ARB","10","C15","","Sanitary ware, tapware, radiators, coverings, wellness | Bathroom furniture and accessories","Bathroom accessories | Bathroom, laundry and/or kitchen tapware","furniture","take","International Bathroom Exhibition","yes","https://www.serdaneli.fr","no","consumer, sells online","Créateur et fabricant de robinetterie et de poignées de portes de luxe, Serdaneli est le partenaire des architectes pour les projets les plus prestigieux.","","role inbox","No visualiser yet and sells direct to shoppers, so this is the full pitch rather than an upgrade"
"Sergio Matos - Dostum Ind. Com. e Artigos de Decoracao em Resina ltda","www.sergiojmatos.com.br","administracao@sergiojmatos.com","administracao@sergiojmatos.com","","BRA","Campina Grande - Paraiba","Rua Dom Pedro II 933","Salone del Mobile 2026","SMI","03","C06 C08 D07 D09","","Outdoor furniture | Upholstered furniture","Leisure armchairs | Sofas and armchairs | Outdoor furniture and accessories","furniture","take","Salone Internazionale del Mobile","yes","https://www.sergiojmatos.com.br","no","catalogue only","","","other","Publishes collections with a contact form as the only way in, which is the exact problem the email opens on. Audience unconfirmed"
"Seriplighting lda","www.seripdesign.com","info@seripdesign.com","info@seripdesign.com","+351 (212) 488840","PRT","S. Mamede de Infesta","Rua Padre Costa 1042","Salone del Mobile 2026","SMI","15","B42","","Dining rooms, living rooms | Furniture","Mirrors | Metal and glass dining tables | Marble dining tables | Metal and glass living room tables | Marble or stone furniture | Marble living room tables","furniture","take","Salone Internazionale del Mobile","yes","https://www.seripdesign.com/en/home","no","consumer, via dealers","Serip designs and produces nature-inspired sculptures resulting in decor elements and organic lighting with a unique design based on nature’s elements. Expert in illumination since 1961.","","role inbox","No visualiser yet and markets to shoppers and routes them to dealers, so this is the full pitch rather than an upgrade"
"Sicis srl","www.sicis.com","simone@sicis.com","jessica@sicis.com","+39 0544469711","ITA","Milano","Via Borgonuovo 29","Salone del Mobile 2026","SMI","13","B02 C05","","Bedrooms | Dining rooms, living rooms | Outdoor furniture | Upholstered furniture | Furniture","Wooden dining tables | Metal and glass dining tables | Bedrooms | Living rooms | Wooden bookcases | Walk-in robes | Sliding or fixed partitions for walk-in robes | Dining rooms | Metal stools | Sofas and armchairs | Mirrors | Outdoor furniture and accessories | Upholstered beds | Glass furniture | Hall furniture | Cocktail cabinets | Wardrobes | Wooden chairs","furniture","take","Salone Internazionale del Mobile","yes","https://www.sicis.com/us","no","consumer, sells online","Redesign your contemporary living space with SICIS mosaic collections, Vetrite and our luxury furniture and fabrics,100% Italian design.","","other","No visualiser yet and sells direct to shoppers, so this is the full pitch rather than an upgrade"
"Siedo","www.siedo.design.it","info@siedo.design","davide@mobilsedia2000.it","+39 0456971147","ITA","Isola Rizza","Via Muselle 751","Salone del Mobile 2026","SMI","07","D27","","Bedrooms | Dining rooms, living rooms | Upholstered furniture | Furniture","Wooden dining tables | Sofas and armchairs | Mirrors | Upholstered beds | Stacking or folding chairs | Leather stools | Extension dining tables | Leather chairs | Rocking-chairs | Wooden stools | Wooden living room tables | Sofa beds and armchair beds | Wooden chairs","furniture","take","Salone Internazionale del Mobile","unreachable","","","","","<urlopen error [Errno -2] Name or service not known>","role inbox","Site did not respond, check it by hand before spending a credit"
"Sier Moveis ltda","www.siermoveis.com.br","sier@siermoveis.com.br","rafaela.terra@siermoveis.com.br","+55 (32) 35392100","BRA","Ubá","Rua Alta Raphael 187","Salone del Mobile 2026","SMI","03","C06 C08 D07 D09","","Dining rooms, living rooms","Wooden dining tables | Wooden sideboards | Wooden bookcases | Wooden living room tables | Wooden stools | Wooden chairs","furniture","take","Salone Internazionale del Mobile","yes","https://www.siermoveis.com.br","no","consumer, via dealers","","","other","No visualiser yet and markets to shoppers and routes them to dealers, so this is the full pitch rather than an upgrade"
"Sika-Design a/s","www.sika-design.com","info@sika-design.com","msg@sika-design.com","+45 (66) 154224","DNK","Rynkeby","Rynkebyvej 245","Salone del Mobile 2026","SMI","18","E02","","Outdoor furniture","Rush and rattan furniture | Outdoor furniture and accessories","furniture","take","Salone Internazionale del Mobile","yes","https://sika-design.com/","no","consumer, sells online","Sika-Design is a Danish furniture manufacturer with a passion for rattan since 1942. Handmade interior and exterior furniture in high quality.","","role inbox","No visualiser yet and sells direct to shoppers, so this is the full pitch rather than an upgrade"
"Silleria Vergés sa","www.verges.design","contact@verges.design","comunicacio@sverges.com","+34 (972) 287277","ESP","Tortellà, Girona","Ctra. Brunells s/n","Salone del Mobile 2026","SMI","18","B07","","Dining rooms, living rooms | Upholstered furniture","Wooden dining tables | Sofas and armchairs | Metal chairs | Stacking or folding chairs | Wooden living room tables | Wooden stools | Wooden chairs","furniture","take","Salone Internazionale del Mobile","yes","https://verges.design/","no","catalogue only","Design, innovation and craftsmanship. Manufacturer of chairs and contemporary furniture for hotels, restaurants and work spaces.","","role inbox","Publishes collections with a contact form as the only way in, which is the exact problem the email opens on. Audience unconfirmed"
"Silvano Grifoni","www.silvanogrifoni.it","info@silvanogrifoni.it","amministrazione@silvanogrifoni.it","+39 055721673/74","ITA","Scandicci","Via di Castelpulci 17/a","Salone del Mobile 2026","SMI","13","C36","","Bedrooms | Dining rooms, living rooms | Upholstered furniture | Furniture","Bedrooms | Wooden sideboards | Modular living rooms | Metal bookcases | Extension dining tables | Dining rooms | TV tables | Mirrors | Sofas and armchairs | Upholstered beds | Wooden beds | Hall furniture | Wardrobes | Plastic stools","furniture","take","Salone Internazionale del Mobile","yes","https://www.silvanogrifoni.com/","no","unclear","","","role inbox","Live site but no catalogue, cart or contact route found, needs a look"
"Skandilo","www.skandilo.com","info@skandilo.com","pia.lehtonen@skandilo.com","+358 (400) 544585","FIN","Jyväskylä","Alvar Aallon katu 8","Salone del Mobile 2026","SMI","18","E15","","Dining rooms, living rooms | Furniture","Wooden dining tables | Marble dining tables | Wooden sideboards | Wooden bookcases | Marble or stone furniture | Wooden living room tables | Wooden stools | Marble living room tables | Wooden chairs","furniture","take","Salone Internazionale del Mobile","yes","https://www.skandilo.com","no","unclear","Sculptural furniture and objects in certified walnut, ash, and marble. Minimal in form, built for decades of daily living.","","role inbox","Live site but no catalogue, cart or contact route found, needs a look"
"Skargaarden International AB","www.skargaarden.com","info@skargaarden.com","jari.visuri@skargaarden.com","+46 (76) 8268500","SWE","Gävle","Andra Magasinsgatan 3A","Salone del Mobile 2026","SMI","14","E28","","Outdoor furniture","Outdoor furniture and accessories","furniture","take","Salone Internazionale del Mobile","yes","https://www.skargaarden.com","no","consumer, sells online","Scandinavian Outdoor Design at it's finest. Introducing new collections Saltholm, Laknäs and Koster Lounge.","","role inbox","No visualiser yet and sells direct to shoppers, so this is the full pitch rather than an upgrade"
"SKLD Studio","www.skldstudio.com","info@skldstudio.com","maria@voolcangrupo.com","+34 (96) 2295283","ESP","Mogente","P.I. Moinsa c/Boquella 2","Salone del Mobile 2026","SMI","14","D29","","Bedrooms | Dining rooms, living rooms | Outdoor furniture | Upholstered furniture","Leisure armchairs | Wooden dining tables | Metal and glass dining tables | Marble dining tables | Bedrooms | Metal and glass living room tables | Living rooms | Modular living rooms | Extension dining tables | Wooden living room tables | Marble living room tables | Dining rooms | Metal stools | Sofas and armchairs | Outdoor furniture and accessories | Metal chairs | Wooden stools | Sofa beds and armchair beds | Wooden chairs","furniture","take","Salone Internazionale del Mobile","yes","https://www.skldstudio.com","no","catalogue only","SKLD Studio, contemporary outdoor furniture. Thoughtful, conscious design transforming noble materials and industrial processes into timeless pieces.","","role inbox","Publishes collections with a contact form as the only way in, which is the exact problem the email opens on. Audience unconfirmed"
"Slide srl","www.slidedesign.it","info@slidedesign.it","fabrice.thome@slidedesign.it","+39 024882377","ITA","Buccinasco","Via Lazio 14/16/18","Salone del Mobile 2026","SMI","18","D16","","Dining rooms, living rooms | Outdoor furniture","Plastic chairs | Plastic dining tables | Outdoor furniture and accessories | Plastic bookcases | Plastic stools","furniture","take","Salone Internazionale del Mobile","yes","https://www.slidedesign.it","no","consumer, sells online","Scopri il design Made in Italy di SLIDE: illuminazione e arredamento per esterni e interni dallo stile pop e iconico. Acquista ora","","role inbox","No visualiser yet and sells direct to shoppers, so this is the full pitch rather than an upgrade"
"Snaidero Rino spa","www.snaidero.it","info@snaidero.it","marketing@snaidero.it","+39 0432952111","ITA","Majano","Viale Rino Snaidero 15","Salone del Mobile 2026","EUC","02","A03 B04","","Kitchens | Kitchen furnishing accessories","Wood kitchens | Plastic laminate kitchens | Lacquered kitchens | Metal kitchens | Kitchen furnishing accessories","furniture","take","EuroCucina","yes","http://www.snaidero.it","no","unclear","","","role inbox","Live site but no catalogue, cart or contact route found, needs a look"
"Snoc","www.snoc-eu.com","info@snoc-eu.com","dogakorkmaz@snoc.com.tr","+90 (850) 8006464","TUR","Umraniye, Istanbul","Necip Fazil Bulv. 46/A Yukari Dudullu","Salone del Mobile 2026","SMI","18","A09","","Light fixtures | Outdoor furniture | Upholstered furniture","Leisure armchairs | Outdoor furniture and accessories | Light fixtures","furniture","take","Salone Internazionale del Mobile","yes","https://snoc-eu.com/","no","consumer, sells online","","","role inbox","No visualiser yet and sells direct to shoppers, so this is the full pitch rather than an upgrade"
"So.Ve.T. Società Vetraria Trevigiana srl","www.sovet.com","marketing@sovet.com","marketing@sovet.com","+39 0422848030","ITA","Biancade di Roncade","Via E. Salgari 1/a","Salone del Mobile 2026","SMI","14","B27","","Dining rooms, living rooms | Outdoor furniture | Upholstered furniture | Furniture","Wooden dining tables | Metal and glass dining tables | Plastic dining tables | Wooden sideboards | Marble or stone furniture | Metal bookcases | Wooden living room tables | Dining rooms | Metal stools | Mirrors | Outdoor furniture and accessories | Metal sideboards | Leather stools | Plastic stools | Plastic chairs | Marble dining tables | Metal and glass living room tables | Living rooms | Modular living rooms | Extension dining tables | Leather chairs | Marble living room tables | TV tables | Sofas and armchairs | Metal chairs | Glass furniture | Stacking or folding chairs | Hall furniture | Wooden stools | Wooden chairs","furniture","take","Salone Internazionale del Mobile","unreachable","","","","","HTTP Error 429: Too Many Requests","role inbox","Site did not respond, check it by hand before spending a credit"
"Sofa Dome bvba","www.wr-inspired.com","contact@wr-inspired.com","sven@wr-inspired.com","+32 (14) 714845","BEL","Olen - Antwerp","Dorp 32","Salone del Mobile 2026","SMI","01","B09","","Bedrooms | Dining rooms, living rooms | Upholstered furniture | Furniture","Metal stools | Sofas and armchairs | Mirrors | Bedrooms | Metal sideboards | Living rooms | Metal chairs | Marble or stone furniture | Metal bookcases | Wardrobes | Dining rooms","furniture","take","Salone Internazionale del Mobile","yes","https://www.wr-inspired.com","no","consumer, sells online","","","role inbox","No visualiser yet and sells direct to shoppers, so this is the full pitch rather than an upgrade"
"Sofa Na Caixa ltda","www.sofanacaixa.com.br","rubens@sofanacaixa.br","executiva@abimovel.com","+55 (11) 913368787","BRA","Rafard/SP","Rua Emilio Vendramim 187 Distrito Industrial","Salone del Mobile 2026","SMI","03","D04","","Bedrooms | Children's furniture | Dining rooms, living rooms | Outdoor furniture | Upholstered furniture","Sofas and armchairs | Bedrooms | Outdoor furniture and accessories | Living rooms | Children's bedrooms | Mattresses | Sofa beds and armchair beds","furniture","take","Salone Internazionale del Mobile","yes","https://sofanacaixa.com.br/","no","consumer, sells online","Design, qualidade, conforto e entrega rápida em um só sofá. Único no mundo com tecnologia Growtech®. Acreditamos na modularidade para encaixar na sua casa atual e na próxima.","","other","No visualiser yet and sells direct to shoppers, so this is the full pitch rather than an upgrade"
"SOFTLINE a/s","www.softlinefurniture.com","info@softline.dk","pgr@softline.dk","+45 (54) 160680","DNK","Maribo","Kidnakken 5","Salone del Mobile 2026","SMI","18","D24","","Children's furniture | Upholstered furniture","Leisure armchairs | Sofas and armchairs | Upholstered rocking-chairs | Other children's furniture | Sofa beds and armchair beds","furniture","take","Salone Internazionale del Mobile","yes","https://softlinefurniture.com/en/","no","consumer, sells online","Danish design furniture by SOFTLINE brings together aesthetics and comfort in any setting, and can be customized to suit your interior project.","","role inbox","No visualiser yet and sells direct to shoppers, so this is the full pitch rather than an upgrade"
"Soho","www.soho.be","info@soho.be","luc@soho.be","+32 (93) 657797","BEL","Wetteren","Zuiderdijk 25","Salone del Mobile 2026","SMI","03","D16","","Outdoor furniture","Outdoor furniture and accessories","furniture","take","Salone Internazionale del Mobile","yes","https://www.soho.be","no","catalogue only","SOHO B2B outdoor and horeca furniture! Unwind in style with our collection of garden furniture with chairs, benches, sofas, tables,...","","role inbox","Publishes collections with a contact form as the only way in, which is the exact problem the email opens on. Audience unconfirmed"
"Sollos - NJF Industria e Comercio de Moveis ltda","www.sollos.ind.br","international@sollos.ind.br","international@sollos.ind.br","+55 (49) 991377941","BRA","Princesa","Rua Anna Riffel 364","Salone del Mobile 2026","SMI","03","C06 C08 D07 D09","","Dining rooms, living rooms","Wooden chairs","furniture","take","Salone Internazionale del Mobile","unreachable","","","","","<urlopen error [SSL: CERTIFICATE_VERIFY_FAILED] certificate verify fai","other","Site did not respond, check it by hand before spending a credit"
"Sophia 2004 srl","www.sophiahomedecoration.com","export@sophia-concept.com","buyer@sophia-romania.ro","+40 (740) 594711","ROU","Iasi","5A Poitiers Boulevard","Salone del Mobile 2026","SMI","03","C26 D33","","Bedrooms | Upholstered furniture","Upholstered rocking-chairs | Upholstered beds","furniture","take","Salone Internazionale del Mobile","yes","https://www.sophiahomedecoration.com","no","consumer, via dealers","Discover bespoke curtains, sheers, bed linens, cushions, and more. We offer personalized design services with worldwide delivery.","","role inbox","No visualiser yet and markets to shoppers and routes them to dealers, so this is the full pitch rather than an upgrade"
"Sora Umbrellas","www.sora-umbrellas.com","info@sora-umbrellas.com","tom@sora-umbrellas.com","+32 (56) 427903","BEL","Wevelgem","Albertstraat 34","Salone del Mobile 2026","SMI","03","D28","","Outdoor furniture","Outdoor umbrellas","furniture","take","Salone Internazionale del Mobile","yes","https://www.sora-umbrellas.com/en","no","consumer, sells online","This is the homepage of the website","","role inbox","No visualiser yet and sells direct to shoppers, so this is the full pitch rather than an upgrade"
"StableTable","www.stabletable.se","info@stabletable.se","l.henningsson@stabletable.se","+46 (46) 151550","SWE","Lund","Stora Södergatan 31","Salone del Mobile 2026","SMI","14","E38","","Dining rooms, living rooms | Outdoor furniture","Metal and glass dining tables | Outdoor furniture and accessories | Dining rooms","furniture","take","Salone Internazionale del Mobile","unreachable","","","","","HTTP Error 429: Too Many Requests","role inbox","Site did not respond, check it by hand before spending a credit"
"Starmobile Design Industria de Moveis ltda","www.starmobiledesign.com.br","comercial@starmobiledesign.com.br","comercial@starmobiledesign.com.br","+55 (54) 34626631","BRA","Alfandega, Garibaldi","Rua Buarque de Macedo 451","Salone del Mobile 2026","SMI","03","C06 C08 D07 D09","","Upholstered furniture","Sofas and armchairs","furniture","take","Salone Internazionale del Mobile","yes","https://www.starmobiledesign.com.br","no","consumer, via dealers","","","other","No visualiser yet and markets to shoppers and routes them to dealers, so this is the full pitch rather than an upgrade"
"Status srl","www.statusitaly.it","info@statusitaly.it","marzia@statusitaly.it","+39 043475195","ITA","Gaiarine","Via delle Industrie 6/a","Salone del Mobile 2026","SMI","05","B18","","Bedrooms | Dining rooms, living rooms","Bedrooms | Living rooms | Dining rooms","furniture","take","Salone Internazionale del Mobile","unreachable","","","","","<urlopen error _ssl.c:999: The handshake operation timed out>","role inbox","Site did not respond, check it by hand before spending a credit"
"Steel srl","www.steel-cucine.com","steel@steel-cucine.com","carlottapo@steel-cucine.com","+39 059645180","ITA","Carpi","Via dell'Agricoltura 21","Salone del Mobile 2026","EUC","04","C27","","Kitchens","Metal kitchens","furniture","take","EuroCucina","yes","https://steel-cucine.com/en","no","unclear","","","other","Live site but no catalogue, cart or contact route found, needs a look"
"Steinberg GmbH","www.steinberg-armaturen.de","info@steinberg-armaturen.de","janine.cleven@steinberg-armaturen.de","+49 (2054) 931540","DEU","Essen","Landsberger Straße 98b","Salone del Mobile 2026","ARB","06","B30","","Sanitary ware, tapware, radiators, coverings, wellness","Bathroom, laundry and/or kitchen tapware | Bath tubs and whirlpool tubs","furniture","take","International Bathroom Exhibition","yes","https://www.steinberg-armaturen.de","no","consumer, sells online","Hochwertige Armaturen für Badewanne, Dusche oder Waschbecken – direkt vom ﻿Hersteller. Bestes Design für Badezimmer und Küche. Jetzt entdecken!","","role inbox","No visualiser yet and sells direct to shoppers, so this is the full pitch rather than an upgrade"
"Stern GmbH & Co. KG","www.stern-moebel.de","anfragen@stern-moebel.de","a.entenmann@stern-moebel.de","+49 (7144) 8377460","DEU","Affalterbach","Maybachstraße 13-17","Salone del Mobile 2026","SMI","01","B12","","Outdoor furniture","Outdoor furniture and accessories","furniture","take","Salone Internazionale del Mobile","yes","https://www.stern-moebel.de","no","consumer, sells online","Gartenmöbel aus Aluminium, Teak, Edelstahl und Keramik. Design und Qualität für Terrasse und Garten seit 1947.","","other","No visualiser yet and sells direct to shoppers, so this is the full pitch rather than an upgrade"
"STI","www.stimilano.it","info@stimilano.it","office@stimilano.it","+39 029626712","ITA","Saronno","Via Varese 25 D","Salone del Mobile 2026","SMI","07","D04","","Bedrooms | Dining rooms, living rooms | Upholstered furniture | Furniture","TV tables | Sofas and armchairs | Bedrooms | Metal and glass living room tables | Metal chairs | Modular living rooms | Marble living room tables | Wooden chairs","furniture","take","Salone Internazionale del Mobile","unreachable","","","","","HTTP Error 429: Too Many Requests","role inbox","Site did not respond, check it by hand before spending a credit"
"Stile Libero srl","www.terzofoco.it","info@terzofoco.it","marketing@terzofoco.it","+39 0759710567","ITA","Ponte San Giovanni","Via delle Comunicazioni 20","Salone del Mobile 2026","ARB","06","B34","","Sanitary ware, tapware, radiators, coverings, wellness","Sanitary ware","furniture","take","International Bathroom Exhibition","yes","https://www.terzofoco.it","no","consumer, sells online","Terzofoco è una ceramic boutique factory di lavabi di lusso per cucine e bagni. Con base a Deruta, Umbria conosciuta come la capitale della Majolica.","","role inbox","No visualiser yet and sells direct to shoppers, so this is the full pitch rather than an upgrade"
"Stilhaus Arredo Bagno srl","www.stilhaus.it","stilhaus@stilhaus.it","export@stilhaus.it","+39 0761352736","ITA","Viterbo","Via della Chimica 4","Salone del Mobile 2026","ARB","10","D04","","Bathroom furniture and accessories","Bathroom accessories","furniture","take","International Bathroom Exhibition","yes","https://www.stilhaus.it","yes","catalogue only","Produzione di accessori bagno moderni e classici, specchi, Applique e complementi sono gli elementi fondamentali per trasformare il bagno nella stanza del benessere.","","other","Already runs a visualiser but publishes collections and a catalogue with a contact form as the only way in, so confirm there is a shopper to capture"
"Stocco","www.stocco.it","commerciale@stocco.it","marketing@stocco.it","+39 0499453911","ITA","S. Giorgio in Bosco","Via Valsugana 318/a","Salone del Mobile 2026","ARB","10","A21 B16","","Sanitary ware, tapware, radiators, coverings, wellness | Bathroom furniture and accessories","Bathroom accessories | Laundry furniture | Bath tubs and whirlpool tubs | Bathroom furniture","furniture","take","International Bathroom Exhibition","yes","https://stocco.it/","no","consumer, sells online","Acqua. Design. Passione.","","role inbox","No visualiser yet and sells direct to shoppers, so this is the full pitch rather than an upgrade"
"Stommen Group AB","www.stommengroup.com","info@stommengroup.com","adam.berntsson@furninova.se","+46 (76) 5385638","SWE","Markaryd","Hallarydsvägen 56A","Salone del Mobile 2026","SMI","01","A08","","Outdoor furniture | Upholstered furniture","Sofas and armchairs | Outdoor furniture and accessories","furniture","take","Salone Internazionale del Mobile","yes","https://www.stommengroup.com","no","consumer, sells online","Stommen Group is a family-owned company that builds long-term value for design brands like Furninova, Brafab, Affari of Sweden, and Conform.","","role inbox","No visualiser yet and sells direct to shoppers, so this is the full pitch rather than an upgrade"
"Stone International","www.stoneinternational.it","info@stoneinternational.it","l.cirilli@stoneinternational.it","+39 055755657","ITA","Tavarnelle Val di Pesa Loc. Sambuca","Via Caravaggio 41/43","Salone del Mobile 2026","SMI","01","A05","","Bedrooms | Dining rooms, living rooms | Upholstered furniture | Furniture","Leisure armchairs | Wooden dining tables | Metal and glass dining tables | Marble dining tables | Bedrooms | Metal and glass living room tables | Wooden sideboards | Wooden bookcases | Marble or stone furniture | Metal bookcases | Wooden living room tables | Marble living room tables | Dining rooms | Stacking and nesting living room tables | Metal stools | TV tables | Mirrors | Sofas and armchairs | Metal sideboards | Metal chairs | Upholstered beds | Wooden beds | Metal beds | Metal or glass trolleys | Wooden stools | Cocktail cabinets | Wooden chairs","furniture","take","Salone Internazionale del Mobile","yes","https://www.stoneinternational.it/en","no","catalogue only","Marble furniture handcrafted in Italy since 1975","","role inbox","Publishes collections with a contact form as the only way in, which is the exact problem the email opens on. Audience unconfirmed"
"Stosa Cucine","www.stosa.it","stosa@stosa.it","sabrina.brutti@stosa.it","+39 05785711","ITA","Barberino Tavarnelle","Via C. Colombo 1","Salone del Mobile 2026","EUC","04","C02 D02 D01","","Kitchens","Wood kitchens | Natural stone kitchens | Plastic laminate kitchens | Lacquered kitchens","furniture","take","EuroCucina","yes","https://www.stosacucine.com/it/","no","consumer, via dealers","Cucine moderne e classiche firmate Stosa Cucine: qualità, innovazione, design. Cura dei dettagli. Entra nel mondo Stosa.","","other","No visualiser yet and markets to shoppers and routes them to dealers, so this is the full pitch rather than an upgrade"
"Studio Produkt d.o.o.","www.terrazza.hr","info@terrazza.hr","marina@terrazza.hr","+385 (97) 7013719","HRV","Pula","Ulica Rue Petrovic 10","Salone del Mobile 2026","EUC","04","D32","","Kitchens | Kitchen furnishing accessories","Wood kitchens | Natural stone kitchens | Metal kitchens | Kitchen furnishing accessories","furniture","take","EuroCucina","yes","https://terrazza.hr/","no","catalogue only","","","role inbox","Publishes collections with a contact form as the only way in, which is the exact problem the email opens on. Audience unconfirmed"
"Suns Outdoor Lifestyle","www.suns-outdoorfurniture.com","info@hello-suns.com","mfloris@sunsit.nl","+31 (73) 6840502","NLD","Vught","De Ring 1","Salone del Mobile 2026","SMI","01","B35","","Outdoor furniture","Outdoor umbrellas | Outdoor furniture and accessories","furniture","take","Salone Internazionale del Mobile","unreachable","","","","","The read operation timed out","role inbox","Site did not respond, check it by hand before spending a credit"
"Sunsit BV","www.hello-suns.com","info@hello-suns.com","mfloris@sunsit.nl","+31 (73) 6840502","NLD","Vught","De Ring 1","Salone del Mobile 2026","SMI","01","B35","","Outdoor furniture","Outdoor umbrellas | Outdoor furniture and accessories","furniture","take","Salone Internazionale del Mobile","unreachable","","","","","HTTP Error 504: Gateway Timeout","role inbox","Site did not respond, check it by hand before spending a credit"
"Sylvanix Outdoor Products Inc.","www.sylvanix.com","marketing@sylvanix.com","jennyli@yardcom.net","+1 (206) 5014083","USA","Manalapan","195 US-9 Suite 205","Salone del Mobile 2026","SMI","18","F14 F18","","Dining rooms, living rooms | Outdoor furniture | Upholstered furniture | Furniture","Leisure armchairs | Sofas and armchairs | Metal and glass living room tables | CD-racks | Outdoor furniture and accessories | Metal chairs | Sofa beds and armchair beds","furniture","take","Salone Internazionale del Mobile","yes","https://www.sylvanix.com","no","consumer, sells online","Discover Sylvanix composite decking and cladding designed for durability, low maintenance, and modern outdoor living. Explore collections built to perform and last.","","role inbox","No visualiser yet and sells direct to shoppers, so this is the full pitch rather than an upgrade"
"System Banyo Aksesuarlari AS.","www.systembanyo.com","bilgi@systembanyo.com","esra@systemhandle.com","+90 (216) 4663340","TUR","Istanbul","Osmangazi Mah. Uzunlar Sok. Sancaktepe","Salone del Mobile 2026","ARB","10","D08","","Bathroom furniture and accessories","Bathroom accessories","furniture","take","International Bathroom Exhibition","yes","https://systembanyo.com/","no","unclear","","","other","Live site but no catalogue, cart or contact route found, needs a look"
"Systemtronic","www.st-systemtronic.com","stc@st-systemtronic.com","stc@st-systemtronic.com","+34 (961) 852784","ESP","Rafelbunyol (Valencia)","Calle del Mar 3","Salone del Mobile 2026","SMI","18","C05","","Bedrooms | Dining rooms, living rooms | Outdoor furniture | Furniture","Mirrors | Metal and glass living room tables | Outdoor furniture and accessories | Metal bookcases | Metal or glass trolleys | Hall furniture | Wardrobes","furniture","take","Salone Internazionale del Mobile","yes","https://st-systemtronic.com/en/home/","no","consumer, sells online","Since 1988 Systemtronic has been manufacturing contemporary design accessories and accessories in Europe for contract, office and home projects.","","other","No visualiser yet and sells direct to shoppers, so this is the full pitch rather than an upgrade"
"Szél - Mob Furniture srl","www.szelmob.ro","office@szelmob.ro","office@szelmob.ro","+40 (266) 243836","ROU","Cristuru Secuiesc","Str. Berde Mozes 61 jud. Harghita","Salone del Mobile 2026","SMI","03","C26 D33","","Bedrooms | Dining rooms, living rooms | Furniture","Wooden dining tables | TV tables | Bedrooms | Wooden sideboards | Wooden bookcases | Cocktail cabinets | Wardrobes | Dining rooms | Wooden chairs","furniture","take","Salone Internazionale del Mobile","yes","https://www.szelmob.com/","no","consumer, sells online","Magazin motorizat de PrestaShop","","role inbox","No visualiser yet and sells direct to shoppers, so this is the full pitch rather than an upgrade"
"T.D. srl","www.tonellidesign.it","tonelli@tonellidesign.it","m.gasperini@tonellidesign.it","+39 0721481172","ITA","Pesaro","Via Casali 40/42","Salone del Mobile 2026","SMI","24","C24","","Bedrooms | Dining rooms, living rooms | Upholstered furniture | Furniture","Metal and glass dining tables | Marble dining tables | Metal and glass living room tables | Wooden trolleys | Wooden sideboards | Wooden bookcases | Extension dining tables | Leather chairs | Marble living room tables | TV tables | Mirrors | Sofas and armchairs | Glass furniture | Metal or glass trolleys | Wardrobes | Wooden chairs","furniture","take","Salone Internazionale del Mobile","yes","https://tonellidesign.it/","no","consumer, sells online","Tonelli design, arredamento moderno e contemporaneo per tutti gli ambienti della tua abitazione. I complementi d’arredo sono realizzati dai migliori designer.","","other","No visualiser yet and sells direct to shoppers, so this is the full pitch rather than an upgrade"
"Tacchini Italia Forniture srl","www.tacchini.it","info@tacchini.it","hello@tacchini.it","+39 0362504182","ITA","Baruccana di Seveso","Via Domodossola 19","Salone del Mobile 2026","SMI","24","C05","","Dining rooms, living rooms | Outdoor furniture | Furniture","Rush and rattan furniture | Metal stools | Mirrors | Outdoor furniture and accessories | Metal chairs | Hall furniture | Wooden stools | Marble living room tables | Wooden chairs","furniture","take","Salone Internazionale del Mobile","yes","https://www.tacchini.it/en","no","consumer, via dealers","Discover Tacchini’s timeless elegance: re-editions of design icons and pieces by contemporary designers crafted in Italy with refined care and craftsmanship.","","role inbox","No visualiser yet and markets to shoppers and routes them to dealers, so this is the full pitch rather than an upgrade"
"Takehomedesign Co. ltd","www.takehomedesign.com","design@takehomedesign.com","design@takehomedesign.com","+66 (0) 904099454","THA","Klongtoey, Bangkok","2024/198 Rimthangrotfaisaipaknam Rd Prakanong","Salone del Mobile 2026","SMI","07","D10","","Dining rooms, living rooms | Outdoor furniture | Furniture","Metal and glass dining tables | Plastic dining tables | Outdoor furniture and accessories | Marble or stone furniture | Glass furniture | Plastic living room tables","furniture","take","Salone Internazionale del Mobile","yes","https://www.takehomedesign.com","no","consumer, sells online","We give normal at-home pieces a bit more edge","","other","No visualiser yet and sells direct to shoppers, so this is the full pitch rather than an upgrade"
"Talenti spa","www.talentispa.com","info@talentispa.com","marketing@talentispa.com","+39 0744930747","ITA","Amelia","Strada Amerina Km 4,5","Salone del Mobile 2026","SMI","22","A31 A35","","Bedrooms | Dining rooms, living rooms | Outdoor furniture | Upholstered furniture","Leisure armchairs | Wooden sideboards | Modular living rooms | Extension dining tables | Leather chairs | Wooden living room tables | Metal stools | Sofas and armchairs | Upholstered rocking-chairs | Outdoor umbrellas | Outdoor furniture and accessories | Metal chairs | Upholstered beds | Wooden beds | Stacking or folding chairs | Leather stools | Rocking-chairs | Wooden stools | Wooden chairs","furniture","take","Salone Internazionale del Mobile","yes","https://www.talentispa.com","no","consumer, via dealers","INDOOR/OUTDOOR COLLEZIONI DA VIVERE","","role inbox","No visualiser yet and markets to shoppers and routes them to dealers, so this is the full pitch rather than an upgrade"
"Taracea","www.taracea.com","sales@taracea.com","rsuarez@taracea.com","+52 (55) 19548592","MEX","Toluca","Sección #3, Av. Libertad S/N","Salone del Mobile 2026","SMI","01","A29","","Dining rooms, living rooms","Wooden dining tables | Wooden sideboards | Wooden living room tables","furniture","take","Salone Internazionale del Mobile","yes","https://www.taracea.com","no","consumer, sells online","","","role inbox","No visualiser yet and sells direct to shoppers, so this is the full pitch rather than an upgrade"
"Target Point New srl","www.targetpoint.it","info@targetpoint.it","cora@targetpoint.it","+39 0424219797","ITA","Tezze sul Brenta","Via Basse 13/h","Salone del Mobile 2026","SMI","07","D20","","Dining rooms, living rooms | Furniture","Plastic chairs | Metal stools | Mirrors | Metal and glass dining tables | Metal and glass living room tables | Metal chairs | Stacking or folding chairs | Extension dining tables | Plastic stools","furniture","take","Salone Internazionale del Mobile","yes","https://targetpoint.it/","yes","trade portal, gated","Arredamento moderno per la casa: tavoli allungabili o fissi, sedie, madie e complementi per interni. Scegli Target Point per rinnovare il tuo arredamento!","","role inbox","Already runs a visualiser but gates its catalogue behind a dealer login, so confirm there is a shopper to capture"
"Taskiranlar Hali Pazarlama Mobilya Insaat San Ve Tic. A.S.","www.pierrecardinyatak.com.tr","export@pierrecardinbedding.com.tr","serkanduman@taskiranlar.com.tr","+90 (533) 0369699","TUR","Izmir","Kamill Tunca Cad. 273/A Altinag, Bornova","Salone del Mobile 2026","SMI","03","D30","","Bedrooms | Upholstered furniture","Upholstered beds | Mattresses","furniture","take","Salone Internazionale del Mobile","unreachable","","","","","HTTP Error 403: Forbidden","role inbox","Site did not respond, check it by hand before spending a credit"
"Tecniche Nuove spa","www.tecnichenuove.com","commerciale@tecnichenuove.com","daniela.toloi@tecnichenuove.com","+39 02390901","ITA","Milano","Via Eritrea 21","Salone del Mobile 2026","ARB","C.so Italia","ING. PADD 6/10 S37","","Trade newspapers, magazines and publications","Trade newspapers, magazines and publications","furniture","take","International Bathroom Exhibition","yes","https://www.tecnichenuove.com","no","consumer, sells online","Tecniche Nuove è leader nell'editoria specializzata. Naviga sul sito e acquista online libri, riviste, corsi ECM e di aggiornamento professionale.","","role inbox","No visualiser yet and sells direct to shoppers, so this is the full pitch rather than an upgrade"
"TECTA GmbH & Co. KG.","www.tecta.de","info@tecta.de","drescher@tecta.de","+49 (5273) 37890","DEU","Lauenförde","Sohnreystrasse 10","Salone del Mobile 2026","SMI","24","C30","","Dining rooms, living rooms | Outdoor furniture | Upholstered furniture | Furniture","Leisure armchairs | Metal stools | Wooden dining tables | Sofas and armchairs | Rush and rattan furniture | Wooden trolleys | Wooden bookcases | Metal chairs | Leather chairs | Wooden stools | Wooden chairs","furniture","take","Salone Internazionale del Mobile","yes","https://www.tecta.de","yes","consumer, via dealers","Noch nie war Tradition so wertvoll wie heute. Das Unternehmen Tecta steht als Synonym für das Bauhaus – aber neu gedacht.","","role inbox","Already runs a visualiser and markets to shoppers and routes them to dealers, so the gap is what happens after the render. Sharpest segment"
"Tempotest","www.para.it","info@ombrellificiomagnani.com","info@ombrellificiomagnani.com","+39 0547301848","ITA","Sovico","Viale Monza 1","Salone del Mobile 2026","SMI","01","B39","","Outdoor furniture","Outdoor umbrellas | Outdoor furniture and accessories","furniture","take","Salone Internazionale del Mobile","yes","https://www.para.it","yes","consumer, via dealers","Il Gruppo Parà è leader nel mondo nella produzione di tende da sole e tessuti in fibra naturale per la protezione solare, per l’arredamento esterno e per la nautica.","","role inbox","Already runs a visualiser and markets to shoppers and routes them to dealers, so the gap is what happens after the render. Sharpest segment"
"Teorema","www.teoremaonline.com","info@wtsgroup.eu","jonathan.panada@wtsspa.it","+39 0303539060","ITA","Flero","Via XX Settembre 120","Salone del Mobile 2026","ARB","10","D07","","Sanitary ware, tapware, radiators, coverings, wellness | Bathroom furniture and accessories","Bathroom accessories | Bathroom, laundry and/or kitchen tapware","furniture","take","International Bathroom Exhibition","yes","https://teoremaonline.com/en/home/","no","consumer, sells online","Discover elegant designs and wonderful finishes for your faucets: modern or classic, glossy or matte, you'll find the solution for your interior.","","role inbox","No visualiser yet and sells direct to shoppers, so this is the full pitch rather than an upgrade"
"THE PLAN - Maggioli spa","www.theplan.it","magazine@theplan.it","simone.migliori@theplan.it","+39 051227634","ITA","Bologna","Via del Pratello 8","Salone del Mobile 2026","SMI","C.so Italia","ING PADD 9/11 S48","","Trade newspapers, magazines and publications","Trade newspapers, magazines and publications","furniture","take","Salone Internazionale del Mobile","unreachable","","","","","HTTP Error 403: Forbidden","other","Site did not respond, check it by hand before spending a credit"
"Thor Global Co. ltd","www.thorr.living.com","thorr.living@gmail.com","thorr.living@gmail.com","+66 (0) 626156559","THA","Nonthaburi","108/134 Moo 9, Bang KramgMueang Nonthaburi","Salone del Mobile 2026","SMI","07","D10","","Dining rooms, living rooms","Living rooms","furniture","take","Salone Internazionale del Mobile","unreachable","","","","","<urlopen error [Errno -2] Name or service not known>","first.last","Site did not respond, check it by hand before spending a credit"
"Tivoli","www.tivoli.com.ua","info@tivoli.ua","","+380 (50) 3588990","UKR","Girne village - Lviv","Shevchenko Str. 447","Salone del Mobile 2026","SMI","05","A21","","Dining rooms, living rooms","Wooden dining tables | Wooden living room tables | Wooden stools | Wooden chairs","furniture","take","Salone Internazionale del Mobile","yes","https://www.tivoli.com.ua","no","unclear","Відкрийте для себе сімейну компанію Tivoli, яка надає клієнтам сучасні високоякісні стільці та столи з 1968 року. Перегляньте наш каталог і знайдіть ідеальні меблі для свого приміщення.","","role inbox","Live site but no catalogue, cart or contact route found, needs a look"
"TM Leader Contract sl","www.tmleadercontract.com","tm@tmleadercontract.com","tm.marketing@tmleadercontract.com","+34 (968) 753136","ESP","Yecla, Murcia","Autovía A-33. Salida 61","Salone del Mobile 2026","SMI","14","B28","","Bedrooms | Dining rooms, living rooms | Upholstered furniture","Wooden dining tables | Sofas and armchairs | Metal chairs | Convertible beds | Wooden living room tables | Wooden stools | Sofa beds and armchair beds | Wooden chairs","furniture","take","Salone Internazionale del Mobile","yes","https://tmleadercontract.com/es/","no","catalogue only","Muebles para hoteles, restaurantes y colectividades. Fabricantes y proveedores con más de 40 años de experiencia en el sector contract.","","other","Publishes collections with a contact form as the only way in, which is the exact problem the email opens on. Audience unconfirmed"
"Todus","www.todus.cz","info@todus.cz","zuzana@todus.cz","+420 (603) 856605","CZE","Opava","Hviezdoslavova 2549/19","Salone del Mobile 2026","SMI","07","C06","","Outdoor furniture","Outdoor furniture and accessories","furniture","take","Salone Internazionale del Mobile","yes","https://www.todus.cz","no","catalogue only","","","role inbox","Publishes collections with a contact form as the only way in, which is the exact problem the email opens on. Audience unconfirmed"
"Tojo Möbel GmbH","www.tojo.de","info@tojo.de","ms@tojo.de","+49 (7181) 401400","DEU","Schorndorf","Lortzingstrasse 77","Salone del Mobile 2026","SMI","07","C28","","Bedrooms | Children's furniture | Dining rooms, living rooms | Upholstered furniture","Plastic chairs | Mattresses | Wooden beds | Other children's furniture | Wardrobes","furniture","take","Salone Internazionale del Mobile","yes","https://www.tojo.de","no","consumer, via dealers","Zeitlose Möbel, funktional und nachhaltig. Entdecke modulare Designmöbel für Wohnen, Arbeiten und kreative Räume.","","role inbox","No visualiser yet and markets to shoppers and routes them to dealers, so this is the full pitch rather than an upgrade"
"Tolix Steel Design","www.tolix.fr","contact@tolix.fr","csimon@tolix.com","+33 (3) 85869670","FRA","Autun","18 Boulevard Bernard Giberstein","Salone del Mobile 2026","SMI","18","C09","","Bedrooms | Children's furniture | Dining rooms, living rooms | Outdoor furniture | Furniture","Metal stools | TV tables | Metal and glass dining tables | Metal and glass living room tables | Metal sideboards | Outdoor furniture and accessories | Metal chairs | Metal bookcases | Other children's furniture | Wardrobes","furniture","take","Salone Internazionale del Mobile","yes","https://www.tolix.com/","no","consumer, sells online","","","role inbox","No visualiser yet and sells direct to shoppers, so this is the full pitch rather than an upgrade"
"Tomasella Industria Mobili srl","www.tomasella.it","info@tomasella.it","andrea.poles@tomasella.it","+39 0434623015-607111","ITA","Brugnera","Via Ungaresca 16","Salone del Mobile 2026","SMI","07","C02 D02","","Bedrooms | Children's furniture | Dining rooms, living rooms | Upholstered furniture | Furniture","Metal and glass dining tables | Plastic dining tables | Bedrooms | Wooden sideboards | Wooden bookcases | Marble or stone furniture | Mattresses | Metal bookcases | Walk-in robes | Sliding or fixed partitions for walk-in robes | Wooden living room tables | Game tables and billiards | Dining rooms | Partition wardrobes | Mirrors | Plastic bookcases | Children's bedrooms | Upholstered beds | Wooden beds | Plastic stools | Cardboard chairs and stools | Leisure armchairs | Marble dining tables | Metal and glass living room tables | Modular living rooms | Extension dining tables | Leather chairs | Marble living room tables | TV tables | Sofas and armchairs | Sliding or fixed partitions for wardrobe walls | Glass furniture | Hall furniture | Other children's furniture | Sofa beds and armchair beds | Wardrobes","furniture","take","Salone Internazionale del Mobile","yes","https://www.tomasella.it","no","unclear","","","role inbox","Live site but no catalogue, cart or contact route found, needs a look"
"Ton","www.ton.eu","info@ton.cz","alzbeta.kotolanova@ton.cz","+420 (573) 325111","CZE","Bystrice pod Hostynem","Michaela Thoneta 148","Salone del Mobile 2026","SMI","24","D36","","Dining rooms, living rooms | Upholstered furniture | Furniture","Wooden dining tables | Wooden trolleys | Living rooms | Wooden bookcases | Extension dining tables | Leather chairs | Wooden living room tables | Dining rooms | Stacking and nesting living room tables | Sofas and armchairs | Leather furniture | Stacking or folding chairs | Leather stools | Wooden stools | Wooden chairs","furniture","take","Salone Internazionale del Mobile","yes","https://www.ton.eu","no","unclear","","","role inbox","Live site but no catalogue, cart or contact route found, needs a look"
"Tonucci Collection","www.tonuccicollection.com","business@tonuccicollection.com","business@tonuccicollection.com","+39 072131000","ITA","Pesaro","Via Petrucci 49","Salone del Mobile 2026","SMI","18","D14","","Dining rooms, living rooms | Upholstered furniture | Furniture","Leisure armchairs | Wooden dining tables | Marble dining tables | Metal and glass living room tables | Wooden bookcases | Leather chairs | Wooden living room tables | Stacking and nesting living room tables | Mirrors | Leather furniture | Metal chairs | Glass furniture | Stacking or folding chairs | Leather stools | Cocktail cabinets | Wooden stools | Wooden chairs","furniture","take","Salone Internazionale del Mobile","yes","https://www.tonuccicollection.com","no","catalogue only","","","other","Publishes collections with a contact form as the only way in, which is the exact problem the email opens on. Audience unconfirmed"
"Toro Bianco - Mobler Ind. e Com. de Moveis e Estofados ltda","www.torobianco.com.br","marketing@torobianco.com.br","marketing@torobianco.com.br","+55 (43) 32743031","BRA","Arapongas - Parana","Av. Maracana 4800","Salone del Mobile 2026","SMI","03","C06 C08 D07 D09","","Upholstered furniture","Sofas and armchairs","furniture","take","Salone Internazionale del Mobile","yes","https://torobianco.com.br/","no","catalogue only","","","role inbox","Publishes collections with a contact form as the only way in, which is the exact problem the email opens on. Audience unconfirmed"
"Traco um - Helcio Mendonca","www.tracoum.com.br","comercial@tracoum.com.br","assistente@abimovel.com","+55 (35) 997313454","BRA","Campanha- MG","Av. 2 de Ooutubro 566","Salone del Mobile 2026","SMI","03","C06 C08 D07 D09","","Outdoor furniture","Outdoor furniture and accessories","furniture","take","Salone Internazionale del Mobile","unreachable","","","","","<urlopen error [Errno -2] Name or service not known>","other","Site did not respond, check it by hand before spending a credit"
"Transilvania Forest Production srl","www.tfp-wood.ro","office@tfp-wood.ro","productionmaria@gmail.com","+40 (740) 840584","ROU","Bistra","Str. Calea Turzii 14 E Jud. Alba","Salone del Mobile 2026","SMI","03","C26 D33","","Bedrooms | Dining rooms, living rooms","Bedrooms | Wooden bookcases | Dining rooms | Wooden chairs","furniture","take","Salone Internazionale del Mobile","yes","https://tfp-wood.ro/","no","consumer, sells online","Suntem o companie românească, specializată în producerea pieselor de mobilier din lemn masiv de cea mai buna calitate. ✓","","role inbox","No visualiser yet and sells direct to shoppers, so this is the full pitch rather than an upgrade"
"Traço Industria Comercio e Serviços de Design ltda","www.tracoobjetos.com.br","atendimento@tracoobjetos.com.br","atendimento@tracoobjetos.com.br","+55 (11) 23618958","BRA","Sao Paulo","Av. Miguel Frias e Vasconcelos 31","Salone del Mobile 2026","SMI","03","C06 C08 D07 D09","","Furniture","Pet furniture","furniture","take","Salone Internazionale del Mobile","yes","https://tracoobjetos.com.br/","no","consumer, sells online","","","other","No visualiser yet and sells direct to shoppers, so this is the full pitch rather than an upgrade"
"Tre Ci Salotti","www.trecisalotti.com","treci@trecisalotti.com","gius.ceglie@gmail.com","+39 0803140805","ITA","Altamura","Via Nola 6","Salone del Mobile 2026","SMI","13","D14","","Bedrooms | Upholstered furniture","Sofas and armchairs | Upholstered beds","furniture","take","Salone Internazionale del Mobile","unreachable","","","","","<urlopen error [SSL: CERTIFICATE_VERIFY_FAILED] certificate verify fai","other","Site did not respond, check it by hand before spending a credit"
"Treca Paris","www.treca.com","service.conso@treca.com","lheilmann@adova-group.com","+33 (0) 183979300","FRA","Saint Denis","30 rue Proudhon Bâtiment 106","Salone del Mobile 2026","SMI","13","C16","","Bedrooms","Bedrooms","furniture","take","Salone Internazionale del Mobile","unreachable","","","","","HTTP Error 302: The HTTP server returned a redirect error that would l","first.last","Site did not respond, check it by hand before spending a credit"
"Trone","www.troneparis.com","contact@trone-paris.com","josephine@trone-paris.com","+33 (1) 76361712","FRA","Paris","20 Rue Montgolfier","Salone del Mobile 2026","ARB","06","B39","","Sanitary ware, tapware, radiators, coverings, wellness | Bathroom furniture and accessories","Bathroom accessories | Bathroom, laundry and/or kitchen tapware | Bathroom furniture | Sanitary ware","furniture","take","International Bathroom Exhibition","yes","https://troneparis.com/","no","consumer, sells online","Découvrez Trone : une nouvelle vision de la salle de bains design, colorée, innovante et produite en circuit court.","","role inbox","No visualiser yet and sells direct to shoppers, so this is the full pitch rather than an upgrade"
"Tubadzin Management Group","www.tubadzin.pl","tubadzin@tubadzin.pl","s.fastyn@tubadzin.pl","+48 (42) 7103700","POL","Ozorków","Cedrowice Parcela 11","Salone del Mobile 2026","ARB","10","B04","","Sanitary ware, tapware, radiators, coverings, wellness","Wall and floor coverings","furniture","take","International Bathroom Exhibition","yes","https://www.tubadzin.pl","no","catalogue only","","","other","Publishes collections with a contact form as the only way in, which is the exact problem the email opens on. Audience unconfirmed"
"Tubes Radiatori srl","www.tubesradiatori.com","tubes@tubesradiatori.com","rossella.fantinato@tubesradiatori.com","+39 04237161","ITA","Resana","Via Boscalto 32","Salone del Mobile 2026","ARB","10","C25 D18","","Sanitary ware, tapware, radiators, coverings, wellness | Bathroom furniture and accessories","Bathroom accessories | Radiators","furniture","take","International Bathroom Exhibition","yes","https://www.tubesradiatori.com/en/","no","consumer, sells online","Design moderno e all'avanguardia, produzione made in Italy: Scopri i radiatori, scaldasalviette e tutta la collezione di termoarredo Tubes.","","other","No visualiser yet and sells direct to shoppers, so this is the full pitch rather than an upgrade"
"Turati T4","www.turarit4.it","info@turatit4.it","francesco@turatit4.it","+39 0362851110","ITA","Giussano","Via Cristoforo Colombo 21","Salone del Mobile 2026","SMI","14","B29 B33 C30 C32","","Bedrooms | Dining rooms, living rooms | Furniture","Wooden chairs | Wooden dining tables | TV tables | Marble dining tables | Living rooms | Wooden sideboards | Wooden bookcases | Modular living rooms | Hall furniture | Cocktail cabinets | Wardrobes | Dining rooms | Partition wardrobes","furniture","take","Salone Internazionale del Mobile","unreachable","","","","","<urlopen error [Errno -2] Name or service not known>","role inbox","Site did not respond, check it by hand before spending a credit"
"Turri srl","www.turri.it","info@turri.it","a.vergani@turri.it","+39 031760111","ITA","Carugo","Via Ugo Foscolo 6","Salone del Mobile 2026","SMI","09","H11 L10","","Bedrooms | Dining rooms, living rooms | Upholstered furniture | Furniture","Wooden dining tables | Bedrooms | Living rooms | Wooden sideboards | Wooden bookcases | Leather chairs | Wooden living room tables | Dining rooms | TV tables | Mirrors | Sofas and armchairs | Upholstered beds | Wooden beds | Cocktail cabinets | Wardrobes | Wooden chairs","furniture","take","Salone Internazionale del Mobile","yes","https://turri.it/","no","consumer, sells online","Authentic furniture design, custom-made furniture for any space, unique style. Turri is contemporary furniture made in Italy","","role inbox","No visualiser yet and sells direct to shoppers, so this is the full pitch rather than an upgrade"
"TUUCI","www.tuuci.com","info@tuuci.eu","jborremans@tuuci.eu","+31 (13) 5220471","NLD","Oisterwijk","De Nedervonder 17","Salone del Mobile 2026","SMI","24","C19","","Outdoor furniture","Outdoor umbrellas | Outdoor furniture and accessories","furniture","take","Salone Internazionale del Mobile","yes","https://www.tuuci.com","yes","consumer, sells online","We create durable, elegant and functional shade products for a finer outdoor experience. Each Tuuci parasol is fully assembled to suit your needs.","","role inbox","Already runs a visualiser and sells direct to shoppers, so the gap is what happens after the render. Sharpest segment"
"Twils srl","www.twils.it","info@twils.it","uff.grafica@twils.it","+39 0421469011","ITA","Cessalto","Via degli Olmi 5","Salone del Mobile 2026","SMI","11","M10","","Bedrooms | Dining rooms, living rooms | Outdoor furniture | Upholstered furniture","Leisure armchairs | Sofas and armchairs | Metal and glass living room tables | Outdoor furniture and accessories | Upholstered beds | Mattresses | Metal bookcases | Convertible beds | Wooden living room tables | Sofa beds and armchair beds","furniture","take","Salone Internazionale del Mobile","yes","https://www.twils.it","yes","consumer, sells online","Twils da oltre 20 anni è produttrice di letti imbottiti, letti in tessuto, divani e tessili. Oggi propone un proprio originale lifestyle.","","role inbox","Already runs a visualiser and sells direct to shoppers, so the gap is what happens after the render. Sharpest segment"
"Uecko","www.uecko.com","uecko@uecko.com","noemi@uecko.com","+34 (916) 099394","ESP","Fuenlabrada, Madrid","Calle Belmez 22 P.I. Albarreja","Salone del Mobile 2026","SMI","14","A39","","Bedrooms | Bathroom furniture and accessories | Furniture","Bathroom furniture and accessories | Walk-in robes | Shoe cupboards | Wardrobes","furniture","take","Salone Internazionale del Mobile","yes","https://uecko.com/","no","consumer, sells online","Empresa especializada en el diseño de armarios exclusivos y vestidores de lujo. Diseños a medida de islas, separadores y aparadores","","other","No visualiser yet and sells direct to shoppers, so this is the full pitch rather than an upgrade"
"Ulivi Salotti srl","www.ulivisalotti.it","info@ulivisalotti.it","ufficiotecnico@ulivisalotti.it","+39 050703258","ITA","Cascina","Via Sant'Ilario Sud 109","Salone del Mobile 2026","SMI","15","B15","","Bedrooms | Dining rooms, living rooms | Upholstered furniture | Furniture","Wooden dining tables | Marble dining tables | Living rooms | Wooden sideboards | Wooden bookcases | Metal bookcases | Walk-in robes | Leather chairs | Wooden living room tables | Dining rooms | TV tables | Mirrors | Sofas and armchairs | Metal sideboards | Leather furniture | Metal chairs | Upholstered beds | Leather stools | Cocktail cabinets | Wooden stools | Wooden chairs","furniture","take","Salone Internazionale del Mobile","yes","https://ulivisalotti.it/","no","catalogue only","","","role inbox","Publishes collections with a contact form as the only way in, which is the exact problem the email opens on. Audience unconfirmed"
"Umbrosa","www.umbrosa.com","info@umbrosa.com","eva@umbrosa.be","+32 (51) 302260","BEL","Roeselare","Beversesteenweg 565 B","Salone del Mobile 2026","SMI","01","B19","","Outdoor furniture","Outdoor umbrellas | Outdoor furniture and accessories","furniture","take","Salone Internazionale del Mobile","yes","https://www.umbrosa.be/en","no","consumer, via dealers","Umbrosa offers a collection of classy and flexible parasols and shade sails for your home as well as for the professional market.","","role inbox","No visualiser yet and markets to shoppers and routes them to dealers, so this is the full pitch rather than an upgrade"
"Unique Furniture A/S","www.uniquefurniture.dk","info@uniquefurniture.com","rje@uniquefurniture.com","+45 (7027) 6799","DNK","Kolding","Petersbjerggaard 10, 1 th","Salone del Mobile 2026","SMI","07","C21","","Dining rooms, living rooms | Upholstered furniture","Plastic chairs | Wooden dining tables | Metal and glass dining tables | Marble dining tables | Metal and glass living room tables | Living rooms | Wooden sideboards | Wooden bookcases | Metal bookcases | Extension dining tables | Wooden living room tables | Marble living room tables | Dining rooms | Sofas and armchairs | Metal chairs | Wooden stools | Wooden chairs","furniture","take","Salone Internazionale del Mobile","yes","https://www.uniquefurniture.dk","no","consumer, sells online","At Unique Furniture our organization as well as our business setup enables us to offer our customers high quality furniture at competitive prices.","","role inbox","No visualiser yet and sells direct to shoppers, so this is the full pitch rather than an upgrade"
"Unopiù spa","www.unopiu.com","marketing@unopiu.it","valentina.gargiulo@unopiu.it","+39 07617581","ITA","Milano","Via Pontaccio 9","Salone del Mobile 2026","SMI","24","D32","","Outdoor furniture","Rush and rattan furniture | Outdoor umbrellas | Outdoor furniture and accessories","furniture","take","Salone Internazionale del Mobile","yes","https://www.unopiu.com/it/","no","consumer, sells online","Arredo giardino Unopiù: arredamenti giardino di design, arredi per esterni in teak e ferro. Arredamento da giardino per vivere l’outdoor con stile.","","role inbox","No visualiser yet and sells direct to shoppers, so this is the full pitch rather than an upgrade"
"Vaccari Cav. Giovanni srl unipersonale","www.vaccaricavgiovanni.com","info@vaccaricavgiovanni.com","info@vaccaricavgiovanni.com","+39 0456949116","ITA","Bovolone","Via dell'Industria 19","Salone del Mobile 2026","SMI","03","D31","","Bedrooms | Children's furniture | Dining rooms, living rooms | Furniture","Wooden dining tables | Bedrooms | Living rooms | Wooden bookcases | Modular living rooms | Walk-in robes | Extension dining tables | Wooden living room tables | Dining rooms | TV tables | Mirrors | Children's bedrooms | Upholstered beds | Wooden beds | Hall furniture | Cocktail cabinets | Wooden stools | Shoe cupboards | Wardrobes | Wooden chairs","furniture","take","Salone Internazionale del Mobile","yes","https://www.vaccaricavgiovanni.com","no","consumer, sells online","Vaccari Cav. Giovanni porta avanti da oltre 60 anni la tradizione del mobile artigianale italiano di altissima qualità. Scopri la nostra storia.","","role inbox","No visualiser yet and sells direct to shoppers, so this is the full pitch rather than an upgrade"
"Valdama srl","www.valdama.it","info@valdama.it","apolverini@valdama.it","+39 0761540709","ITA","Civita Castellana","Via Galileo Galilei 2","Salone del Mobile 2026","ARB","06","D40","","Sanitary ware, tapware, radiators, coverings, wellness","Sanitary ware","furniture","take","International Bathroom Exhibition","yes","https://www.valdama.it/it/","no","catalogue only","","","role inbox","Publishes collections with a contact form as the only way in, which is the exact problem the email opens on. Audience unconfirmed"
"Valentini srl","www.valentini.it","valentini@valentini.it","martina@valentini.it","+39 0499200982","ITA","Campodarsego","Via Pontarola 49","Salone del Mobile 2026","SMI","07","C01","","Bedrooms | Dining rooms, living rooms | Outdoor furniture | Upholstered furniture","Sofas and armchairs | Metal and glass living room tables | Outdoor furniture and accessories | Upholstered beds | Leather chairs | Sofa beds and armchair beds","furniture","take","Salone Internazionale del Mobile","yes","https://www.valentini.it","no","unclear","","","other","Live site but no catalogue, cart or contact route found, needs a look"
"Van Rossum","www.vanrossum.eu","info@vanrossum.eu","teun@vanrossum.eu","+31 (487) 531288","NLD","Bergharen","Hogeveld 8","Salone del Mobile 2026","SMI","24","D25","","Dining rooms, living rooms","Wooden dining tables | Marble dining tables | Living rooms | Leather stools | Leather chairs | Wooden stools | Wooden living room tables | Marble living room tables | Dining rooms | Wooden chairs","furniture","take","Salone Internazionale del Mobile","yes","https://www.vanrossum.eu","no","unclear","","","role inbox","Live site but no catalogue, cart or contact route found, needs a look"
"Vanità Living","www.vanitacasa.it","info@vanitaliving.it","gaia@vanitacasa.it","+39 0434786049","ITA","Aviano","Via Cima Manera 11","Salone del Mobile 2026","SMI;ARB","14","C40","","Furniture","Mirrors","furniture","take","Salone Internazionale del Mobile","yes","https://www.vanitacasa.it/","no","consumer, sells online","Magnetica System","","role inbox","No visualiser yet and sells direct to shoppers, so this is the full pitch rather than an upgrade"
"Varaschin spa","www.varaschin.it","varaschin@varaschin.it","varaschin.v@varaschin.it","+39 04385645","ITA","Vittorio Veneto","Via Cervano 20 Loc. Formeniga","Salone del Mobile 2026","SMI;EUC","09","A05 B06","","Dining rooms, living rooms | Outdoor furniture | Upholstered furniture","Leisure armchairs | Sofas and armchairs | Upholstered rocking-chairs | Outdoor umbrellas | Outdoor furniture and accessories | Extension dining tables","furniture","take","Salone Internazionale del Mobile","yes","https://www.varaschin.it","no","unclear","","","other","Live site but no catalogue, cart or contact route found, needs a look"
"Vela Arredamenti srl","www.velarredamenti.it","info@velarredamenti.it","amministrazione@velarredamenti.it","+39 059932541","ITA","Castelfranco","Via S. Anna 4","Salone del Mobile 2026","SMI","03","D23","","Dining rooms, living rooms | Outdoor furniture","Plastic chairs | Metal stools | Wooden dining tables | Metal and glass dining tables | Metal and glass living room tables | Outdoor furniture and accessories | Metal chairs | Wooden stools | Marble living room tables | Plastic stools | Wooden chairs","furniture","take","Salone Internazionale del Mobile","yes","https://www.velarredamenti.it","no","consumer, sells online","Vela Arredamenti: arredi per il contract e l’home design","","role inbox","No visualiser yet and sells direct to shoppers, so this is the full pitch rather than an upgrade"
"Veneto Group llc","www.veneto.ua","azhuchenico@veneto.ua","anna@venetoitalia.it","+380 (50) 6222671","UKR","Cherkasy","27 Yuri Ilenico Street","Salone del Mobile 2026","SMI","05","A23 A25","","Dining rooms, living rooms | Upholstered furniture","Wooden dining tables | Metal chairs | Mattresses | Extension dining tables | Wooden chairs","furniture","take","Salone Internazionale del Mobile","yes","https://veneto.ua/","no","consumer, sells online","VENETO – український виробник сертифікованої ортопедичної продукції","","other","No visualiser yet and sells direct to shoppers, so this is the full pitch rather than an upgrade"
"Veraflex srl Unipersonale","www.veraflex.it","info@veraflex.it","info@veraflex.it","+39 035691220","ITA","Curnasco di Treviolo","Viale Europa 9","Salone del Mobile 2026","SMI","01","B37","","Bedrooms | Upholstered furniture","Folding beds | Mattresses | Metal beds | Convertible beds | Bunk beds","furniture","take","Salone Internazionale del Mobile","yes","https://www.veraflex.it","no","unclear","","","role inbox","Live site but no catalogue, cart or contact route found, needs a look"
"Vermobil Style srl","www.vermobil.com","vermobil@vermobil.it","sara.n@vermobil.it","+39 0758742662","ITA","Marsciano","Via Antonio da Migliano 1","Salone del Mobile 2026","SMI","14","E44","","Dining rooms, living rooms | Outdoor furniture","Outdoor furniture and accessories | Metal chairs","furniture","take","Salone Internazionale del Mobile","yes","https://www.vermobil.it/en","no","consumer, sells online","Furniture that transforms the outdoors into a space to live in.<br>Comfort, design and quality that stand the test of time.","","other","No visualiser yet and sells direct to shoppers, so this is the full pitch rather than an upgrade"
"Very Simple Things srl","www.verysimplekitchen.com","hello@verysimplekitchen.com","barbara@verysimplekitchen.com","+39 0516592548","ITA","San Lazzaro di Savena","Via dell'Industria 9","Salone del Mobile 2026","EUC","04","D26","","Kitchens","Metal kitchens","furniture","take","EuroCucina","yes","https://www.verysimplekitchen.com","yes","consumer, sells online","At Very Simple: Kitchen we produce functional, colorful and stainless steel kitchens. Discover our modular kitchen design solutions for your home.","","role inbox","Already runs a visualiser and sells direct to shoppers, so the gap is what happens after the render. Sharpest segment"
"Very Wood","www.verywood.it","info@verywood.it","s.crisnaro@gervasoni1882.com","+39 0432656611","ITA","Pavia di Udine","Viale del Lavoro 88","Salone del Mobile 2026","SMI","09","A09 B10","","Bedrooms | Dining rooms, living rooms | Outdoor furniture | Upholstered furniture","Leisure armchairs | Wooden dining tables | Marble dining tables | Bedrooms | Living rooms | Wooden sideboards | Wooden bookcases | Wooden living room tables | Marble living room tables | Dining rooms | Stacking and nesting living room tables | Sofas and armchairs | Upholstered rocking-chairs | Outdoor furniture and accessories | Upholstered beds | Stacking or folding chairs | Rocking-chairs | Wooden stools | Wooden chairs","furniture","take","Salone Internazionale del Mobile","yes","https://verywood.it/en","no","unclear","Very Wood presents its coordinated proposal through collections that tell the story of the innate passion for wood which combines quality craftsmanship, technical knowledge and unique creativity.","","role inbox","Live site but no catalogue, cart or contact route found, needs a look"
"Verzelloni srl","www.verzelloni.it","verzelloni@verzelloni.it","vittoria@verzelloni.it","+39 0521648111/424","ITA","Parma","Strada Langhirano 215","Salone del Mobile 2026","SMI","11","L24 L28","","Dining rooms, living rooms | Upholstered furniture","Stacking and nesting living room tables | Sofas and armchairs | Wooden bookcases | Wooden living room tables | Marble living room tables","furniture","take","Salone Internazionale del Mobile","yes","https://www.verzelloni.it","no","consumer, via dealers","Divani e Divani componibili. Poltrone e Complementi. Verzelloni è una storia di famiglia che si tramanda da tre generazioni. Portiamo avanti l’arte di vivere bene.","","other","No visualiser yet and markets to shoppers and routes them to dealers, so this is the full pitch rather than an upgrade"
"Vetsak GmbH","www.vetsak.com","service@vetsak.com","matteo@vetsak.com","+49 (211) 54265810","DEU","Düsseldorf","Fürstenwall 63","Salone del Mobile 2026","SMI","01","A20","","Outdoor furniture | Upholstered furniture","Sofas and armchairs | Outdoor furniture and accessories","furniture","take","Salone Internazionale del Mobile","yes","https://vetsak.com/","yes","consumer, sells online","Discover real comfort at vetsak®. Make yourself comfortable with our innovative products & sustainable materials. Made in Europe. With Love.","","other","Already runs a visualiser and sells direct to shoppers, so the gap is what happens after the render. Sharpest segment"
"Vibieffe 85 srl","www.vibieffe.com","info@vibieffe.com","alessandro.buccella@vibieffe.com","+39 0392455449","ITA","Lissone","Via Fratelli Cairoli 17","Salone del Mobile 2026","SMI","11","L21","","Bedrooms | Dining rooms, living rooms | Upholstered furniture","Sofas and armchairs | Metal and glass dining tables | Marble dining tables | Living rooms | Wooden bookcases | Upholstered beds | Sofa beds and armchair beds | Dining rooms","furniture","take","Salone Internazionale del Mobile","yes","https://www.vibieffe.com","no","unclear","","","role inbox","Live site but no catalogue, cart or contact route found, needs a look"
"Vical Home sl","www.vicalhome.com","vical@vicalhome.com","nacho@vicalhome.com","+34 (962) 200060","ESP","Olleria","Pol. El Carrascot s/n","Salone del Mobile 2026","SMI","14","B45","","Bedrooms | Dining rooms, living rooms | Outdoor furniture | Upholstered furniture | Furniture","Wooden dining tables | Metal and glass dining tables | Bedrooms | Wooden sideboards | Wooden bookcases | Marble or stone furniture | Cardboard bookcases | Metal bookcases | Wooden living room tables | Dining rooms | Metal stools | Mirrors | Outdoor furniture and accessories | Metal sideboards | Leather furniture | Leather stools | Cardboard chairs and stools | Marble dining tables | Metal and glass living room tables | Living rooms | Extension dining tables | Leather chairs | Marble living room tables | Rush and rattan furniture | TV tables | Sofas and armchairs | Metal chairs | Glass furniture | Hall furniture | Wooden stools | Wardrobes | Wooden chairs","furniture","take","Salone Internazionale del Mobile","yes","https://www.vicalhome.com/en/","no","consumer, sells online","VicalHome is a company of furniture and home decoration, of all types of styles, romantic, industrial, modern, vintage ...","","other","No visualiser yet and sells direct to shoppers, so this is the full pitch rather than an upgrade"
"Vicario Armando & C. srl","www.vicarioarmando.com","info@vicarioarmando.com","b.bertoncelli@vicarioarmando.com","+39 0322917445","ITA","Gozzano","Via de Gasperi 49","Salone del Mobile 2026","ARB","10","C03","","Sanitary ware, tapware, radiators, coverings, wellness","Bathroom, laundry and/or kitchen tapware","furniture","take","International Bathroom Exhibition","yes","https://www.vicarioarmando.com","no","consumer, sells online","Rubinetti, miscelatori e accessori per bagno, cucina e outdoor. Rubinetteria made in Italy di alta qualità.","","role inbox","No visualiser yet and sells direct to shoppers, so this is the full pitch rather than an upgrade"
"Vilax Produktion AB","www.vilax.se","info@vilax.se","bjorn@vilax.se","+46 (46) 234568","SWE","Staffanstorp","Tirupsvägen 9","Salone del Mobile 2026","SMI","14","E38","","Bedrooms | Children's furniture | Upholstered furniture | Furniture","Sofas and armchairs | Bedrooms | Leather furniture | Children's bedrooms | Upholstered beds | Mattresses | Wooden beds | Sofa beds and armchair beds","furniture","take","Salone Internazionale del Mobile","yes","https://vilax.se/","no","consumer, sells online","En ovanligt komfortabel familjehistoria i fyra generationer","","role inbox","No visualiser yet and sells direct to shoppers, so this is the full pitch rather than an upgrade"
"Vilmers uab","www.vilmers.com","info@vilmers.com","dzesika.k@vilmers.com","+370 (415) 45134","LTU","Siauliai","Pramones 15","Salone del Mobile 2026","SMI","03","D34","","Bedrooms | Dining rooms, living rooms | Upholstered furniture | Furniture","Sofas and armchairs | Metal and glass living room tables | Upholstered beds | Mattresses | Pet furniture | Wooden living room tables | Sofa beds and armchair beds","furniture","take","Salone Internazionale del Mobile","yes","https://vilmers.com/en","yes","catalogue only","Discover premium furniture and home solutions for your business.","","role inbox","Already runs a visualiser but publishes collections and a catalogue with a contact form as the only way in, so confirm there is a shopper to capture"
"Vincent Sheppard nv","www.vincentsheppard.com","info@vincentsheppard.com","jasper.bergeman@vincentsheppard.com","+32 (56) 461111","BEL","Spiere","Industriepark 5","Salone del Mobile 2026","SMI","18","B05","","Dining rooms, living rooms | Outdoor furniture | Upholstered furniture | Furniture","Rush and rattan furniture | Wooden dining tables | Sofas and armchairs | Upholstered rocking-chairs | Outdoor umbrellas | Outdoor furniture and accessories | Metal chairs | Marble or stone furniture | Wooden living room tables | Wooden stools | Sofa beds and armchair beds | Wooden chairs","furniture","take","Salone Internazionale del Mobile","yes","https://www.vincentsheppard.com/eu/en","no","consumer, via dealers","Discover Vincent Sheppard","","role inbox","No visualiser yet and markets to shoppers and routes them to dealers, so this is the full pitch rather than an upgrade"
"Viro Collection","www.virobuild.com","sales@virobuild.com","peter@virobuild.com","+62 (811) 1983903","IDN","Kabupaten Tangerang, Banten","Jl. Kisanian 50 RT6/RW2 Bojong Nangka Kec. Klp. Dua","Salone del Mobile 2026","SMI","07","D25","","Outdoor furniture","Rush and rattan furniture | Outdoor furniture and accessories","furniture","take","Salone Internazionale del Mobile","yes","https://www.virobuild.com","no","unclear","","","role inbox","Live site but no catalogue, cart or contact route found, needs a look"
"Visibilia Editrice srl","www.visibiliaeditrice.it","commerciale@villegiardini.it","commerciale@villegiardini.it","+39 0254008200","ITA","Milano","Via Privata G.De Grassi 12/a","Salone del Mobile 2026","SMI","C.so Italia","ING.PADD 9/11 S50","","Trade newspapers, magazines and publications","Trade newspapers, magazines and publications","furniture","take","Salone Internazionale del Mobile","yes","https://www.visibiliaeditrice.it","no","unclear","","","role inbox","Live site but no catalogue, cart or contact route found, needs a look"
"Visionnaire","www.visionnaire-home.com","ipe@ipe.it","s.romeo@ipe.it","+39 0516186311","ITA","Zola Predosa","Via Mattei 1","Salone del Mobile 2026","SMI","11","G23 H22","","Bedrooms | Children's furniture | Dining rooms, living rooms | Light fixtures | Outdoor furniture | Bathroom furniture and accessories | Kitchen furniture | Upholstered furniture | Furniture","Wooden dining tables | Metal and glass dining tables | Bedrooms | Wooden bookcases | Marble or stone furniture | Mattresses | Bathroom furniture and accessories | Metal bookcases | Walk-in robes | Sliding or fixed partitions for walk-in robes | Wooden living room tables | Dining rooms | Partition wardrobes | Metal stools | Outdoor umbrellas | Mirrors | Outdoor furniture and accessories | Leather furniture | Upholstered beds | Leather stools | Leisure armchairs | Marble dining tables | Metal and glass living room tables | Living rooms | Home cinema / Home-theatre seating | Modular living rooms | Kitchen furniture | Leather chairs | Marble living room tables | Rush and rattan furniture | TV tables | Sofas and armchairs | Upholstered rocking-chairs | Light fixtures | Sliding or fixed partitions for wardrobe walls | Metal chairs | Glass furniture | Hall furniture | Cocktail cabinets | Wooden stools | Other children's furniture | Wardrobes | Wooden chairs","furniture","take","Salone Internazionale del Mobile","unreachable","","","","","HTTP Error 429: Too Many Requests","other","Site did not respond, check it by hand before spending a credit"
"Vismara Design srl","www.vismara.it","info@vismara.it","giada@vismara.it","+39 0362503726","ITA","Seveso","Via Carducci 3","Salone del Mobile 2026","SMI","13","C06","","Dining rooms, living rooms | Outdoor furniture | Upholstered furniture | Furniture","Leisure armchairs | Metal stools | Sofas and armchairs | Outdoor furniture and accessories | Home cinema / Home-theatre seating | Metal chairs | Wooden living room tables | Cocktail cabinets","furniture","take","Salone Internazionale del Mobile","yes","https://www.vismara.it","no","consumer, sells online","Vismara è un’azienda specializzata nella produzione di mobili di lusso, rigorosamente Made in Italy: poltrone per sale cinema, tavoli da biliardo, porta tv...","","role inbox","No visualiser yet and sells direct to shoppers, so this is the full pitch rather than an upgrade"
"Vismaravetro srl","www.vismaravetro.it","info@vismaravetro.it","s.galati@vismaravetro.it","+39 0362992244","ITA","Verano Brianza","Via Furlanelli 29","Salone del Mobile 2026","ARB","10","A15 A19","","Sanitary ware, tapware, radiators, coverings, wellness","Shower cubicles","furniture","take","International Bathroom Exhibition","yes","https://www.vismaravetro.it/it/","yes","consumer, sells online","Per il tuo Bagno scopri la Gamma di Box Doccia Vismaravetro. Leader Italiano nella produzione di Cabine Doccia su Misura.","","role inbox","Already runs a visualiser and sells direct to shoppers, so the gap is what happens after the render. Sharpest segment"
"Vispring ltd","www.vispring.com","info@vispring.com","rjacobson@vispring.com","+44 (1752) 366311","GBR","Plymouth","Ernesettle Lane","Salone del Mobile 2026","SMI","15","A11","","Bedrooms | Upholstered furniture","Upholstered beds | Mattresses","furniture","take","Salone Internazionale del Mobile","yes","https://www.vispring.com","no","consumer, sells online","Vispring has been the home of handmade British beds made in the UK since 1901. Discover the best luxury mattresses and beds for the ultimate night's sleep today.","","role inbox","No visualiser yet and sells direct to shoppers, so this is the full pitch rather than an upgrade"
"Vitage","www.vitage.it","vitage@milldue.it","stefania.berra@milldue.it","+39 0423756611","ITA","Riese Pio X","Via Balegante 7","Salone del Mobile 2026","ARB","06","A29","","Sanitary ware, tapware, radiators, coverings, wellness | Bathroom furniture and accessories","Bathroom accessories | Bath tubs and whirlpool tubs | Bathroom furniture | Sanitary ware","furniture","take","International Bathroom Exhibition","yes","https://vitage.it/","no","catalogue only","","","other","Publishes collections with a contact form as the only way in, which is the exact problem the email opens on. Audience unconfirmed"
"Vittoria Frigerio","www.vittoriafrigerio.it","info@vittoriafrigerio.it","florinda.ceppi@frigerio.com","+39 0315481225","ITA","Mariano Comense","Via Sant' Agata 63","Salone del Mobile 2026","SMI","13","D08 D12","","Bedrooms | Dining rooms, living rooms | Upholstered furniture","Sofas and armchairs | Metal and glass dining tables | Marble dining tables | Wooden bookcases | Upholstered beds | Metal bookcases | Leather chairs | Sofa beds and armchair beds | Dining rooms","furniture","take","Salone Internazionale del Mobile","yes","https://www.vittoriafrigerio.it/it","no","catalogue only","Collezione 2025","","role inbox","Publishes collections with a contact form as the only way in, which is the exact problem the email opens on. Audience unconfirmed"
"Vivere","www.vivere.co.id","natasha.nurdin@vivere.co.id","natasha.nurdin@vivere.co.id","+62 (858) 72705880","IDN","Tangerang Banten","South 78 Lantai 9 Bl. Gading Serpong Blok O 7 & 8","Salone del Mobile 2026","SMI","07","D25","","Dining rooms, living rooms | Upholstered furniture","Wooden dining tables | Sofas and armchairs | Living rooms | Wooden living room tables | Dining rooms | Wooden chairs","furniture","take","Salone Internazionale del Mobile","yes","https://www.vivere.co.id","no","catalogue only","","","first.last","Publishes collections with a contact form as the only way in, which is the exact problem the email opens on. Audience unconfirmed"
"Viyar","www.viyar.com","y.anik@viyar.com","y.anik@viyar.com","+38 (093) 8559524","UKR","Kyiv","Vaclav Havel Blvd. 16","Salone del Mobile 2026","SMI","05","A23 A25","","Bedrooms | Dining rooms, living rooms | Furniture","Bedrooms | Metal and glass living room tables | Wooden sideboards | Marble or stone furniture | Metal bookcases | Wooden beds | Glass furniture | Wardrobes","furniture","take","Salone Internazionale del Mobile","yes","https://viyar.com/en","no","catalogue only","VIYAR is a furniture company offering interior materials 🧰 and systems ⚙️, combining quality 🥇, functionality, and modern furniture craftsmanship","","first.last","Publishes collections with a contact form as the only way in, which is the exact problem the email opens on. Audience unconfirmed"
"Voicu","www.voicu.design","office@voicu.design","aida@nordarin.com","+40 720054332","ROU","Pangarati","Sat Preluca, Str. Plopilor 53 com. Jud. Neamt","Salone del Mobile 2026","SMI","07","D03","","Dining rooms, living rooms","Wooden dining tables | Wooden sideboards | Wooden living room tables","furniture","take","Salone Internazionale del Mobile","yes","https://voicu.design/","no","consumer, sells online","","","role inbox","No visualiser yet and sells direct to shoppers, so this is the full pitch rather than an upgrade"
"Vondom slu","www.vondom.com","info@vondom.com","marketing@vondom.com","+34 (96) 2398486","ESP","Beneixida (Valencia)","Poligono 6, 16","Salone del Mobile 2026","SMI","24","D20","","Outdoor furniture","Outdoor furniture and accessories","furniture","take","Salone Internazionale del Mobile","yes","https://www.vondom.com","no","consumer, via dealers","Vondom designs and manufactures outdoor furniture, planters, table and outdoor lamps and various decorative accessories.","","role inbox","No visualiser yet and markets to shoppers and routes them to dealers, so this is the full pitch rather than an upgrade"
"VST Conceptual srl","www.vstconceptual.com","vstconceptual111@gmail.com","aida@nordarin.com","+40 720054332","ROU","Pangarati","Sat Preluca, Str. Plopilor 53 com. Jud. Neamt","Salone del Mobile 2026","SMI","07","D03","","Dining rooms, living rooms","Wooden dining tables | Wooden sideboards | Wooden living room tables","furniture","take","Salone Internazionale del Mobile","yes","https://vstconceptual.com/","no","consumer, sells online","","","other","No visualiser yet and sells direct to shoppers, so this is the full pitch rather than an upgrade"
"W. Schillig Polstermöbelwerke GmbH & Co. KG","www.schillig.com","info@schillig.de","dtreuner@schillig.de","+49 (9562) 370","DEU","Ebersdorf","Am Weinberg 20-22","Salone del Mobile 2026","SMI","05","A27","","Upholstered furniture","Sofas and armchairs","furniture","take","Salone Internazionale del Mobile","yes","https://www.schillig.de/","yes","consumer, via dealers","Polstermöbel von W.SCHILLIG, ob in Leder oder Stoff, erfüllen höchste Ansprüche an Qualität, Sitzkomfort und Design.","","role inbox","Already runs a visualiser and markets to shoppers and routes them to dealers, so the gap is what happens after the render. Sharpest segment"
"We are IB","www.weareib.it","info@weareib.it","a.bregoli@weareib.it","+39 030802101","ITA","Sarezzo","Via dei Pianotti 3","Salone del Mobile 2026","ARB","06","C47","","Sanitary ware, tapware, radiators, coverings, wellness | Bathroom furniture and accessories","Bathroom accessories | Bathroom, laundry and/or kitchen tapware | Sanitary ware","furniture","take","International Bathroom Exhibition","yes","https://www.weareib.it/","no","unclear","FORMALIBERA — THE NOMADIC SHOWER COLLECTION","","role inbox","Live site but no catalogue, cart or contact route found, needs a look"
"Wekino","www.wekino.co.kr","wek@wekino.co.kr","clownfishrk@wekino.co.kr","+82 (1899) 6190","KOR","Seoul","42 Seolleung-ro 138-gil Gangnam-gu","Salone del Mobile 2026","SMI","03","C27","","Bedrooms | Dining rooms, living rooms | Outdoor furniture | Upholstered furniture | Furniture","Leisure armchairs | Wooden dining tables | Sofas and armchairs | Mirrors | Outdoor furniture and accessories | Leather furniture | Metal chairs | Upholstered beds | Stacking or folding chairs | Leather chairs | Wooden living room tables | Sofa beds and armchair beds | Wooden chairs","furniture","take","Salone Internazionale del Mobile","yes","https://www.wekino.co.kr","no","consumer, sells online","wekino 는 2014년 서울을 베이스로 시작해 가구를 중심으로 한 폭 넓은 프로젝트를 전개하고 있습니다. 선별된 소재와 정밀한 수작업, 과감한 컬러와 절제된 디자인으로 더 밝고 활동적인 삶을 위한 가구와 오브제를 다루며, wekino만의 색깔을 만들어가는데 집중하고 있습니다.","","other","No visualiser yet and sells direct to shoppers, so this is the full pitch rather than an upgrade"
"WOO","www.woo.furniture","info@woo.furniture","cooperation@woo.furniture","+380 (979) 158859","UKR","Kyiv","Kirilivska Str. 47b","Salone del Mobile 2026","SMI","05","A23 A25","","Dining rooms, living rooms | Upholstered furniture","Metal stools | Sofas and armchairs | Metal chairs","furniture","take","Salone Internazionale del Mobile","yes","https://woo.furniture/","no","consumer, sells online","Designer furniture brand from Kyiv, Ukraine. Sculptural chairs, armchairs, bar stools and coffee tables with playful character — made since 2015, shipping worldwide.","","role inbox","No visualiser yet and sells direct to shoppers, so this is the full pitch rather than an upgrade"
"Woodnotes oy","www.woodnotes.fi","woodnotes@woodnotes.fi","elo.parlioja@woodnotes.fi","+358 (9) 6942200","FIN","Helsinki","Tallberginkatu 1/B","Salone del Mobile 2026","SMI","22","B07","","Bedrooms | Dining rooms, living rooms | Outdoor furniture","Bedrooms | Outdoor furniture and accessories | Upholstered beds | Wooden stools | Wooden chairs","furniture","take","Salone Internazionale del Mobile","yes","https://www.woodnotes.fi","no","consumer, sells online","Rare–timeless–natural","","other","No visualiser yet and sells direct to shoppers, so this is the full pitch rather than an upgrade"
"Woodsoft llc","www.woodsoft.ua","admin@woodsoft.com.ua","admin@woodsoft.com.ua","+380 (97) 6556090","UKR","Kyiv","15B Hmyri street, ap. 139","Salone del Mobile 2026","SMI","05","A23 A25","","Bedrooms | Upholstered furniture","Upholstered beds | Sofa beds and armchair beds","furniture","take","Salone Internazionale del Mobile","yes","https://woodsoft.ua/?v=0b3b97fa6688","no","consumer, sells online","М’які двоспальні та дитячі ліжка від українського виробника Woodsoft. Стиль, комфорт і функціональність.","","role inbox","No visualiser yet and sells direct to shoppers, so this is the full pitch rather than an upgrade"
"World Servizi Editoriali srl Cose di Casa","www.cosedicasa.com","promozione@casaeditriceuniverso.com","promozione@casaeditriceuniverso.com","+39 0263675408","ITA","Milano","Corso di Porta Nuova, 3/a","Salone del Mobile 2026","SMI","C.so Italia","FRONTE PADD 6/10 S11","","Trade newspapers, magazines and publications","Trade newspapers, magazines and publications","furniture","take","Salone Internazionale del Mobile","yes","https://www.cosedicasa.com","no","consumer, sells online","Cose di Casa, la rivista per gli amanti dell'arredamento: camere, cucina, norme e leggi per ristrutturare l'abitazione, bagno, soggiorno, balconi","","other","No visualiser yet and sells direct to shoppers, so this is the full pitch rather than an upgrade"
"Wünder","www.wunder.be","info@wunder.be","info@wunder.be","+32 (51) 791731","BEL","Roeselare","Ovenhoek 5","Salone del Mobile 2026","SMI","18","A01 B02","","Outdoor furniture","Outdoor furniture and accessories","furniture","take","Salone Internazionale del Mobile","unreachable","","","","","HTTP Error 429: Too Many Requests","role inbox","Site did not respond, check it by hand before spending a credit"
"X8 Soluções lda","www.x8chairs.com","info@x8chairs.com","commercial@x8chairs.com","+351 (22) 4441862","PRT","Lordelo","Rua Zona Industrial de Lordelo 1220","Salone del Mobile 2026","SMI","05","B25","","Dining rooms, living rooms | Upholstered furniture","Leisure armchairs | Sofas and armchairs | Leather chairs","furniture","take","Salone Internazionale del Mobile","yes","https://www.x8chairs.com","no","consumer, sells online","Our new space is in progress","","role inbox","No visualiser yet and sells direct to shoppers, so this is the full pitch rather than an upgrade"
"Xera","www.xeraonline.com","info@xeraonline.com","adriano@arexonline.com","+39 04386591","ITA","Mareno di Piave","Via G. Galilei 1","Salone del Mobile 2026","EUC","04","C23","","Kitchens","Metal kitchens","furniture","take","EuroCucina","yes","https://www.xeraonline.com","no","catalogue only","Xera realizza cucine di alta gamma da interno ed esterno su misura, con acciaio inox, materiali di qualità e precisione progettuale.","","role inbox","Publishes collections with a contact form as the only way in, which is the exact problem the email opens on. Audience unconfirmed"
"Yardcom","www.yardcom.net","damon@yardcom.net","jennyli@yardcom.net","+1 (206) 5014083","USA","Manalapan","195 US-9 Suite 205","Salone del Mobile 2026","SMI","18","F14 F18","","Dining rooms, living rooms | Outdoor furniture | Upholstered furniture | Furniture","Leisure armchairs | Sofas and armchairs | Metal and glass living room tables | CD-racks | Outdoor furniture and accessories | Metal chairs | Sofa beds and armchair beds","furniture","take","Salone Internazionale del Mobile","yes","https://www.yardcom.net/","no","catalogue only","","","other","Publishes collections with a contact form as the only way in, which is the exact problem the email opens on. Audience unconfirmed"
"Zamagna srl","www.zamagna.com","zamagna@zamagna.com","grandi@publione.it","+39 0547324155","ITA","Cesena","Via Cervese, 5100","Salone del Mobile 2026","SMI","05","A05","","Dining rooms, living rooms | Furniture","Plastic chairs | Wooden dining tables | Metal and glass dining tables | Metal and glass living room tables | Wooden sideboards | Extension dining tables | Leather chairs | Wooden living room tables | Metal stools | Mirrors | Metal chairs | Stacking or folding chairs | Leather stools | Wooden stools | Plastic stools | Wooden chairs","furniture","take","Salone Internazionale del Mobile","unreachable","","","","","timed out","other","Site did not respond, check it by hand before spending a credit"
"Zanaboni srl","www.zanaboni.it","info@zanaboni.it","valentina@zanaboni.it","+39 036273280","ITA","Meda","Via del Lavoro 13/15","Salone del Mobile 2026","SMI","13","D05 D09","","Bedrooms | Dining rooms, living rooms | Upholstered furniture","Wooden dining tables | Sofas and armchairs | Bedrooms | Wooden sideboards | Wooden bookcases | Upholstered beds | Wooden living room tables | Sofa beds and armchair beds | Dining rooms","furniture","take","Salone Internazionale del Mobile","yes","https://www.zanaboni.it","no","consumer, sells online","ZANABONI è un’azienda storica riconosciuta a livello internazionale che propone soluzioni e progetti nell’ambito dell’arredamento di lusso per interni","","role inbox","No visualiser yet and sells direct to shoppers, so this is the full pitch rather than an upgrade"
"Zanat","www.zanat.org","info@zanat.org","bojana@zanat.org","+387 (36) 727299","BIH","Konjic","Varda 6","Salone del Mobile 2026","SMI","22","A11","","Bedrooms | Dining rooms, living rooms | Upholstered furniture | Furniture","Leisure armchairs | Wooden dining tables | Bedrooms | Living rooms | Wooden sideboards | Wooden bookcases | Extension dining tables | Wooden living room tables | Dining rooms | Sofas and armchairs | Mirrors | Wooden beds | Hall furniture | Wooden stools | Wooden chairs","furniture","take","Salone Internazionale del Mobile","yes","https://zanat.org/","no","consumer, sells online","","","role inbox","No visualiser yet and sells direct to shoppers, so this is the full pitch rather than an upgrade"
"Zee","www.zee.be","info@zee.be","peter@zee.be","+32 (93) 368417","BEL","Lochristi","Hoekstraat 76","Salone del Mobile 2026","SMI","18","A01 B02","","Outdoor furniture","Outdoor furniture and accessories","furniture","take","Salone Internazionale del Mobile","yes","https://zee.be/","no","consumer, sells online","ZEE designs and produces garden hose reels, outdoor showers & barbecues! Elegant design outdoor lifestyle products.","","role inbox","No visualiser yet and sells direct to shoppers, so this is the full pitch rather than an upgrade"
"Zeea - Julia Vieira Machado Moveis","www.zeea.com.br","zeea@zeea.com.br","zeea@zeea.com.br","","BRA","Sao Paolo","Av. Brasil 2000","Salone del Mobile 2026","SMI","03","C06 C08 D07 D09","","Upholstered furniture","Sofas and armchairs","furniture","take","Salone Internazionale del Mobile","yes","https://zeea.com.br/","no","unclear","Somos referência no mobiliário de luxo no Brasil. A Zeea traduz conforto e estilo com design contemporâneo e minimalista, criando peças conceituais e únicas para seu ambiente.","","other","Live site but no catalogue, cart or contact route found, needs a look"
"Zen Acessorios Para Moveis Ltda","www.zendesign.com.br","comex@zendesign.com.br","comex@zendesign.com.br","+55 (54) 30557553","BRA","Bento Goncalves (Rio Grande do Sul)","Rua Giovani Grando Filho 410","Salone del Mobile 2026","ARB","10","A01","","Bathroom furniture and accessories","Bathroom accessories","furniture","take","International Bathroom Exhibition","yes","https://www.zendesign.com.br","no","catalogue only","A Zen Design desenvolve uma linha completa de puxadores, maçanetas e de acessórios para banho","","other","Publishes collections with a contact form as the only way in, which is the exact problem the email opens on. Audience unconfirmed"
"Zieta Prozessdesign Sp. z o.o.","www.zieta.pl","info@zieta.pl","k.lis@zieta.pl","+48 (785) 911861","POL","Wroclaw","ul. Stanislawa Moniuszki 29/2","Salone del Mobile 2026","SMI","14","E39","","Dining rooms, living rooms | Outdoor furniture | Furniture","Metal stools | Wooden dining tables | Mirrors | Metal and glass dining tables | Marble dining tables | Metal and glass living room tables | Outdoor furniture and accessories | Metal chairs | Leather chairs | Wooden living room tables | Marble living room tables","furniture","take","Salone Internazionale del Mobile","yes","https://www.zieta.pl/en","no","consumer, sells online","Zieta Studio's homepage, a brand of unique objects with a story behind it.","","role inbox","No visualiser yet and sells direct to shoppers, so this is the full pitch rather than an upgrade"
"Zijlstra B.V.","www.zijlstra.nl","info@zijlstra.nl","joy@zijlstra.nl","+31 (344) 676767","NLD","Tiel","Hoog Kellenseweg 5","Salone del Mobile 2026","SMI","03","D22 D24","","Bedrooms | Dining rooms, living rooms | Furniture","Wooden dining tables | TV tables | Metal and glass dining tables | Metal and glass living room tables | Wooden sideboards | Marble or stone furniture | Glass furniture | Extension dining tables | Wooden living room tables | Cocktail cabinets | Hall furniture | Wardrobes","furniture","take","Salone Internazionale del Mobile","yes","https://zijlstra.nl:443/","no","unclear","","","role inbox","Live site but no catalogue, cart or contact route found, needs a look"
"Zilio A&C srl Unipersonale","www.zilioaldo.it","contact@zilioaldo.it","contact@zilioaldo.it","+39 0432753329","ITA","San Giovanni al Natisone","Via dell'artigianato 9","Salone del Mobile 2026","SMI","18","E05","","Dining rooms, living rooms | Upholstered furniture","Metal stools | Wooden dining tables | Sofas and armchairs | Wooden bookcases | Metal chairs | Metal bookcases | Stacking or folding chairs | Extension dining tables | Rocking-chairs | Wooden stools | Wooden living room tables | Wooden chairs","furniture","take","Salone Internazionale del Mobile","yes","https://www.zilioaldo.it","no","catalogue only","Zilio A&C è una delle storiche aziende appartenenti al Distretto della Sedia di Manzano; produce sedie in legno e complementi d’arredo da più di 60 anni.","","role inbox","Publishes collections with a contact form as the only way in, which is the exact problem the email opens on. Audience unconfirmed"
"Zimage Motion Co. Ltd.","www.mullerdesignsolution.com","parichart@imageinterholding.com","tanet@imageinterholding.com","+66 (2) 96571609","THA","Nonthaburi","96/8 Moo 5, Ratanathibet Rd., Bangkrasaw, Muang","Salone del Mobile 2026","SMI","07","D10","","Dining rooms, living rooms | Upholstered furniture","Sofas and armchairs | Living rooms | Leather chairs | Wooden living room tables","furniture","take","Salone Internazionale del Mobile","yes","https://www.mullerdesignsolution.com","no","unclear","","","other","Live site but no catalogue, cart or contact route found, needs a look"
"Auskin Europe Pty. Ltd.","www.fibrebyauskin.com","","","+49 4431 7094003","Germany","Wildeshausen","Kirchstraße 6","Heimtextil 2027","HEIMTEXTIL","5.1","","","Decorative & Furniture Fabrics | Carpets & Rugs","5","rugs","take","Carpets & Rugs","yes","https://fibrebyauskin.com/","no","trade portal, gated","Fibre by Auskin sources unique natural fibres and textures from around the globe. We design and manufacture sheepskin, alpaca wool, leather products.","","","Catalogue sits behind a dealer login, so the visitor is a dealer rather than a buyer"
"CBS Manufacturing Group","www.cbsmanufacturinggroup.com","katey@cbs123.com","","","United States","Westlake Village California","2629 Townsgate Rd Suite 145","Heimtextil 2027","HEIMTEXTIL","11.0","A91","yes","","5","rugs","take","no category booked, hall 11.0 is Carpets & Rugs only","yes","https://cbs123.com/","no","catalogue only","CBS Manufacturing Group","","other","Publishes collections with a contact form as the only way in, which is the exact problem the email opens on. Audience unconfirmed"
"Chene De L'est Sasu","www.chenedelest.eu","","","","France","Hambach","24 Rue De La Fontaine","Heimtextil 2027","HEIMTEXTIL","3.0","D59","yes","Flooring & Equipment","5","rugs","take","Flooring & Equipment","yes","https://www.chenedelest-parquets.com/vente-parquet/","no","catalogue only","Destockage de parquets massifs et contrecollés. Lots de parquet massifs et contrecollés à prix réduits","","","Publishes collections with a contact form as the only way in, which is the exact problem the email opens on. Audience unconfirmed"
"Chino Sol Trading Corp.","","","","","Taiwan","Taoyuan City","Taoyuan District Ai Chi Street No. 27","Heimtextil 2027","HEIMTEXTIL","12.1","D10C","yes","","0","rugs","take","no category booked, hall 12.1 is Carpets & Rugs only","no site","","","","","","","No website on file, so nothing for a visualiser to sit on. Skip"
"Fiberpro Co.","","","","","Taiwan","Kaohsiung City","Daliao District 3F, No. 37, Fengping 1st Rd.","Heimtextil 2027","HEIMTEXTIL","12.1","D10D","yes","","0","rugs","excluded","gate 2, wrong medium: fibres, yarns, raw material (Fiber)","","","","","","","",""
"Forma International Limited","","josie1020@163.com","","+86 135 6798 8627","Hong Kong","Kowloon","Unit 2, LG 1, Mirror Tower 61 Mody Road Tsimshatsui","Heimtextil 2027","HEIMTEXTIL","12.1","E10F","yes","","0","rugs","take","no category booked, hall 12.1 is Carpets & Rugs only","no site","","","","","","other","No website on file, so nothing for a visualiser to sit on. Skip"
"friedola 1888 GmbH","www.friedola1888.de","evamaria.kuehler@friedola.com","","+49 5651 303500","Germany","Meinhard","Topfmühle 1","Heimtextil 2027","HEIMTEXTIL","3.0","B21","yes","Bed, Bath & Living | Carpets & Rugs","5","rugs","take","Carpets & Rugs","yes","https://friedola1888.de/","no","consumer, sells online","","","first.last","No visualiser yet and sells direct to shoppers, so this is the full pitch rather than an upgrade"
"Giacomini & Gambarova S.r.l.","www.velcoc.it","info@velcoc.com","","+39 0438 48080","Italy","Vazzola","Via XXV Luglio 50","Heimtextil 2027","HEIMTEXTIL","12.0","B15","yes","","5","rugs","take","no category booked, hall 12.0 is Carpets & Rugs only","yes","https://www.velcoc.it","no","consumer, via dealers","Velcoc produce zerbini in cocco, gomma, fibre sintetiche e realizza per le aziende tappeti personalizzati e su misura. Scopri di più sui nostri prodotti.","","role inbox","No visualiser yet and markets to shoppers and routes them to dealers, so this is the full pitch rather than an upgrade"
"Gila Mirzai","www.mirzai.de","info@mirzai-carpets.com","","+49 40 37517828","Germany","Hamburg","Brook 4","Heimtextil 2027","HEIMTEXTIL","3.0","B25","yes","Carpets & Rugs","0","rugs","take","Carpets & Rugs","unreachable","","","","","HTTP Error 500: Internal Server Error","role inbox","Site did not respond, check it by hand before spending a credit"
"Greathill Pacific (HK) Ltd.","www.greathill-pacific.com","info@greathill-pacific.com","","+852 2115 9628","Hong Kong","Central","26th Floor, Beautiful Group Tower 77 Connaught Road","Heimtextil 2027","HEIMTEXTIL","12.1","D28","yes","","5","rugs","take","no category booked, hall 12.1 is Carpets & Rugs only","yes","http://www.greathill-pacific.com","no","unclear","","","role inbox","Live site but no catalogue, cart or contact route found, needs a look"
"Hometex Furniture LLC","","daisy_zh78@126.com","","+971 4 272 2589","United Arab Emirates","Deira, Dubai","Naif Road","Heimtextil 2027","HEIMTEXTIL","12.0","E24","yes","","0","rugs","take","no category booked, hall 12.0 is Carpets & Rugs only","no site","","","","","","other","No website on file, so nothing for a visualiser to sit on. Skip"
"Honda Technology Development Limited","","anna@hongkwang.com.hk","","+852 2790 9086","Hong Kong","Tsuen Wan, N.T.","Room H01, Blk EH, 10/F., Golden Bear Ind Ctr., 66-82 Chai Wna Kok St","Heimtextil 2027","HEIMTEXTIL","8.0","","","Bed, Bath & Living | Carpets & Rugs","0","rugs","take","Carpets & Rugs","no site","","","","","","other","No website on file, so nothing for a visualiser to sit on. Skip"
"Hong Kong Chaers Textile Limited","www.chaerstex.com","nana@chaerstex.com","","+86 575 8877 7706","Hong Kong","Chai Wan","Room 1607, Trend Ctr., 29-31 Cheung Lee St.","Heimtextil 2027","HEIMTEXTIL","12.1","E10B","yes","","0","rugs","take","no category booked, hall 12.1 is Carpets & Rugs only","yes","http://www.chaerstex.com","no","unclear","浙江绍兴惬尔适纺织品有限公司位于亚洲最大的面料集散地—绍兴，是一家集设计，开发，制造，销售于一体的综合性企业。主要从事各式窗帘，工程纱，台布，沙发套，及其他相关布艺产品的研发，生产。","","other","Live site but no catalogue, cart or contact route found, needs a look"
"Inivek Pte. Ltd.","","","","","Singapore","Singapore","#01-01 Mountbatten Road 229","Heimtextil 2027","HEIMTEXTIL","8.0","","","Carpets & Rugs","0","rugs","take","Carpets & Rugs","no site","","","","","","","No website on file, so nothing for a visualiser to sit on. Skip"
"Kaston Textiles Co., Ltd.","","","","","Taiwan","Taoyuan","Yangmei District No. 100, Ln. 796, Sec. 1, Minfu Rd.","Heimtextil 2027","HEIMTEXTIL","12.1","D10B","yes","","0","rugs","take","no category booked, hall 12.1 is Carpets & Rugs only","no site","","","","","","","No website on file, so nothing for a visualiser to sit on. Skip"
"millenium floor _ MFX","www.milleniumfloor.net","contact@milleniumfloor.com","","","France","Paris","25 Rue De Ponthieu","Heimtextil 2027","HEIMTEXTIL","3.0","F89","yes","Carpets & Rugs","0","rugs","take","Carpets & Rugs","yes","https://www.milleniumfloor.net","no","consumer, sells online","The future of floor industry","","role inbox","No visualiser yet and sells direct to shoppers, so this is the full pitch rather than an upgrade"
"OCI Orient-Carpet-Import GmbH Im- und Export von Orient-Teppichen","www.oci-carpets.de","hj2@oci-carpets.de","","+49 160 1573212","Germany","Coesfeld","Stockum 2A","Heimtextil 2027","HEIMTEXTIL","3.0","C28","yes","Carpets & Rugs","0","rugs","take","Carpets & Rugs","yes","https://www.oci-carpets.de","no","consumer, sells online","Elegante Teppiche","","other","No visualiser yet and sells direct to shoppers, so this is the full pitch rather than an upgrade"
"Paulig Teppichweberei GmbH","www.paulig1750.de","marketing@paulig.de","","+49 9324 982017","Germany","Schwarzach a. Main","Gewerbering-Nord 1","Heimtextil 2027","HEIMTEXTIL","3.0","C51, C54","yes","Carpets & Rugs","5","rugs","take","Carpets & Rugs","yes","https://www.paulig1750.com/de-de","yes","consumer, sells online","Wir entwerfen Teppiche und Vorleger, die perfekt zu Ihrem Zuhause passen: ✓ echte Handarbeit ✓ nachhaltige Materialien ✓ einzigartige Kreationen. Informieren Sie sich online!","","role inbox","Already runs a visualiser and sells direct to shoppers, so the gap is what happens after the render. Sharpest segment"
"RIKOR BVBA","rikortextiles.be","hans@rikortextiles.be","","+32 468 28 53 05","Belgium","Marke","Pestelstraat 1","Heimtextil 2027","HEIMTEXTIL","12.1","B46","yes","","0","rugs","take","no category booked, hall 12.1 is Carpets & Rugs only","yes","https://www.rikortextiles.be/","no","unclear","RIKOR TEXTILES","","other","Live site but no catalogue, cart or contact route found, needs a look"
"Rising International (HK) Limited","","sales.risingintl@outlook.com","","+852 2152 1630","Hong Kong","Kowloon","Room 1405A, 14/F., The Belgian Bank Bldg. 721-725 Nathan Road Mongkok","Heimtextil 2027","HEIMTEXTIL","12.1","D11D","yes","","0","rugs","take","no category booked, hall 12.1 is Carpets & Rugs only","no site","","","","","","first.last","No website on file, so nothing for a visualiser to sit on. Skip"
"Royal Flooring NV","www.royal-flooring.com","carine@royal-flooring.com","","+32 56 25 43 13","Belgium","Kortrijk","Luipaardstraat 12","Heimtextil 2027","HEIMTEXTIL","12.1","B40","yes","","0","rugs","take","no category booked, hall 12.1 is Carpets & Rugs only","unreachable","","","","","HTTP Error 503: Service Unavailable","other","Site did not respond, check it by hand before spending a credit"
"Satar Carpet GmbH","www.satar-carpet.com","satar-carpet@web.de","","+49 36809 812","Germany","Hamburg","Brooktorkai 3-4","Heimtextil 2027","HEIMTEXTIL","3.0","F29","yes","Carpets & Rugs","5","rugs","take","Carpets & Rugs","yes","https://rugvalley.com/","no","consumer, sells online","Jahrhundertealtes Handwerk. Ausgewählt in Hamburg.Jeder Teppich von Hand gefertigt. Mit eigener Geschichte.100 % Echtheit. Null Kompromiss.","","other","No visualiser yet and sells direct to shoppers, so this is the full pitch rather than an upgrade"
"Sergio K LLC","www.sergiokhome.com","ksergiok@yahoo.com","","+1 626-371-5776","United States","Acadia California","615 Las Tunas Dr., Unit C","Heimtextil 2027","HEIMTEXTIL","12.1","F28","yes","","0","rugs","take","no category booked, hall 12.1 is Carpets & Rugs only","unreachable","","","","","<urlopen error [Errno -2] Name or service not known>","other","Site did not respond, check it by hand before spending a credit"
"Textile Italy Srl","www.farfallarossa.it","lucazhan@farfallarossa.net","","+39 333 145 9933","Italy","Roma","Via Carciano 27","Heimtextil 2027","HEIMTEXTIL","12.0","C22","yes","","5","rugs","take","no category booked, hall 12.0 is Carpets & Rugs only","yes","https://www.farfallarossa.it","no","consumer, sells online","Esplora la nostra gamma di tessili per la casa: tende eleganti, biancheria da letto confortevole, copridivani su misura e fodere per sedie.Trasforma la tua casa con un click","","other","No visualiser yet and sells direct to shoppers, so this is the full pitch rather than an upgrade"
"Theo Keller GmbH","www.theko-collection.com","info@theko-collection.com","","+49 2327 308320","Germany","Bochum","Lohackerstr. 30","Heimtextil 2027","HEIMTEXTIL","3.0","C41, C43","yes","Carpets & Rugs","0","rugs","take","Carpets & Rugs","yes","https://theko-collection.com/","no","catalogue only","Ihr persönlicher LuxusTeppich","","role inbox","Publishes collections with a contact form as the only way in, which is the exact problem the email opens on. Audience unconfirmed"
"Tisca Austria GmbH","www.tiscarugs.com","beratung@tiscarugs.com","","+43 5550 23110","Austria","Thüringen","Werkstraße 5","Heimtextil 2027","HEIMTEXTIL","3.0","D40, D42","yes","Carpets & Rugs","5","rugs","take","Carpets & Rugs","yes","https://www.tiscarugs.com","no","consumer, sells online","Poesie für die Füße","","other","No visualiser yet and sells direct to shoppers, so this is the full pitch rather than an upgrade"
"Tissage Meublatex","www.tissage-mx.com","contact.tissage@meublatex.com","","+216 98 250 122","Tunisia","Hammam Sousse Medina","Hammam Sousse Route De Tunis 4011","Heimtextil 2027","HEIMTEXTIL","5.0","","","Bed, Bath & Living | Carpets & Rugs","5","rugs","take","Carpets & Rugs","unreachable","","","","","<urlopen error [Errno -2] Name or service not known>","first.last","Site did not respond, check it by hand before spending a credit"
"Valley OÜ","www.valley.ee","info@valley.ee","","+372 444 7780","Estonia","Vändra","Vihtra tee 1a","Heimtextil 2027","HEIMTEXTIL","3.0","D29","yes","Carpets & Rugs","0","rugs","take","Carpets & Rugs","yes","https://valley.ee/","no","unclear","Valley valmistab Eestis käsitöö vaipu villast, linast ja tencelist. Tutvu kollektsioonide ja vabrikupoodidega Vändras, Jõhvis ja Narvas.","","role inbox","Live site but no catalogue, cart or contact route found, needs a look"
"W. Heino, ältestes Versandgeschäft von Erzeugnissen der Lüneburger Heide e.Kfm.","wheino.de","k.brockmann@wheino.de","","+49 5193 4021","Germany","Schneverdingen","Lünzmühlen 1","Heimtextil 2027","HEIMTEXTIL","3.0","B10","yes","Decorative & Furniture Fabrics | Carpets & Rugs","5","rugs","take","Carpets & Rugs","yes","https://wheino.de","no","unclear","Skins of many kinds, Felle div. Arten, Straw articles, Strohartikel, Willow-Ware, Korbwaren (Import - Export)","","first.last","Live site but no catalogue, cart or contact route found, needs a look"
"Wells International LLC","","yuhao.li@wellshomefashions.com","","+1 217-419-6989","United States","Marlboro New Jersey","4 Timber Lane, Ste A","Heimtextil 2027","HEIMTEXTIL","12.0","D23","yes","","0","rugs","take","no category booked, hall 12.0 is Carpets & Rugs only","no site","","","","","","first.last","No website on file, so nothing for a visualiser to sit on. Skip"
"A.G.M. S.r.l.","www.agmsrl.biz","agm@agminks.com","","+39 0321 886105","Italy","Tornaco","Via G. Oberdan 48","Heimtextil 2027","HEIMTEXTIL","3.0","A40","yes","Wall Decoration","5","wallpaper","take","Wall Decoration","unreachable","","","","","<urlopen error [Errno -2] Name or service not known>","other","Site did not respond, check it by hand before spending a credit"
"A.S. Création Tapeten AG","www.as-creation.com","contact@as-creation.de","","+49 2261 5420","Germany","Gummersbach","Südstr. 47","Heimtextil 2027","HEIMTEXTIL","3.0","B44","yes","Wall Decoration","0","wallpaper","take","Wall Decoration","yes","https://www.as-creation.com","no","consumer, sells online","Sie suchen Tapeten? A.S. Création bietet ein großes Sortiment an Tapeten und Bordüren.","","role inbox","No visualiser yet and sells direct to shoppers, so this is the full pitch rather than an upgrade"
"Anstey Wallpaper Company","www.anstey.uk.com","kate_wall@anstey.uk.com","","+44 1509 225250","Great Britain and Northern Ireland","London","Sandersons Lane Voysey House","Heimtextil 2027","HEIMTEXTIL","3.0","A58","yes","","0","wallpaper","take","hall 3.0 and a wallpaper or floor signal in the name","unreachable","","","","","HTTP Error 429: Too Many Requests","first_last","Site did not respond, check it by hand before spending a credit"
"Decoprint N.V.","www.decoprintwallcoverings.com","geraldine.debruyne@deco-print.be","","+32 52 44 78 11","Belgium","Zele","Dommekensstraat 2","Heimtextil 2027","HEIMTEXTIL","3.0","B30","yes","Wall Decoration","0","wallpaper","take","Wall Decoration","yes","https://www.decoprintwallcoverings.com","no","catalogue only","Your innovative and creative wallpaper partner. Exclusive, refreshing and with the aim to achieve a sustainable future.","","first.last","Publishes collections with a contact form as the only way in, which is the exact problem the email opens on. Audience unconfirmed"
"Esselle Retail Limited","","","","","Great Britain and Northern Ireland","Rossendale","The Old Town Hall, Spinning Point Bacup Road Rawtenstall","Heimtextil 2027","HEIMTEXTIL","3.0","A73","yes","Wall Decoration | Window & Interior Decoration","5","wallpaper","take","Wall Decoration","no site","","","","","","","No website on file, so nothing for a visualiser to sit on. Skip"
"Farrow & Ball","www.farrow-ball.com","b2b.marketing@farrow-ball.com","","","Great Britain and Northern Ireland","Wimborne","Uddens Industrial Estate","Heimtextil 2027","HEIMTEXTIL","3.0","B51","yes","Wall Decoration","0","wallpaper","take","Wall Decoration","yes","https://www.farrow-ball.com","yes","consumer, sells online","Our carefully curated palette of 132 shades and range of handcrafted wallpaper will help you find the colours and patterns you love for your home","","other","Already runs a visualiser and sells direct to shoppers, so the gap is what happens after the render. Sharpest segment"
"KBM Sp. z o.o.","www.kbm.com.pl","barbara.rotek@kbm.com.pl","","+48 44 633 61 26","Poland","Belchatow","ul. Czyzewskiego 31a","Heimtextil 2027","HEIMTEXTIL","3.0","A94","yes","Wall Decoration","5","wallpaper","take","Wall Decoration","yes","https://kbm.com.pl/en/","no","consumer, sells online","Sklep z tapetami KBM - tapety ścienne, kleje gotowe do tapet - sprzedaż hurtowa tapet, sklep z tapetami, klej do tapet - wszystko znajdziesz w KBM!","","first.last","No visualiser yet and sells direct to shoppers, so this is the full pitch rather than an upgrade"
"Norafin Industries (Germany) GmbH","www.norafin.de","kerstin.knorr@norafin.com","","","Germany","Mildenau","Gewerbegebiet Nord 3","Heimtextil 2027","HEIMTEXTIL","3.0","A50","yes","Wall Decoration","5","wallpaper","take","Wall Decoration","yes","https://www.norafin.de","no","catalogue only","Als einer der führenden Lösungsanbieter bedienen wir industrielle und technische Märkte mit wasserstrahlverfestigten und vernadelten Vliesstoffen, innovativen Materialstrukturen und Composites.","","first.last","Publishes collections with a contact form as the only way in, which is the exact problem the email opens on. Audience unconfirmed"
"Parato S.r.l.","www.parato.it","mgruotolo@parato.it","","+39 06 928 6331","Italy","Aprilia","Via della Tecnica 28-33","Heimtextil 2027","HEIMTEXTIL","3.0","A84","yes","Wall Decoration","5","wallpaper","take","Wall Decoration","yes","https://www.parato.it/en/","no","consumer, sells online","Dal 1985 Cristiana Masi crea collezioni di CARTA DA PARATI 100% Made in Italyper il MERCATO INTERNAZIONALE. Parato - Italian trend for wall","","other","No visualiser yet and sells direct to shoppers, so this is the full pitch rather than an upgrade"
"Pufas Werk KG","www.pufas.de","info@pufas.de","","+49 5541 700301","Germany","Hann. Münden","Im Schedetal 1","Heimtextil 2027","HEIMTEXTIL","3.0","A81","yes","Wall Decoration","5","wallpaper","take","Wall Decoration","yes","https://www.pufas.de","no","consumer, sells online","PUFAS offers a broad range of wallpaper adhesives, pastes, fillers, primers, coatings, emulsion paints and other renovation products.","","role inbox","No visualiser yet and sells direct to shoppers, so this is the full pitch rather than an upgrade"
"Rafias Prisim Textil S.r.l.","","mirtarafias@gmail.com","","+54 9 11 5009-9964","Argentina","Valentin Alsina","Florida 51","Heimtextil 2027","HEIMTEXTIL","4.1","G30","yes","Wall Decoration","5","wallpaper","take","Wall Decoration","no site","","","","","","other","No website on file, so nothing for a visualiser to sit on. Skip"
"Studio Lid Moroccan rugs","www.studiolid.com","info@studiolid.com","","+212 641-197707","Morocco","Marrakech","251 Rue Sidi Ghanem","Heimtextil 2027","HEIMTEXTIL","3.0","F05","yes","","0","wallpaper","take","hall 3.0 and a wallpaper or floor signal in the name","yes","https://studio-lid.com/","no","consumer, sells online","Spécialiste du tapis marocain à Marrakech depuis 1945. Tapis berbères authentiques, faits main par nos tisseuses de l'Atlas.","","role inbox","No visualiser yet and sells direct to shoppers, so this is the full pitch rather than an upgrade"
"Textiles Vilber S.L.","www.vilber.es","export@vilber.es","","","Spain","Tavernes de la Valldigna","Carretera CV-50 Tavernes A Alzira Km 4","Heimtextil 2027","HEIMTEXTIL","4.1","F15","yes","Wall Decoration | Decorative & Furniture Fabrics","5","wallpaper","take","Wall Decoration","yes","https://www.vilber.net/","no","consumer, sells online","Vilber Textil. Fabricamos tejidos, wallpapers y vinilos para la decoración. llena de vida tu hogar y decóralo con nuestras exclusivas telas.","","role inbox","No visualiser yet and sells direct to shoppers, so this is the full pitch rather than an upgrade"
"The Wallfashion House NV","","","","","Belgium","Tielt","Wakkensesteenweg 49","Heimtextil 2027","HEIMTEXTIL","3.0","B50","yes","Wall Decoration","4","wallpaper","take","Wall Decoration","no site","","","","","","","No website on file, so nothing for a visualiser to sit on. Skip"
"York WallCoverings, Inc.","www.yorkwallcoverings.com","efallon@yorkdesigngroup.com","","+1 717-880-6161","United States","York","750 Linden Ave","Heimtextil 2027","HEIMTEXTIL","3.0","A69","yes","","0","wallpaper","take","hall 3.0 and a wallpaper or floor signal in the name","yes","https://yorkwallcoverings.com/","no","consumer, sells online","Heritage Design, Redefined","","other","No visualiser yet and sells direct to shoppers, so this is the full pitch rather than an upgrade"
"5 EFFE SRL","","sales@cafissi.it","","+39 0574 66591","Italy","Prato","via della Fattoria 33","Heimtextil 2027","HEIMTEXTIL","4.2","G16","yes","","0","","excluded","design studio, sells designs to manufacturers","","","","","","","",""
"A Grupe UAB","www.agrupe.eu","marketingas@agrupe.lt","","+370 678 81314","Lithuania","Jonava","Ruklos g. 14","Heimtextil 2027","HEIMTEXTIL","4.2","F14","yes","Decorative & Furniture Fabrics | Bed, Bath & Living","5","","excluded","design studio, sells designs to manufacturers","","","","","","","",""
"AD Design & Color Concept","www.addesign.online","info@astriddavidse.com","","","Netherlands","'s-Gravenhage","Gentsestraat 187","Heimtextil 2027","HEIMTEXTIL","4.2","C15","yes","Textile Design","0","","excluded","design studio, sells designs to manufacturers","","","","","","","",""
"Adoksan Tekstil San. ve Tic. A.S.","www.adoksan.com.tr","sales2@adoksan.com.tr","","+90 224 241 42 42","Türkiye","Nilufer, Bursa","Isiktepe OSB Mah. Kahverengi Cad. No: 27","Heimtextil 2027","HEIMTEXTIL","3.1","","","Decorative & Furniture Fabrics","5","","excluded","fibres, yarns and textile technology","","","","","","","",""
"Agmamito Sp. z o.o.","","info@agmamito.com","","+48 61 817 20 96","Poland","Jasin","ul. Poznanska 33","Heimtextil 2027","HEIMTEXTIL","3.1","","","Decorative & Furniture Fabrics","5","","excluded","fibres, yarns and textile technology","","","","","","","",""
"AITANA 3 S.L.","www.aitanatextil.es","export@aitanatextil.es","","+34 902 88 30 70","Spain","Albuixech - Valencia","P.I. del Mediterraneo. C/Fila, 12","Heimtextil 2027","HEIMTEXTIL","4.2","E41","yes","Bed, Bath & Living","2","","excluded","design studio, sells designs to manufacturers","","","","","","","",""
"Al-Over Designs dei F.lli Coppola S. n. c.","www.alover.it","info@alover.it","","+39 031 268568","Italy","Como","Via Cantoniga 11","Heimtextil 2027","HEIMTEXTIL","4.2","C56","yes","Textile Design","0","","excluded","design studio, sells designs to manufacturers","","","","","","","",""
"Aritas Vinyl Limited","www.aritasvinyl.com","Info@aritasvinyl.com","","","India","Ahmedabad","Survey No.1134, near Elegant Daskroi","Heimtextil 2027","HEIMTEXTIL","3.1","","","","0","","excluded","fibres, yarns and textile technology","","","","","","","",""
"Arocca B.V.","www.arocca.com","info@arocca.com","","+31 88 881 6888","Netherlands","Apeldoorn","Laan van de Ram 10","Heimtextil 2027","HEIMTEXTIL","3.1","","","Decorative & Furniture Fabrics","0","","excluded","fibres, yarns and textile technology","","","","","","","",""
"Arovo B.V.","www.arovo.com","","","","Netherlands","Amsterdam","Doblijn 26","Heimtextil 2027","HEIMTEXTIL","4.2","E29","yes","Decorative & Furniture Fabrics | Bed, Bath & Living","5","","excluded","design studio, sells designs to manufacturers","","","","","","","",""
"Art Cottage Ltd.","www.artcottage.co.uk","gemma@artcottage.co.uk","","+44 7880 700700","Great Britain and Northern Ireland","Leicester","Unit 5, Canopy Workspace 41 King Street","Heimtextil 2027","HEIMTEXTIL","4.2","D36","yes","","0","","excluded","design studio, sells designs to manufacturers","","","","","","","",""
"Art Decorist Tekstil Pazarlama Danismanlik Ithalat Ve Ihracat Limited Sirketi","https://artdecorist.com/","demet@artdecorist.com","","+90 533 556 36 56","Türkiye","Osmangazi /Bursa","Altinova Mah. Fuar Cad Buttim Uluslararasi Tekstil Ticaret Merkezi, Fuar Cd. E Blok 4th Floor 4321","Heimtextil 2027","HEIMTEXTIL","3.1","","","","0","","excluded","fibres, yarns and textile technology","","","","","","","",""
"Artwork Portfolio Ltd.","www.artworkportfolio.co.uk","studio@artworkportfolio.co.uk","","+44 161 639 1773","Great Britain and Northern Ireland","Stockport","Building 67, Europa Business Park, Bird Hall Lane Cheadle Heath","Heimtextil 2027","HEIMTEXTIL","4.2","D45","yes","Textile Design","0","","excluded","design studio, sells designs to manufacturers","","","","","","","",""
"Atelier Mineeda Co., Ltd.","https://www.facebook.com/ateliermineeda","mineeda@rose.odn.ne.jp","","+81 75-321-5047","Japan","Kyoto","5-3 Shijohata-Cho Saiin Ukyo-Ku","Heimtextil 2027","HEIMTEXTIL","4.2","D25","yes","","0","","excluded","design studio, sells designs to manufacturers","","","","","","","",""
"Atelier Zabel","www.atelier-zabel.com","katja@atelier-zabel.com","","+49 7195 588204","Germany","Leutenbach","Gartenstraße 40","Heimtextil 2027","HEIMTEXTIL","4.2","D26","yes","Textile Design","0","","excluded","design studio, sells designs to manufacturers","","","","","","","",""
"AVA CAD/CAM Group Ltd","www.avacadcam.com","sales@avacadcam.com","","+44 1625 506800","Great Britain and Northern Ireland","Macclesfield, Cheshire","King Edward House, 1 Jordangate","Heimtextil 2027","HEIMTEXTIL","4.2","C44","yes","Textile Technology","5","","excluded","design studio, sells designs to manufacturers","","","","","","","",""
"AW Hainsworth and Sons Ltd","www.hainsworth.co.uk","sales@awhainsworth.co.uk","","+44 113 257 0391","Great Britain and Northern Ireland","Leeds","Spring Valley Mills Pudsey","Heimtextil 2027","HEIMTEXTIL","4.2","G15","yes","","0","","excluded","design studio, sells designs to manufacturers","","","","","","","",""
"Aydin Tekstil Ticaret ve Pazarlama A. S.","www.aydintekstil.com.tr","info@aydintekstil.com","","+90 212 549 43 00","Türkiye","Basaksehir / Istanbul","Ikitelli OSB Mahallesi Eski Turgut Ozal No: 38/3","Heimtextil 2027","HEIMTEXTIL","3.1","","","Decorative & Furniture Fabrics","3","","excluded","fibres, yarns and textile technology","","","","","","","",""
"Bahati Artisan Fibre Co.","https://bahatiartisanco.com/","","","+27 83 634 4657","South Africa","Klerksdorp","Bronkhorstfontein Portion 10 11 Farm Dr Kenneth Kaunda District Municipality","Heimtextil 2027","HEIMTEXTIL","4.2","F51","yes","","0","","excluded","design studio, sells designs to manufacturers","","","","","","","",""
"Baman Studio S.n.C.","","info@bamanstudio.com","","+39 02 3952 1480","Italy","Milano","Via Giuseppe Longhi 1","Heimtextil 2027","HEIMTEXTIL","4.2","E30","yes","Textile Design","0","","excluded","design studio, sells designs to manufacturers","","","","","","","",""
"Banafshe Schippel Ltd.","www.banafsheschippel.co.uk","simin.banafshe@yahoo.com","","+44 7990 575364","Great Britain and Northern Ireland","Climping, Littlehampton","Marlin, 17 The Hamlet, Waterford Gardens","Heimtextil 2027","HEIMTEXTIL","4.2","C40","yes","Textile Design","0","","excluded","design studio, sells designs to manufacturers","","","","","","","",""
"Barker Textiles UAB","www.barkertextiles.lt","sales@barkertextiles.lt","","+370 663 77215","Lithuania","Kaunas","Raudondvario pl. 101","Heimtextil 2027","HEIMTEXTIL","4.2","G28","yes","Bed, Bath & Living","5","","excluded","design studio, sells designs to manufacturers","","","","","","","",""
"bekro chemie GmbH & Co. KG","","","","","Germany","Überherrn","Industriestr. 104","Heimtextil 2027","HEIMTEXTIL","4.2","B65","yes","","0","","excluded","design studio, sells designs to manufacturers","","","","","","","",""
"Bomdong","www.bomdong.com","bomdongdesign@gmail.com","","+82 10-4464-0828","Korea, the Republic of (South)","Seoul","Seongbuk-gu #101, Arirang-ro 5-gil 39","Heimtextil 2027","HEIMTEXTIL","4.2","E52","yes","Textile Design","0","","excluded","design studio, sells designs to manufacturers","","","","","","","",""
"Burkay Tekstil San. ve Tic. A.S.","www.burkay.com.tr","info@burkay.com.tr","","+90 224 384 12 55","Türkiye","Bursa","Barakfakih Mah. 7 Cad. No: 2","Heimtextil 2027","HEIMTEXTIL","3.1","","","Window & Interior Decoration | Decorative & Furniture Fabrics","4","","excluded","fibres, yarns and textile technology","","","","","","","",""
"Bénédicte de Frondeville","","benedictedefrondeville@gmail.com","","+33 4 66 61 18 15","France","Tornac","1501 Chemin de Taupessargues","Heimtextil 2027","HEIMTEXTIL","4.2","C10","yes","Textile Design","0","","excluded","design studio, sells designs to manufacturers","","","","","","","",""
"Camilla Textiles S.r.l.","www.camillatex.com","isabella.benvenuti@camillatex.com","","+39 02 2111 5133","Italy","Milano","Via San Nicolao 2","Heimtextil 2027","HEIMTEXTIL","3.1","","","Decorative & Furniture Fabrics","5","","excluded","fibres, yarns and textile technology","","","","","","","",""
"CD Design Studio AG","","cd.design@bluewin.ch","","+41 71 385 71 51","Switzerland","Andwil","Alpsteinstrasse 4","Heimtextil 2027","HEIMTEXTIL","4.2","B49","yes","Textile Design","0","","excluded","design studio, sells designs to manufacturers","","","","","","","",""
"Claudia Mantel - CMR disegni","www.cmrdisegni.com","cmrdisegni@gmail.com","","","Germany","Nürnberg","Hainstrasse 6","Heimtextil 2027","HEIMTEXTIL","4.2","C20","yes","Textile Design","0","","excluded","design studio, sells designs to manufacturers","","","","","","","",""
"Colwill + Waud","","colwillwaud@aol.com","","+44 7801 061720","Great Britain and Northern Ireland","London","150 Ferme Park Road","Heimtextil 2027","HEIMTEXTIL","4.2","D40","yes","Textile Design","0","","excluded","design studio, sells designs to manufacturers","","","","","","","",""
"Creantes S.A.","www.creantes-disegni.com","marco@creantes.com","","+39 348 818 1386","Switzerland","Lugano","Via Soave 1","Heimtextil 2027","HEIMTEXTIL","4.2","C08","yes","Textile Design","0","","excluded","design studio, sells designs to manufacturers","","","","","","","",""
"Cristina Orozco Cuevas","http://cristinaorozcocuevas.com/","info@cristinaorozcocuevas.com","","+52 55 6721 1636","Mexico","Estado de Mexico","Mar de Smith 23","Heimtextil 2027","HEIMTEXTIL","4.2","B27","yes","Textile Design | Services & Software","0","","excluded","design studio, sells designs to manufacturers","","","","","","","",""
"D'decor Exports Private Limited","www.ddecor.com","mukulm@ddecor.com","","+91 22 6615 2525","India","Mumbai","S-14, 5th Floor, Unit No. 1452, Solitaire Corporate Park","Heimtextil 2027","HEIMTEXTIL","3.1","","","Window & Interior Decoration","5","","excluded","fibres, yarns and textile technology","","","","","","","",""
"Daimon Home Tekstil Sanayi ve Ticaret Limited Sirketi","www.daimonhome.com","ayten@daimonhome.com","","+90 6525926","Türkiye","Istanbul","Besyol Mah. Cami Sok. No: 16-5 Kucukcekmece","Heimtextil 2027","HEIMTEXTIL","4.2","E59","yes","Bed, Bath & Living","4","","excluded","design studio, sells designs to manufacturers","","","","","","","",""
"Dash & Miller Ltd","www.dashandmiller.com","info@dashandmiller.com","","+44 20 3002 0553","Great Britain and Northern Ireland","Bristol","Top Floor 1A Barton Road","Heimtextil 2027","HEIMTEXTIL","4.2","E24","yes","Decorative & Furniture Fabrics","0","","excluded","design studio, sells designs to manufacturers","","","","","","","",""
"Davis Fabrics Sp. z o.o.","www.davis.pl","biuro@davis.pl","","","Poland","Bielsko-Biala","Ul. Milosna 37","Heimtextil 2027","HEIMTEXTIL","3.1","","","","0","","excluded","fibres, yarns and textile technology","","","","","","","",""
"DBS Lifestyle India Private Limited","www.dbslifestyle.com","divya@dbstd.com","","+91 120 244 3932","India","New Delhi","A-161, Third Floor Friends Colony South","Heimtextil 2027","HEIMTEXTIL","4.2","E18","yes","Textile Design","0","","excluded","design studio, sells designs to manufacturers","","","","","","","",""
"Design Tex Ltd.","www.ashbystudios.com","office@ashbystudios.com","","+44 1924 488881","Great Britain and Northern Ireland","Dewsbury","1 Aspen Grove","Heimtextil 2027","HEIMTEXTIL","4.2","C45","yes","","0","","excluded","design studio, sells designs to manufacturers","","","","","","","",""
"Designed by INGK","www.ingk.nl","wilco@ingk.nl","","+31 318 552 122","Netherlands","Veenendaal","Nieuweweg 129","Heimtextil 2027","HEIMTEXTIL","4.2","C57","yes","Textile Design","0","","excluded","design studio, sells designs to manufacturers","","","","","","","",""
"Designers FREE.Inc.","www.d-free.jp/","free@d-free.jp","","+81 6-6374-3360","Japan","Osaka","OST Bldg. 6F, 2-17-11 Honjo-nishi Kita-ku","Heimtextil 2027","HEIMTEXTIL","4.2","E48","yes","Textile Design","0","","excluded","design studio, sells designs to manufacturers","","","","","","","",""
"Designstudio Björkforth","www.bjorkforth.se","info@bjorkforth.se","","+46 73 993 65 67","Sweden","Boras","Bryggaregatan 10","Heimtextil 2027","HEIMTEXTIL","4.2","D41","yes","","0","","excluded","design studio, sells designs to manufacturers","","","","","","","",""
"Diane Harrison SL","","tristan@dianeharrison.co.uk","","","Spain","Benissa","Avenida del Mediterrania 105","Heimtextil 2027","HEIMTEXTIL","4.2","D48","yes","Textile Design","0","","excluded","design studio, sells designs to manufacturers","","","","","","","",""
"Dicitex Furnishings Pvt. Ltd.","www.dctex.com","priya@dctex.com","","+91 22 4081 2222","India","Mumbai","M Building, above D Mart, Malad Link B/301, 3rd Floor, B Wing, Palm Court Complex Road, Malad (West)","Heimtextil 2027","HEIMTEXTIL","3.1","","","","5","","excluded","fibres, yarns and textile technology","","","","","","","",""
"Disegni & C. Snc Di Ponti Giuseppe E Soci","","info@disegniandco.it","","+39 031 243269","Italy","Como","Via Zezio 45","Heimtextil 2027","HEIMTEXTIL","4.2","C36","yes","Textile Design","0","","excluded","design studio, sells designs to manufacturers","","","","","","","",""
"DM Industrial Pte. Ltd.","","elle.lee@dm-home.co","","+65 8282 9712","Singapore","Singapore","170 Upper Bukit Timah Road 05-17","Heimtextil 2027","HEIMTEXTIL","3.1","","","","0","","excluded","fibres, yarns and textile technology","","","","","","","",""
"Duoo Studio SAS","https://www.duoostudio.com/","duoostudio@orange.fr","","+33 6 62 78 49 22","France","Vincennes","4 Allee Georges Pompidou","Heimtextil 2027","HEIMTEXTIL","4.2","C31","yes","Textile Design","0","","excluded","design studio, sells designs to manufacturers","","","","","","","",""
"EAT GmbH 'The DesignScope Company'","www.designscopecompany.com","","","+49 2151 479140","Germany","Krefeld","Jungfernweg 40","Heimtextil 2027","HEIMTEXTIL","4.2","B61","yes","Textile Technology","5","","excluded","design studio, sells designs to manufacturers","","","","","","","",""
"Edelvika PJSC","edelvika.com","olga.kasian@edelvika.com","","+380 50 378 1262","Ukraine","Lutsk","Promyslova 1/6","Heimtextil 2027","HEIMTEXTIL","4.2","F49","yes","Decorative & Furniture Fabrics | Bed, Bath & Living","5","","excluded","design studio, sells designs to manufacturers","","","","","","","",""
"EECA - Egypt Expo and Convention Authority (EECA)","www.eeca.gov.eg","h.textileeca@eeca.gov.eg","","","Egypt","Cairo","Centre El Nasr Road, Nasr City Cairo International Convention","Heimtextil 2027","HEIMTEXTIL","4.2","G41E","yes","","0","","excluded","design studio, sells designs to manufacturers","","","","","","","",""
"Egyptian Fibers Company - EFCO","www.efcocarpets.com","exporta@efcocarpet.com","","+20 100 006 7585","Egypt","10th of Ramadan City","Othman Moharram Street, Industrial Zone Beside Dr. Greiche Company EFCP Building","Heimtextil 2027","HEIMTEXTIL","3.1","","","","4","","excluded","fibres, yarns and textile technology","","","","","","","",""
"Egytex.Co El Sedafy","www.sedafy.com","info@sedafy.com","","+20 40 2441464","Egypt","El Mahalla, El Kobra, Gharbia","Mohamed Zaki Street, Industrial Area","Heimtextil 2027","HEIMTEXTIL","4.2","G48","yes","","0","","excluded","design studio, sells designs to manufacturers","","","","","","","",""
"Elastron Portugal SA","www.elastrongroup.com","marioabreu@elastrongroup.com","","+351 22 762 4043","Portugal","Frazao Pacos de Ferreira","A2 Rua Recta de Gomil, 354, Armazém","Heimtextil 2027","HEIMTEXTIL","3.1","","","Decorative & Furniture Fabrics","3","","excluded","fibres, yarns and textile technology","","","","","","","",""
"ElGhannam for Weaving, Terry & Spinning Trade CO","www.elghannamcompany.com","elghannamcompany@yahoo.com","","+212 20402222788","Egypt","El Mahalla El Kubra","Mansoura road ElMahallah Elkubra 29,31","Heimtextil 2027","HEIMTEXTIL","4.2","G09","yes","Bed, Bath & Living","5","","excluded","design studio, sells designs to manufacturers","","","","","","","",""
"Emma Hagman Design","www.emmahagmandesign.com","hello@emmahagmandesign.com","","","Finland","Porvoo","c/o Lilith Osk, Mannerheiminkatu 20 B 104","Heimtextil 2027","HEIMTEXTIL","4.2","D27","yes","Textile Design","0","","excluded","design studio, sells designs to manufacturers","","","","","","","",""
"Estudi Drapets, S.L.","www.drapets.com","administracion@drapets.com","","+34 934 46 17 93","Spain","Badalona (Barcelona)","Riera Matamoros 78-80 bajos","Heimtextil 2027","HEIMTEXTIL","4.2","C41","yes","Textile Design","0","","excluded","design studio, sells designs to manufacturers","","","","","","","",""
"Eurotessuti S.r.l.","www.eurotessuti.com","info@eurotessuti.com","","+39 0375 790281","Italy","Viadana","Via Pilastro 6","Heimtextil 2027","HEIMTEXTIL","3.1","","","Decorative & Furniture Fabrics","4","","excluded","fibres, yarns and textile technology","","","","","","","",""
"Extraweave Pvt Ltd","extraweave.com","gmmarketing@extraweave.com","","+91 94460 94233","India","Chertala, Allapuzha","1/264 B, Saktheeswaram Jn","Heimtextil 2027","HEIMTEXTIL","3.1","","","","0","","excluded","fibres, yarns and textile technology","","","","","","","",""
"F.lli Graziano Fu Severino S.r.l.","www.graziano.it","postmaster@graziano.it","","+39 015 666122","Italy","Mongrando","Via Martiri della Liberta 84","Heimtextil 2027","HEIMTEXTIL","3.1","","","Decorative & Furniture Fabrics | Bed, Bath & Living","5","","excluded","fibres, yarns and textile technology","","","","","","","",""
"Fabb sp. z o. o.","www.fabb.pl","fabb@fabb.pl","","+48 33 471 11 74","Poland","Bielsko-Biala","ul. Komorowicka 39-41","Heimtextil 2027","HEIMTEXTIL","3.1","","","Decorative & Furniture Fabrics","5","","excluded","fibres, yarns and textile technology","","","","","","","",""
"Fargotex Sp. z o .o.","www.fargotex.pl","fargotex@fargotex.pl","","+48 86 218 53 90","Poland","Lomza","Al. Legionow 114 c","Heimtextil 2027","HEIMTEXTIL","3.1","","","Decorative & Furniture Fabrics","4","","excluded","fibres, yarns and textile technology","","","","","","","",""
"Fedustria VZW","www.fedustria.be","","","","Belgium","Bruxelles","Allée Hof ter Vleest 5","Heimtextil 2027","HEIMTEXTIL","3.1","","","","0","","excluded","fibres, yarns and textile technology","","","","","","","",""
"Finesse Deco Partners","www.finesseworld.com","jandecuyper@decopartners.com","","+32 3 870 77 00","Belgium","Antwerpen","Terbekehofdreef 75","Heimtextil 2027","HEIMTEXTIL","4.2","G31","yes","Bed, Bath & Living","5","","excluded","design studio, sells designs to manufacturers","","","","","","","",""
"Firma Handlowa Zawisza Jan Sienkiewicz","www.zawisza-hajnowka.pl","office@zawisza-hajnowka.pl","","+48 602 669 182","Poland","Hajnówka","Marszałka Józefa Piłsudskiego 55","Heimtextil 2027","HEIMTEXTIL","3.1","","","","0","","excluded","fibres, yarns and textile technology","","","","","","","",""
"Flair Flooring Supplies International B.V.","","","","","Netherlands","Amsterdam","Zuidplein 116","Heimtextil 2027","HEIMTEXTIL","3.1","","","","0","","excluded","fibres, yarns and textile technology","","","","","","","",""
"Flemish Textiles Company Belgium BV","flemish-textiles-company.business.site","marnick@flemishtextilescompany.com","","+32 478 56 61 18","Belgium","Kortrijk","Lange Munteplein 7","Heimtextil 2027","HEIMTEXTIL","3.1","","","","0","","excluded","fibres, yarns and textile technology","","","","","","","",""
"Flocktex Industries Ltd.","www.flocktex.co.il","sales@flocktex.co.il","","+972 8-858-2660","Israel","Kiryat Malachi","37 Haharoshet Street, Ind. Zone","Heimtextil 2027","HEIMTEXTIL","3.1","","","Decorative & Furniture Fabrics","10","","excluded","fibres, yarns and textile technology","","","","","","","",""
"Fowatytex","https://fowatytex.com/","mohamed@fowatytex.net","","+20 40 2252931","Egypt","Gharbia","Noaman El Aasar El Mahalla El Kubra","Heimtextil 2027","HEIMTEXTIL","4.2","G41B","yes","","0","","excluded","design studio, sells designs to manufacturers","","","","","","","",""
"G M Fabrics Pvt. Ltd.","www.gmfabrics.com","sales@gmfabrics.com","","","India","Mumbai","Plot 606 Makwana Road, GMF House","Heimtextil 2027","HEIMTEXTIL","3.1","","","","5","","excluded","fibres, yarns and textile technology","","","","","","","",""
"G.M. Syntex Pvt. Ltd.","https://gmsyntex.com/","admin@gmsyntex.com","","+91 22 6903 9900","India","Mumbai","Dhana Singh Processors Compound Wazir Glass lane, JB Nagar, Chakala Andheri (East)","Heimtextil 2027","HEIMTEXTIL","3.1","","","","5","","excluded","fibres, yarns and textile technology","","","","","","","",""
"GG_Designs Martina Goll","www.gg-designs.de","martina.goll@gg-designs.de","","+49 7195 52307","Germany","Schwaikheim","Zeppelinstraße 25","Heimtextil 2027","HEIMTEXTIL","4.2","C24","yes","Textile Design","0","","excluded","design studio, sells designs to manufacturers","","","","","","","",""
"GIANNADAKI AIKATERINI KAI GEORGIOS IKE IFANTOURGIA KRITIS IKE","","","","+30 281 054 2518","Greece","Episkopi PED","Viopan Anopoleos","Heimtextil 2027","HEIMTEXTIL","4.2","G21","yes","Bed, Bath & Living","4","","excluded","design studio, sells designs to manufacturers","","","","","","","",""
"Giovanni Bottigelli S.p.A.","www.bottigelli.com","bottigelli@bottigelli.com","","+39 0331 146 3868","Italy","Busto Arsizio","Via Melegnano 6","Heimtextil 2027","HEIMTEXTIL","4.2","F20","yes","Bed, Bath & Living","5","","excluded","design studio, sells designs to manufacturers","","","","","","","",""
"Global Textile Alliance Belgium NV","www.gtatextilesbelgium.com","thibault.martens@lovehomefabrics.com","","+32 175479","Belgium","Wielsbeke","Grote Molstenstraat 21","Heimtextil 2027","HEIMTEXTIL","3.1","","","Decorative & Furniture Fabrics | Fibres and Yarns, Textile Materials, Finishing","5","","excluded","fibres, yarns and textile technology","","","","","","","",""
"Guzelcan Suni Deri Tekstil San. ve Tic. AS","www.egesunideri.com","int@egesunideri.com","","+90 232 436 18 70","Türkiye","Izmir","Yedi Eylül Mahallesi 5562 Sokak Torbali","Heimtextil 2027","HEIMTEXTIL","3.1","","","Decorative & Furniture Fabrics","5","","excluded","fibres, yarns and textile technology","","","","","","","",""
"Gürle Suni Deri Tekstil San. ve Tic. A.S","www.gurlesunideri.com","ali.yilmaz@gurlesunideri.com","","+90 282 655 53 26","Türkiye","Istanbul","Gedikpasa Cami Sok. No: 8, Beyazit","Heimtextil 2027","HEIMTEXTIL","3.1","","","Decorative & Furniture Fabrics","5","","excluded","fibres, yarns and textile technology","","","","","","","",""
"Hargittai Disegni S.r.l.","www.hargittaidisegni.it","hargittaidisegni@gmail.com","","+39 335 609 9804","Italy","Como","Via Giuseppe Parini 10","Heimtextil 2027","HEIMTEXTIL","4.2","D24","yes","","0","","excluded","design studio, sells designs to manufacturers","","","","","","","",""
"Helene Ekblom Surface and Pattern Design AB","www.heleneekblom.com","helene.ekblom@gmail.com","","+46 70 607 72 54","Sweden","Kinna","Knätofsstigen 10","Heimtextil 2027","HEIMTEXTIL","4.2","D11","yes","Textile Design","0","","excluded","design studio, sells designs to manufacturers","","","","","","","",""
"House Covers Industries","www.house-covers.com","export@house-covers.com","","+20 102 777 5100","Egypt","10th of Ramadan City","Fifth Industrial Zone A5 37-38-40","Heimtextil 2027","HEIMTEXTIL","4.2","F59","yes","Bed, Bath & Living","5","","excluded","design studio, sells designs to manufacturers","","","","","","","",""
"ICE-Agenzia per la Promozione all´Estero e l´Internazionalizzazione delle Imprese Italiane","www.ice.it","berlino@ice.it","","+49 30 88440300","Italy","Rom","Via Liszt 21","Heimtextil 2027","HEIMTEXTIL","3.1","D81
Hall 4.0, G48, G50
Hall 4.2, C61","yes","","0","","excluded","fibres, yarns and textile technology","","","","","","","",""
"IKT Surfaces and Textures SL","http://www.ikt-design.com","info@ikt-design.com","","","Spain","Nules","Calle La Mar 18","Heimtextil 2027","HEIMTEXTIL","4.2","D51","yes","","0","","excluded","design studio, sells designs to manufacturers","","","","","","","",""
"INDUSTRIE RIUNITE SPALMATI SRL","www.irsspalmati.it","chiara.bettelli@irsspalmati.it","","+39 0376 735366","Italy","Mariana Mantovana","Zona Industriale 1","Heimtextil 2027","HEIMTEXTIL","3.1","","","Decorative & Furniture Fabrics","5","","excluded","fibres, yarns and textile technology","","","","","","","",""
"inkfabrik Magali Beaulieu","www.inkfabrik.com","magali@inkfabrik.com","","+33 6 71 72 45 41","France","La Souterraine","8 rue Saint-Joseph","Heimtextil 2027","HEIMTEXTIL","4.2","C27","yes","","0","","excluded","design studio, sells designs to manufacturers","","","","","","","",""
"Jambros Modern Flooring Co., Ltd.","www.jambrosinc.com","jambros.europe@yahoo.de","","+86 10 8052 1733","China","Beijing Beijing Shi","No. A8 Gaojing, Chaoyang Road A8125, 1st Floor, Chaoyang District","Heimtextil 2027","HEIMTEXTIL","3.1","","","","0","","excluded","fibres, yarns and textile technology","","","","","","","",""
"Jane Mosse Design","www.janemosse.co.uk","jane@janemosse.co.uk","","+44 1264 361731","Great Britain and Northern Ireland","Andover, Hampshire","Enham Alamein The Old Farm House 83, Newbury Road","Heimtextil 2027","HEIMTEXTIL","4.2","D15","yes","Textile Design","0","","excluded","design studio, sells designs to manufacturers","","","","","","","",""
"Just Kids Ltd.","www.justkidsltd.co.uk","","","","Great Britain and Northern Ireland","Sheffield","58 Langsett Avenue","Heimtextil 2027","HEIMTEXTIL","4.2","D56","yes","","0","","excluded","design studio, sells designs to manufacturers","","","","","","","",""
"Kacar Tekstil Turizm Yatirim Insaat Sanayi ve Ticaret Isletmeleri Anonim Sirketi","www.kacartextile.com","info@kacartextile.com","","+90 224 241 46 50","Türkiye","Bursa","No:29 Isiktepe OSB Mah. Kirmizi Cad. Nilüfer","Heimtextil 2027","HEIMTEXTIL","3.1","","","Window & Interior Decoration | Decorative & Furniture Fabrics","5","","excluded","fibres, yarns and textile technology","","","","","","","",""
"Kateka Co., Ltd.","https://www.katekacrafts.com/","katekatool@outlook.com","","","Cambodia","Phnom Penh","Building 19 Exchange Square 106","Heimtextil 2027","HEIMTEXTIL","3.1","","","Decorative & Furniture Fabrics","0","","excluded","fibres, yarns and textile technology","","","","","","","",""
"Katsu Creative Project","","k-c-p@mbox.kyoto-inet.or.jp","","+81 75-882-9503","Japan","Ukyo-ku, Kyoto","Hights Masaru 306, 31 Kitaura-cho Umezu","Heimtextil 2027","HEIMTEXTIL","4.2","C52","yes","Textile Design","0","","excluded","design studio, sells designs to manufacturers","","","","","","","",""
"Kets Tekstil Turizm Ticaret A.S.","www.kadifeteks.com","kets@kadifeteks.com","","+90 212 549 26 30","Türkiye","Istanbul","Ikitelli Org. Sanayi Bölgesi Turgut Ozal Cad.No: 126","Heimtextil 2027","HEIMTEXTIL","3.1","","","Decorative & Furniture Fabrics","4","","excluded","fibres, yarns and textile technology","","","","","","","",""
"Klassik Lamitex Pvt. Ltd.","","info@klassik.in","","","India","Rewari, Haryana","Sanpli, PO Raliawas 84 Milestone, NH-8","Heimtextil 2027","HEIMTEXTIL","3.1","","","","0","","excluded","fibres, yarns and textile technology","","","","","","","",""
"Kovantex BV","www.kovantex.be","info@kovantex.be","","+32 56 71 76 57","Belgium","Harelbeke","Vaarnewijkstraat 9","Heimtextil 2027","HEIMTEXTIL","3.1","","","","0","","excluded","fibres, yarns and textile technology","","","","","","","",""
"L`Atelier Design Studio Eurl","www.latelierstudio.com","arnaud@latelierstudio.com","","+33 6 30 04 06 15","France","Marseille","16 Domaine Ventre","Heimtextil 2027","HEIMTEXTIL","4.2","D44","yes","Textile Design","0","","excluded","design studio, sells designs to manufacturers","","","","","","","",""
"Laura Beer Ltd","www.laurabeer.co.uk","laura@laurabeer.co.uk","","+44 7533 318575","Great Britain and Northern Ireland","Radcliffe","137 Bury and Bolton Road","Heimtextil 2027","HEIMTEXTIL","4.2","B41","yes","","0","","excluded","design studio, sells designs to manufacturers","","","","","","","",""
"Lauren Wan Design","https://www.laurenwan.com/","lauren@laurenwan.com","","+1 201-218-2868","United States","Demarest New Jersey","7 Laurel Road","Heimtextil 2027","HEIMTEXTIL","4.2","C49","yes","Textile Design","0","","excluded","design studio, sells designs to manufacturers","","","","","","","",""
"Lech Fabrics Sp. z o.o.","www.lechfabrics.com","lech@lechfabrics.com","","+48 61 817 21 99","Poland","Kostrzyn","Krajowa 17","Heimtextil 2027","HEIMTEXTIL","3.1","","","Decorative & Furniture Fabrics","5","","excluded","fibres, yarns and textile technology","","","","","","","",""
"Libeco NV","www.libeco.com","info@libeco.be","","+32 51 48 89 21","Belgium","Meulebeke","Tieltstraat 112","Heimtextil 2027","HEIMTEXTIL","3.1","","","Window & Interior Decoration | Decorative & Furniture Fabrics","5","","excluded","fibres, yarns and textile technology","","","","","","","",""
"LILI GRAFFITI Sarl","www.liligraffiti.fr","nathalie@liligraffiti.fr","","+33 3 66 97 96 06","France","Ronchin","44 Rue Francisco Ferrer","Heimtextil 2027","HEIMTEXTIL","4.2","C25","yes","Textile Design","0","","excluded","design studio, sells designs to manufacturers","","","","","","","",""
"LLC 'LANAVITTA'","lanavitta.com","0957739893@ukr.net","","+380 95 773 9893","Ukraine","Sumy","Peremohy avenue 147","Heimtextil 2027","HEIMTEXTIL","4.2","E51","yes","Bed, Bath & Living","0","","excluded","design studio, sells designs to manufacturers","","","","","","","",""
"LOOOK Design Studio - Lea Leiner","www.loook-studio.com","lea@loook-studio.com","","+49 179 6641582","Germany","Berlin","Kolonnenstr. 56","Heimtextil 2027","HEIMTEXTIL","4.2","C28","yes","Textile Design","0","","excluded","design studio, sells designs to manufacturers","","","","","","","",""
"Luisella D. disegni di Donegana Luisella","","luiselladonegana@gmail.com","","+39 031 271285","Italy","Como","Via Recchi 2","Heimtextil 2027","HEIMTEXTIL","4.2","C26","yes","Textile Design","0","","excluded","design studio, sells designs to manufacturers","","","","","","","",""
"M Lau Constantin","","crealau@aol.com","","+33 6 09 82 22 15","France","Paris","19 rue Ferdinand Fabre","Heimtextil 2027","HEIMTEXTIL","4.2","D57","yes","Textile Design","0","","excluded","design studio, sells designs to manufacturers","","","","","","","",""
"M-Design Edgar Meyer","www.m-design-rm.de","info@m-design-rm.de","","+49 5273 36120","Germany","Beverungen","Zum Osterfeld 10","Heimtextil 2027","HEIMTEXTIL","4.2","D53","yes","Textile Design","0","","excluded","design studio, sells designs to manufacturers","","","","","","","",""
"Manifattura CBM srl","www.manifatturacbm.it","commerciale@manifatturacbm.it","","+39 334 183 7219","Italy","Agliana","Via Settola","Heimtextil 2027","HEIMTEXTIL","4.2","F29","yes","Bed, Bath & Living","2","","excluded","design studio, sells designs to manufacturers","","","","","","","",""
"Manifattura Lombarda S.r.l.","www.lombardatrapunte.it","info@manifatturalombarda.it","","+39 035 731523","Italy","Leffe","Via Costi 7","Heimtextil 2027","HEIMTEXTIL","4.2","E21","yes","Bed, Bath & Living","5","","excluded","design studio, sells designs to manufacturers","","","","","","","",""
"Manifatture Filtes S.r.l.","www.manifatturefiltes.it","amministrazione@manifatturefiltes.it","","+39 0573 534521","Italy","Prato","Viale Vittorio Veneto 11","Heimtextil 2027","HEIMTEXTIL","3.1","","","Decorative & Furniture Fabrics | Bed, Bath & Living","5","","excluded","fibres, yarns and textile technology","","","","","","","",""
"Marie Adeline","www.marieadeline.com","marieadelinedesign@gmail.com","","+33 6 21 35 25 91","France","Paris","64 rue du Vertbois","Heimtextil 2027","HEIMTEXTIL","4.2","C18","yes","Textile Design","0","","excluded","design studio, sells designs to manufacturers","","","","","","","",""
"Marsteks Dosemelik Kumas Dokuma Tekstil Konfeksiyon San. Tic. Ltd. Sti.","www.marsteks.com","info@marsteks.com","","+90 224 261 58 68","Türkiye","Bursa","DOSAB, Ali Osman Sonmez Cad. No: 32, Osmangazi","Heimtextil 2027","HEIMTEXTIL","3.1","","","","1","","excluded","fibres, yarns and textile technology","","","","","","","",""
"Marteks Marmara Tekstil San. ve Tic. A.S","www.marteks.com.tr","marteks@marteks.com.tr","","+90 224 714 98 60","Türkiye","Inegöl, Bursa","Organize Sanayi Bölgesi 3 Cadde","Heimtextil 2027","HEIMTEXTIL","3.1","","","Window & Interior Decoration | Decorative & Furniture Fabrics","0","","excluded","fibres, yarns and textile technology","","","","","","","",""
"Marzotto Lab S.r.l. - Div. Lanerossi Home Textile","https://lanerossi.com/","info@lanerossi.com","","+39 0445 693625","Italy","Valdagno","Largo Santa Margherita 1","Heimtextil 2027","HEIMTEXTIL","4.2","E11","yes","Bed, Bath & Living","6","","excluded","design studio, sells designs to manufacturers","","","","","","","",""
"Megaplast Dis Ticaret ve Pazarlama A.S.","www.megaplast.com.tr","sales@megaplast.com.tr","","+90 530 960 61 58","Türkiye","Tuzla, Istanbul","Istanbul Deri Organize Sanayi Bölgesi, Kropon Sok. No: 2","Heimtextil 2027","HEIMTEXTIL","3.1","","","","4","","excluded","fibres, yarns and textile technology","","","","","","","",""
"MERCIS d.o.o.","www.mercis.si","","","","Slovenia","Radomlje","Puchova ulica 3","Heimtextil 2027","HEIMTEXTIL","3.1","","","Window & Interior Decoration | Decorative & Furniture Fabrics","5","","excluded","fibres, yarns and textile technology","","","","","","","",""
"Merinos Hali San. ve Tic. A.S.","www.merinos.com.tr","info@merinos.com.tr","","+90 342 211 40 00","Türkiye","Sehitkamil / Gaziantep","Vali Lütfullah Bilgin Bulvari No. 21 4. Organize Sanayi Bölgesi","Heimtextil 2027","HEIMTEXTIL","3.1","","","","5","","excluded","fibres, yarns and textile technology","","","","","","","",""
"Misr Spain for Blankets Co.","www.misrspain.com","info@misrspain.com","","+20 48 2442079","Egypt","Sadat City, Menofia","Plot 1/2/3, 1st Industrial Ext., P.O. Box 78","Heimtextil 2027","HEIMTEXTIL","4.2","G11","yes","Bed, Bath & Living","5","","excluded","design studio, sells designs to manufacturers","","","","","","","",""
"Mme Charlot Danielle Agathe","","agathecrea@yahoo.fr","","+33 6 88 74 76 20","France","Doulcon","48 T Avenue Des Tilleuls","Heimtextil 2027","HEIMTEXTIL","4.2","C13","yes","Textile Design","0","","excluded","design studio, sells designs to manufacturers","","","","","","","",""
"MODEVSA HALI VE EV TEKSTILI URUNLERI TIC. LTD. STI.","www.modevsa.com","info@modevsa.com","","+90 530 112 45 63","Türkiye","Bağcilar Istanbul","Mahmutbey Mah. 2580 Sokak. No: 4","Heimtextil 2027","HEIMTEXTIL","3.1","","","","4","","excluded","fibres, yarns and textile technology","","","","","","","",""
"Msb Alfa Plastik Tekstil Sanayi ve Ticaret Anonim Sirketi","www.msbalfa.com.tr","selim@msbalfa.com.tr","","","Türkiye","Tekirdag","No:44-10 Vakiflar Organize Sanayi Mahallesi D:100","Heimtextil 2027","HEIMTEXTIL","4.2","F50","yes","Bed, Bath & Living","0","","excluded","design studio, sells designs to manufacturers","","","","","","","",""
"MUCHAO design studio","","info@chenhaolee.tsdr.org","","+49 1512 0783596","Germany","München","Josef-Ressel Str. 18","Heimtextil 2027","HEIMTEXTIL","4.2","C48","yes","Textile Design","0","","excluded","design studio, sells designs to manufacturers","","","","","","","",""
"Munkhbumuud LLC","","","","","Mongolia","Ulaanbaatar","27 Building, 13 Khoroolol, 6 Khoroo, Bayanzurkh District 4","Heimtextil 2027","HEIMTEXTIL","4.2","G29","yes","Bed, Bath & Living","5","","excluded","design studio, sells designs to manufacturers","","","","","","","",""
"Musterwerke","www.musterwerke.de","musterwerke@gmail.com","","","Germany","Berlin","Lehrter Str. 11","Heimtextil 2027","HEIMTEXTIL","4.2","D13","yes","Textile Design","0","","excluded","design studio, sells designs to manufacturers","","","","","","","",""
"Muvantex NV","www.muvantex.com","info@muvantex.com","","+32 56 71 32 01","Belgium","Deerlijk","Kortrijkse Heerweg 209","Heimtextil 2027","HEIMTEXTIL","3.1","","","","5","","excluded","fibres, yarns and textile technology","","","","","","","",""
"Möbelimport Sweden AB","","","","","Sweden","Malmö","Grengatan 10","Heimtextil 2027","HEIMTEXTIL","3.1","","","","0","","excluded","fibres, yarns and textile technology","","","","","","","",""
"Nachik Ltd","www.nachik.com","nachik@nachik.com","","+972 3-683-6716","Israel","Tel Aviv","Herzel st 39","Heimtextil 2027","HEIMTEXTIL","3.1","","","Decorative & Furniture Fabrics","5","","excluded","fibres, yarns and textile technology","","","","","","","",""
"Nana Secret","https://nanasecret.com.eg/","info@nanasecret.com.eg","","+20 103 333 2626","Egypt","Sharkia","10th Of Ramadan Third Industrial Zone","Heimtextil 2027","HEIMTEXTIL","4.2","G41A","yes","","0","","excluded","design studio, sells designs to manufacturers","","","","","","","",""
"NedGraphics Software B.V.","www.nedgraphics.com","info@nedgraphics.com","","+31 30 307 3530","Netherlands","De Bilt","Groenekanseweg 70","Heimtextil 2027","HEIMTEXTIL","4.2","C30","yes","Textile Technology","5","","excluded","design studio, sells designs to manufacturers","","","","","","","",""
"Nese Plastik San. ve Tic. A.S.","www.neseplastik.com","nese@neseplastik.com","","+90 262 658 10 90","Türkiye","Cayirova, Kocaeli","TOSB Otomotiv Yan Sanayi Ihtisas No: 3 Org. San. Bolg. 5. Cadde","Heimtextil 2027","HEIMTEXTIL","4.2","G40","yes","Bed, Bath & Living","5","","excluded","design studio, sells designs to manufacturers","","","","","","","",""
"Nilo Cashmere Pvt. Ltd.","https://nilocashmere.com/","","","","Nepal","Kathmandu","Chandragiri - 8, Matatirtha","Heimtextil 2027","HEIMTEXTIL","4.2","F28","yes","Bed, Bath & Living | Fibres and Yarns, Textile Materials, Finishing","5","","excluded","design studio, sells designs to manufacturers","","","","","","","",""
"Novartiplast Italia S.p.A.","www.novartiplastitalia.it","cecchi@novartiplastitalia.it","","+39 02 966 1121","Italy","Cogliate","Via E. de Amicis 14","Heimtextil 2027","HEIMTEXTIL","3.1","","","Decorative & Furniture Fabrics","5","","excluded","fibres, yarns and textile technology","","","","","","","",""
"Pala Ithalat Ihracat Suni Deri San. ve Tic. Ltd. Sti.","","cengiz@pala.com.tr","","+90 532 335 81 48","Türkiye","Ergene Tekirdag","Velimese Organize Sanayi Bölgesi 255 Sok. No: 3-1","Heimtextil 2027","HEIMTEXTIL","3.1","","","Decorative & Furniture Fabrics","5","","excluded","fibres, yarns and textile technology","","","","","","","",""
"Pattern Collective Ltd.","www.patterncollective.com","karen@patterncollective.com","","+44 7957 248483","Great Britain and Northern Ireland","Surrey","West Molesey 21 Dunstall Way","Heimtextil 2027","HEIMTEXTIL","4.2","E26","yes","","0","","excluded","design studio, sells designs to manufacturers","","","","","","","",""
"Petra Group Carpet Kimya San. Tic. A. S.","www.petracarpet.com","sales.europa@petracarpet.com","","+90 530 911 76 16","Türkiye","Gaziantep","5. Organize Sanayi Bolgesi 83539 Nolu Cadde 32","Heimtextil 2027","HEIMTEXTIL","3.1","","","","0","","excluded","fibres, yarns and textile technology","","","","","","","",""
"Pointcarré Sarl","www.pointcarre.com","contact@pointcarre.com","","+33 2 99 67 40 67","France","Rennes","30 Rue Jean-Marie Duhamel","Heimtextil 2027","HEIMTEXTIL","4.2","B19","yes","Textile Technology","4","","excluded","design studio, sells designs to manufacturers","","","","","","","",""
"Polat Iplik Tekstil Sanayi ve Ticaret Limited Sirketi","www.polatbattaniye.com.tr","mustafapolat@polatbattaniye.com.tr","","+90 533 234 61 62","Türkiye","Usak","No:27 Tekstil OSB Mah.","Heimtextil 2027","HEIMTEXTIL","4.2","F41","yes","Bed, Bath & Living | Fibres and Yarns, Textile Materials, Finishing","5","","excluded","design studio, sells designs to manufacturers","","","","","","","",""
"Prints of Orange LLC","www.printsoforange.com","printsoforange@gmail.com","","+1 631-377-9968","United States","Milford Connecticut","85 Lafayette Street","Heimtextil 2027","HEIMTEXTIL","4.2","C05","yes","","0","","excluded","design studio, sells designs to manufacturers","","","","","","","",""
"PT. Sinar Mega Adimulia","","","","","Indonesia","Kota Administrasi Jakarta Utara","Jl. Komp. Royal Danau Sunter, Selatan Blok C3, Sunter Jaya","Heimtextil 2027","HEIMTEXTIL","3.1","","","","0","","excluded","fibres, yarns and textile technology","","","","","","","",""
"Rachel Child Designs Ltd.","www.rachelchilddesigns.co.uk","studio@rachelchilddesigns.co.uk","","+44 1298 25966","Great Britain and Northern Ireland","Buxton, High Peak","Flat 3, 151 Park Road","Heimtextil 2027","HEIMTEXTIL","4.2","C11","yes","Textile Design","0","","excluded","design studio, sells designs to manufacturers","","","","","","","",""
"Rohleder GmbH","www.rohleder.com","info@rohleder.com","","","Germany","Konradsreuth","Hofer Str. 25","Heimtextil 2027","HEIMTEXTIL","3.1","","","Decorative & Furniture Fabrics","3","","excluded","fibres, yarns and textile technology","","","","","","","",""
"Rozz Connor","","rozzconnor@hotmail.com","","+44 20 8979 0248","Great Britain and Northern Ireland","East Molesey, Surrey","30 30 Arnison Road","Heimtextil 2027","HEIMTEXTIL","4.2","C59","yes","","0","","excluded","design studio, sells designs to manufacturers","","","","","","","",""
"Samteks Home Pazarlama Sanayi Ve Ticaret Limited Sirketi","www.samtekshome.com","seyyal@samtekshome.com","","","Türkiye","Denizli","Eskihisar Mah. Modal Is Merkezi 313/4","Heimtextil 2027","HEIMTEXTIL","4.2","E49","yes","","0","","excluded","design studio, sells designs to manufacturers","","","","","","","",""
"Sanem Plastik Sanayi ve Ticaret A.S.","www.sanemplastik.com","info@sanemplastik.com","","+90 232 853 76 00","Türkiye","Izmir","Yazibasi Mah. Karabag Sok. No: 17 Torbali","Heimtextil 2027","HEIMTEXTIL","4.2","F40","yes","Bed, Bath & Living","5","","excluded","design studio, sells designs to manufacturers","","","","","","","",""
"SIC Sp. z o.o.","www.sic.com.pl","kontakt@sic.com.pl","","+48 42 680 81 00","Poland","Ksawerow","ul. Towarowa 4","Heimtextil 2027","HEIMTEXTIL","3.1","","","Decorative & Furniture Fabrics","0","","excluded","fibres, yarns and textile technology","","","","","","","",""
"Sonart Tekstil San. ve Tic. Ltd. Sti.","","","","+90 212 771 13 40","Türkiye","Istanbul","Hadimkoy Sahmaran Mah. No:1/c, Arnavutkoy","Heimtextil 2027","HEIMTEXTIL","3.1","","","Decorative & Furniture Fabrics","3","","excluded","fibres, yarns and textile technology","","","","","","","",""
"Sooshi Products Limited","","","","","Great Britain and Northern Ireland","Bolton","Station House","Heimtextil 2027","HEIMTEXTIL","4.2","D49","yes","","0","","excluded","design studio, sells designs to manufacturers","","","","","","","",""
"STEF Caroline & Betina","","caroline.bettina@orange.fr","","+33 1 42 72 09 54","France","Paris","29 rue des Orteaux","Heimtextil 2027","HEIMTEXTIL","4.2","E32","yes","Textile Design","0","","excluded","design studio, sells designs to manufacturers","","","","","","","",""
"Stef Descamps Rizo","www.elkastudio.com","elkastudio@gmail.com","","+33 9 51 89 43 07","France","Paris","4 Rue Jean François Gerbillon","Heimtextil 2027","HEIMTEXTIL","4.2","D35","yes","Textile Design","0","","excluded","design studio, sells designs to manufacturers","","","","","","","",""
"STS Dis Ticaret Ve Tekstil Sanayi Limite","","","","+90 342 503 28 82","Türkiye","Sehitkamil / Gaziantep","2. Org. San. Bölgesi 83211 Nolu Cad. No: 3","Heimtextil 2027","HEIMTEXTIL","4.2","F58","yes","","0","","excluded","design studio, sells designs to manufacturers","","","","","","","",""
"STTS International GmbH","www.stts-international.de","info@stts-international.de","","+49 33203 884149","Germany","Kleinmachnow","Rudolf-Breitscheid-Str. 42","Heimtextil 2027","HEIMTEXTIL","4.2","F12","yes","Bed, Bath & Living","5","","excluded","design studio, sells designs to manufacturers","","","","","","","",""
"Studio 1987 LLC","","","","","United States","Saint Petersburg Florida","7901 4th St N Ste 5793","Heimtextil 2027","HEIMTEXTIL","4.2","B31","yes","Textile Design","0","","excluded","design studio, sells designs to manufacturers","","","","","","","",""
"Studio Orbit","www.studioorbit.com","loka@mail.dk","","+45 40 28 44 66","Denmark","Kolding","Assensvej 9","Heimtextil 2027","HEIMTEXTIL","4.2","D30","yes","Textile Design","0","","excluded","design studio, sells designs to manufacturers","","","","","","","",""
"Styler for Manufacturing Blankets, Carpets and Garments (ASLAN)","","","","","Egypt","Port Said","South District, Industrial Area Ismailia - Port Said Road","Heimtextil 2027","HEIMTEXTIL","4.2","G50","yes","","0","","excluded","design studio, sells designs to manufacturers","","","","","","","",""
"Sutlej Textiles & Industries Ltd.","www.sutlejtextiles.com","amitsuryavanshi@sutlejtextiles.com","","+91 22 4219 8800","India","Goregaon (East), Mumbai","185/A, Graham Firth Steel Compound, near E-Wing, 5th & 6th Floor, Lotus Corporate Park Off. Western Express Highway","Heimtextil 2027","HEIMTEXTIL","3.1","","","","5","","excluded","fibres, yarns and textile technology","","","","","","","",""
"Symposium Design Limited","www.symposiumdesign.com","info@symposiumdesign.com","","+44 7837 087036","Great Britain and Northern Ireland","Cheadle","Cheadle Royal Business Park Clarke Nicklin House Brooks Drive","Heimtextil 2027","HEIMTEXTIL","4.2","E40","yes","Textile Design","0","","excluded","design studio, sells designs to manufacturers","","","","","","","",""
"Taka Kumas Tekstil San. ve Tic. Ltd. Sti","www.takafabrics.com","okanakcam@takafabrics.com","","+90 224 494 10 03","Türkiye","BURSA","D:1, No:28 Kucukbalikli Mah. 6. Cad. Osmangazi","Heimtextil 2027","HEIMTEXTIL","3.1","","","Decorative & Furniture Fabrics","4","","excluded","fibres, yarns and textile technology","","","","","","","",""
"TANA BANA Design Services","www.tana-bana.com","info@tana-bana.com","","+1 973-538-3707","United States","Morristown New Jersey","85 Gaston Road","Heimtextil 2027","HEIMTEXTIL","4.2","C19","yes","","0","","excluded","design studio, sells designs to manufacturers","","","","","","","",""
"Tapices, Alfombras, Preparación Industrial, S. A.","www.tintestapisa.com","tapisa@unifam.es","","+34 965 40 16 50","Spain","Crevillente","Polígono Industrial I-4, Carretera De La Estación S/N","Heimtextil 2027","HEIMTEXTIL","3.1","","","Fibres and Yarns, Textile Materials, Finishing","4","","excluded","fibres, yarns and textile technology","","","","","","","",""
"Tatiana Design V.O.F.","www.tatianadesign.nl","info@tatianadesign.nl","","+31 30 636 2051","Netherlands","Zeist","Voorheuvel 60A","Heimtextil 2027","HEIMTEXTIL","4.2","D10","yes","Textile Design","0","","excluded","design studio, sells designs to manufacturers","","","","","","","",""
"Tawelie for Textile","","towelietex@gmail.cim","","+20 120 162 6666","Egypt","10th of Ramadan","South Industrial Area 6 Million District B 215","Heimtextil 2027","HEIMTEXTIL","4.2","G41D","yes","","0","","excluded","design studio, sells designs to manufacturers","","","","","","","",""
"Tela's Design Lda.","www.telasdesign.com","geral@telasdesign.com","","","Portugal","Guimaraes","Rua Da Circunvalacao 1508 B","Heimtextil 2027","HEIMTEXTIL","4.2","D18","yes","Textile Design","0","","excluded","design studio, sells designs to manufacturers","","","","","","","",""
"Tessitura Pertile S.r.l.","www.pertile.com","giorgio@pertile.com","","+39 011 947 2850","Italy","Chieri","Via A. Gastaldi 24","Heimtextil 2027","HEIMTEXTIL","3.1","E97
Hall 4.2, F18","yes","Decorative & Furniture Fabrics | Bed, Bath & Living","5","","excluded","fibres, yarns and textile technology","","","","","","","",""
"TEX-Style Designs DI Gyula Feher & C. SA","https://www.instagram.com/texstyledesign","mr.feher@gmail.com","","+39 331 545 1649","Italy","Como","Via Dante 37","Heimtextil 2027","HEIMTEXTIL","4.2","B47","yes","Decorative & Furniture Fabrics | Textile Design","0","","excluded","design studio, sells designs to manufacturers","","","","","","","",""
"Textialpaca Perú S.A.C.","www.textialpacaperu.com","exports@textialpacaperu.com","","+51 914 037 278","Peru","Arequipa","Jerusalen 514","Heimtextil 2027","HEIMTEXTIL","4.2","F19","yes","Bed, Bath & Living","6","","excluded","design studio, sells designs to manufacturers","","","","","","","",""
"The PatternClub UG (haftungsbeschränkt)","www.patternclub.eu","a.doubacis@patternclub.eu","","+49 170 2139771","Germany","Krefeld","Gutenberg Str 63","Heimtextil 2027","HEIMTEXTIL","4.2","B63","yes","Textile Design","0","","excluded","design studio, sells designs to manufacturers","","","","","","","",""
"Tosunoglu Tekstil San. ve Tic. A.S.","www.tosunoglu.com.tr","tosunoglu@tosunoglu.com.tr","","+90 258 371 36 31","Türkiye","Denizli","Denizli OSB Mah. Fahri Karaca No: 11 Tosunoglu","Heimtextil 2027","HEIMTEXTIL","3.1","","","Decorative & Furniture Fabrics","5","","excluded","fibres, yarns and textile technology","","","","","","","",""
"TRENDART SA","www.trendart.eu","admin@trendart.eu","","+41 91 224 19 15","Switzerland","Pedrinate","Via Tinelle 21a","Heimtextil 2027","HEIMTEXTIL","4.2","E10","yes","","0","","excluded","design studio, sells designs to manufacturers","","","","","","","",""
"UAB ""Linas LT""","www.linas.lt","vilita.kubiliene@linas.lt","","+370 658 00137","Lithuania","Panevezys","S. Kerbedzio Str. 23","Heimtextil 2027","HEIMTEXTIL","4.2","F15","yes","Bed, Bath & Living","5","","excluded","design studio, sells designs to manufacturers","","","","","","","",""
"United Textiles Co.","www.unitedtextiles.net","m.adel@unitedtextiles.net","","+20 2 35392474","Egypt","Giza","Abou Rawash Inds. Zone Kilo 28, Cairo/Alex. Desert Road","Heimtextil 2027","HEIMTEXTIL","4.2","G41C","yes","","0","","excluded","design studio, sells designs to manufacturers","","","","","","","",""
"Verbeekdesigns V.O.F.","www.verbeekdesigns.nl","info@verbeekdesigns.nl","","+31 40 787 3192","Netherlands","Eindhoven","Klokgebouw 215","Heimtextil 2027","HEIMTEXTIL","4.2","D14","yes","Textile Design","0","","excluded","design studio, sells designs to manufacturers","","","","","","","",""
"Vowalon Beschichtung GmbH","www.vowalon.eu","info@vowalon.de","","","Germany","Treuen","Bahnhofstr. 46-48","Heimtextil 2027","HEIMTEXTIL","3.1","","","Decorative & Furniture Fabrics","5","","excluded","fibres, yarns and textile technology","","","","","","","",""
"Weavers Tekstil San. ve Tic. AS","www.weavers.com.tr","info@weavers.com.tr","","+90 224 241 69 00","Türkiye","Bursa","Minarelicavus OSB Turuncu Cad. No: 30 Nilüfer","Heimtextil 2027","HEIMTEXTIL","3.1","","","Decorative & Furniture Fabrics","4","","excluded","fibres, yarns and textile technology","","","","","","","",""
"YUNO DESIGN STUDIO","www.yunodesignstudio.com","yunodesignstudio@gmail.com","","","Korea, the Republic of (South)","","","Heimtextil 2027","HEIMTEXTIL","4.2","B08","yes","Textile Design","0","","excluded","design studio, sells designs to manufacturers","","","","","","","",""
"Öncü Grup A.S.","www.oncugrup.com.tr","oncu@oncugrup.com.tr","","+90 212 565 14 24","Türkiye","Bayrampasa/ Istanbul","Orta Mahalle Topkapi Maltepe Street 10","Heimtextil 2027","HEIMTEXTIL","4.2","F11","yes","Bed, Bath & Living","7","","excluded","design studio, sells designs to manufacturers","","","","","","","",""
"Affreschi & Affreschi srl","www.infoaffreschi.com","info@infoaffreschi.it","serena@infoaffreschi.it","+39 0836891054","ITA","Minervino di Lecce","Via Giurdignano Zona PIP, lotto 9","Salone del Mobile 2026","S_P","01","A01","","Decorative, furnishing and technical proposals and solutions for interior and exterior architecture","Decorative, furnishing and technical proposals and solutions for interior and exterior architecture","furniture","review","S_P, check studio by hand","yes","https://www.infoaffreschi.com","no","consumer, sells online","Carta da parati di design su misura, su intonaco artigianale d'alta qualità spesso 1 mm, ecosostenibile, design d'arredamento esclusivi","","role inbox","No visualiser yet and sells direct to shoppers, so this is the full pitch rather than an upgrade"
"Agglotech spa sb","www.agglotech.it","info@agglotech.com","matteo@sgaravato.it","+39 045 551777","ITA","Verona","Via Monte Santa Viola 16","Salone del Mobile 2026","S_P","13","D32","","Decorative, furnishing and technical proposals and solutions for interior and exterior architecture","Decorative, furnishing and technical proposals and solutions for interior and exterior architecture","furniture","review","S_P, check studio by hand","yes","https://agglotech.com/","no","catalogue only","Architectural terrazzo by Agglotech è ideale per architettura e interior design: superfici in agglomerato di marmo e cemento per progetti contemporanei.","","role inbox","Publishes collections with a contact form as the only way in, which is the exact problem the email opens on. Audience unconfirmed"
"ALPI spa","www.alpi.it","info@alpi.it","giovanna.golnelli@alpi.it","+39 0546945411","ITA","Modigliana","Viale della Repubblica 34","Salone del Mobile 2026","S_P","24","D18","","Decorative, furnishing and technical proposals and solutions for interior and exterior architecture","Decorative, furnishing and technical proposals and solutions for interior and exterior architecture","furniture","review","S_P, check studio by hand","yes","https://www.alpi.it/it","no","catalogue only","Qualità, eco-responsabilità e design sono la nostra essenza. Perché Alpi significa legno e molto altro. Scopri la nostra storia!","","role inbox","Publishes collections with a contact form as the only way in, which is the exact problem the email opens on. Audience unconfirmed"
"Antonio Lupi Design spa","www.antoniolupi.it","lupi@antoniolupi.it","laura@la-Kini.it","+39 0571586881","ITA","Cerreto Guidi","Via Mazzini 73/75 Loc. Stabbia","Salone del Mobile 2026","S_P","22","A05 A07","","Decorative, furnishing and technical proposals and solutions for interior and exterior architecture","Decorative, furnishing and technical proposals and solutions for interior and exterior architecture","furniture","review","S_P, check studio by hand","yes","https://www.antoniolupi.it","no","unclear","","","other","Live site but no catalogue, cart or contact route found, needs a look"
"Apavisa Porcelánico sl","www.apavisa.com","info@apavisa.com","eduardo.saez@aparici.com","+34 (964) 701120","ESP","Alcora, Castellón","Ctra. Castellón-Alcora Km. 12","Salone del Mobile 2026","S_P","01","A21 A23","","Decorative, furnishing and technical proposals and solutions for interior and exterior architecture","Decorative, furnishing and technical proposals and solutions for interior and exterior architecture","furniture","review","S_P, check studio by hand","yes","https://apavisa.com/","no","consumer, sells online","Apavisa te ofrece la mayor variedad de pavimentos de gres porcelánico técnico y revestimientos en pasta blanca. La tradición convertida en vanguardia.","","role inbox","No visualiser yet and sells direct to shoppers, so this is the full pitch rather than an upgrade"
"Ascale Elite slu","www.ascale.es","info@ascale.es","nubeda@ascale.es","+34 (964) 777700","ESP","LAlcora, Castellón","Ctra. Castellón 117","Salone del Mobile 2026","S_P","01","A22","","Decorative, furnishing and technical proposals and solutions for interior and exterior architecture","Decorative, furnishing and technical proposals and solutions for interior and exterior architecture","furniture","review","S_P, check studio by hand","yes","https://ascale.es/","no","consumer, sells online","","","role inbox","No visualiser yet and sells direct to shoppers, so this is the full pitch rather than an upgrade"
"Atlas Concorde Habitat","www.atlasconcorde.it","exhibitions@atlasconcorde.it","b.borghi@atlasconcorde.it","+39 0536867811","ITA","Spezzano di Fiorano","Via Canaletto 141","Salone del Mobile 2026","S_P","24","D38","","Decorative, furnishing and technical proposals and solutions for interior and exterior architecture","Decorative, furnishing and technical proposals and solutions for interior and exterior architecture","furniture","review","S_P, check studio by hand","unreachable","","","","","HTTP Error 429: Too Many Requests","other","Site did not respond, check it by hand before spending a credit"
"Atmosphère et Bois","www.atmosphere-bois.com","contacts@atmosphere-bois.com","margaux@atmosphere-bois.com","+32 (473) 921920","BEL","Limelette","3 Avenue Pierre Holoffe","Salone del Mobile 2026","S_P","18","A01 B02","","Decorative, furnishing and technical proposals and solutions for interior and exterior architecture","Decorative, furnishing and technical proposals and solutions for interior and exterior architecture","furniture","review","S_P, check studio by hand","yes","https://www.atmosphere-bois.com","no","consumer, sells online","Porteur d'une histoire ancienne, notre concept évoque une élégance intemporelle, laissant l'empreinte du temps.​","","other","No visualiser yet and sells direct to shoppers, so this is the full pitch rather than an upgrade"
"Brianzatende srl","www.btgroup.it","info@btgroup.it","barbara.mandelli@btgroup.it","+39 039628481","ITA","Lesmo","Via Maggi 41","Salone del Mobile 2026","S_P","07","C03","","Decorative, furnishing and technical proposals and solutions for interior and exterior architecture","Decorative, furnishing and technical proposals and solutions for interior and exterior architecture","furniture","review","S_P, check studio by hand","yes","https://btgroup.it/","yes","consumer, via dealers","BT è un marchio Brianzatende srl. Azienda specializzata nella produzione e vendita di tende da sole, pergole e bioclimatiche","","role inbox","Already runs a visualiser and markets to shoppers and routes them to dealers, so the gap is what happens after the render. Sharpest segment"
"Cadorin Group srl","www.cadoringroup.it","sales@cadoringroup.it","ufficiografico@cadoringroup.it","+39 0423544019","ITA","Possagno","Località Coe 18","Salone del Mobile 2026","S_P","18","D01","","Decorative, furnishing and technical proposals and solutions for interior and exterior architecture","Decorative, furnishing and technical proposals and solutions for interior and exterior architecture","furniture","review","S_P, check studio by hand","yes","https://www.cadoringroup.it","yes","consumer, sells online","Cadorin realizza listoni per parquet e rivestimenti in varie finiture con lavorazioni innovative di design in Italia. 110% Prodotto Italiano","","role inbox","Already runs a visualiser and sells direct to shoppers, so the gap is what happens after the render. Sharpest segment"
"Casalgrande Padana spa","www.casalgrandepadana.com","info@casalgrandepadana.it","sara.costi@casalgrandepadana.it","+39 05229901","ITA","Casalgrande","Via Statale 467 n. 73","Salone del Mobile 2026","S_P","03","C01","","Decorative, furnishing and technical proposals and solutions for interior and exterior architecture","Decorative, furnishing and technical proposals and solutions for interior and exterior architecture","furniture","review","S_P, check studio by hand","yes","https://www.casalgrandepadana.com","yes","consumer, via dealers","","","role inbox","Already runs a visualiser and markets to shoppers and routes them to dealers, so the gap is what happens after the render. Sharpest segment"
"Cedit","www.florim.com","eventi@florim.com","anna.superti@florim.com","+39 0536840111","ITA","Fiorano Modenese","Via Canaletto 24","Salone del Mobile 2026","S_P","24","D24","","Decorative, furnishing and technical proposals and solutions for interior and exterior architecture","Decorative, furnishing and technical proposals and solutions for interior and exterior architecture","furniture","review","S_P, check studio by hand","yes","https://www.florim.com/it","yes","consumer, via dealers","Scopri la vasta gamma di lastre in gres porcellanato e piastrelle in ceramica di Florim di alta qualità. Ideali per ogni ambiente. Visita il sito.","","other","Already runs a visualiser and markets to shoppers and routes them to dealers, so the gap is what happens after the render. Sharpest segment"
"Cleaf spa","www.cleaf.it","info@cleaf.it","lucapangrazzi@cleaf.it","+39 0392074","ITA","Lissone","Via Bottego 15","Salone del Mobile 2026","S_P","24","C22","","Decorative, furnishing and technical proposals and solutions for interior and exterior architecture","Decorative, furnishing and technical proposals and solutions for interior and exterior architecture","furniture","review","S_P, check studio by hand","yes","https://cleaf.it/en/","no","catalogue only","A texture inspired by teak, enhancing the wood’s dense and well-defined structure.","","role inbox","Publishes collections with a contact form as the only way in, which is the exact problem the email opens on. Audience unconfirmed"
"Cosentino Global slu","www.cosentino.com","info@cosentino.com","vzagami@cosentino.com","+34 (950) 444175","ESP","Cantoria (Almeria)","Ctra. Baza-Huércal Overa, Km. 59","Salone del Mobile 2026","S_P","03","C21","","Decorative, furnishing and technical proposals and solutions for interior and exterior architecture","Decorative, furnishing and technical proposals and solutions for interior and exterior architecture","furniture","review","S_P, check studio by hand","yes","https://www.cosentino.com","no","unclear","","","role inbox","Live site but no catalogue, cart or contact route found, needs a look"
"Dickson Constant","www.sunbrella.eu","europe@sunbrella.com","sbrouwers@dickson-constant.com","+33 (3) 20455959","FRA","Wasquehal","Rue des Châteaux 10 B.P. 109 Z.I. La Pilaterie","Salone del Mobile 2026","S_P","18","E21","","Decorative, furnishing and technical proposals and solutions for interior and exterior architecture","Decorative, furnishing and technical proposals and solutions for interior and exterior architecture","furniture","review","S_P, check studio by hand","yes","https://sunbrella.dickson-constant.com/en/","yes","consumer, sells online","Dickson Constant, specialist and manufacturer of technical fabrics for solar protection, upholstery, flooring, and boat fitting.","","other","Already runs a visualiser and sells direct to shoppers, so the gap is what happens after the render. Sharpest segment"
"DND Martinelli srl","www.dndhandles.it","info@dndhandles.it","marketing@dndhandles.it","+39 0365899113","ITA","Casto","Località Piani di Mura 2","Salone del Mobile 2026","S_P","14","A35","","Decorative, furnishing and technical proposals and solutions for interior and exterior architecture","Decorative, furnishing and technical proposals and solutions for interior and exterior architecture","furniture","review","S_P, check studio by hand","yes","https://www.dndhandles.it","yes","consumer, sells online","Le maniglie di design e classiche Dnd sono Made in Italy: da sempre tra design, stile e ricerca. Le tue maniglie di qualità per porte e finestre","","role inbox","Already runs a visualiser and sells direct to shoppers, so the gap is what happens after the render. Sharpest segment"
"Dooor srl","www.dooor.it","info@dooor.it","sara.spagnuolo@dooor.it","+39 0721802989","ITA","Fano","Via Ugo La Malfa 27/d","Salone del Mobile 2026","S_P","05","B15","","Decorative, furnishing and technical proposals and solutions for interior and exterior architecture","Decorative, furnishing and technical proposals and solutions for interior and exterior architecture","furniture","review","S_P, check studio by hand","unreachable","","","","","<urlopen error [SSL: CERTIFICATE_VERIFY_FAILED] certificate verify fai","role inbox","Site did not respond, check it by hand before spending a credit"
"Dresswall srl","www.dresswall.com","info@dresswall.com","riccardo@dresswall.com","+39 0317073831","ITA","Figino Serenza","Via Cervino 10","Salone del Mobile 2026","S_P","14","C36","","Decorative, furnishing and technical proposals and solutions for interior and exterior architecture","Decorative, furnishing and technical proposals and solutions for interior and exterior architecture","furniture","review","S_P, check studio by hand","yes","https://www.dresswall.com","no","consumer, sells online","Dresswall is a modular Ecosystem of customised solutions, crafted to design truly unique spaces and environments.","","role inbox","No visualiser yet and sells direct to shoppers, so this is the full pitch rather than an upgrade"
"Easy","www.pergoleinnovative.it","info@taappsrl.it","info@taappsrl.it","+39 0835 1976491","ITA","Pisticci","Via Pomarico Snc Zona Industriale TECNOPARCO","Salone del Mobile 2026","S_P","01","A23BIS","","Decorative, furnishing and technical proposals and solutions for interior and exterior architecture","Decorative, furnishing and technical proposals and solutions for interior and exterior architecture","furniture","review","S_P, check studio by hand","yes","https://www.pergoleinnovative.it","yes","consumer, sells online","Scopri le Pergole, le Tapparelle, le Zanzariere e i Rivestimenti in Alluminio TAAPP SRL. Soluzioni su misura per ambienti moderni, sicuri ed eleganti.","","role inbox","Already runs a visualiser and sells direct to shoppers, so the gap is what happens after the render. Sharpest segment"
"Effegibi srl","www.effe.it","info@effegibi.it","elisa.viroli@effegibi.it","+39 0547372881","ITA","Cesena","Via Gallo 769","Salone del Mobile 2026","S_P","22","B11 B15","","Decorative, furnishing and technical proposals and solutions for interior and exterior architecture","Decorative, furnishing and technical proposals and solutions for interior and exterior architecture","furniture","review","S_P, check studio by hand","yes","https://www.effe.it","no","catalogue only","Produzione e vendita saune e bagni turchi per casa e per spazi pubblici. Tradizione e innovazione convivono in prodotti di design dedicati al benessere.","","role inbox","Publishes collections with a contact form as the only way in, which is the exact problem the email opens on. Audience unconfirmed"
"Ento","www.ento.it","info@ento.it","fabrizio@salicepaolo.it","+39 031714520","ITA","Cantù","Via Domea 45","Salone del Mobile 2026","S_P","01","B11","","Decorative, furnishing and technical proposals and solutions for interior and exterior architecture","Decorative, furnishing and technical proposals and solutions for interior and exterior architecture","furniture","review","S_P, check studio by hand","yes","https://www.ento.it/it/home/","no","catalogue only","ENTO è un marchio di Salice Paolo che offre ai progettisti maniglie di design per porte e finestre, un alternativa di alta qualità nel settore.","","role inbox","Publishes collections with a contact form as the only way in, which is the exact problem the email opens on. Audience unconfirmed"
"Erco srl","www.mandelli.it","info@mandelli.it","claudia@ercofinestre.it","+39 031452143","ITA","Casnate","Via Adda 12","Salone del Mobile 2026","S_P","18","C08","","Decorative, furnishing and technical proposals and solutions for interior and exterior architecture","Decorative, furnishing and technical proposals and solutions for interior and exterior architecture","furniture","review","S_P, check studio by hand","unreachable","","","","","<urlopen error [Errno -2] Name or service not known>","role inbox","Site did not respond, check it by hand before spending a credit"
"Foglie d'Oro","www.fogliedoroparquet.com","info@fogliedoro.com","marketing@fogliedoro.com","+39 0424560541","ITA","Rosà","Via Pigna 34","Salone del Mobile 2026","S_P","14","D47","","Decorative, furnishing and technical proposals and solutions for interior and exterior architecture","Decorative, furnishing and technical proposals and solutions for interior and exterior architecture","furniture","review","S_P, check studio by hand","yes","https://www.fogliedoroparquet.com","no","unclear","","","role inbox","Live site but no catalogue, cart or contact route found, needs a look"
"FORM AT WOOD SP Z O.O.","www.formatwood.com","info@formatwood.com","m.kluczka@formatwood.com","+48 (519) 519287","POL","Opole","Technologiczna 2","Salone del Mobile 2026","S_P","18","F04","","Decorative, furnishing and technical proposals and solutions for interior and exterior architecture","Decorative, furnishing and technical proposals and solutions for interior and exterior architecture","furniture","review","S_P, check studio by hand","yes","https://formatwood.com/","no","catalogue only","","","role inbox","Publishes collections with a contact form as the only way in, which is the exact problem the email opens on. Audience unconfirmed"
"GIOVANARDI di Giovanardi Carlo & C.srl","www.giovanardi.com","info@giovanardi.it","sara.selmin@giovanardi.it","+39 0376572011","ITA","Villimpenta","Via Marconi 63","Salone del Mobile 2026","S_P","18","C11","","Decorative, furnishing and technical proposals and solutions for interior and exterior architecture","Decorative, furnishing and technical proposals and solutions for interior and exterior architecture","furniture","review","S_P, check studio by hand","yes","https://www.giovanardi.com","no","consumer, via dealers","Per la protezione solare, l'architettura e il design, membrane acustiche e applicazioni speciali.","","role inbox","No visualiser yet and markets to shoppers and routes them to dealers, so this is the full pitch rather than an upgrade"
"Groël Handle Design","www.groel.es","contact@groel.es","maria@groel.es","+34 (965) 106359","ESP","Alicante","C/ Río Turia 26","Salone del Mobile 2026","S_P","14","D49","","Decorative, furnishing and technical proposals and solutions for interior and exterior architecture","Decorative, furnishing and technical proposals and solutions for interior and exterior architecture","furniture","review","S_P, check studio by hand","yes","https://groel.es/","no","consumer, sells online","Manillas de diseño en latón puro, Made in Italy. 25 años de experiencia artesanal. Envío gratis España. Descubre la colección completa de Groël.","","role inbox","No visualiser yet and sells direct to shoppers, so this is the full pitch rather than an upgrade"
"Irisun","www.irisun.com","info@giovanardi.it","sara.selmin@giovanardi.it","+39 0376572011","ITA","Villimpenta","Via Marconi 63","Salone del Mobile 2026","S_P","18","C11","","Decorative, furnishing and technical proposals and solutions for interior and exterior architecture","Decorative, furnishing and technical proposals and solutions for interior and exterior architecture","furniture","review","S_P, check studio by hand","yes","https://www.irisun.com","no","catalogue only","Soluzioni innovative ad alte prestazioni per la protezione solare e il comfort degli ambienti.","","role inbox","Publishes collections with a contact form as the only way in, which is the exact problem the email opens on. Audience unconfirmed"
"Jannelli & Volpi JV spa","www.jannellievolpi.it","info@jannellievolpi.it","marketing@jannellievolpi.it","+39 02205231","ITA","Milano","Via Statuto 21","Salone del Mobile 2026","S_P","24","C32","","Decorative, furnishing and technical proposals and solutions for interior and exterior architecture","Decorative, furnishing and technical proposals and solutions for interior and exterior architecture","furniture","review","S_P, check studio by hand","yes","https://www.jannellievolpi.it/en/","no","consumer, sells online","","","role inbox","No visualiser yet and sells direct to shoppers, so this is the full pitch rather than an upgrade"
"Limonta Interiors","www.limonta.com","info@limonta.com","Tommaso.villa@limonta.com","+39 031857111","ITA","Costa Masnaga","Via C. Battisti 15","Salone del Mobile 2026","S_P","22","B41","","Decorative, furnishing and technical proposals and solutions for interior and exterior architecture","Decorative, furnishing and technical proposals and solutions for interior and exterior architecture","furniture","review","S_P, check studio by hand","yes","https://www.limonta.com/it/","no","catalogue only","Limonta | 1893 è un gruppo con un'anima artigianale e una struttura industriale. Opera nei settori della tessitura, della nobilitazione tessile, della spalmatura e della resinatura.","","role inbox","Publishes collections with a contact form as the only way in, which is the exact problem the email opens on. Audience unconfirmed"
"Listone Giordano","www.listonegiordano.com","info@listonegiordano.com","n.palumbo@listonegiordano.com","+39 075988681","ITA","Torgiano","Z.I. Miralduolo di Torgiano","Salone del Mobile 2026","S_P","24","D37","","Decorative, furnishing and technical proposals and solutions for interior and exterior architecture","Decorative, furnishing and technical proposals and solutions for interior and exterior architecture","furniture","review","S_P, check studio by hand","unreachable","","","","","HTTP Error 403: Forbidden","role inbox","Site did not respond, check it by hand before spending a credit"
"Lithea di Patrizia Furnari","www.lithea.it","info@lithea.it","patrizia@lithea.it","+39 0941050123","ITA","Patti","Via Case Nuove Russo","Salone del Mobile 2026","S_P","18","B08","","Decorative, furnishing and technical proposals and solutions for interior and exterior architecture","Decorative, furnishing and technical proposals and solutions for interior and exterior architecture","furniture","review","S_P, check studio by hand","yes","https://www.lithea.it","no","catalogue only","Maioliche di Pietra Terre Arate Greche Caltagirone Gadir Favare Byzas Ruina Ercole Pibiones Centocentrini Makramè Petra Matelassé Decoro Geologico Round","","role inbox","Publishes collections with a contact form as the only way in, which is the exact problem the email opens on. Audience unconfirmed"
"Londonart srl","www.londonart.it","info@londonart.it","info@londonart.it","+39 0444760565","ITA","Noventa Vicentina","Via Migliadizzi 18","Salone del Mobile 2026","S_P","22","B37","","Decorative, furnishing and technical proposals and solutions for interior and exterior architecture","Decorative, furnishing and technical proposals and solutions for interior and exterior architecture","furniture","review","S_P, check studio by hand","yes","https://www.londonart.it","no","consumer, sells online","","","role inbox","No visualiser yet and sells direct to shoppers, so this is the full pitch rather than an upgrade"
"Manital srl","www.manital.com","info@manital.com","raffaella@manital.com","+39 03653307","ITA","Gavardo","Via delle Quadre 3","Salone del Mobile 2026","S_P","01","A10","","Decorative, furnishing and technical proposals and solutions for interior and exterior architecture","Decorative, furnishing and technical proposals and solutions for interior and exterior architecture","furniture","review","S_P, check studio by hand","yes","https://manital.com/","yes","consumer, sells online","Italian made sustainability","","role inbox","Already runs a visualiser and sells direct to shoppers, so the gap is what happens after the render. Sharpest segment"
"Marazzi Group srl","www.marazzi.it","info@marazzi.it","michela.demattio@marazzigroup.com","+39 0536860800","ITA","Sassuolo","Viale Regina Pacis 39","Salone del Mobile 2026","S_P","03","D06","","Decorative, furnishing and technical proposals and solutions for interior and exterior architecture","Decorative, furnishing and technical proposals and solutions for interior and exterior architecture","furniture","review","S_P, check studio by hand","yes","https://www.marazzi.it","no","consumer, via dealers","Sito ufficiale di Marazzi, leader mondiale nel settore delle piastrelle in ceramica e gres porcellanato per il pavimento e il rivestimento.","","role inbox","No visualiser yet and markets to shoppers and routes them to dealers, so this is the full pitch rather than an upgrade"
"Neolith","www.neolith.com","info@neolith.com","elena.cellini@neolith.com","+34 (964) 652233","ESP","Almassora (Castellon)","Pol. Ind. Cami Fondo, Supoi 8, CL/ Dels Ibers 31","Salone del Mobile 2026","S_P","01","A12","","Decorative, furnishing and technical proposals and solutions for interior and exterior architecture","Decorative, furnishing and technical proposals and solutions for interior and exterior architecture","furniture","review","S_P, check studio by hand","yes","https://www.neolith.com","no","consumer, via dealers","Neolith is a world leader in the design and manufacture of sintered stone surfaces. Applies to interiors and exteriors: facades, furniture, baths and kitchens","","role inbox","No visualiser yet and markets to shoppers and routes them to dealers, so this is the full pitch rather than an upgrade"
"Nikolaus Bagnara spa","www.bagnara.net","info@bagnara.net","hannes.pfeifer@bagnara.net","+39 0471662109","ITA","Appiano","Via Madonna del Riposo 34","Salone del Mobile 2026","S_P","15","A31","","Decorative, furnishing and technical proposals and solutions for interior and exterior architecture","Decorative, furnishing and technical proposals and solutions for interior and exterior architecture","furniture","review","S_P, check studio by hand","yes","https://www.bagnara.net/en/","no","catalogue only","Nikolaus Bagnara Spa - international market leader for natural stones: wordlwide quarries ✓ large deposits ✓ learn more ►","","role inbox","Publishes collections with a contact form as the only way in, which is the exact problem the email opens on. Audience unconfirmed"
"Oido","www.oido.at","info@oido.at","maximilian.norz@oido.at","+43 (6768) 55756202","AUT","Götzens","Gewerbepark 4","Salone del Mobile 2026","S_P","05","A08","","Decorative, furnishing and technical proposals and solutions for interior and exterior architecture","Decorative, furnishing and technical proposals and solutions for interior and exterior architecture","furniture","review","S_P, check studio by hand","yes","https://www.oido.at","no","catalogue only","","","role inbox","Publishes collections with a contact form as the only way in, which is the exact problem the email opens on. Audience unconfirmed"
"Oikos Venezia srl","www.oikos.it","oikos@oikos.it","marketing@oikos.it","+39 0421767250","ITA","Gruaro","Via della Tecnica 6","Salone del Mobile 2026","S_P","05","A03","","Decorative, furnishing and technical proposals and solutions for interior and exterior architecture","Decorative, furnishing and technical proposals and solutions for interior and exterior architecture","furniture","review","S_P, check studio by hand","yes","https://oikos.it/en/","no","consumer, sells online","Safety and Design come together in a piece of furniture for your entryway project. Safety doors customizable according to your project, discover Oikos!","","other","No visualiser yet and sells direct to shoppers, so this is the full pitch rather than an upgrade"
"Olivari B. spa","www.olivari.it","olivari@olivari.it","sales@olivari.it","+39 0322835080","ITA","Borgomanero","Via G. Matteotti 140","Salone del Mobile 2026","S_P","24","C26","","Decorative, furnishing and technical proposals and solutions for interior and exterior architecture","Decorative, furnishing and technical proposals and solutions for interior and exterior architecture","furniture","review","S_P, check studio by hand","yes","https://www.olivari.it","no","consumer, sells online","Dal 1911 Olivari realizza maniglie per l'architettura in Italia, all’interno dei propri stabilimenti, dove si svolge l’intero ciclo produttivo.","","other","No visualiser yet and sells direct to shoppers, so this is the full pitch rather than an upgrade"
"Orac","www.oracdecor.com","italia@oracdecor.com","gaia.bianchi@oracdecor.com","+39 0341362062","ITA","Lecco","Corso Giacomo Matteotti 5/H","Salone del Mobile 2026","S_P","18","E08","","Decorative, furnishing and technical proposals and solutions for interior and exterior architecture","Decorative, furnishing and technical proposals and solutions for interior and exterior architecture","furniture","review","S_P, check studio by hand","unreachable","","","","","HTTP Error 403: Forbidden","other","Site did not respond, check it by hand before spending a credit"
"Protezioni srl","www.protezionisrl.com","info@protezionisrl.com","marketing@protezionisrl.com","+39 0832969572","ITA","Lecce","Viale Spagna 4 - Z.I.","Salone del Mobile 2026","S_P","05","B09","","Decorative, furnishing and technical proposals and solutions for interior and exterior architecture","Decorative, furnishing and technical proposals and solutions for interior and exterior architecture","furniture","review","S_P, check studio by hand","yes","https://www.protezionisrl.com","yes","consumer, sells online","Outdoor Under Any Condition","","role inbox","Already runs a visualiser and sells direct to shoppers, so the gap is what happens after the render. Sharpest segment"
"Raytent","www.raytent.com","info@raytent.it","sara.selmin@giovanardi.it","+39 0376572011","ITA","Villimpenta","Via Marconi 63","Salone del Mobile 2026","S_P","18","C11","","Decorative, furnishing and technical proposals and solutions for interior and exterior architecture","Decorative, furnishing and technical proposals and solutions for interior and exterior architecture","furniture","review","S_P, check studio by hand","yes","https://raytent.it/","no","unclear","Filato acrilico riciclato.","","role inbox","Live site but no catalogue, cart or contact route found, needs a look"
"Stenal srl","www.stenal.it","commerciale@stenal.it","d.raisa@stenal.it","+39 0498912047","ITA","Abano Terme","Via Barovier, 8","Salone del Mobile 2026","S_P","18","E09","","Decorative, furnishing and technical proposals and solutions for interior and exterior architecture","Decorative, furnishing and technical proposals and solutions for interior and exterior architecture","furniture","review","S_P, check studio by hand","yes","https://www.stenal.it/it/","no","consumer, via dealers","Stenal da oltre trent'anni realizza saune made in Italy, saune su misura, bagni turchi, docce emozionali e centri benessere professionali e per la casa.","","role inbox","No visualiser yet and markets to shoppers and routes them to dealers, so this is the full pitch rather than an upgrade"
"Studijo Wallart d.o.o.","www.studijo.co","info@studijo.co","ured@studijo.co","+385 (91) 6127186","HRV","Zagreb","Alberta Ognjana Strige 19","Salone del Mobile 2026","S_P","15","A38","","Decorative, furnishing and technical proposals and solutions for interior and exterior architecture","Decorative, furnishing and technical proposals and solutions for interior and exterior architecture","furniture","review","S_P, check studio by hand","yes","https://studijo.co/en/homepage","no","consumer, sells online","Elegantni BasicWall, DeluxWall i vodootporni HydraWall materijali. Ekološki otisak i 3 godine garancije za sve tapete.","","role inbox","No visualiser yet and sells direct to shoppers, so this is the full pitch rather than an upgrade"
"Tabu spa","www.tabu.it","info@tabu.it","t.violani@tabu.it","+39 031714493","ITA","Cantu'","Via Rencati 110","Salone del Mobile 2026","S_P","22","A18","","Decorative, furnishing and technical proposals and solutions for interior and exterior architecture","Decorative, furnishing and technical proposals and solutions for interior and exterior architecture","furniture","review","S_P, check studio by hand","yes","https://www.tabu.it","no","catalogue only","Ricerca piallaccio","","role inbox","Publishes collections with a contact form as the only way in, which is the exact problem the email opens on. Audience unconfirmed"
"Wall&Deco' srl","www.wallanddeco.com","info@wallanddeco.com","marketing@wallanddeco.com","+39 0544918012","ITA","Savio di Cervia","Via Santerno 18","Salone del Mobile 2026","S_P","22","B31","","Decorative, furnishing and technical proposals and solutions for interior and exterior architecture","Decorative, furnishing and technical proposals and solutions for interior and exterior architecture","furniture","review","S_P, check studio by hand","yes","https://www.wallanddeco.com/en-us/","no","catalogue only","Wall&decò is a reference business in the production of bespoke wallpaper.","","role inbox","Publishes collections with a contact form as the only way in, which is the exact problem the email opens on. Audience unconfirmed"
"Wall/Pepper®","www.wallpeppergroup.com","comunicazione@wallpepper.it","Info@wallpepper.it","+39 0245481554","ITA","Milano","Via Bonaventura Zumbini 33","Salone del Mobile 2026","S_P","07","C08","","Decorative, furnishing and technical proposals and solutions for interior and exterior architecture","Decorative, furnishing and technical proposals and solutions for interior and exterior architecture","furniture","review","S_P, check studio by hand","yes","https://www.wallpeppergroup.com","no","consumer, sells online","WallPepper è un marchio italiano specializzato nella realizzazione di carta da parati ecologica, personalizzabile e di alta qualità.","","other","No visualiser yet and sells direct to shoppers, so this is the full pitch rather than an upgrade"
"A. L. Home","","","","","India","Jaipur","E-104 Sitapura Industrial Area Second Floor","Heimtextil 2027","HEIMTEXTIL","12.0","E57","yes","Decorative & Furniture Fabrics | Carpets & Rugs","0","rugs","review","rug export house, confirm it sells to end buyers and not only to importers","no site","","","","","","","No website on file, so nothing for a visualiser to sit on. Skip"
"Aadya International","www.aadyahome.com","contact.aadyainternational@gmail.com","","+91 78273 25965","India","Kasna, Greater Noida","Site V, Kasna E85, EPIP","Heimtextil 2027","HEIMTEXTIL","11.0","A74","yes","","0","rugs","review","rug export house, confirm it sells to end buyers and not only to importers","yes","https://www.aadyahome.com","no","consumer, sells online","","","first.last","No visualiser yet and sells direct to shoppers, so this is the full pitch rather than an upgrade"
"ABC Italia S.r.l.","www.abcitalia.net","info@abcitalia.net","","+39 0377 464311","Italy","Milano","Via Borgogna 7","Heimtextil 2027","HEIMTEXTIL","3.1","","","Carpets & Rugs","5","rugs","excluded","fibres, yarns and textile technology","","","","","","","",""
"Abinaya Grineters","www.abinayahome.com","raviselvan@abinayahome.in","","+91 4324 274 467","India","Karur","46, Fourth Cross, Vaiyapuri Nagar","Heimtextil 2027","HEIMTEXTIL","12.0","E88","yes","","0","rugs","review","rug export house, confirm it sells to end buyers and not only to importers","yes","https://www.abinayahome.com","no","consumer, sells online","GARMEN TEXTILE INDUSTRY","","other","No visualiser yet and sells direct to shoppers, so this is the full pitch rather than an upgrade"
"Achal Amit & Co.","www.achalamit.com","agra@achalamit.in","","+91 98371 23902","India","Agra","105, Nehru Nagar","Heimtextil 2027","HEIMTEXTIL","11.0","A75","yes","Bed, Bath & Living | Carpets & Rugs","5","rugs","review","rug export house, confirm it sells to end buyers and not only to importers","yes","https://www.achalamit.com","no","catalogue only","achal amit & Company was established in 1946 as a manufacturer of Carpets and Rugs and started it","","other","Publishes collections with a contact form as the only way in, which is the exact problem the email opens on. Audience unconfirmed"
"AGATE HOME FASHIONS","www.agatehomefashions.com","md@agatehomefashions.com","","+91 82959 13109","India","Panipat","A Block, Plot No. 299, Sector-29, Huda, Part-II","Heimtextil 2027","HEIMTEXTIL","12.0","B51","yes","","0","rugs","review","rug export house, confirm it sells to end buyers and not only to importers","yes","https://agatehomefashions.com/","no","catalogue only","Agate Home Fashions Panipat’s leading manufacturer & exporter of rugs, carpets, cushions, poufs, and home furnishings, crafted with style and durability.","","other","Publishes collections with a contact form as the only way in, which is the exact problem the email opens on. Audience unconfirmed"
"Agnee Innovates Private Limited","www.agniexports.com","lalit.baliyan@agniexports.com","","+91 98993 22702","India","Varanashi","Bhadohi Kushiyara Gyanpur Road","Heimtextil 2027","HEIMTEXTIL","11.0","B29","yes","","5","rugs","review","rug export house, confirm it sells to end buyers and not only to importers","yes","https://www.agniexports.com","no","consumer, sells online","","","first.last","No visualiser yet and sells direct to shoppers, so this is the full pitch rather than an upgrade"
"Akara","www.akararugs.in","info@akararugs.in","","+91 96191 19619","India","Thane","Arihant Commercial Complex, Purna Gala No. 101-111, Building No. 40 Thane-Bhiwandi Road, Purna","Heimtextil 2027","HEIMTEXTIL","11.0","C30","yes","Bed, Bath & Living | Carpets & Rugs","5","rugs","review","rug export house, confirm it sells to end buyers and not only to importers","unreachable","","","","","HTTP Error 429: Too Many Requests","role inbox","Site did not respond, check it by hand before spending a credit"
"Ali Arts","https://www.aliarts.in/","teesonsgroup@aol.com","","+91 79771 26924","India","Post, Aurai, Distt. Bhadohi","Sadar Road Ghosia","Heimtextil 2027","HEIMTEXTIL","12.0","B50","yes","Carpets & Rugs","5","rugs","review","rug export house, confirm it sells to end buyers and not only to importers","unreachable","","","","","<urlopen error _ssl.c:999: The handshake operation timed out>","other","Site did not respond, check it by hand before spending a credit"
"Ambadi Enterprises Limited","www.ambadiindia.com","","","+91 97175 79353","India","Gurugram","554-Udyog Vihar, Phase-5","Heimtextil 2027","HEIMTEXTIL","11.0","C69","yes","","0","rugs","review","rug export house, confirm it sells to end buyers and not only to importers","unreachable","","","","","<urlopen error [Errno -2] Name or service not known>","","Site did not respond, check it by hand before spending a credit"
"Anonymos Viomixaniki Kai Eboriki Etairei Etaireia Adelfoi Nikolaidi AE","www.nikotex.gr","nikotex@nikotex.gr","","+30 231 068 4400","Greece","Stavroupoli","Anthokèpoi Eukarpia","Heimtextil 2027","HEIMTEXTIL","3.1","","","Carpets & Rugs","4","rugs","excluded","fibres, yarns and textile technology","","","","","","","",""
"ANSARI FLOOR RUGS","http://ansari.net.in/","ansarifloor@yahoo.co.uk","","+91 98385 13330","India","Bhadohi","Noorkhanpur","Heimtextil 2027","HEIMTEXTIL","12.0","A24","yes","Carpets & Rugs","5","rugs","review","rug export house, confirm it sells to end buyers and not only to importers","unreachable","","","","","<urlopen error [Errno -2] Name or service not known>","other","Site did not respond, check it by hand before spending a credit"
"ARTEX HOME FASHIONS","www.artexhomefashions.com","vineet@artexhomefashions.com","","","India","Panipat","64, Sec-29 Part-II, Huda","Heimtextil 2027","HEIMTEXTIL","8.0","","","Carpets & Rugs","5","rugs","review","rug export house, confirm it sells to end buyers and not only to importers","yes","https://www.artexhomefashions.com","no","catalogue only","Our wide range of products consists of all-natural rugs & bath mat collection in market, and that is what makes us one of the leading rugs manufacturers in India.","","other","Publishes collections with a contact form as the only way in, which is the exact problem the email opens on. Audience unconfirmed"
"Artline Creation","www.artlinecreation.com","sk-exports@vikramcarpets.com","","+91 94522 13145","India","Mirzapur, Uttar Pradesh","Natwa, Artline Creation, Sadar, Jangi Road","Heimtextil 2027","HEIMTEXTIL","12.0","B93","yes","Carpets & Rugs","5","rugs","review","rug export house, confirm it sells to end buyers and not only to importers","unreachable","","","","","HTTP Error 403: Forbidden","other","Site did not respond, check it by hand before spending a credit"
"Arvind Exports","www.arvindcarpets.com","arvind@arvindcarpets.com","","+91 96280 47000","India","Bhadohi","108 Civil Lines","Heimtextil 2027","HEIMTEXTIL","12.0","A39","yes","","0","rugs","review","rug export house, confirm it sells to end buyers and not only to importers","yes","https://arvindcarpets.com/","no","unclear","","","other","Live site but no catalogue, cart or contact route found, needs a look"
"Aspinwall And Company Limited","www.aspinwall.in","rajesh.kartha@aspinwall.in","","+91 77367 29225","India","Kochi","Subramaniyam Road, Willingdon Island Eranakulam","Heimtextil 2027","HEIMTEXTIL","12.1","B48","yes","Carpets & Rugs","5","rugs","review","rug export house, confirm it sells to end buyers and not only to importers","yes","https://www.aspinwall.in","no","consumer, sells online","Aspinwall and Company Limited is one of the earliest commercial enterprises in the Malabar Coast, established in the year 1867.","","first.last","No visualiser yet and sells direct to shoppers, so this is the full pitch rather than an upgrade"
"Avison Crafts","","","","","India","Bhadohi","Bazar Salabat Khan","Heimtextil 2027","HEIMTEXTIL","12.0","A84","yes","Carpets & Rugs","0","rugs","review","rug export house, confirm it sells to end buyers and not only to importers","no site","","","","","","","No website on file, so nothing for a visualiser to sit on. Skip"
"Balaji Loomtex","www.balajiloomtex.com","balajiloomtex@gmail.com","","","India","Baghpat, Uttar Pradesh","4/208, Pathshala Road, Khekra","Heimtextil 2027","HEIMTEXTIL","12.0","C81","yes","","0","rugs","review","rug export house, confirm it sells to end buyers and not only to importers","yes","http://www.balajiloomtex.com","no","unclear","Future home of something quite cool.","","other","Live site but no catalogue, cart or contact route found, needs a look"
"Balta Industries NV","www.baltagroup.com","info@baltagroup.com","","+32 474 98 41 48","Belgium","Wielsbeke","Wakkensteenweg 2","Heimtextil 2027","HEIMTEXTIL","3.1","","","Carpets & Rugs","5","rugs","excluded","fibres, yarns and textile technology","","","","","","","",""
"Bhajana Home Decor Private Limited","www.bhajana.com","info@bhajana.net","","+91 99967 88885","India","Panipat","Plot No 71, Sector - 29, Part - II, Huda","Heimtextil 2027","HEIMTEXTIL","12.0","B63","yes","Carpets & Rugs","5","rugs","review","rug export house, confirm it sells to end buyers and not only to importers","yes","https://bhajana.com/","no","catalogue only","Bringing the best of home fashion from India","","role inbox","Publishes collections with a contact form as the only way in, which is the exact problem the email opens on. Audience unconfirmed"
"Bikaner Handloom Carpets","www.mmwool.com","india@mmwool.com","","+91 98292 17022","India","Bikaner","Near Sabji Mandi Pugal Road","Heimtextil 2027","HEIMTEXTIL","12.0","C98","yes","Carpets & Rugs","0","rugs","review","rug export house, confirm it sells to end buyers and not only to importers","yes","https://www.mmwool.com","no","catalogue only","2002 Went Global with Domotex Germany","","other","Publishes collections with a contact form as the only way in, which is the exact problem the email opens on. Audience unconfirmed"
"Broucks NV","www.broucks.com","","","","Belgium","Anzegem","Vichteplaats 64","Heimtextil 2027","HEIMTEXTIL","3.1","","","Carpets & Rugs | Functional features","5","rugs","excluded","fibres, yarns and textile technology","","","","","","","",""
"BS Lamination Industries Private Limited","www.bsfabrics.com","admin@bsfabrics.com","","","India","Jhajjar","Plot No. 7A, Sector-7, METL City Street No-7,Yakubpur","Heimtextil 2027","HEIMTEXTIL","12.1","C46","yes","","0","rugs","review","rug export house, confirm it sells to end buyers and not only to importers","unreachable","","","","","<urlopen error [Errno -2] Name or service not known>","role inbox","Site did not respond, check it by hand before spending a credit"
"Caps Decor","","","","","India","Panipat","Plot 122 Sector 29, Part-1","Heimtextil 2027","HEIMTEXTIL","12.0","B19","yes","Smart Bedding | Carpets & Rugs","5","rugs","review","rug export house, confirm it sells to end buyers and not only to importers","no site","","","","","","","No website on file, so nothing for a visualiser to sit on. Skip"
"Chahat Export","","chahat@chahatexport.in","","+91 120 427 2091","India","Noida, UP","B - 56, Sector - 5","Heimtextil 2027","HEIMTEXTIL","12.0","D86","yes","","5","rugs","review","rug export house, confirm it sells to end buyers and not only to importers","no site","","","","","","other","No website on file, so nothing for a visualiser to sit on. Skip"
"CHAMPO CARPETS","www.champocarpets.com","champo@champocarpets.com","","+91 98393 80000","India","Sant Ravidas Nagar","Auri Road, Hari Rampur, Sant Ravidas Nagar","Heimtextil 2027","HEIMTEXTIL","11.0","B51","yes","","0","rugs","review","rug export house, confirm it sells to end buyers and not only to importers","yes","https://champoofficial.com/","no","consumer, sells online","","","other","No visualiser yet and sells direct to shoppers, so this is the full pitch rather than an upgrade"
"Chinar International","https://www.chinarinternational.com/","info@chinarinternational.com","","+91 98110 58696","India","Noida","C-153, Sector-63 Gautam Budh Nagar","Heimtextil 2027","HEIMTEXTIL","12.0","B74","yes","Carpets & Rugs","0","rugs","review","rug export house, confirm it sells to end buyers and not only to importers","yes","https://www.chinarinternational.com/","no","consumer, sells online","","","role inbox","No visualiser yet and sells direct to shoppers, so this is the full pitch rather than an upgrade"
"Choudhary Exports","www.choudharyexports.com","rugs@choudharyexports.com","","","India","Jaipur","D-12 Hanuman Nagar Vaishali Nagar","Heimtextil 2027","HEIMTEXTIL","11.0","B69","yes","Carpets & Rugs","5","rugs","review","rug export house, confirm it sells to end buyers and not only to importers","yes","https://www.choudharyexports.com","no","consumer, sells online","CHOUDHARY EXPORTS leading manufacturers and exporters of designer modern hand knotted and hand tufted rugs and carpets.","","other","No visualiser yet and sells direct to shoppers, so this is the full pitch rather than an upgrade"
"Classic Collection","","info@indianartgallery.in","","+91 73552 07570","India","Bhadohi, Sant Ravidas Nagar","Chauri Road Phase-1, Sector-A-E-1-5, Carpet City","Heimtextil 2027","HEIMTEXTIL","11.0","B68","yes","Carpets & Rugs","0","rugs","review","rug export house, confirm it sells to end buyers and not only to importers","no site","","","","","","role inbox","No website on file, so nothing for a visualiser to sit on. Skip"
"COIRFLEX ALAPPUZHA","","sales@coirflex.com","","","India","Ernakulam","P.b. No. 5, Pattanakkad, Chertala, Alappuzha","Heimtextil 2027","HEIMTEXTIL","12.1","B53","yes","","0","rugs","review","rug export house, confirm it sells to end buyers and not only to importers","no site","","","","","","role inbox","No website on file, so nothing for a visualiser to sit on. Skip"
"COMMA","","abha@comma.co.in","","","India","Gurugram","Dhudahera 134 Udyog Vihar Phase 1 Road","Heimtextil 2027","HEIMTEXTIL","11.0","A68","yes","","0","rugs","review","rug export house, confirm it sells to end buyers and not only to importers","no site","","","","","","other","No website on file, so nothing for a visualiser to sit on. Skip"
"Craftech International","www.craftechinternational.com","info@craftechinternational.com","","","India","Noida","Gautam Buddha Nagar G-254, Sector- 63","Heimtextil 2027","HEIMTEXTIL","12.1","C46","yes","","0","rugs","review","rug export house, confirm it sells to end buyers and not only to importers","unreachable","","","","","<urlopen error _ssl.c:999: The handshake operation timed out>","role inbox","Site did not respond, check it by hand before spending a credit"
"Craftex India Textiles LLP","www.craftexindia.com","anirudh@craftexindia.com","","+91 1251 271 605","India","Dist. Jhajjar Haryana","18 KM Bahadurgarh-Jhajjar Road,#SH 22 V.P.O. Kablana","Heimtextil 2027","HEIMTEXTIL","11.0","A90","yes","Bed, Bath & Living | Carpets & Rugs","5","rugs","review","rug export house, confirm it sells to end buyers and not only to importers","yes","https://www.craftexindia.com","no","consumer, sells online","","","other","No visualiser yet and sells direct to shoppers, so this is the full pitch rather than an upgrade"
"Creative Knots LLP","","","","","India","Bhadohi","Himmatpur Bakuchiya","Heimtextil 2027","HEIMTEXTIL","12.0","B24","yes","","1","rugs","review","rug export house, confirm it sells to end buyers and not only to importers","no site","","","","","","","No website on file, so nothing for a visualiser to sit on. Skip"
"Creative Weavers Global","www.creativeweavers.in","yogesh@creativeweavers.in","","","India","Panipat","Ground Floor, Plot No. 56, Sector-29, Part 1, Huda","Heimtextil 2027","HEIMTEXTIL","12.0","A89","yes","","5","rugs","review","rug export house, confirm it sells to end buyers and not only to importers","yes","https://www.creativeweavers.in","no","unclear","","","other","Live site but no catalogue, cart or contact route found, needs a look"
"DESIGN TEX","www.designtex.co.in","sarthak@designtex.co.in","","+91 95557 00002","India","Panipat","Plot No. 329, Sector 29, Part II, Huda","Heimtextil 2027","HEIMTEXTIL","8.0","","","Bed, Bath & Living | Carpets & Rugs","5","rugs","review","rug export house, confirm it sells to end buyers and not only to importers","yes","https://designtex.co.in/","no","consumer, sells online","Design Tex Manufacturer & exporter of Home textiles India","","other","No visualiser yet and sells direct to shoppers, so this is the full pitch rather than an upgrade"
"DHINGRA EXPORTS","www.dhingraexport.in","info@dhingraexport.in","","+91 97289 00036","India","Panipat","E-37 Old Industrial Area, Behind Hali Park","Heimtextil 2027","HEIMTEXTIL","8.0","","","Bed, Bath & Living | Carpets & Rugs","5","rugs","review","rug export house, confirm it sells to end buyers and not only to importers","yes","https://dhingraexport.in/","no","consumer, sells online","","","role inbox","No visualiser yet and sells direct to shoppers, so this is the full pitch rather than an upgrade"
"Dolphin Rubber Industries","www.dolphinrubbermat.com","renju@dolphinrubbermat.com","","+91 80866 88803","India","Kottayam","Poovanthuruthu P.O. 21 Dolphin Rubber Industries","Heimtextil 2027","HEIMTEXTIL","12.1","C54","yes","","0","rugs","review","rug export house, confirm it sells to end buyers and not only to importers","yes","https://www.dolphinrubbermat.com","no","consumer, sells online","Dolphin Rubber Industries has been a technological leader in manufacturing, supplying, and trading high quality rubber flooring products for more than three decades.","","other","No visualiser yet and sells direct to shoppers, so this is the full pitch rather than an upgrade"
"Dream Collections","www.dreamcollections.net","rachin@dreamcollections.net","","+91 98120 29977","India","Haryana","E-9 Old Industrial Area Panipat","Heimtextil 2027","HEIMTEXTIL","12.0","A68","yes","Bed, Bath & Living | Carpets & Rugs","5","rugs","review","rug export house, confirm it sells to end buyers and not only to importers","yes","https://www.dreamcollections.net","no","consumer, sells online","","","other","No visualiser yet and sells direct to shoppers, so this is the full pitch rather than an upgrade"
"Dream Home Carpets Pvt. Ltd.","www.dreamhomecarpets.com","ankur.gupta@dreamhomecarpets.com","","","India","Karnal","P.o. Kaimla, Tehsil Gh Village Alipur Khalsa, Khotpura Rd.","Heimtextil 2027","HEIMTEXTIL","11.0","B21","yes","","0","rugs","review","rug export house, confirm it sells to end buyers and not only to importers","yes","https://dreamhomecarpets.com/","no","consumer, sells online","Dream Home Carpets is a leading carpets manufacturer and exporter in Panipat India also well know name of a wide original handmade rugs manufactures/exporters in Panipat.","","first.last","No visualiser yet and sells direct to shoppers, so this is the full pitch rather than an upgrade"
"Dsant Living Private Limited","","deepak@dsantliving.com","","+91 90344 00006","India","Panipat","Tehsil Bhapoli Khasra No.23 Passina Kalan Road","Heimtextil 2027","HEIMTEXTIL","12.0","D50","yes","","2","rugs","review","rug export house, confirm it sells to end buyers and not only to importers","no site","","","","","","other","No website on file, so nothing for a visualiser to sit on. Skip"
"Euro-Tapis b.v.","www.eurotapis.com","info@eurotapis.be","","","Belgium","Waregem","Courtensstraat 1","Heimtextil 2027","HEIMTEXTIL","3.1","","","Carpets & Rugs","5","rugs","excluded","fibres, yarns and textile technology","","","","","","","",""
"Exmart International Pvt. Ltd.","www.exmartinternational.com","rajeshjain953@gmail.com","","+91 98100 69325","India","Noida","D-21 & 22 Epip, Kasna Gautam Budh Nagar","Heimtextil 2027","HEIMTEXTIL","12.0","A23","yes","Carpets & Rugs","4","rugs","review","rug export house, confirm it sells to end buyers and not only to importers","yes","https://www.exmartinternational.com","no","consumer, sells online","","","other","No visualiser yet and sells direct to shoppers, so this is the full pitch rather than an upgrade"
"FAB LIVING","","info@fabliving.co.in","","+91 98292 36811","India","Panipat","Dewana Road, Sewha Adjoining Radha Swami Satsang Hall","Heimtextil 2027","HEIMTEXTIL","12.0","E75","yes","Smart Bedding | Carpets & Rugs","4","rugs","review","rug export house, confirm it sells to end buyers and not only to importers","no site","","","","","","role inbox","No website on file, so nothing for a visualiser to sit on. Skip"
"Fiber N Loom Private Limited","www.fibernloom.com","info@fibernloom.com","","+91 91991 03339","India","Varanasi, Uttar Pradesh","Po - Bhullanpur, Manduadih Gopal Bagh, Bhelupur Pac","Heimtextil 2027","HEIMTEXTIL","12.0","B23","yes","Carpets & Rugs","5","rugs","review","rug export house, confirm it sells to end buyers and not only to importers","yes","https://www.fibernloom.com","no","catalogue only","","","role inbox","Publishes collections with a contact form as the only way in, which is the exact problem the email opens on. Audience unconfirmed"
"Fibre World","","neena@fibreworldindia.com","","+91 478 286 1287","India","Alleppey, Kerala","P.B. No. 4643, Cullen Road","Heimtextil 2027","HEIMTEXTIL","12.0","B36","yes","Carpets & Rugs","5","rugs","review","rug export house, confirm it sells to end buyers and not only to importers","no site","","","","","","other","No website on file, so nothing for a visualiser to sit on. Skip"
"Floor Arts","","flooraarts@gmail.com","","","India","Bhadohi","0, Kashipur, Daropur","Heimtextil 2027","HEIMTEXTIL","12.0","A14","yes","Carpets & Rugs","0","rugs","review","rug export house, confirm it sells to end buyers and not only to importers","no site","","","","","","other","No website on file, so nothing for a visualiser to sit on. Skip"
"Floor Decor","www.floordecor.in","rajmathew@floordecor.in","","+91 94474 82664","India","Thoothukudi","Theri Road 6/107w/1 Servaikaranmadam","Heimtextil 2027","HEIMTEXTIL","12.0","A10","yes","Carpets & Rugs","5","rugs","review","rug export house, confirm it sells to end buyers and not only to importers","yes","https://floordecor.in/","no","consumer, sells online","","","other","No visualiser yet and sells direct to shoppers, so this is the full pitch rather than an upgrade"
"Floor Gardens","www.floorgardens.com","siby@floorgardens.com","","","India","Alappuzha","Door No. 10, Kanichukulangara, Mayithara P.o., Cherthala","Heimtextil 2027","HEIMTEXTIL","12.0","A98","yes","","5","rugs","review","rug export house, confirm it sells to end buyers and not only to importers","yes","https://floorgardens.com/","no","consumer, sells online","","","other","No visualiser yet and sells direct to shoppers, so this is the full pitch rather than an upgrade"
"Flora International","","varun.jain@spjgroup.in","","+91 98120 35072","India","Panipat","Plot-17, Sector-25, Part-2, Huda","Heimtextil 2027","HEIMTEXTIL","12.0","C88","yes","Bed, Bath & Living | Carpets & Rugs","5","rugs","review","rug export house, confirm it sells to end buyers and not only to importers","no site","","","","","","first.last","No website on file, so nothing for a visualiser to sit on. Skip"
"Global Rug Company","www.globalrugcompany.com","info@globalrugcompany.com","","+91 87260 51782","India","Bhadohi","Mahboobpur By Pass Road Mehboobpur","Heimtextil 2027","HEIMTEXTIL","12.0","A45","yes","Carpets & Rugs","5","rugs","review","rug export house, confirm it sells to end buyers and not only to importers","yes","https://globalrugcompany.com/","no","unclear","We are rug manufacturer specialize in making hand loomed, hand tufted, shaggy, and hand knotted styles with array of techniques.","","role inbox","Live site but no catalogue, cart or contact route found, needs a look"
"Goel Carpets And Handicrafts","","","","","India","Agra","20/121, Jamuna Kinara Rd","Heimtextil 2027","HEIMTEXTIL","12.0","A16","yes","Carpets & Rugs","0","rugs","review","rug export house, confirm it sells to end buyers and not only to importers","no site","","","","","","","No website on file, so nothing for a visualiser to sit on. Skip"
"Gokal Exports","","","","","India","Panipat","65 Street No. 6, Des Raj Colony","Heimtextil 2027","HEIMTEXTIL","12.0","A51","yes","Bed, Bath & Living | Carpets & Rugs","5","rugs","review","rug export house, confirm it sells to end buyers and not only to importers","no site","","","","","","","No website on file, so nothing for a visualiser to sit on. Skip"
"Gold Berry","www.rugsbygoldberry.com","info@rugsbygoldberry.com","","+91 95607 00035","India","New Delhi","294 Paschim Vihar Extension 1st Floor","Heimtextil 2027","HEIMTEXTIL","12.0","A76","yes","Carpets & Rugs","0","rugs","review","rug export house, confirm it sells to end buyers and not only to importers","yes","https://www.rugsbygoldberry.com","no","catalogue only","","","role inbox","Publishes collections with a contact form as the only way in, which is the exact problem the email opens on. Audience unconfirmed"
"Golden Coir Tufts","www.goldencoirtufts.com","chandru@goldencoirtufts.com","","+91 96555 09697","India","Coimbatore","Akilandapuram Post, Pollachi SF No: 57/1A1, Singanallur","Heimtextil 2027","HEIMTEXTIL","12.0","B16","yes","Carpets & Rugs","5","rugs","review","rug export house, confirm it sells to end buyers and not only to importers","yes","https://www.goldencoirtufts.com","no","catalogue only","Private-label Coir, Rubber and Hybrid Doormats—manufactured at scale in India.","","other","Publishes collections with a contact form as the only way in, which is the exact problem the email opens on. Audience unconfirmed"
"Great Eastern Processors Private Limited","https://greateasternprocessors.com","sopan@greateasternprocessors.com","","+91 98023 00019","India","Panipat","Plot No. 19, Risalu Road","Heimtextil 2027","HEIMTEXTIL","12.0","C45","yes","Bed, Bath & Living | Carpets & Rugs","0","rugs","review","rug export house, confirm it sells to end buyers and not only to importers","yes","https://greateasternprocessors.com","no","consumer, sells online","","","other","No visualiser yet and sells direct to shoppers, so this is the full pitch rather than an upgrade"
"Gupta Creations","","raman@guptacreations.co.in","","+91 90348 67029","India","Panipat","No. 37, Sec-12, Huda, G.T. Road","Heimtextil 2027","HEIMTEXTIL","12.0","E87","yes","Smart Bedding | Carpets & Rugs","5","rugs","review","rug export house, confirm it sells to end buyers and not only to importers","no site","","","","","","other","No website on file, so nothing for a visualiser to sit on. Skip"
"Gupta International","www.guptainternational.com","rajeshgupta@guptainternational.com","","+91 98961 11666","India","Panipat","Pasina Khurd Road, Village Siwah","Heimtextil 2027","HEIMTEXTIL","8.0","","","Bed, Bath & Living | Carpets & Rugs","5","rugs","review","rug export house, confirm it sells to end buyers and not only to importers","unreachable","","","","","<urlopen error [SSL: CERTIFICATE_VERIFY_FAILED] certificate verify fai","other","Site did not respond, check it by hand before spending a credit"
"Hafizia Art and Crafts Private Limited","www.hafizia.com","umair@hafizia.com","","+91 5862 270 498","India","Sitapur","785, Pakka Bagh, Old City","Heimtextil 2027","HEIMTEXTIL","11.0","B40","yes","Carpets & Rugs","5","rugs","review","rug export house, confirm it sells to end buyers and not only to importers","yes","https://www.hafizia.com","no","trade portal, gated","","","other","Catalogue sits behind a dealer login, so the visitor is a dealer rather than a buyer"
"Hangzhou Window Ease Deco Co., Ltd.","","","","","China","Hangzhou Zhejiang","Buliding 1, No. 292, Qianhuang Luomu Village, Yiqiao Town, Xiaoshan","Heimtextil 2027","HEIMTEXTIL","12.1","D28","yes","","0","rugs","review","rug export house, confirm it sells to end buyers and not only to importers","no site","","","","","","","No website on file, so nothing for a visualiser to sit on. Skip"
"Hanse Home Collection GmbH","www.hanse-home.com","info@hanse-home.com","","+49 4121 8301640","Germany","Elmshorn","Max-Planck-Str. 10","Heimtextil 2027","HEIMTEXTIL","3.1","","","Carpets & Rugs","5","rugs","excluded","fibres, yarns and textile technology","","","","","","","",""
"Hanu Home-Tex India","hanuhome.com","hanu@hanuhome.com","","","India","Panipat","E-2417 Ansal Sushant City","Heimtextil 2027","HEIMTEXTIL","12.0","E28","yes","","5","rugs","review","rug export house, confirm it sells to end buyers and not only to importers","unreachable","","","","","<urlopen error [Errno 104] Connection reset by peer>","other","Site did not respond, check it by hand before spending a credit"
"Harish International","www.harishinternational.com","harish@harishinternational.com","","+91 95809 29696","India","Bhadohi","Civil Lines Power House Road","Heimtextil 2027","HEIMTEXTIL","12.0","B30","yes","Carpets & Rugs","0","rugs","review","rug export house, confirm it sells to end buyers and not only to importers","unreachable","","","","","HTTP Error 404: Not Found","other","Site did not respond, check it by hand before spending a credit"
"Heritage Overseas","www.heritageoverseas.in","mail@heritageoverseas.in","","+91 94160 16889","India","Panipat","Plot No. 659, Sec 29 (Part II), Huda","Heimtextil 2027","HEIMTEXTIL","11.0","B10","yes","Carpets & Rugs","5","rugs","review","rug export house, confirm it sells to end buyers and not only to importers","yes","https://www.heritageoverseas.in","no","unclear","","","role inbox","Live site but no catalogue, cart or contact route found, needs a look"
"Himalaya Concepts","www.himalayaconcepts.com","ashish@himalayaconcepts.com","","+91 98398 25000","India","Bhadohi","Jamunipur Colony, Hig\ii Plot 5\12","Heimtextil 2027","HEIMTEXTIL","11.0","B80","yes","","0","rugs","review","rug export house, confirm it sells to end buyers and not only to importers","yes","https://himalayaconcepts.com/","no","consumer, sells online","We are India's leading export firm from Bhadohi specialising in manufacture and export of all types of hand knotted, hand tufted, handloom rugs and carpets.","","other","No visualiser yet and sells direct to shoppers, so this is the full pitch rather than an upgrade"
"Hofmann Handtuft-Technik GmbH","www.hofmann-handtuft.de","info@hofmann-handtuft.de","","+49 9081 29270","Germany","Nördlingen","An der Lach 27","Heimtextil 2027","HEIMTEXTIL","3.1","","","Textile Technology | Carpets & Rugs","5","rugs","excluded","fibres, yarns and textile technology","","","","","","","",""
"Home And Floor","www.homeandfloor.in","export@homeandfloor.in","","","India","Panipat","Street No. 2, Sanjay Colony Sugar Mill, Post Office","Heimtextil 2027","HEIMTEXTIL","12.0","A92","yes","","4","rugs","review","rug export house, confirm it sells to end buyers and not only to importers","yes","https://www.homeandfloor.in","no","unclear","","","role inbox","Live site but no catalogue, cart or contact route found, needs a look"
"Home Creations","www.homecreations.in","home@homecreations.in","","+91 98711 95556","India","Noida","Gautham Budh Nagar B-72, Sector-57","Heimtextil 2027","HEIMTEXTIL","12.0","A75","yes","Bed, Bath & Living | Carpets & Rugs","5","rugs","review","rug export house, confirm it sells to end buyers and not only to importers","yes","https://homecreations.in/","no","catalogue only","","","other","Publishes collections with a contact form as the only way in, which is the exact problem the email opens on. Audience unconfirmed"
"Home Flooring & Decor Pvt Ltd","www.rizwanexporthouse.com","habib@hfdrugs.com","","","India","Bhadohi","Puregulab, Gopiganj","Heimtextil 2027","HEIMTEXTIL","12.0","B45","yes","Carpets & Rugs","0","rugs","review","rug export house, confirm it sells to end buyers and not only to importers","unreachable","","","","","<urlopen error [Errno -2] Name or service not known>","other","Site did not respond, check it by hand before spending a credit"
"Home Rugs Creation","","","","","India","Panipat","18/8/2-9/1-19/2/1 Home Rugs Creation, Mohit Nagar Barsat Road","Heimtextil 2027","HEIMTEXTIL","12.0","D74","yes","Bed, Bath & Living | Carpets & Rugs","5","rugs","review","rug export house, confirm it sells to end buyers and not only to importers","no site","","","","","","","No website on file, so nothing for a visualiser to sit on. Skip"
"House of Incas","www.houseofincas.com","hoi@incas-group.com","","+91 98110 31860","India","New Delhi","X-8, Okhla Phase II","Heimtextil 2027","HEIMTEXTIL","11.0","A56","yes","","1","rugs","review","rug export house, confirm it sells to end buyers and not only to importers","unreachable","","","","","HTTP Error 429: Too Many Requests","other","Site did not respond, check it by hand before spending a credit"
"House of Looms","","","","","India","Bhadohi","Civil Lines Road, Power House","Heimtextil 2027","HEIMTEXTIL","12.0","B32","yes","","0","rugs","review","rug export house, confirm it sells to end buyers and not only to importers","no site","","","","","","","No website on file, so nothing for a visualiser to sit on. Skip"
"HOUSE OF RUGGEN","www.ruggen.in","info@ruggen.in","","+91 70607 69129","India","Bhadohi","","Heimtextil 2027","HEIMTEXTIL","12.0","A69","yes","Carpets & Rugs","0","rugs","review","rug export house, confirm it sells to end buyers and not only to importers","unreachable","","","","","HTTP Error 429: Too Many Requests","role inbox","Site did not respond, check it by hand before spending a credit"
"ILA HOME FASHIONS","www.ilahomefashions.com","devesh@ilahome.com","","+91 180 264 9540","India","Panipat","2Km Mile Stone, Near Karnal Octroi Post G.T. Road","Heimtextil 2027","HEIMTEXTIL","11.0","C91","yes","","0","rugs","review","rug export house, confirm it sells to end buyers and not only to importers","unreachable","","","","","timed out","other","Site did not respond, check it by hand before spending a credit"
"Indian Art Gallery","","suhail@indianartgallery.in","","+91 94152 01423","India","Bhadohi, Uttar Pradesh","Chauri Road Carpet City","Heimtextil 2027","HEIMTEXTIL","11.0","B60","yes","Carpets & Rugs","5","rugs","review","rug export house, confirm it sells to end buyers and not only to importers","no site","","","","","","other","No website on file, so nothing for a visualiser to sit on. Skip"
"Indian Carpet Centre","www.icchomes.com","info@icchomes.com","","+91 93120 55162","India","New Delhi","Adhchini 3A Sri Aurobindo Marg, New Delhi","Heimtextil 2027","HEIMTEXTIL","12.0","B75","yes","Carpets & Rugs","4","rugs","review","rug export house, confirm it sells to end buyers and not only to importers","yes","https://icchomes.com/","no","consumer, sells online","Quality rugs delivered fast","","role inbox","No visualiser yet and sells direct to shoppers, so this is the full pitch rather than an upgrade"
"Indian Cornucopia Lifestyle","","","","+91 11 4165 5227","India","New Delhi","F-24 Okhla Industrial Area Phase - 1","Heimtextil 2027","HEIMTEXTIL","11.0","C90","yes","","0","rugs","review","rug export house, confirm it sells to end buyers and not only to importers","no site","","","","","","","No website on file, so nothing for a visualiser to sit on. Skip"
"Inertia International","inertia.sales1@gmail.com","arvind@inertiaintl.com","","","India","Noida","A-30 Sector-65, Gautam Buddha Nagar","Heimtextil 2027","HEIMTEXTIL","12.0","C71","yes","","0","rugs","review","rug export house, confirm it sells to end buyers and not only to importers","unreachable","","","","","<urlopen error [Errno -2] Name or service not known>","other","Site did not respond, check it by hand before spending a credit"
"Innovative Design International","","bilal@design2100int.com","","+91 98110 81645","India","Noida","Block C, C-131 Hosiery Complex Road, Salapur Khadar, Phase-2 Gautam Budh Nagar","Heimtextil 2027","HEIMTEXTIL","12.0","D59","yes","","0","rugs","review","rug export house, confirm it sells to end buyers and not only to importers","no site","","","","","","other","No website on file, so nothing for a visualiser to sit on. Skip"
"Innovd (Shanghai) Industry Co., Ltd.","","","","","China","Shanghai","Room A-230, Building 1, No.1758 Luchaogang Road Lingang NewArea Pilot Free Trade Zone","Heimtextil 2027","HEIMTEXTIL","12.1","C11A","yes","","0","rugs","review","rug export house, confirm it sells to end buyers and not only to importers","no site","","","","","","","No website on file, so nothing for a visualiser to sit on. Skip"
"J I International","","","","","India","New Delhi","F 160 Lajpat Nagar 1","Heimtextil 2027","HEIMTEXTIL","11.0","B91","yes","","5","rugs","review","rug export house, confirm it sells to end buyers and not only to importers","no site","","","","","","","No website on file, so nothing for a visualiser to sit on. Skip"
"J. R. Exports Pvt Ltd","www.jr-india.com","jrvns@jr-india.com","","+91 98390 58300","India","Varanasi","B-37/54-20 Girinagar Colony","Heimtextil 2027","HEIMTEXTIL","12.0","B48","yes","Carpets & Rugs","0","rugs","review","rug export house, confirm it sells to end buyers and not only to importers","yes","https://www.jr-india.com","no","unclear","","","other","Live site but no catalogue, cart or contact route found, needs a look"
"Jaipur Rugs Company Limited","www.jaipurrugsco.com","jaipur@jaipurrugs.com","","+91 88249 00646","India","Jaipur","G-250 Mansarovar Ind. Area","Heimtextil 2027","HEIMTEXTIL","11.0","B11","yes","","0","rugs","review","rug export house, confirm it sells to end buyers and not only to importers","unreachable","","","","","got more than 100 headers","other","Site did not respond, check it by hand before spending a credit"
"JAMILA ARTS","www.jamilaarts.com","sales@jamilaarts.com","","+91 98390 34600","India","Bhadohi","E3, Plot No.01 & 02, Carpet City Bida","Heimtextil 2027","HEIMTEXTIL","12.0","B76","yes","Carpets & Rugs","0","rugs","review","rug export house, confirm it sells to end buyers and not only to importers","yes","https://www.jamilaarts.com","no","unclear","","","role inbox","Live site but no catalogue, cart or contact route found, needs a look"
"JC International","","documents@jcinternational.co.in","","+91 120 423 5940","India","Noida","J-64, Sector -63 Guttam Buddhnagar","Heimtextil 2027","HEIMTEXTIL","12.0","E64","yes","","0","rugs","review","rug export house, confirm it sells to end buyers and not only to importers","no site","","","","","","other","No website on file, so nothing for a visualiser to sit on. Skip"
"Kaaha Overseas","www.kaahaoverseas.com","","","+91 99915 00010","India","Panipat","Plot No-88 Sector-25 Part-1 Huda","Heimtextil 2027","HEIMTEXTIL","12.0","E79","yes","Decorative & Furniture Fabrics | Carpets & Rugs","5","rugs","review","rug export house, confirm it sells to end buyers and not only to importers","yes","https://www.kaahaoverseas.com","no","consumer, sells online","","","","No visualiser yet and sells direct to shoppers, so this is the full pitch rather than an upgrade"
"Kabra Exports","www.kabraexports.com","kabra@kabraexports.com","","","India","Greater Noida","D-191 Export Promotion Industrial Area Gautambudh Nagar","Heimtextil 2027","HEIMTEXTIL","12.0","C41","yes","","1","rugs","review","rug export house, confirm it sells to end buyers and not only to importers","yes","https://www.kabraexports.com","no","consumer, sells online","WHY CHOOSE US","","other","No visualiser yet and sells direct to shoppers, so this is the full pitch rather than an upgrade"
"Kansal International","","kansalinternational01@gmail.com","","+91 98120 10137","India","Panipat","Plot No. 124 Kansal International Sec-29, Part-1, Huda","Heimtextil 2027","HEIMTEXTIL","12.0","B21","yes","Bed, Bath & Living | Carpets & Rugs","5","rugs","review","rug export house, confirm it sells to end buyers and not only to importers","no site","","","","","","other","No website on file, so nothing for a visualiser to sit on. Skip"
"KARAN EXPORTS","www.karanexports.com","","","","India","Agra","25/6 Old Vijay Nagar Colony","Heimtextil 2027","HEIMTEXTIL","11.0","A71","yes","Carpets & Rugs","0","rugs","review","rug export house, confirm it sells to end buyers and not only to importers","yes","https://www.karanexports.com","no","unclear","","","","Live site but no catalogue, cart or contact route found, needs a look"
"Karupannya Rangpur Ltd.","www.karupannya.com.bd","selim@karupannya.com.bd","","","Bangladesh","Rangpur","Station Road","Heimtextil 2027","HEIMTEXTIL","12.0","C63","yes","Carpets & Rugs","5","rugs","review","rug export house, confirm it sells to end buyers and not only to importers","yes","https://karupannya.com.bd/","no","catalogue only","Karupannya Rangpur Ltd","","other","Publishes collections with a contact form as the only way in, which is the exact problem the email opens on. Audience unconfirmed"
"Kav Exports","www.kavexports.in","sanjivekhanna@yahoo.com","","+91 93357 38155","India","Bhadohi","Khannapur 36 Civil Lines Road","Heimtextil 2027","HEIMTEXTIL","11.0","A41","yes","Carpets & Rugs","5","rugs","review","rug export house, confirm it sells to end buyers and not only to importers","yes","http://kavexports.in/","no","consumer, sells online","","","other","No visualiser yet and sells direct to shoppers, so this is the full pitch rather than an upgrade"
"KAV Global","","khanna.shrey20@gmail.com","","+91 99560 61491","India","Bhadohi","Civil Lines 36 Power House Road","Heimtextil 2027","HEIMTEXTIL","11.0","A49","yes","Carpets & Rugs","3","rugs","review","rug export house, confirm it sells to end buyers and not only to importers","no site","","","","","","other","No website on file, so nothing for a visualiser to sit on. Skip"
"Kaysons Exports","","info@achalamit.in","","","India","Agra","105 Nehru Nagar","Heimtextil 2027","HEIMTEXTIL","11.0","A79","yes","Bed, Bath & Living | Carpets & Rugs","5","rugs","review","rug export house, confirm it sells to end buyers and not only to importers","no site","","","","","","role inbox","No website on file, so nothing for a visualiser to sit on. Skip"
"Khanna Carpet Collection","","","","","India","Bhadohi","Khannapuri, Civil Lines Road","Heimtextil 2027","HEIMTEXTIL","11.0","A10","yes","Carpets & Rugs","0","rugs","review","rug export house, confirm it sells to end buyers and not only to importers","no site","","","","","","","No website on file, so nothing for a visualiser to sit on. Skip"
"Khataiwalas Textiles & Home Furnishings","www.khataiwalas.com","khataiwalas@hotmail.com","","+91 98290 53612","India","Jaipur, Rajasthan","Tonk Road G1-271, Sitapura Industrial Area","Heimtextil 2027","HEIMTEXTIL","12.0","C64","yes","","0","rugs","review","rug export house, confirm it sells to end buyers and not only to importers","yes","https://www.khataiwalas.com","no","unclear","Coming Soon... We are still working on it.","","other","Live site but no catalogue, cart or contact route found, needs a look"
"Khyber Weavers International","www.khyberweavers.com","info@khyberweavers.com","","+92 300 8419170","Pakistan","Kasur","17-K M, Ferozepur Road, Near Wadana Stop, Kasur","Heimtextil 2027","HEIMTEXTIL","11.0","A18","yes","","0","rugs","review","rug export house, confirm it sells to end buyers and not only to importers","yes","https://www.khyberweavers.com","no","consumer, sells online","Discover finest hand-knotted carpets and custom-made kilims at Khyber Weavers, Pakistan's leading exporter of artisanal craftsmanship.","","role inbox","No visualiser yet and sells direct to shoppers, so this is the full pitch rather than an upgrade"
"King Yarn","www.nirayatk.in","info@niryatak.in","","+91 99355 84477","India","Kanpur Nagar","O Block 133/23 Kidwai Nagar","Heimtextil 2027","HEIMTEXTIL","12.0","B79","yes","Carpets & Rugs","5","rugs","review","rug export house, confirm it sells to end buyers and not only to importers","unreachable","","","","","<urlopen error [Errno -2] Name or service not known>","role inbox","Site did not respond, check it by hand before spending a credit"
"Kohinoor Carpet","www.kohinoorcarpets.in","chhaya@kohinoorcarpet.in","","","India","Panipat","Tehsil Camp 283 Subhash Nagar, G.T. Road","Heimtextil 2027","HEIMTEXTIL","12.0","C48","yes","","0","rugs","review","rug export house, confirm it sells to end buyers and not only to importers","yes","https://www.kohinoorcarpets.in","no","catalogue only","","","other","Publishes collections with a contact form as the only way in, which is the exact problem the email opens on. Audience unconfirmed"
"Kresta loom Pvt., Ltd.","","director@krestaloom.com","","","India","Noida","First floor, B-77, Sector -67 Gautam Buddha Nagar","Heimtextil 2027","HEIMTEXTIL","12.1","C46","yes","","0","rugs","review","rug export house, confirm it sells to end buyers and not only to importers","no site","","","","","","other","No website on file, so nothing for a visualiser to sit on. Skip"
"Krishna Sales Corporation","www.krishnacorp.com","","","","India","Hathras","B 3 4 5, Industrial Estate","Heimtextil 2027","HEIMTEXTIL","12.0","D31","yes","","0","rugs","review","rug export house, confirm it sells to end buyers and not only to importers","yes","https://krishnacorp.com/","no","consumer, sells online","","","","No visualiser yet and sells direct to shoppers, so this is the full pitch rather than an upgrade"
"Lakshmi Handicrafts","www.crewelleather.com","upiplani@crewelleather.com","","+91 124 428 4000","India","Gurgaon","37-B, Udyog Vihar Phase VI","Heimtextil 2027","HEIMTEXTIL","11.0","D70","yes","","5","rugs","review","rug export house, confirm it sells to end buyers and not only to importers","yes","https://www.crewelleather.com","no","unclear","","","other","Live site but no catalogue, cart or contact route found, needs a look"
"Lalee OHG","www.lalee.de","info@lalee.de","","+49 2421 555900","Germany","Düren","Am Langen Graben 28b","Heimtextil 2027","HEIMTEXTIL","3.1","","","Bed, Bath & Living | Carpets & Rugs","5","rugs","excluded","fibres, yarns and textile technology","","","","","","","",""
"Leo Rugs","https://leorugs.com/","a.hamed@leorugsco.com","","+20 100 177 6680","Egypt","10th of Ramadan","Plot 6, between A1 & A6, Industrial Zone","Heimtextil 2027","HEIMTEXTIL","3.1","","","Carpets & Rugs","5","rugs","excluded","fibres, yarns and textile technology","","","","","","","",""
"Looms & Knots","www.loomsnknots.com","ashish@loomsnknots.com","","+91 90530 02501","India","Karnal","Tehsil Gharaunda, Alipur Khalsa Khasra No. 37/18,19/1,19/2,20/1","Heimtextil 2027","HEIMTEXTIL","12.0","B87","yes","Carpets & Rugs","4","rugs","review","rug export house, confirm it sells to end buyers and not only to importers","yes","https://www.loomsnknots.com","no","catalogue only","","","other","Publishes collections with a contact form as the only way in, which is the exact problem the email opens on. Audience unconfirmed"
"M/S Elite Home Decor","","avanish@elitehomedecor.co.in","","+91 98991 71694","India","Gautam Budh Nagar","B - 94 Sector - 67","Heimtextil 2027","HEIMTEXTIL","12.0","C89","yes","","4","rugs","review","rug export house, confirm it sells to end buyers and not only to importers","no site","","","","","","other","No website on file, so nothing for a visualiser to sit on. Skip"
"Maa Collections","www.maacollections.com","info@maacollections.com","","","India","Panipat","Plot No. 123, Sec-29, Part-1, Huda Haryana","Heimtextil 2027","HEIMTEXTIL","12.0","B17","yes","Bed, Bath & Living | Carpets & Rugs","5","rugs","review","rug export house, confirm it sells to end buyers and not only to importers","yes","https://maacollections.com/","no","consumer, sells online","We are leading rugs exporters manufacturers in Panipat India provide all types of rugs along with home textile and floorings products as we are manufacturer of such products.","","role inbox","No visualiser yet and sells direct to shoppers, so this is the full pitch rather than an upgrade"
"Mac Carpet","www.maccarpet.com","info@maccarpet.com","","+20 55 4499250","Egypt","10th of Ramadan City, Sharkia","Industrial Zone B1-B3","Heimtextil 2027","HEIMTEXTIL","3.1","","","Bed, Bath & Living | Carpets & Rugs","5","rugs","excluded","fibres, yarns and textile technology","","","","","","","",""
"MATS n MORE","www.matsnmore.in","pramod@matsnmore.in","","","India","Alleppey","IV/446A, Valavanadu, Pollathtai P.O.","Heimtextil 2027","HEIMTEXTIL","12.0","B64","yes","","5","rugs","review","rug export house, confirm it sells to end buyers and not only to importers","yes","http://www.matsnmore.in","no","unclear","","","other","Live site but no catalogue, cart or contact route found, needs a look"
"Maurya International","www.mauryainternational.com","akshat@mauryainternational.com","","+91 90513 44440","India","Bhadohi","Civil Lines, Pakri","Heimtextil 2027","HEIMTEXTIL","12.0","B38","yes","Carpets & Rugs","4","rugs","review","rug export house, confirm it sells to end buyers and not only to importers","yes","https://mauryainternational.com/","no","catalogue only","Welcome to a legacy of timeless masterpieces.","","other","Publishes collections with a contact form as the only way in, which is the exact problem the email opens on. Audience unconfirmed"
"Meghna International LLP","","tarun@meghnaexport.com","","+91 98122 00060","India","Panipat","Plot# 769, Sector 29, Part-2 Huda Industrial Area","Heimtextil 2027","HEIMTEXTIL","12.0","C74","yes","","0","rugs","review","rug export house, confirm it sells to end buyers and not only to importers","no site","","","","","","other","No website on file, so nothing for a visualiser to sit on. Skip"
"Millennia Looms Private Limited","","info@rkscarpets.com","","+91 76079 48090","India","Bhadohi","Opposite Carpet City Bhadohi Varana c/o Rupesh Kumar & Sons Sant Ravidas Nagar","Heimtextil 2027","HEIMTEXTIL","11.0","A61","yes","","0","rugs","review","rug export house, confirm it sells to end buyers and not only to importers","no site","","","","","","role inbox","No website on file, so nothing for a visualiser to sit on. Skip"
"Momina Rugs","www.mominarugs.com","ra@mominarugs.com","","+91 98390 34600","India","Bhadohi","E1, Plot No.181 -185 And E3, 3-7, Carpet City, Bida","Heimtextil 2027","HEIMTEXTIL","12.0","B78","yes","Carpets & Rugs","0","rugs","review","rug export house, confirm it sells to end buyers and not only to importers","yes","https://www.mominarugs.com","no","unclear","","","other","Live site but no catalogue, cart or contact route found, needs a look"
"Moralis Sophie Greta","","","","","Belgium","De Haan","Tramlijn-Oost 3","Heimtextil 2027","HEIMTEXTIL","3.1","","","Carpets & Rugs","5","rugs","excluded","fibres, yarns and textile technology","","","","","","","",""
"My Home Collections Pvt. Ltd.","www.myhomecollections.com","info@myhomecollections.com","","+91 120 432 0911","India","Noida","B-205A, Phase-II Gautambuddha Nagar","Heimtextil 2027","HEIMTEXTIL","8.0","","","Smart Bedding | Bed, Bath & Living | Carpets & Rugs","3","rugs","review","rug export house, confirm it sells to end buyers and not only to importers","yes","https://www.myhomecollections.com","no","catalogue only","","","role inbox","Publishes collections with a contact form as the only way in, which is the exact problem the email opens on. Audience unconfirmed"
"N. C. John & Sons Pvt Ltd","www.ncjohn.com","shammi@ncjohn.com","","+91 94470 33255","India","Alappuzha, Kerala","W-16/329, Vazhicherry","Heimtextil 2027","HEIMTEXTIL","12.0","B86","yes","","0","rugs","review","rug export house, confirm it sells to end buyers and not only to importers","yes","https://ncjohn.com/","no","consumer, sells online","Our company was started by Late Mr. N.C.John. The company has now emerged as an integrated floor covering manufacturer with customers in more than 35 countries.","","other","No visualiser yet and sells direct to shoppers, so this is the full pitch rather than an upgrade"
"Nangong Jiashuo Fur Co., Ltd.","https://shop1430153730412.1688.com","zhaowenxi@jiashuofur.com","","","China","Xingtai Hebei","Nangong Economic Development Zone","Heimtextil 2027","HEIMTEXTIL","8.0","","","Carpets & Rugs","1","rugs","review","rug export house, confirm it sells to end buyers and not only to importers","yes","https://shop1430153730412.1688.com","no","unclear","","","other","Live site but no catalogue, cart or contact route found, needs a look"
"National Jute Board","jute.com","jute@njbindia.in","","","India","Kolkata","175, Action Area-I, Newtown Patsan Bhawan, 5th & 6th Floor, CF- 6/1 Street","Heimtextil 2027","HEIMTEXTIL","12.1","C52","yes","","0","rugs","review","rug export house, confirm it sells to end buyers and not only to importers","unreachable","","","","","timed out","other","Site did not respond, check it by hand before spending a credit"
"Natural Fibre Exports","","","","","India","Bhadohi","1103, Gyanpur, Sant Ravidas Nagar","Heimtextil 2027","HEIMTEXTIL","12.0","A40","yes","Carpets & Rugs","0","rugs","review","rug export house, confirm it sells to end buyers and not only to importers","no site","","","","","","","No website on file, so nothing for a visualiser to sit on. Skip"
"Navkar Home","www.navkarhome.com","info@navkarhome.com","","+91 94142 17811","India","Bikaner","A-286, IGC Khara Bikaner","Heimtextil 2027","HEIMTEXTIL","12.0","E71","yes","Carpets & Rugs","7","rugs","review","rug export house, confirm it sells to end buyers and not only to importers","yes","http://www.navkarhome.com/cgi-sys/suspendedpage.cgi","no","unclear","","","role inbox","Live site but no catalogue, cart or contact route found, needs a look"
"Neriah Industria","","","","","India","Kottayam","Kurichy P.O. XVII-630/A, Neriathara Building","Heimtextil 2027","HEIMTEXTIL","12.1","B59","yes","","0","rugs","review","rug export house, confirm it sells to end buyers and not only to importers","no site","","","","","","","No website on file, so nothing for a visualiser to sit on. Skip"
"Ningbo Y.F Import & Export Co., Ltd.","www.ningbo-hometextiles.com","vivian.ye@greendown.net","","+86 574 8764 2087","China","Ningbo Zhejiang","7th Floor, the Bund Building, 132 Renmin Road, Jiangbei","Heimtextil 2027","HEIMTEXTIL","12.0","D62","yes","","5","rugs","review","rug export house, confirm it sells to end buyers and not only to importers","yes","https://www.ningbo-hometextiles.com","no","catalogue only","Ningbo Home Textiles","","first.last","Publishes collections with a contact form as the only way in, which is the exact problem the email opens on. Audience unconfirmed"
"Nipun International","","raman@guptacreations.co.in","","+91 90348 67029","India","Panipat","Adjoining Sec 29, Opp. Bbmb, Near G.T. Road","Heimtextil 2027","HEIMTEXTIL","12.0","E85","yes","","0","rugs","review","rug export house, confirm it sells to end buyers and not only to importers","no site","","","","","","other","No website on file, so nothing for a visualiser to sit on. Skip"
"Nirmal International","www.nirmalintl.com","nirmal@nirmalintl.com","","+91 98122 38919","India","Panipat","Near Panipat Toll Plaza . M.A.S.D. Public School Road","Heimtextil 2027","HEIMTEXTIL","12.0","B98","yes","Carpets & Rugs","5","rugs","review","rug export house, confirm it sells to end buyers and not only to importers","yes","http://www.nirmalintl.com","no","unclear","Future home of something quite cool.","","other","Live site but no catalogue, cart or contact route found, needs a look"
"Niryatak Handloom Cooperative Socieity Ltd","www.niryatak.in","info@niryatak.in","","+91 99355 84477","India","Kanpur","35-A, Shujat Ganj Kanpur Nagar","Heimtextil 2027","HEIMTEXTIL","12.0","B81","yes","Carpets & Rugs","5","rugs","review","rug export house, confirm it sells to end buyers and not only to importers","yes","https://www.niryatak.in","no","catalogue only","Discover handcrafted Indian rugs, carpets, poufs and home textiles made with traditional artistry and modern elegance. Niryatak Handloom brings premium craftsmanship to every space.","","role inbox","Publishes collections with a contact form as the only way in, which is the exact problem the email opens on. Audience unconfirmed"
"Oriental Art Covers","www.orientalartcovers.com","covers72@gmail.com","","+91 93356 79936","India","Bhadohi","Daropur, Kashipur Post Box No 187","Heimtextil 2027","HEIMTEXTIL","12.0","A55","yes","","0","rugs","review","rug export house, confirm it sells to end buyers and not only to importers","unreachable","","","","","<urlopen error [Errno -2] Name or service not known>","other","Site did not respond, check it by hand before spending a credit"
"Oriental Weavers Carpets Factory","www.orientalweavers.com","owc@orientalweavers.com","","+20 2 2672121","Egypt","Cairo","El Shaeed Zakaria Khalil Str. 8","Heimtextil 2027","HEIMTEXTIL","3.1","","","Carpets & Rugs","5","rugs","excluded","fibres, yarns and textile technology","","","","","","","",""
"Paliwal Home Furnishings","","parth@paliwalhomefurnishings.com","","+91 98120 61623","India","Panipat, Haryana","185, Sector 25, Part-2, Huda","Heimtextil 2027","HEIMTEXTIL","11.0","C29","yes","Bed, Bath & Living | Carpets & Rugs","5","rugs","review","rug export house, confirm it sells to end buyers and not only to importers","no site","","","","","","other","No website on file, so nothing for a visualiser to sit on. Skip"
"Palm Fibre (India) Private Limited","","palm@palmfibreindia.com","","+91 477 225 8172","India","Fort Cochin","Ernakulam Calvethy Road","Heimtextil 2027","HEIMTEXTIL","11.0","B30","yes","","0","rugs","excluded","gate 2, wrong medium: fibres, yarns, raw material (Fibre)","","","","","","","",""
"Panache (India) International","www.houseofpanache.in","info@panacheintl.in","","+91 98106 19905","India","Moradabad","Village-Dhanupura Opp. CNG Station, Delhi Road","Heimtextil 2027","HEIMTEXTIL","11.0","C21","yes","","0","rugs","review","rug export house, confirm it sells to end buyers and not only to importers","unreachable","","","","","HTTP Error 500: Internal Server Error","role inbox","Site did not respond, check it by hand before spending a credit"
"Pardeep Exports","www.pardeepexports.com","info@pardeepexports.com","","","India","Huda, Panipat","Plot No. 50-P, Sector 29 Part-2","Heimtextil 2027","HEIMTEXTIL","12.0","C62","yes","","4","rugs","review","rug export house, confirm it sells to end buyers and not only to importers","yes","https://pardeepexports.com/","no","consumer, sells online","","","role inbox","No visualiser yet and sells direct to shoppers, so this is the full pitch rather than an upgrade"
"Patodia Exports","","patodiaexports@hands-carpets.com","","+91 5414 225 760","India","Bhadohi","Saraiyya Gyanpur Road","Heimtextil 2027","HEIMTEXTIL","11.0","A31","yes","Carpets & Rugs","0","rugs","review","rug export house, confirm it sells to end buyers and not only to importers","no site","","","","","","other","No website on file, so nothing for a visualiser to sit on. Skip"
"Perissa Home Pvt. Ltd.","","kris@perissahome.com","","+91 98969 00032","India","Panipat","Shed No. 6 And 9 Village Passina Kalan Tehsil Bapoli","Heimtextil 2027","HEIMTEXTIL","11.0","D30","yes","Carpets & Rugs","5","rugs","review","rug export house, confirm it sells to end buyers and not only to importers","no site","","","","","","other","No website on file, so nothing for a visualiser to sit on. Skip"
"Pooppally Coir Mills","www.pooppallycoir.com","dilip@pooppallycoir.com","","+91 98460 31275","India","Alappuzha, Kerala","A.S. Road, P.O. 2623","Heimtextil 2027","HEIMTEXTIL","12.1","C50","yes","","0","rugs","review","rug export house, confirm it sells to end buyers and not only to importers","yes","https://www.pooppallycoir.com/","no","unclear","Poopally Coir Mills","","other","Live site but no catalogue, cart or contact route found, needs a look"
"Poornima Handicrafts Pvt. Ltd.","www.poornimahandicrafts.com","mohit@poornimahandicrafts.com","","+91 141 231 1966","India","Jaipur","F-118-120, Garment Zone - Epip Sitapura, Industrial Area","Heimtextil 2027","HEIMTEXTIL","11.0","D11","yes","","5","rugs","review","rug export house, confirm it sells to end buyers and not only to importers","yes","https://poornimahandicrafts.com/","no","unclear","","","other","Live site but no catalogue, cart or contact route found, needs a look"
"Pragya Creations","","","","","India","Bhadohi","Khannapur Civil Lines Road","Heimtextil 2027","HEIMTEXTIL","11.0","A14","yes","","0","rugs","review","rug export house, confirm it sells to end buyers and not only to importers","no site","","","","","","","No website on file, so nothing for a visualiser to sit on. Skip"
"Qayyum Exports","www.qayyumexports.com","info@qayyumexports.com","","+91 5414 225 737","India","Bhadohi","Qayyum House, Station Road","Heimtextil 2027","HEIMTEXTIL","12.0","C36","yes","Carpets & Rugs","5","rugs","review","rug export house, confirm it sells to end buyers and not only to importers","unreachable","","","","","<urlopen error [Errno -2] Name or service not known>","role inbox","Site did not respond, check it by hand before spending a credit"
"Qingdao Pengda Arts & Crafts Co., Ltd.","www.pengdaarts.com","qdpengda@public.qd.sd.cn","","+86 139 0639 5212","China","Qingdao Shandong","16, Tianshan 2nd Road Jimo District, Tongji","Heimtextil 2027","HEIMTEXTIL","12.0","E39","yes","","0","rugs","review","rug export house, confirm it sells to end buyers and not only to importers","unreachable","","","","","<urlopen error [Errno -2] Name or service not known>","other","Site did not respond, check it by hand before spending a credit"
"R.L. Khanna & Co. (Overseas)","","zuber@rlkhanna.com","","+91 124 234 7790","India","Gurgaon","Plot No. 401, Udyog Vihar, Phase 3","Heimtextil 2027","HEIMTEXTIL","12.0","C99","yes","","0","rugs","review","rug export house, confirm it sells to end buyers and not only to importers","no site","","","","","","other","No website on file, so nothing for a visualiser to sit on. Skip"
"Raga Tex India Private Limited","www.ragatextile.com","info@ragatex.in","","+91 80125 63901","India","Coimbatore","Vellanaipatti Road Na, 7/172, Andakkapalayam","Heimtextil 2027","HEIMTEXTIL","12.0","D44","yes","","5","rugs","review","rug export house, confirm it sells to end buyers and not only to importers","yes","https://www.ragatextile.com","no","unclear","","","role inbox","Live site but no catalogue, cart or contact route found, needs a look"
"Ragolle Rugs NV","www.ragolle.com","info@ragolle.be","","+32 56 77 74 79","Belgium","Waregem","Maalbeekstraat 1","Heimtextil 2027","HEIMTEXTIL","3.1","","","Carpets & Rugs","0","rugs","excluded","fibres, yarns and textile technology","","","","","","","",""
"Ramchander Motilal Exim","http://www.rmexim.com/","rmexim@hotmail.com","","","India","Jaipur","61 Ramganj Bazar","Heimtextil 2027","HEIMTEXTIL","12.0","A17","yes","Carpets & Rugs","0","rugs","review","rug export house, confirm it sells to end buyers and not only to importers","unreachable","","","","","HTTP Error 403: Forbidden","other","Site did not respond, check it by hand before spending a credit"
"RE-TREND RUGS","Www.retrendrugs.com","retrendrugs@yahoo.com","","+91 96999 78185","India","Bhadohi","Sant Ravidas Nagar, Uttar Pradesh Bhadohi, Nai Bazar","Heimtextil 2027","HEIMTEXTIL","12.0","A22","yes","Carpets & Rugs","0","rugs","review","rug export house, confirm it sells to end buyers and not only to importers","yes","https://retrendrugs.com/","no","consumer, via dealers","Defined by its Indian heritage and international aesthetics Re-Trend Rugs offers timeless products for modern interiors.","","other","No visualiser yet and markets to shoppers and routes them to dealers, so this is the full pitch rather than an upgrade"
"Rhythm Home Creations","","info@rhythmhomecreations.com","","+91 98121 00085","India","Panipat","Plot # 25, Sector 25 , Part 1 Huda","Heimtextil 2027","HEIMTEXTIL","12.0","C76","yes","","0","rugs","review","rug export house, confirm it sells to end buyers and not only to importers","no site","","","","","","role inbox","No website on file, so nothing for a visualiser to sit on. Skip"
"Rudra Rugs","https://rudrarugs.com/","orders@rudrarugs.com","","","India","Bhadohi, Uttar Pradesh","Abhiyanpur Chauri Road","Heimtextil 2027","HEIMTEXTIL","11.0","B90","yes","Carpets & Rugs","0","rugs","review","rug export house, confirm it sells to end buyers and not only to importers","yes","https://rudrarugs.com/","no","consumer, sells online","","","other","No visualiser yet and sells direct to shoppers, so this is the full pitch rather than an upgrade"
"Rug Weavers","www.rugweavers.co","rugweavers07@gmail.com","","+91 87076 69774","India","Bhadohi","Rug Weavers Noorkhanpur","Heimtextil 2027","HEIMTEXTIL","12.0","A26","yes","Carpets & Rugs","1","rugs","review","rug export house, confirm it sells to end buyers and not only to importers","yes","https://rugweavers.co/","no","consumer, sells online","Rug Weavers is dedicated to transforming living spaces with thoughtfully designed rugs and home accents.","","other","No visualiser yet and sells direct to shoppers, so this is the full pitch rather than an upgrade"
"Rugs Creation","www.rugscreation.com","vinay@rugscreation.com","","","India","Karnal","Khalsa Tehsil Gharaunda Karnal Plot No. 168, Village Alipur","Heimtextil 2027","HEIMTEXTIL","11.0","B79","yes","Carpets & Rugs","3","rugs","review","rug export house, confirm it sells to end buyers and not only to importers","yes","https://rugscreation.com/","no","consumer, sells online","Discover carpets & rugs, designer, cushions, throws, poufs, ottomans, accessories at Rugs Creation, your trusted rug maker & exporter in India.","","other","No visualiser yet and sells direct to shoppers, so this is the full pitch rather than an upgrade"
"Rugs In Style Incorporation","www.rugsinstyle.com","ris@rugsinstyle.com","","","India","Ghaziabad","Plot No: 1/65, South Side, G T Road","Heimtextil 2027","HEIMTEXTIL","12.0","B99","yes","Carpets & Rugs","1","rugs","review","rug export house, confirm it sells to end buyers and not only to importers","yes","https://rugsinstyle.com/","no","consumer, sells online","Rugs in Style is one of the top and trusted Rugs manufacturer and exporter, Carpet manufacturer and exporter in India which offers best quality rugs and carpets.","","other","No visualiser yet and sells direct to shoppers, so this is the full pitch rather than an upgrade"
"RUGS Inc.","www.rugsinc.in","pradeep@rugsinc.in","","+91 120 415 2869","India","Noida","D-114, 1st and 2nd Floor, Sector-63","Heimtextil 2027","HEIMTEXTIL","12.0","B11","yes","Carpets & Rugs","5","rugs","review","rug export house, confirm it sells to end buyers and not only to importers","yes","https://rugsinc.in/","no","catalogue only","","","other","Publishes collections with a contact form as the only way in, which is the exact problem the email opens on. Audience unconfirmed"
"Rupesh Kumar & Sons","www.rupeshrugs.com","forex@rkscarpets.com","","+91 76079 48090","India","Bhadohi","Opp. Carpet City, Shardapuri Sant Ravidas Nagar","Heimtextil 2027","HEIMTEXTIL","11.0","A69","yes","","0","rugs","review","rug export house, confirm it sells to end buyers and not only to importers","unreachable","","","","","<urlopen error [Errno -2] Name or service not known>","other","Site did not respond, check it by hand before spending a credit"
"S.A. Overseas","","mail@saoverseas.co.in","","+91 98101 33654","India","Panipat","Plot No. 23, Sector-29, Part-2, Huda","Heimtextil 2027","HEIMTEXTIL","12.0","E95","yes","","0","rugs","review","rug export house, confirm it sells to end buyers and not only to importers","no site","","","","","","role inbox","No website on file, so nothing for a visualiser to sit on. Skip"
"Sacli Tekstil San. ve Tic. A.S.","www.sacli.com.tr","sacli@sacli.com.tr","","+90 212 619 31 04","Türkiye","Sultangazi /Istanbul","Esentepe Mah. Sehit Esma Akgül Cevik Sok. No: 7","Heimtextil 2027","HEIMTEXTIL","4.2","F48","yes","Bed, Bath & Living | Carpets & Rugs","5","rugs","excluded","design studio, sells designs to manufacturers","","","","","","","",""
"Sahib International","www.sahibinternational.com","devinder@sahibinternational.com","","+91 98963 57713","India","Panipat","Plot #102, Sector-29, Part-2, Huda","Heimtextil 2027","HEIMTEXTIL","12.0","D48","yes","","5","rugs","review","rug export house, confirm it sells to end buyers and not only to importers","yes","https://sahibinternational.com/","no","consumer, sells online","","","other","No visualiser yet and sells direct to shoppers, so this is the full pitch rather than an upgrade"
"Sahil International (PNP)","www.sahilinternationalpnp.com","info@sahilinternationalpnp.com","","+91 180 265 0280","India","Panipat","E-1, Industrial Area","Heimtextil 2027","HEIMTEXTIL","12.0","C87","yes","","0","rugs","review","rug export house, confirm it sells to end buyers and not only to importers","yes","https://sahilinternationalpnp.com/","no","consumer, sells online","Sahil International - We are skilled manufacturers & exporters of soft furnishings with over 100+ satisfied buyers globally. Call: 8053500093","","role inbox","No visualiser yet and sells direct to shoppers, so this is the full pitch rather than an upgrade"
"Sahil Plastic Pvt. Ltd.","www.sahilplastics.com","muzammil.kudia@sahilplastics.com","","+91 98207 10317","India","Mumbai, Maharashtra","603/604, Marathon Icon, Marathon","Heimtextil 2027","HEIMTEXTIL","12.0","D71","yes","Bed, Bath & Living | Carpets & Rugs","5","rugs","review","rug export house, confirm it sells to end buyers and not only to importers","yes","https://sahilplastics.com/","no","consumer, sells online","","","first.last","No visualiser yet and sells direct to shoppers, so this is the full pitch rather than an upgrade"
"Santosh Fab","","santoshfab94@gmail.com","","","India","Panipat","Near Shalini Gas Agency, Barsat Road, Noorwala","Heimtextil 2027","HEIMTEXTIL","12.0","C79","yes","","0","rugs","review","rug export house, confirm it sells to end buyers and not only to importers","no site","","","","","","other","No website on file, so nothing for a visualiser to sit on. Skip"
"Santosh Handtex","www.santoshhandtex.com","info@santoshhandtex.com","","+91 99967 78683","India","Panipat","Barsat Road, Near Mohan Spinners Noorwala","Heimtextil 2027","HEIMTEXTIL","12.0","C77","yes","","5","rugs","review","rug export house, confirm it sells to end buyers and not only to importers","yes","https://santoshhandtex.com/","no","consumer, sells online","WELCOME TO SANTOSH HANDTEX","","role inbox","No visualiser yet and sells direct to shoppers, so this is the full pitch rather than an upgrade"
"Sapana Polyweave Private Limited","www.sapanamats.com","exports@sapanamats.com","","+91 22 6980 3901","India","Mumbai","Off. Western Express Highway F-501,Lotus Corporate Park Highway, Goregaon (East)","Heimtextil 2027","HEIMTEXTIL","12.0","C90","yes","Carpets & Rugs","5","rugs","review","rug export house, confirm it sells to end buyers and not only to importers","yes","https://sapanamats.com/","no","consumer, sells online","Sapana Mats is a leading polypropylene mat manufacturer and mat manufacturing company in India, supplying durable PP mats worldwide for 40+ years.","","other","No visualiser yet and sells direct to shoppers, so this is the full pitch rather than an upgrade"
"Sarla Handicrafts Pvt. Ltd.","www.sarlahandicrafts.com","amit@sarlahandicrafts.com","","+91 180 266 3646","India","Panipat","Near Flora, Sector-29, Part-1, Huda","Heimtextil 2027","HEIMTEXTIL","12.0","D89","yes","","5","rugs","review","rug export house, confirm it sells to end buyers and not only to importers","yes","https://sarlahandicrafts.com/","no","consumer, sells online","","","other","No visualiser yet and sells direct to shoppers, so this is the full pitch rather than an upgrade"
"Sehgal Rugs","","","","","India","Bhadohi, Uttar Pradesh","Power House Road, Civil Lines","Heimtextil 2027","HEIMTEXTIL","12.0","A87","yes","","0","rugs","review","rug export house, confirm it sells to end buyers and not only to importers","no site","","","","","","","No website on file, so nothing for a visualiser to sit on. Skip"
"Sesli Tekstil San. ve Tic. A.S.","www.sesli.com.tr","hasank@sesli.com.tr","","+90 506 469 57 33","Türkiye","Usak","Organize Sanayi Bölgesi 110 Cadde No: 355","Heimtextil 2027","HEIMTEXTIL","4.2","F08","yes","Bed, Bath & Living | Carpets & Rugs","5","rugs","excluded","design studio, sells designs to manufacturers","","","","","","","",""
"SGNP RUGS Nepal","sgnprugs.com","sgnpcustom@gmail.com","","+977 981-3808939","Nepal","Kathmandu","Floor Sundartole Road","Heimtextil 2027","HEIMTEXTIL","12.0","A91","yes","","0","rugs","review","rug export house, confirm it sells to end buyers and not only to importers","yes","https://sgnprugs.com","no","unclear","","","other","Live site but no catalogue, cart or contact route found, needs a look"
"SH Carpet Industries","shcarpet.com","panden@shcarpet.com","","+977 985-1021157","Nepal","Kathmandu","497 Dhapasi","Heimtextil 2027","HEIMTEXTIL","12.0","A21","yes","","4","rugs","review","rug export house, confirm it sells to end buyers and not only to importers","unreachable","","","","","HTTP Error 403: Forbidden","other","Site did not respond, check it by hand before spending a credit"
"Shaad Brothers","shaadbrothers.com","info@shaadbrothers.com","","+91 85878 28381","India","Bhadohi","Near Badi Masjid 1 Qazipur","Heimtextil 2027","HEIMTEXTIL","12.0","A31","yes","Carpets & Rugs","0","rugs","review","rug export house, confirm it sells to end buyers and not only to importers","yes","https://shaadbrothers.com","no","unclear","Hand-made carpet and rugs","","role inbox","Live site but no catalogue, cart or contact route found, needs a look"
"Shahson Commercials Private Limited","","shahcom@del3.vsnl.net.in","","+91 95558 80888","India","New Delhi","B-264, Okhla Industrial Area, Phase-I","Heimtextil 2027","HEIMTEXTIL","12.0","E76","yes","","0","rugs","review","rug export house, confirm it sells to end buyers and not only to importers","no site","","","","","","other","No website on file, so nothing for a visualiser to sit on. Skip"
"Shaoxing Keqiao Hetian Textile Co., Ltd.","www.hetiantex.com","edward_textiles@163.com","","","China","Shaoxing Zhejiang","1 Building, Siqiao Village Binhai Industrial Zone Keqiao Dist.","Heimtextil 2027","HEIMTEXTIL","12.1","D10G","yes","","0","rugs","review","rug export house, confirm it sells to end buyers and not only to importers","yes","http://www.hetiantex.com","no","unclear","","","first_last","Live site but no catalogue, cart or contact route found, needs a look"
"Sharadha Terry Products Ltd.","www.microcotton.com","sharadha@microcotton.com","","+91 20 2664 0933","India","Coimbatore","Mettupalayam No. 8 Badrakaliamman Koil Street","Heimtextil 2027","HEIMTEXTIL","12.0","B94","yes","","0","rugs","review","rug export house, confirm it sells to end buyers and not only to importers","unreachable","","","","","timed out","other","Site did not respond, check it by hand before spending a credit"
"Shashi Exports","","abhinav@shashiexports.in","","+91 98961 35200","India","Panipat","No. 65 Sector-25, Part-1, Huda","Heimtextil 2027","HEIMTEXTIL","11.0","C81","yes","","0","rugs","review","rug export house, confirm it sells to end buyers and not only to importers","no site","","","","","","other","No website on file, so nothing for a visualiser to sit on. Skip"
"Shivam Exports","www.shivamexportsindia.com","info@shivamexportsindia.com","","+91 98134 93931","India","Panipat, Haryana","Plot No. 86, Sector 29, Part 1, Huda","Heimtextil 2027","HEIMTEXTIL","12.0","E86","yes","","0","rugs","review","rug export house, confirm it sells to end buyers and not only to importers","yes","https://shivamexportsindia.com/","no","consumer, sells online","","","role inbox","No visualiser yet and sells direct to shoppers, so this is the full pitch rather than an upgrade"
"Shreysha Textiles Pvt Ltd.","www.shreysha.com","mohit@shreysha.com","","+91 98100 00447","India","Noida, U.P.","D298, Sector-63","Heimtextil 2027","HEIMTEXTIL","12.0","D77","yes","","0","rugs","review","rug export house, confirm it sells to end buyers and not only to importers","yes","https://shreysha.com/","no","consumer, sells online","","","other","No visualiser yet and sells direct to shoppers, so this is the full pitch rather than an upgrade"
"Shyam Exports","https://shyamexports.in/","mohitgarg@shyamexports-india.com","","+91 95895 08739","India","Panipat","Plot No. 66-67, Sector 25, Part 1, Huda","Heimtextil 2027","HEIMTEXTIL","11.0","A40","yes","","4","rugs","review","rug export house, confirm it sells to end buyers and not only to importers","yes","https://shyamexports.in/","no","consumer, sells online","","","other","No visualiser yet and sells direct to shoppers, so this is the full pitch rather than an upgrade"
"Shyam Overseas","www.shyamoverseas.in","office@shyamoverseas.in","","+91 98963 44545","India","Panipat","O-36 Industrial Area","Heimtextil 2027","HEIMTEXTIL","12.0","D99","yes","","4","rugs","review","rug export house, confirm it sells to end buyers and not only to importers","yes","https://www.shyamoverseas.in","no","consumer, sells online","","","role inbox","No visualiser yet and sells direct to shoppers, so this is the full pitch rather than an upgrade"
"Spring International","http://springinternational.in/","deepak@springinternational.in","","+91 99912 00015","India","Panipat","Siwah Rishalu Road, Chautala Road,","Heimtextil 2027","HEIMTEXTIL","11.0","C80","yes","","0","rugs","review","rug export house, confirm it sells to end buyers and not only to importers","yes","http://springinternational.in/","no","consumer, sells online","Spring International at a Glance","","other","No visualiser yet and sells direct to shoppers, so this is the full pitch rather than an upgrade"
"Sujata Exports","www.sujataexports.com","","","","India","Varanasi, Uttar Pradesh","D-15, D-18, Big Industrial Estate, Chandpur","Heimtextil 2027","HEIMTEXTIL","11.0","A70","yes","","5","rugs","review","rug export house, confirm it sells to end buyers and not only to importers","unreachable","","","","","HTTP Error 502: Bad Gateway","","Site did not respond, check it by hand before spending a credit"
"Sundeep Exports","","info@sundeepexports.com","","+91 91982 44801","India","Mirzapur","Mirzapur-cum-Vindhyachal Katra Bazirao","Heimtextil 2027","HEIMTEXTIL","12.0","B56","yes","","0","rugs","review","rug export house, confirm it sells to end buyers and not only to importers","no site","","","","","","role inbox","No website on file, so nothing for a visualiser to sit on. Skip"
"Surya Carpet Pvt. Ltd.","www.surya.com","amar.tiwari@surya.com","","+91 98735 52708","India","Bhadohi","Ugapur Aurai","Heimtextil 2027","HEIMTEXTIL","12.0","B69","yes","Carpets & Rugs","5","rugs","review","rug export house, confirm it sells to end buyers and not only to importers","yes","https://www.surya.com","yes","consumer, sells online","","","first.last","Already runs a visualiser and sells direct to shoppers, so the gap is what happens after the render. Sharpest segment"
"SURYA RUG HOUSE","www.sarawagirugs.com","info@sarawagirugs.com","","+977 985-1020429","Nepal","Kathmandu","SBI Building 5th Floor Chucheepati","Heimtextil 2027","HEIMTEXTIL","12.0","A42","yes","","0","rugs","review","rug export house, confirm it sells to end buyers and not only to importers","yes","https://www.sarawagirugs.com","no","consumer, via dealers","Manufacturers of Hand-Knotted Nepalese Rugs","","role inbox","No visualiser yet and markets to shoppers and routes them to dealers, so this is the full pitch rather than an upgrade"
"T.S. Exports","","","","","India","Bhadohi","Civil Lines, Powerhouse Road","Heimtextil 2027","HEIMTEXTIL","12.0","A86","yes","","0","rugs","review","rug export house, confirm it sells to end buyers and not only to importers","no site","","","","","","","No website on file, so nothing for a visualiser to sit on. Skip"
"TAL HANDWOVEN CLASSICS LLP","","info@talindia.com","","","India","New Delhi","C-136 Sarvodaya Enclave","Heimtextil 2027","HEIMTEXTIL","11.0","D51","yes","","0","rugs","review","rug export house, confirm it sells to end buyers and not only to importers","no site","","","","","","role inbox","No website on file, so nothing for a visualiser to sit on. Skip"
"Tasvira Carpets","www.tasviracarpets.com","tasviracarpet68@gmail.com","","+91 98390 49393","India","Bhadohi","Civil Lines, Power-House Road Po Box 158 Khannapur Bhadohi","Heimtextil 2027","HEIMTEXTIL","12.0","A88","yes","","0","rugs","review","rug export house, confirm it sells to end buyers and not only to importers","unreachable","","","","","<urlopen error [SSL: CERTIFICATE_VERIFY_FAILED] certificate verify fai","other","Site did not respond, check it by hand before spending a credit"
"Teppich de Orienta","","info@tdomail.com","","","India","Sant Ravidas Nagar, Bhadohi","TDO Naya Bazar Road,Near Gas Agency","Heimtextil 2027","HEIMTEXTIL","12.0","C24","yes","","0","rugs","review","rug export house, confirm it sells to end buyers and not only to importers","no site","","","","","","role inbox","No website on file, so nothing for a visualiser to sit on. Skip"
"Teppich World","","teppichworld@gmail.com","","+91 99195 49333","India","Sant Ravidas Nagar","Peerkhanpur Peerkhanpur Road Uttar Pradesh","Heimtextil 2027","HEIMTEXTIL","11.0","A32","yes","","0","rugs","review","rug export house, confirm it sells to end buyers and not only to importers","no site","","","","","","other","No website on file, so nothing for a visualiser to sit on. Skip"
"Tex India","www.texindia.net","texindia@texindia.net","","","India","Panipat","Plot No. 117, Sector-25, Part-2, Huda","Heimtextil 2027","HEIMTEXTIL","12.0","D76","yes","Bed, Bath & Living | Carpets & Rugs","5","rugs","review","rug export house, confirm it sells to end buyers and not only to importers","yes","https://www.texindia.net","no","unclear","","","other","Live site but no catalogue, cart or contact route found, needs a look"
"Texo Estilo LLC","www.texoestilo.com","moustafa@texoestilo.com","","+20 110 009 0195","Egypt","Giza","K 26 Alex, Cairo Road, Aburwoash Industrial 42","Heimtextil 2027","HEIMTEXTIL","12.0","A74","yes","Carpets & Rugs | Functional features","5","rugs","review","rug export house, confirm it sells to end buyers and not only to importers","yes","https://texoestilo.com/","no","consumer, sells online","","","other","No visualiser yet and sells direct to shoppers, so this is the full pitch rather than an upgrade"
"The Home Rugs","www.thehomerugs.com","sales@thehomerugs.com","","+91 72378 25817","India","Sitapur","Biswan Gata No. 551 & 552, Jalalpur Road, Jalalpur","Heimtextil 2027","HEIMTEXTIL","12.0","A37","yes","","0","rugs","review","rug export house, confirm it sells to end buyers and not only to importers","yes","https://www.thehomerugs.com","no","unclear","Inspired by Superior and Ancient Rug & Carpet Civilization","","role inbox","Live site but no catalogue, cart or contact route found, needs a look"
"Tidwell Living Private Limited","","mayank@tidwellliving.com","","+91 99968 00050","India","Panipat, Haryana","Plot No.195, HUDA Sector-29, Part-II","Heimtextil 2027","HEIMTEXTIL","11.0","C68","yes","Bed, Bath & Living | Carpets & Rugs","5","rugs","review","rug export house, confirm it sells to end buyers and not only to importers","no site","","","","","","other","No website on file, so nothing for a visualiser to sit on. Skip"
"Travancore Cocotuft Pvt. Ltd.","www.cocotuft.com","mr6@cocotuft.com","","","India","Cherthala","CoirPark, Thiruvizha","Heimtextil 2027","HEIMTEXTIL","12.0","B49","yes","Carpets & Rugs | Functional features","5","rugs","review","rug export house, confirm it sells to end buyers and not only to importers","unreachable","","","","","HTTP Error 429: Too Many Requests","other","Site did not respond, check it by hand before spending a credit"
"Triangle Weavers Private Limited","www.triangleweavers.com","","","+91 96057 95470","India","Cherthala, Alappuzha","XI /663 Muhamma P.O.","Heimtextil 2027","HEIMTEXTIL","12.0","A25","yes","","4","rugs","review","rug export house, confirm it sells to end buyers and not only to importers","yes","https://triangleweavers.com/","no","consumer, sells online","","","","No visualiser yet and sells direct to shoppers, so this is the full pitch rather than an upgrade"
"Trishna Handloom Cooperative Society Ltd","","","","+91 99355 84477","India","Kanpur","60 Sujatganj","Heimtextil 2027","HEIMTEXTIL","12.0","B83","yes","Carpets & Rugs","5","rugs","review","rug export house, confirm it sells to end buyers and not only to importers","no site","","","","","","","No website on file, so nothing for a visualiser to sit on. Skip"
"Trishulin Overseas","www.trishulin.com","trishulinoverseas@gmail.com","","+91 78273 25965","India","Greater Noida","E 85, Export Promotion Industrial Park, Kasna","Heimtextil 2027","HEIMTEXTIL","11.0","A78","yes","","5","rugs","review","rug export house, confirm it sells to end buyers and not only to importers","unreachable","","","","","HTTP Error 404: Not Found","other","Site did not respond, check it by hand before spending a credit"
"TRS Exports","","","","","India","Panipat","1st Floor, Opp Miglani Woollen Mills Across Kacha Railway Crossing","Heimtextil 2027","HEIMTEXTIL","12.0","B39","yes","Decorative & Furniture Fabrics | Carpets & Rugs","0","rugs","review","rug export house, confirm it sells to end buyers and not only to importers","no site","","","","","","","No website on file, so nothing for a visualiser to sit on. Skip"
"Tufko International","","abraham@tufkomats.com","","+91 94472 28311","India","Kottayam","Kanjirapally 17/106c Kollamkulam Building, Anakal Po","Heimtextil 2027","HEIMTEXTIL","12.0","A48","yes","","4","rugs","review","rug export house, confirm it sells to end buyers and not only to importers","no site","","","","","","other","No website on file, so nothing for a visualiser to sit on. Skip"
"UNIFAM Union Nacional De Fabricantes De Alfombras, Moquetas","www.unifam.es","unifam@unifam.es","","+34 966 68 19 79","Spain","Crevillente","C/Jaime Balmes, 4 Bajo","Heimtextil 2027","HEIMTEXTIL","3.1","","","Fibres and Yarns, Textile Materials, Finishing | Carpets & Rugs","5","rugs","excluded","fibres, yarns and textile technology","","","","","","","",""
"UNITED COIR FACTORY","www.unitedcoir.com","unicoir@gmail.com","","+91 98952 99052","India","Alappuzha","45/519, Kalapura Ward, Kommady","Heimtextil 2027","HEIMTEXTIL","12.0","A36","yes","Carpets & Rugs","5","rugs","review","rug export house, confirm it sells to end buyers and not only to importers","yes","https://www.unitedcoir.com","no","unclear","","","other","Live site but no catalogue, cart or contact route found, needs a look"
"United Overseas","www.unitedoverseas.in","rajesh@unitedoverseas.in","","","India","Panipat","Village Sutana Lahori Road, Near Saini Farm","Heimtextil 2027","HEIMTEXTIL","12.0","A90","yes","","5","rugs","review","rug export house, confirm it sells to end buyers and not only to importers","unreachable","","","","","<urlopen error [SSL: CERTIFICATE_VERIFY_FAILED] certificate verify fai","other","Site did not respond, check it by hand before spending a credit"
"Universal XXI, S.L.","www.universalxxi.es","david.garcia@universalxxi.es","","+34 965 40 02 50","Spain","Crevillente","Poligono Industrial I-4 Carretera de la Estacion, S/N","Heimtextil 2027","HEIMTEXTIL","3.1","","","Carpets & Rugs","5","rugs","excluded","fibres, yarns and textile technology","","","","","","","",""
"Unlimited Style Rugs","www.unlimitedstylerugs.com","","","","India","Gurugram","Qutab Plaza, 125, Dlf Phase-1","Heimtextil 2027","HEIMTEXTIL","11.0","B71","yes","Carpets & Rugs","3","rugs","review","rug export house, confirm it sells to end buyers and not only to importers","yes","http://www.unlimitedstylerugs.com","no","unclear","Unlimited Style Rugs is a reputed carpet manufacturer in India that makes rugs for top international interior designers, high end furniture stores and architects, primarily based in Europe.","","","Live site but no catalogue, cart or contact route found, needs a look"
"Vanhoutte Carpets NV","www.vanhouttecarpets.be","info@vanhouttecarpets.be","","+32 56 71 55 57","Belgium","Waregem","Wagenaarstraat 70","Heimtextil 2027","HEIMTEXTIL","3.1","","","Carpets & Rugs","4","rugs","excluded","fibres, yarns and textile technology","","","","","","","",""
"Varada Living LLP","","maneeshagg@outlook.com","","+91 97964 70717","India","Panipat","Khasra No. 266, Behind Tvs Showroom, G.T. Road Shiv Nagar","Heimtextil 2027","HEIMTEXTIL","12.0","E99","yes","","0","rugs","review","rug export house, confirm it sells to end buyers and not only to importers","no site","","","","","","other","No website on file, so nothing for a visualiser to sit on. Skip"
"Verbatex NV","www.verbatex.be","carpets@verbatex.com","","+32 56 36 39 00","Belgium","Kortrijk","Mellestraat 196","Heimtextil 2027","HEIMTEXTIL","3.1","","","Carpets & Rugs","5","rugs","excluded","fibres, yarns and textile technology","","","","","","","",""
"Vikram Carpets","www.vikramcarpets.com","","","","India","Mirzapur, Uttar Pradesh","Katra Bajirao, Katra Bajirao","Heimtextil 2027","HEIMTEXTIL","12.0","B89","yes","Carpets & Rugs","5","rugs","review","rug export house, confirm it sells to end buyers and not only to importers","yes","https://www.vikramcarpets.com","no","catalogue only","","","","Publishes collections with a contact form as the only way in, which is the exact problem the email opens on. Audience unconfirmed"
"Vishal Carpets","www.vishalcarpets.com","","","","India","Sant Ravidas Nagar","Gyanpur Road","Heimtextil 2027","HEIMTEXTIL","12.0","A38","yes","Carpets & Rugs","0","rugs","review","rug export house, confirm it sells to end buyers and not only to importers","yes","https://www.vishalcarpets.com","no","unclear","","","","Live site but no catalogue, cart or contact route found, needs a look"
"Vishnu Carpets","www.vishnucarpet.com","saksham@vishnucarpet.com","","+91 180 400 3688","India","Panipat","No. 330, Sec-29, Part-2, Huda","Heimtextil 2027","HEIMTEXTIL","11.0","B70","yes","Decorative & Furniture Fabrics | Carpets & Rugs","5","rugs","review","rug export house, confirm it sells to end buyers and not only to importers","unreachable","","","","","HTTP Error 500: Internal Server Error","other","Site did not respond, check it by hand before spending a credit"
"Wahid International","","wahidinternationalbhadohi@gmail.com","","+91 73099 91433","India","Bhadohi","501 Chauri Road Bhadohi","Heimtextil 2027","HEIMTEXTIL","12.0","B22","yes","","5","rugs","review","rug export house, confirm it sells to end buyers and not only to importers","no site","","","","","","other","No website on file, so nothing for a visualiser to sit on. Skip"
"Wallace Langford And Associates","www.wallacelangford.in","anil@wallacelangford.in","","+91 478 286 2638","India","Alappuzha","MGP V/797B, Muhamma","Heimtextil 2027","HEIMTEXTIL","12.0","A80","yes","","0","rugs","review","rug export house, confirm it sells to end buyers and not only to importers","yes","https://www.wallacelangford.in","no","unclear","Wallace Langford & Associates is a trusted floor mats manufacturer in Muhamma, Kerala, serving Cherthala and Alappuzha (Alleppey). Rubber, coir & PVC mats.","","other","Live site but no catalogue, cart or contact route found, needs a look"
"Weave India","","","","","India","Panipat","Sector 25, Plot No. 73, Part-1, Huda","Heimtextil 2027","HEIMTEXTIL","12.0","E77","yes","","0","rugs","review","rug export house, confirm it sells to end buyers and not only to importers","no site","","","","","","","No website on file, so nothing for a visualiser to sit on. Skip"
"Weaversindia LLP","www.weavers-india.com","shilpa@weavers-india.com","","","India","Panipat","Plot 16, Sector 29, Part II, Huda Industrial Area","Heimtextil 2027","HEIMTEXTIL","12.0","D88","yes","","0","rugs","review","rug export house, confirm it sells to end buyers and not only to importers","unreachable","","","","","HTTP Error 403: Forbidden","other","Site did not respond, check it by hand before spending a credit"
"William Goodacre & Sons India Pvt. Ltd.","www.karan-group.com","","","+91 477 224 3662","India","Alleppey","XVIII Revi Karuna Karan Road","Heimtextil 2027","HEIMTEXTIL","12.0","B88","yes","Carpets & Rugs","5","rugs","review","rug export house, confirm it sells to end buyers and not only to importers","yes","https://karan-group.com/","no","catalogue only","Trusted Experts in Floor Matting Solutions","","","Publishes collections with a contact form as the only way in, which is the exact problem the email opens on. Audience unconfirmed"
"Yajie Vietnam Company Limited","","tony@yajiecarpet.com","","","Vietnam","Da Nang","Thanh Vinh Extended Industr. Cluster Lot B4, Street No 11b, Hoa Lien Ward","Heimtextil 2027","HEIMTEXTIL","12.1","B50","yes","","0","rugs","review","rug export house, confirm it sells to end buyers and not only to importers","no site","","","","","","other","No website on file, so nothing for a visualiser to sit on. Skip"
"Yellow Boy Retail Services Pvt., Ltd.","www.jmplasticmats.com","jmplasticmats@gmail.com","","","India","Bangalore","Jayanagar 6th Block F2, # 67, 25th Cross Road","Heimtextil 2027","HEIMTEXTIL","12.0","A30","yes","","5","rugs","review","rug export house, confirm it sells to end buyers and not only to importers","unreachable","","","","","HTTP Error 500: Internal Server Error","other","Site did not respond, check it by hand before spending a credit"
"Zhejiang Yulong Industry Co., Ltd.","www.yulonggroup.com","sunnywishyou@vip.sina.com","","+86 575 8999 0805","China","Shaoxing Zhejiang","Hongqiao Road No. 4 Yangxunqiao Town, Keqiao District","Heimtextil 2027","HEIMTEXTIL","12.0","E83","yes","","0","rugs","review","rug export house, confirm it sells to end buyers and not only to importers","unreachable","","","","","timed out","other","Site did not respond, check it by hand before spending a credit"
"Zibo Green Textile Co., Ltd.","www.ruifatex.com","liugang6@hotmail.com","","","China","Zibo Shandong","1577 Sichou Road, Zhoucun","Heimtextil 2027","HEIMTEXTIL","12.0","E78","yes","","2","rugs","review","rug export house, confirm it sells to end buyers and not only to importers","unreachable","","","","","<urlopen error [Errno -2] Name or service not known>","other","Site did not respond, check it by hand before spending a credit"
"ZOHA CARPETS LLP","www.zoha.in","rafey@zoha.co.in","","+91 98116 26672","India","Bhadohi","Bhadohi Nai Bazar Lohiya Nagar, Pathraha Road, Nai Bazar, Sant Ravidas Nagar Sant Ravidas Nagar","Heimtextil 2027","HEIMTEXTIL","12.0","B65","yes","","0","rugs","review","rug export house, confirm it sells to end buyers and not only to importers","yes","https://www.zoha.in","no","unclear","ZOHA creates handcrafted rug collections made with natural fibers, traditional weaving craftsmanship, and sustainable artisan techniques. Weaving life since 1978.","","other","Live site but no catalogue, cart or contact route found, needs a look"
"Zoya Home","www.zoyahome.in","info@zoyahome.in","","","India","Karnal","(Behind Victor Int. School) Barsa Vill. Barsat, Barsat Road","Heimtextil 2027","HEIMTEXTIL","12.0","A64","yes","Carpets & Rugs","0","rugs","review","rug export house, confirm it sells to end buyers and not only to importers","yes","https://zoyahome.in/","no","consumer, sells online","","","role inbox","No visualiser yet and sells direct to shoppers, so this is the full pitch rather than an upgrade"
"Aktul Tekstil Sanayi ve Ticaret A.S.","www.aktul.com","info@aktul.com","","+90 224 372 12 88","Türkiye","Kestel, Bursa","A.V.P. OSB Mah., Degirmen Cad. No: 4","Heimtextil 2027","HEIMTEXTIL","3.0","","","","5","wallpaper","review","hall 3.0 is wallpaper plus curtains and sun protection, confirm which this is","yes","https://www.aktul.com","no","consumer, sells online","%90 İhracat Hacmi Globalde Sektörün Öncüsü","","role inbox","No visualiser yet and sells direct to shoppers, so this is the full pitch rather than an upgrade"
"ARASYA GmbH","www.arasyahome.com","","","+49 162 4234234","Germany","Krefeld","Weyerhofstr. 65","Heimtextil 2027","HEIMTEXTIL","3.0","","","","0","wallpaper","review","hall 3.0 is wallpaper plus curtains and sun protection, confirm which this is","unreachable","","","","","<urlopen error [Errno -2] Name or service not known>","","Site did not respond, check it by hand before spending a credit"
"Attica Narrow Fabrics SA","www.curtaintapes.gr","info@curtaintapes.gr","","+30 21 0281 3802","Greece","Ano Liosia","31st 2 and 35th Str. VIO.PA.","Heimtextil 2027","HEIMTEXTIL","3.0","C79","yes","","0","wallpaper","review","hall 3.0 is wallpaper plus curtains and sun protection, confirm which this is","yes","https://curtaintapes.gr/","no","consumer, sells online","","","role inbox","No visualiser yet and sells direct to shoppers, so this is the full pitch rather than an upgrade"
"AV-Design Inh. Alla Vaysman","","allav56@googlemail.com","","+49 163 6501359","Germany","Gummersbach","Alter Weg 1A","Heimtextil 2027","HEIMTEXTIL","4.2","E56","yes","Wall Decoration | Textile Design","0","wallpaper","excluded","design studio, sells designs to manufacturers","","","","","","","",""
"Beijing Topli Decorative Materials Co., Ltd.","www.topli.com.cn","jackiefu@topli.com.cn","","+86 10 6930 3546","China","Beijing","No. 1 Dongshankou Vilage North, Zhoukoudian Town, Fangshan District","Heimtextil 2027","HEIMTEXTIL","3.0","A60","yes","","0","wallpaper","review","hall 3.0 is wallpaper plus curtains and sun protection, confirm which this is","yes","http://www.topli.com.cn","no","unclear","北京特普丽装饰装帧材料有限公司始于1976年，国内第一家墙纸生产厂家，开创中国墙纸生产的先河，并以卓越的品质和创作设计引领国内外墙纸潮流。","","other","Live site but no catalogue, cart or contact route found, needs a look"
"Brink & Campman B.V.","www.brinkandcampman.com","mlangbroek@brinkandcampman.com","","+31 544 390 430","Netherlands","Lichtenvoorde","Albert Schweitzerstraat 3","Heimtextil 2027","HEIMTEXTIL","3.0","C42","yes","","0","wallpaper","review","hall 3.0 is wallpaper plus curtains and sun protection, confirm which this is","yes","https://www.brinkandcampman.com","no","trade portal, gated","B&C COLLECTIE '27","","other","Catalogue sits behind a dealer login, so the visitor is a dealer rather than a buyer"
"Claire Louise Designs","www.clairelouisedesigns.co.uk","claire@clairelouisedesigns.co.uk","","+44 7403 114641","Great Britain and Northern Ireland","Bury","58 Bury Road","Heimtextil 2027","HEIMTEXTIL","4.2","D58","yes","Wall Decoration | Textile Design","0","wallpaper","excluded","design studio, sells designs to manufacturers","","","","","","","",""
"Erismann & Cie. GmbH","www.erismann.de","info@erismann.de","","+49 7667 9090","Germany","Breisach am Rhein","Hafenstr. 19","Heimtextil 2027","HEIMTEXTIL","3.0","B38","yes","","0","wallpaper","review","hall 3.0 is wallpaper plus curtains and sun protection, confirm which this is","yes","https://www.erismann.de","yes","consumer, via dealers","","","role inbox","Already runs a visualiser and markets to shoppers and routes them to dealers, so the gap is what happens after the render. Sharpest segment"
"Fotoba International Srl","www.fotoba.com","info@fotoba.com","","+39 015 925344","Italy","Quaregna Cerreto","Via Guglielmo Marconi 101","Heimtextil 2027","HEIMTEXTIL","3.0","A59","yes","","5","wallpaper","review","hall 3.0 is wallpaper plus curtains and sun protection, confirm which this is","yes","https://www.fotoba.com","no","consumer, sells online","With over 40 years of experience in XY cutting solutions, Fotoba designs and produces reliable, productive and durable systems","","role inbox","No visualiser yet and sells direct to shoppers, so this is the full pitch rather than an upgrade"
"G&B Home Living Limited","","","","","Great Britain and Northern Ireland","Blackburn","Stanley Street","Heimtextil 2027","HEIMTEXTIL","3.0","A37","yes","","0","wallpaper","review","hall 3.0 is wallpaper plus curtains and sun protection, confirm which this is","no site","","","","","","","No website on file, so nothing for a visualiser to sit on. Skip"
"Haley Studios Ltd.","www.haleystudios.com","richard@haleystudios.com","","+44 1484 386813","Great Britain and Northern Ireland","Brighouse, West Yorkshire","12 Toothill Avenue","Heimtextil 2027","HEIMTEXTIL","4.2","D31","yes","Wall Decoration | Textile Design","0","wallpaper","excluded","design studio, sells designs to manufacturers","","","","","","","",""
"Hosver Tekstil Sanayi Ticaret Limited Sirketi","https://www.hosvertekstil.com.tr/","info@hosvertekstil.com.tr","","+90 224 331 62 62","Türkiye","Bursa","Ahmet Vefik Pasa OSB Mah. Karapinar Cad. No: 14, Kestel","Heimtextil 2027","HEIMTEXTIL","3.0","","","","0","wallpaper","review","hall 3.0 is wallpaper plus curtains and sun protection, confirm which this is","yes","https://www.hosvertekstil.com.tr/","no","unclear","Hoşver Tekstil, 1937 yılından beri brode, iplik büküm, çözgü ve dokuma alanlarında sürekli gelişen altyapısı ve yeni yatırımlarıyla tekstil sektöründe önemli bir aktördür.","","role inbox","Live site but no catalogue, cart or contact route found, needs a look"
"Infloor-Girloon GmbH & Co. KG","www.girloon.de","info@girloon.de","","+49 5245 921940","Germany","Herzebrock-Clarholz","Daimlerstr. 8-12","Heimtextil 2027","HEIMTEXTIL","3.0","D69","yes","","0","wallpaper","review","hall 3.0 is wallpaper plus curtains and sun protection, confirm which this is","yes","https://www.infloor-girloon.de/","no","consumer, sells online","Wenn Fläche zur Idee wird: Individuell bedruckbarer Designflor für Boden & Wand. Nachhaltig, akustisch wirksam, Made in Germany. Muster anfordern.","","role inbox","No visualiser yet and sells direct to shoppers, so this is the full pitch rather than an upgrade"
"Jayanita Exports Private Limited","www.jayanita.com","sales@jayanita.com","","","India","Greater Noida","Plot No-2, Sector 40","Heimtextil 2027","HEIMTEXTIL","3.0","F40","yes","","0","wallpaper","review","hall 3.0 is wallpaper plus curtains and sun protection, confirm which this is","yes","https://www.jayanita.com","no","catalogue only","","","role inbox","Publishes collections with a contact form as the only way in, which is the exact problem the email opens on. Audience unconfirmed"
"Kaleidoscope Surface Design Olesja Breuer","http://www.kaleidoscope-sd.com","info@kaleidoscope-sd.com","","","Germany","Berlin","Herderstr. 17","Heimtextil 2027","HEIMTEXTIL","4.2","C14","yes","Wall Decoration | Textile Design","0","wallpaper","excluded","design studio, sells designs to manufacturers","","","","","","","",""
"Karwel Z. Jedrychowski, K. Renski Spolka Jawna","www.karwel.com.pl","karwel@karwel.com.pl","","+48 23 698 20 12","Poland","Dlutowo","Stare Dlutowo Ul. Tysiaclecia 39","Heimtextil 2027","HEIMTEXTIL","3.0","F24","yes","","5","wallpaper","review","hall 3.0 is wallpaper plus curtains and sun protection, confirm which this is","yes","https://karwel.com.pl/","no","consumer, sells online","","","other","No visualiser yet and sells direct to shoppers, so this is the full pitch rather than an upgrade"
"KeJe GmbH","www.kejegmbh.de","","","","Germany","Essen","Carnaperhof 7","Heimtextil 2027","HEIMTEXTIL","3.0","","","","0","wallpaper","review","hall 3.0 is wallpaper plus curtains and sun protection, confirm which this is","yes","https://www.keje.nl/de","no","catalogue only","Maßgeschneiderter Sonnenschutz, Insektenschutz & Insektenschutztüren ♦ Passend für jede Tür und jedes Fenster ♦ Montage ohne Bohren ♦ KeJe Händler Finden","","","Publishes collections with a contact form as the only way in, which is the exact problem the email opens on. Audience unconfirmed"
"KRITI & KUNAL","www.kritiandkunal.com","","","","India","Delhi","I P Extension Delhi 2 Madhuvan","Heimtextil 2027","HEIMTEXTIL","4.2","E44","yes","Wall Decoration | Textile Design","0","wallpaper","excluded","design studio, sells designs to manufacturers","","","","","","","",""
"Kücükcalik Tekstil San. ve Tic. A.S","www.kucukcalik.com.tr","info@kcalik.com","","+90 224 714 80 85","Türkiye","Bursa","Suleymaniye Organize Sanayi Bölgesi 1. Cad. No: 39 Sonu Inegöl","Heimtextil 2027","HEIMTEXTIL","3.0","F69","yes","","5","wallpaper","review","hall 3.0 is wallpaper plus curtains and sun protection, confirm which this is","yes","https://kucukcalik.com.tr/","no","consumer, sells online","Finbuzz WordPress Business Theme","","role inbox","No visualiser yet and sells direct to shoppers, so this is the full pitch rather than an upgrade"
"Laguna Lakástextil Kereskedelmi Kft.","www.lagunatextil.com","info@lagunatextil.com","","+36 94 512 976","Hungary","Szombathely","Minerva utca 3","Heimtextil 2027","HEIMTEXTIL","3.0","F80","yes","","0","wallpaper","review","hall 3.0 is wallpaper plus curtains and sun protection, confirm which this is","yes","https://www.lagunatextil.com/en","no","catalogue only","Product range","","role inbox","Publishes collections with a contact form as the only way in, which is the exact problem the email opens on. Audience unconfirmed"
"Le Cadeau Berbere","www.lecadeauberbere.com","artfolk2000@gmail.com","","+212 661-312100","Morocco","Marrakech","51 Place Jemaa Lfna","Heimtextil 2027","HEIMTEXTIL","3.0","G10","yes","","0","wallpaper","review","hall 3.0 is wallpaper plus curtains and sun protection, confirm which this is","unreachable","","","","","<urlopen error [Errno -2] Name or service not known>","other","Site did not respond, check it by hand before spending a credit"
"Lee Design Studio","www.leedesignstudio.kr","lee.studio@hotmail.com","","+82 70-7500-5891","Korea, the Republic of (South)","Seoul","Rm. 302, Seongbuk Building 261","Heimtextil 2027","HEIMTEXTIL","4.2","B53","yes","Wall Decoration | Textile Design","0","wallpaper","excluded","design studio, sells designs to manufacturers","","","","","","","",""
"Markiss Tekstil Dokuma Konf. Danismanlik San. Ve Tic. Ltd. Sti.","","","","","Türkiye","Kestel /Bursa","Ahmet Vefik Pasa Mah. Hasan Kestelli OSB Cad. No: 12/1 1","Heimtextil 2027","HEIMTEXTIL","3.0","E39","yes","","0","wallpaper","review","hall 3.0 is wallpaper plus curtains and sun protection, confirm which this is","no site","","","","","","","No website on file, so nothing for a visualiser to sit on. Skip"
"MCS Textile Solutions Lda.","www.mcs-pt.com","victorcastro@mcs-pt.com","","+351 22 786 0980","Portugal","Campo (Valongo)","Rua da Central 460","Heimtextil 2027","HEIMTEXTIL","3.0","F51","yes","","0","wallpaper","review","hall 3.0 is wallpaper plus curtains and sun protection, confirm which this is","yes","https://www.mcs-pt.com","no","consumer, sells online","","","other","No visualiser yet and sells direct to shoppers, so this is the full pitch rather than an upgrade"
"MOBOIS SAS","www.mobois.com","marketing@mobois.com","","+33 4 74 81 60 52","France","Lect","4 rue Les Grands Champs","Heimtextil 2027","HEIMTEXTIL","3.0","B24","yes","","5","wallpaper","review","hall 3.0 is wallpaper plus curtains and sun protection, confirm which this is","yes","https://www.mobois.com","no","consumer, sells online","Déco de vos fenêtres","","role inbox","No visualiser yet and sells direct to shoppers, so this is the full pitch rather than an upgrade"
"Narma OÜ","www.narma.ee","info@narma.ee","","+372 472 5520","Estonia","Lihula","Raudtee 4","Heimtextil 2027","HEIMTEXTIL","3.0","D38","yes","","0","wallpaper","review","hall 3.0 is wallpaper plus curtains and sun protection, confirm which this is","yes","https://www.narma.ee","no","unclear","Läänemaal Lihulas on vaipu kootud aastakümneid, alates 1992. aastast on need valminud NARMA kaubamärgi all.","","role inbox","Live site but no catalogue, cart or contact route found, needs a look"
"Ningbo Jiangbei Windowstar Trading Co., Ltd.","www.windowstar-china.com","juliettezhou@windowstar-china.com","","+86 574 8738 3533","China","Ningbo Zhejiang","Rm. 706 Building 2 KunTou Building, 199 Fengxu Road, Jiangbei","Heimtextil 2027","HEIMTEXTIL","3.0","F30","yes","","0","wallpaper","review","hall 3.0 is wallpaper plus curtains and sun protection, confirm which this is","unreachable","","","","","HTTP Error 503: Service Unavailable","other","Site did not respond, check it by hand before spending a credit"
"Onno Raadersma","www.raadersma.com","onno@raadersma.com","","+31 6 24652591","Netherlands","Rotterdam","Marconistraat 52","Heimtextil 2027","HEIMTEXTIL","4.2","E14","yes","Wall Decoration | Carpets & Rugs","0","wallpaper","excluded","design studio, sells designs to manufacturers","","","","","","","",""
"Otto Golze & Söhne GmbH","www.golze.de","albrecht@golze.de","","+49 5155 959182","Germany","Emmerthal","Langes Feld 29","Heimtextil 2027","HEIMTEXTIL","3.0","B63","yes","","0","wallpaper","review","hall 3.0 is wallpaper plus curtains and sun protection, confirm which this is","yes","https://www.golze.de","no","catalogue only","Neben unserer Eigenmarke Astra finden Sie bei uns Teppiche aus der Schöner Wohnen Kollektion und Joop! Living. Lassen Sie sich überraschen","","other","Publishes collections with a contact form as the only way in, which is the exact problem the email opens on. Audience unconfirmed"
"P&W International Co., Ltd.","www.pwwall.com","pwseoulkorea@yahoo.com","","","Korea, the Republic of (South)","Yong-In City, Kyunggi-Do","Cheoin-Gu Wonyang Ro,Wonsam-Myun","Heimtextil 2027","HEIMTEXTIL","3.0","B70","yes","","0","wallpaper","review","hall 3.0 is wallpaper plus curtains and sun protection, confirm which this is","yes","http://www.pwwall.com","no","unclear","","","other","Live site but no catalogue, cart or contact route found, needs a look"
"Ruhe Diseno SLU","www.uon-studio.com","hi@uon-studio.com","","+34 954 70 92 07","Spain","Sevilla","Avenida San Francisco Javier, 22 Edificio Hermes 4 2","Heimtextil 2027","HEIMTEXTIL","4.2","B09","yes","Wall Decoration | Textile Design","0","wallpaper","excluded","design studio, sells designs to manufacturers","","","","","","","",""
"SANDRA JACOBS DESIGN","www.sandrajacobs.nl","info@sandrajacobs.nl","","+31 6 10856471","Netherlands","Vught","Nieuwe Linie 10","Heimtextil 2027","HEIMTEXTIL","4.2","C53","yes","Wall Decoration | Textile Design","0","wallpaper","excluded","design studio, sells designs to manufacturers","","","","","","","",""
"Som Kagit ve Karton Isleme San. ve Tic A.S.","www.sompaper.com.tr","info@sompaper.com.tr","","+90 262 502 13 04","Türkiye","Kocaeli","Cerkesli OSB Mah. Imes OSB 8","Heimtextil 2027","HEIMTEXTIL","3.0","B40","yes","","0","wallpaper","review","hall 3.0 is wallpaper plus curtains and sun protection, confirm which this is","unreachable","","","","","HTTP Error 302: The HTTP server returned a redirect error that would l","role inbox","Site did not respond, check it by hand before spending a credit"
"Suerte-Elegancia Sp. z o.o.","https://suerte-elegancia.com/","info@suerte-elegancia.com","","","Poland","Warszawa","Korytnicka 46 M52","Heimtextil 2027","HEIMTEXTIL","3.0","G59","yes","","0","wallpaper","review","hall 3.0 is wallpaper plus curtains and sun protection, confirm which this is","yes","https://suerte-elegancia.com/","no","catalogue only","","","role inbox","Publishes collections with a contact form as the only way in, which is the exact problem the email opens on. Audience unconfirmed"
"Super Tekstil San. ve Tic. A.S.","www.supertekstil.com","rabiaozkan@supertekstil.com","","+90 212 465 65 25","Türkiye","Ikitelli, Kücükcekmece, Istanbul","Mehmet Akif Mah. Bahariye Cad.","Heimtextil 2027","HEIMTEXTIL","3.0","F95","yes","","5","wallpaper","review","hall 3.0 is wallpaper plus curtains and sun protection, confirm which this is","yes","https://supertekstil.com/","no","unclear","Süper Tekstil | İlkelerimizden ödün vermeden yükseliyoruz.","","other","Live site but no catalogue, cart or contact route found, needs a look"
"Tarkett Holding GmbH","www.tarkett.de","info.de@tarkett.com","","","Germany","Ludwigshafen am Rhein","Rheinallee 13","Heimtextil 2027","HEIMTEXTIL","3.0","B65","yes","","0","wallpaper","review","hall 3.0 is wallpaper plus curtains and sun protection, confirm which this is","yes","https://www.tarkett.de","no","unclear","Tarkett Bodenbeläge für den Objekt- und Wohnbereich: ✓ PVC Boden ✓ Vinylboden ✓ Designboden ✓ Linoleum ✓ Teppich ✓ Parkett ✓ Sportboden","","first.last","Live site but no catalogue, cart or contact route found, needs a look"
"Uniglob Sp. z o.o.","www.uniglob.pl","poczta@uniglob.pl","","+48 42 616 12 01","Poland","Stryków","Ozorkowska 8","Heimtextil 2027","HEIMTEXTIL","3.0","E25","yes","","0","wallpaper","review","hall 3.0 is wallpaper plus curtains and sun protection, confirm which this is","yes","https://www.uniglob.pl","no","catalogue only","","","other","Publishes collections with a contact form as the only way in, which is the exact problem the email opens on. Audience unconfirmed"
"Wallquest Inc.","www.wallquest.com","","","+1 610-293-1330","United States","Wayne Pennsylvania","465 Devon Park Drive","Heimtextil 2027","HEIMTEXTIL","3.0","A95","yes","","0","wallpaper","review","hall 3.0 is wallpaper plus curtains and sun protection, confirm which this is","unreachable","","","","","HTTP Error 403: Forbidden","","Site did not respond, check it by hand before spending a credit"
"Yelda Tekstil Plastik Makina San. ve Tic Ltd. Sti.","","info@yeldatekstil.com","","+90 212 472 01 04","Türkiye","Istanbul","Otopark Apt., No:2, Kucukcekmece Kucukcekmece Ikitelli OSB Mah. Marmara Sanayi Sitesi, Marmara Otopark Sok. Otop","Heimtextil 2027","HEIMTEXTIL","3.0","D06","yes","","5","wallpaper","review","hall 3.0 is wallpaper plus curtains and sun protection, confirm which this is","no site","","","","","","role inbox","No website on file, so nothing for a visualiser to sit on. Skip"
"Zentralverband Raum und Ausstattung Bundesinnungsverband für das Raumaus- statter-, Sattler- und Feintäschner- Handwerk","www.zvr.de","mail@zvr.de","","+49 7131 935872","Germany","Heilbronn","Ferdinand-Braun-Str. 26","Heimtextil 2027","HEIMTEXTIL","3.0","D51","yes","","0","wallpaper","review","hall 3.0 is wallpaper plus curtains and sun protection, confirm which this is","yes","https://www.zvr.de","no","unclear","Interner Mitgliederbereich","","role inbox","Live site but no catalogue, cart or contact route found, needs a look"
