"company","website","domain","domain_confidence","country","town","niche","source","stand","generic_email","also_trading_as","pre_flag","gate_flag","pre_flag_reason","row_type","wave"
"41ZERO42","www.41zero42.com","41zero42.com","directory","IT","FIORANO MODENESE","Ceramic / Tile (verify)","Cersaie 2026","Hall 30 Stand B84-C83","info@41zero42.it","","NEEDS EYES","","passes the free checks. Run gates 3 to 5 on the site","new","wave2"
"4DESIGN","www.4designsrl.it","4designsrl.it","directory","IT","FOSSOMBRONE","Ceramic / Tile (verify)","Cersaie 2026","Hall 31 Stand B15","info@4designsrl.it","","NEEDS EYES","","passes the free checks. Run gates 3 to 5 on the site","new","wave2"
"4PUNTOZERO E I LOVE PARQUET","www.iloveparquet.com","iloveparquet.com","directory","IT","MILANO","Ceramic / Tile (verify)","Cersaie 2026","Mall 29-30 Stand 9","info@4puntozero.it","","LIKELY OUT","","name or domain suggests 'PARQUET'. Supplier, trader or wrong medium. Confirm on the site before spending credits","new","wave2"
"7C","www.7ctools.com","7ctools.com","directory","IT","CORRIDONIA","Ceramic / Tile (verify)","Cersaie 2026","Hall 19 Stand B21","info@7ctool.com","","NEEDS EYES","","passes the free checks. Run gates 3 to 5 on the site","new","wave2"
"A.A.T.C. AND CO.","www.aatc.it","aatc.it","directory","IT","SANT'AMBROGIO DI V.LLA","Ceramic / Tile (verify)","Cersaie 2026","Hall 22 Stand B131","info@aatc.it","","NEEDS EYES","","passes the free checks. Run gates 3 to 5 on the site","new","wave2"
"AB (AZULEJOS BENADRESA)","www.azulejosbenadresa.com","azulejosbenadresa.com","directory","ES","VILLAFAMÉS","Ceramic / Tile (verify)","Cersaie 2026","Hall 26 Stand A44-B47","azulejosbenadresa@azulejosbenadresa.com","","NEEDS EYES","","passes the free checks. Run gates 3 to 5 on the site","new","wave2"
"ABITARE LA CERAMICA","www.abitarelaceramica.it","abitarelaceramica.it","directory","IT","SASSUOLO","Ceramic / Tile (verify)","Cersaie 2026","Hall 37 Stand A48-B49","infoabitare@gresmalt.it","","NEEDS EYES","","passes the free checks. Run gates 3 to 5 on the site","new","wave2"
"ABK - MOOOI","https://www.abkgroup.it/","abkgroup.it","directory","IT","FINALE EMILIA","Ceramic / Tile (verify)","Cersaie 2026","Hall 29 Stand C60-D59","marketing@abkgroup.it","ABKSTONE - MATERIA - VERSACE | FLAVIKER - GARDENIA&ARIANA","NEEDS EYES","","passes the free checks. Run gates 3 to 5 on the site","new","wave2"
"ABYSM BY OSET","www.oset.es","oset.es","directory","ES","RIBESALBES","Ceramic / Tile (verify)","Cersaie 2026","Hall 36 Stand A15","oset@oset.es","","NEEDS EYES","","passes the free checks. Run gates 3 to 5 on the site","new","wave2"
"ACIMAC","www.acimac.it","acimac.it","directory","IT","BAGGIOVARA","Ceramic / Tile (verify)","Cersaie 2026","Service Centre Stand 6","uff-promo@acimac.it","","NEEDS EYES","","passes the free checks. Run gates 3 to 5 on the site","new","wave2"
"ACL","https://aclweb.pt/pt","aclweb.pt","directory","PT","V.N.FAMALICAO","Ceramic / Tile (verify)","Cersaie 2026","Hall 32 Stand B42","acl@aclweb.pt","","NEEDS EYES","","passes the free checks. Run gates 3 to 5 on the site","new","wave2"
"ACQUABELLA","https://www.acquabella.com/it","acquabella.com","directory","ES","LA VALL D'UIXO-CASTELLÓN","Ceramic / Tile (verify)","Cersaie 2026","Hall 21 Stand A87","acquabella@construplas.com","","NEEDS EYES","","passes the free checks. Run gates 3 to 5 on the site","new","wave2"
"ACQUARIODUE","www.acquariodue.com","acquariodue.com","directory","IT","ROVOLON","Ceramic / Tile (verify)","Cersaie 2026","Hall 26 Stand A288","info@acquarioceramiche.com","","NEEDS EYES","","passes the free checks. Run gates 3 to 5 on the site","new","wave2"
"ADEX","www.adexspain.com","adexspain.com","directory","ES","PATERNA - VALENCIA","Ceramic / Tile (verify)","Cersaie 2026","Hall 26 Stand B152","info@adexspain.com","","NEEDS EYES","","passes the free checks. Run gates 3 to 5 on the site","new","wave2"
"AGENZIA I.C.E.","www.ice.it","ice.it","directory","IT","ROMA","Ceramic / Tile (verify)","Cersaie 2026","Service Centre Stand 8","beni.consumo@ice.it","","NEEDS EYES","","passes the free checks. Run gates 3 to 5 on the site","new","wave2"
"AGHA","www.artesigroup.it","artesigroup.it","directory","IT","MARON DI BRUGNERA","Ceramic / Tile (verify)","Cersaie 2026","Hall 21 Stand A63-B62","info@artesigroup.it","ARDECO | ARTESI","NEEDS EYES","","passes the free checks. Run gates 3 to 5 on the site","new","wave2"
"AIP PORTE","www.aipporte.com","aipporte.com","directory","IT","BARGE","Ceramic / Tile (verify)","Cersaie 2026","Hall 31 Stand B31","info@aipporte.com","","NEEDS EYES","","passes the free checks. Run gates 3 to 5 on the site","new","wave2"
"AKEMI","www.akemi.de","akemi.de","directory","DE","NUREMBERG","Ceramic / Tile (verify)","Cersaie 2026","Hall 19 Stand A44","info@akemi.de","","NEEDS EYES","","passes the free checks. Run gates 3 to 5 on the site","new","wave2"
"AKGUN SERAMIK","www.duratiles.com.tr","duratiles.com.tr","directory","TR","ISTANBUL","Ceramic / Tile (verify)","Cersaie 2026","Hall 14 Stand B30-C29","info@duratiles.com","","NEEDS EYES","","passes the free checks. Run gates 3 to 5 on the site","new","wave2"
"ALAPLANA","www.nuevaalaplana.es","nuevaalaplana.es","directory","ES","CHILCHES","Ceramic / Tile (verify)","Cersaie 2026","Hall 16 Stand A42-B39","nuevaalaplana@nuevaalaplana.es","","NEEDS EYES","","passes the free checks. Run gates 3 to 5 on the site","new","wave2"
"ALEAPHORA","www.aleaphora.com","aleaphora.com","directory","IT","SASSUOLO","Ceramic / Tile (verify)","Cersaie 2026","Hall 31 Stand B42","info@aleaphora.com","","NEEDS EYES","","passes the free checks. Run gates 3 to 5 on the site","new","wave2"
"ALELUIA CERAMICS","www.aleluia.pt","aleluia.pt","directory","PT","AVEIRO","Ceramic / Tile (verify)","Cersaie 2026","Hall 16 Stand A38-B37","geral@aleluia.pt","","NEEDS EYES","","passes the free checks. Run gates 3 to 5 on the site","new","wave2"
"ALFALUX CERAMICHE","www.alfa-lux.it","alfa-lux.it","directory","IT","ROTEGLIA-CASTELLARANO","Ceramic / Tile (verify)","Cersaie 2026","Hall 29 Stand B12-C11","marketingalfalux@riwal.it","","NEEDS EYES","","passes the free checks. Run gates 3 to 5 on the site","new","wave2"
"ALICE CERAMICA","www.aliceceramica.com","aliceceramica.com","directory","IT","CIVITA CASTELLANA","Ceramic / Tile (verify)","Cersaie 2026","Hall 21 Stand A15-B10","info@aliceceramica.it","","NEEDS EYES","","passes the free checks. Run gates 3 to 5 on the site","new","wave2"
"ALTTOGLASS GROUP  / COBSA & ALTTOGLASS","www.alttoglassgroup.com","alttoglassgroup.com","directory","ES","MONCOFAR (CASTELLON)","Ceramic / Tile (verify)","Cersaie 2026","Hall 36 Stand A33","alttoglass@alttoglass.com","","NEEDS EYES","","passes the free checks. Run gates 3 to 5 on the site","new","wave2"
"ALUMÁCER COMPLEMENTOS","www.alumacer.com","alumacer.com","directory","ES","VALL D'ALBA","Ceramic / Tile (verify)","Cersaie 2026","Hall 19 Stand C20","alumacer@alumacer.com","","NEEDS EYES","","passes the free checks. Run gates 3 to 5 on the site","new","wave2"
"AMADIS FINE TILES","www.amadistiles.com","amadistiles.com","directory","ES","TORRENT (VALENCIA)","Ceramic / Tile (verify)","Cersaie 2026","Hall 26 Stand B28","amadis@amadistiles.com","","NEEDS EYES","","passes the free checks. Run gates 3 to 5 on the site","new","wave2"
"ANATOLIA","https://www.anatolia.com/","anatolia.com","directory","CA","VAUGHAN","Ceramic / Tile (verify)","Cersaie 2026 + Coverings 2027","Hall 16 Stand C22-D21","info@anatolia.com","Anatolia & Aeterna","NEEDS EYES","","passes the free checks. Run gates 3 to 5 on the site || merged duplicate, researched separately as Anatolia & Aeterna: A leading IMPORTER and DISTRIBUTOR of ceramic and stone, supplying the largest distributors across the US and Canada from a 600,000 sq ft facility. Aeterna is its own premium sintered-slab brand, so there is brand-level design, but the business is distribution. Gate 3","new","wave2"
"ANFACER","https://en.ceramicsofbrazil.com/","en.ceramicsofbrazil.com","directory","BR","SÃO PAULO","Ceramic / Tile (verify)","Cersaie 2026","Service Centre Stand 5","ceramicsofbrazil@anfacer.org.br","","NEEDS EYES","","passes the free checks. Run gates 3 to 5 on the site","new","wave2"
"ANGAISA","www.angaisa.it","angaisa.it","directory","IT","MILANO","Ceramic / Tile (verify)","Cersaie 2026","Hall 29 Stand D1","info@angaisa.it","","NEEDS EYES","","passes the free checks. Run gates 3 to 5 on the site","new","wave2"
"ANKA SERAMIK","ankaseramik.com.tr","ankaseramik.com.tr","directory","TR","ANKARA","Ceramic / Tile (verify)","Cersaie 2026","Hall 16 Stand C17","export@ankaseramik.com.tr","","NEEDS EYES","","passes the free checks. Run gates 3 to 5 on the site","new","wave2"
"ANTICA RUBIERA","www.anticaceramica.it","anticaceramica.it","directory","IT","RUBIERA","Ceramic / Tile (verify)","Cersaie 2026","Hall 25 Stand A212","info@anticaceramica.it","","NEEDS EYES","","passes the free checks. Run gates 3 to 5 on the site","new","wave2"
"APARICI","www.aparici.com/en","aparici.com","directory","ES","ALCORA-CASTELLÓN","Ceramic / Tile (verify)","Cersaie 2026","Hall 26 Stand A236","ceramicas@aparici.com","","NEEDS EYES","","passes the free checks. Run gates 3 to 5 on the site","new","wave2"
"APAVISA PORCELANICO","www.apavisa.com","apavisa.com","directory","ES","SAN JUAN DE MORO","Ceramic / Tile (verify)","Cersaie 2026","Hall 26 Stand B235","export1@apavisa.com","","NEEDS EYES","","passes the free checks. Run gates 3 to 5 on the site","new","wave2"
"APEGRUPO","www.apegrupo.com","apegrupo.com","directory","ES","CASTELLÓN","Ceramic / Tile (verify)","Cersaie 2026","Hall 26 Stand B22","apegrupo@apegrupo.com","","NEEDS EYES","","passes the free checks. Run gates 3 to 5 on the site","new","wave2"
"APLENA","https://www.aplenamembranes.com/","aplenamembranes.com","directory","IT","SAN BIAGIO DI CALLALTA","Ceramic / Tile (verify)","Cersaie 2026","Hall 19 Stand C36-D35","info@aplenamembranes.com","ELEMENTS","NEEDS EYES","","passes the free checks. Run gates 3 to 5 on the site","new","wave2"
"APPIANI","www.gruppobardelli.com","gruppobardelli.com","directory","IT","MILANO","Ceramic / Tile (verify)","Cersaie 2026","Hall 30 Stand A58-B57","info@gruppobardelli.com","CERAMICA BARDELLI | CERAMICA VOGUE | GRUPPO BARDELLI","NEEDS EYES","","passes the free checks. Run gates 3 to 5 on the site","new","wave2"
"ARBI ARREDOBAGNO","www.arbiarredobagno.it","arbiarredobagno.it","directory","IT","BRUGNERA","Ceramic / Tile (verify)","Cersaie 2026","Hall 22 Stand A80-B59","info@arbiarredobagno.it","","NEEDS EYES","","passes the free checks. Run gates 3 to 5 on the site","new","wave2"
"ARCANA CERAMICA","www.arcanatiles.com","arcanatiles.com","directory","ES","ALCORA","Ceramic / Tile (verify)","Cersaie 2026","Hall 26 Stand A32","arcana@arcanatiles.com","","NEEDS EYES","","passes the free checks. Run gates 3 to 5 on the site","new","wave2"
"AR.CE.A","www.ceramichearcea.it","ceramichearcea.it","directory","IT","CAVA DE' TIRRENI","Ceramic / Tile (verify)","Cersaie 2026","Hall 30 Stand C62-D61","export@ceramichearcea.it","","NEEDS EYES","","passes the free checks. Run gates 3 to 5 on the site","new","wave2"
"ARCOM","www.arcombagno.com","arcombagno.com","directory","IT","BRUGNERA","Ceramic / Tile (verify)","Cersaie 2026","Hall 22 Stand B41","info@arcombagno.com","","NEEDS EYES","","passes the free checks. Run gates 3 to 5 on the site","new","wave2"
"ARGENTA CERAMICA","www.argentaceramica.com","argentaceramica.com","directory","ES","VALL D'ALBA-CASTELLÓN","Ceramic / Tile (verify)","Cersaie 2026","Hall 36 Stand B12-C15","administracion@argentaceramica.com","","NEEDS EYES","","passes the free checks. Run gates 3 to 5 on the site","new","wave2"
"ARKAIS-LLAC","www.arkais.es","arkais.es","directory","ES","VILA-REAL","Ceramic / Tile (verify)","Cersaie 2026","Hall 28 Stand A12-B11","arkais@arkais.es","","NEEDS EYES","","passes the free checks. Run gates 3 to 5 on the site","new","wave2"
"ARKLAM","www.ittceramic.com","ittceramic.com","directory","ES","SANT JOAN DE MORÓ","Ceramic / Tile (verify)","Cersaie 2026","Hall 36 Stand C24-D23","communication@ittspain.com","ITT CERAMIC","NEEDS EYES","","passes the free checks. Run gates 3 to 5 on the site","new","wave2"
"ARMONIE CERAMICA","www.armonieceramica.com","armonieceramica.com","directory","IT","CASALGRANDE","Ceramic / Tile (verify)","Cersaie 2026","Hall 30 Stand B72-C73","info@armonieceramica.com","","NEEDS EYES","","passes the free checks. Run gates 3 to 5 on the site","new","wave2"
"ARTISTICA 3","www.artisticatre.com","artisticatre.com","directory","IT","PIGNETO","Ceramic / Tile (verify)","Cersaie 2026","Hall 37 Stand A38-B37","info@cerart3.it","","NEEDS EYES","","passes the free checks. Run gates 3 to 5 on the site","new","wave2"
"ARTTROS 2040","www.arttros.com","arttros.com","directory","ES","VIANA","Ceramic / Tile (verify)","Cersaie 2026","Hall 19 Stand C12","emilio.dominguez@arttros.com","","NEEDS EYES","","passes the free checks. Run gates 3 to 5 on the site","new","wave2"
"ARVEX","www.arvexmosaic.com","arvexmosaic.com","directory","IT","MONDOLFO","Ceramic / Tile (verify)","Cersaie 2026 + Coverings 2027","Hall 31 Stand B36","arvex@arvex.it","Arvex Srl.","NEEDS EYES","","passes the free checks. Run gates 3 to 5 on the site || merged duplicate, researched separately as Arvex Srl.: Founded 1988, develops AND distributes mosaics and tiles in terrazzo, marble, glass and porcelain. Mosaic is a core S7.4 niche and 'develops' points at real in-house design, but 'distributes' and a worldwide dealer network point at gate 3. Needs the site read properly before a verdict","new","wave2"
"ASCOT DOMDESIGNLAB","https://ascotcer.it","ascotcer.it","directory","IT","SOLIGNANO DI CASTELVETRO","Ceramic / Tile (verify)","Cersaie 2026","Hall 25 Stand A200-B201","info@ascot.it","","NEEDS EYES","","passes the free checks. Run gates 3 to 5 on the site","new","wave2"
"ASIAN GRANITO INDIA","www.aglasiangranito.com","aglasiangranito.com","directory","IN","S.G. HIGHWAY, AHMEDABAD","Ceramic / Tile (verify)","Cersaie 2026","Hall 16 Stand C59","export4@aglasiangranito.com","","NEEDS EYES","","passes the free checks. Run gates 3 to 5 on the site","new","wave2"
"ASSOPOSA","www.assoposa.it","assoposa.it","directory","IT","SASSUOLO","Ceramic / Tile (verify)","Cersaie 2026","Hall 19 Stand B72","info@assoposa.it","","NEEDS EYES","","passes the free checks. Run gates 3 to 5 on the site","new","wave2"
"ATC COLORES","https://atc-colores.com/","atc-colores.com","directory","ES","ONDA","Ceramic / Tile (verify)","Cersaie 2026","Hall 33 Stand A40-C41","colores@atc-colores.com","","NEEDS EYES","","passes the free checks. Run gates 3 to 5 on the site","new","wave2"
"ATELIER CASABELLA","www.ateliercasabella.com","ateliercasabella.com","directory","IT","OSTRA","Ceramic / Tile (verify)","Cersaie 2026","Hall 31 Stand A1-B2","info@ateliercasabella.com","","NEEDS EYES","","passes the free checks. Run gates 3 to 5 on the site","new","wave2"
"ATLAS CONCORDE","www.atlasconcorde.com","atlasconcorde.com","directory","IT","SPEZZANO DI FIORANO","Ceramic / Tile (verify)","Cersaie 2026","Hall 30 Stand C4-D5","info@atlasconcorde.it","ATLAS CONCORDE HABITAT","NEEDS EYES","","passes the free checks. Run gates 3 to 5 on the site","new","wave2"
"ATLAS PLAN","www.atlasplan.com/it/","atlasplan.com","directory","IT","SPEZZANO DI FIORANO","Ceramic / Tile (verify)","Cersaie 2026","Hall 30 Stand C3","info@atlasconcorde.it","","NEEDS EYES","","passes the free checks. Run gates 3 to 5 on the site","new","wave2"
"AZERO BAGNI","WWW.AZEROBAGNI.COM","azerobagni.com","directory","IT","SERNAGLIA DELLA BATTAGLIA","Ceramic / Tile (verify)","Cersaie 2026","Hall 21 Stand B57","m.spadetto@vanitadocce.com","","NEEDS EYES","","passes the free checks. Run gates 3 to 5 on the site","new","wave2"
"AZULEV","www.azulev.com","azulev.com","directory","ES","ONDA","Ceramic / Tile (verify)","Cersaie 2026","Hall 16 Stand B21","azulev@azulev.es","","NEEDS EYES","","passes the free checks. Run gates 3 to 5 on the site","new","wave2"
"AZUVI","www.azuvi.com","azuvi.com","directory","ES","VILA-REAL","Ceramic / Tile (verify)","Cersaie 2026","Hall 36 Stand A14-B15","comercial@azuvi.com","","NEEDS EYES","","passes the free checks. Run gates 3 to 5 on the site","new","wave2"
"AZZURRA CERAMICA","azzurraceramica.it","azzurraceramica.it","directory","IT","CASTEL S. ELIA","Ceramic / Tile (verify)","Cersaie 2026","Hall 22 Stand A124-B111","info@azzurraceramica.it","","NEEDS EYES","","passes the free checks. Run gates 3 to 5 on the site","new","wave2"
"BADEN HAUS","www.badenhaus.it","badenhaus.it","directory","IT","CENTOBUCHI","Ceramic / Tile (verify)","Cersaie 2026","Hall 22 Stand B99","info@badenhaus.it","","NEEDS EYES","","passes the free checks. Run gates 3 to 5 on the site","new","wave2"
"BALDOCER","www.baldocer.com","baldocer.com","directory","ES","VILAFAMES","Ceramic / Tile (verify)","Cersaie 2026","Hall 36 Stand A38-B43","baldocer@baldocer.com","","NEEDS EYES","","passes the free checks. Run gates 3 to 5 on the site","new","wave2"
"BARRO","https://barroficina.com/","barroficina.com","directory","PT","AGUADA DE CIMA","Ceramic / Tile (verify)","Cersaie 2026","Hall 36 Stand A27","hello@barroficina.com","","NEEDS EYES","","passes the free checks. Run gates 3 to 5 on the site","new","wave2"
"BASSANO PARQUET","http://www.bassanoparquet.com","bassanoparquet.com","directory","IT","CASSOLA","Ceramic / Tile (verify)","Cersaie 2026","Hall 31 Stand B30","info@bassanoparquet.com","","LIKELY OUT","","name or domain suggests 'PARQUET'. Supplier, trader or wrong medium. Confirm on the site before spending credits","new","wave2"
"BATIK - XCLUSIVE","www.xclusiveceramica.com","xclusiveceramica.com","directory","IT","FIORANO MODENESE","Ceramic / Tile (verify)","Cersaie 2026","Hall 30 Stand A62-B61","info@batiksrl.com","","NEEDS EYES","","passes the free checks. Run gates 3 to 5 on the site","new","wave2"
"BATTIPAV","www.battipav.com","battipav.com","directory","IT","COTIGNOLA","Ceramic / Tile (verify)","Cersaie 2026","Hall 19 Stand C55","sales@battipav.com","","NEEDS EYES","","passes the free checks. Run gates 3 to 5 on the site","new","wave2"
"B&B CERAMICHE","www.bebceramiche.eu","bebceramiche.eu","directory","IT","RUBIERA","Ceramic / Tile (verify)","Cersaie 2026","Hall 25 Stand B123","info@bebceramiche.eu","","NEEDS EYES","","passes the free checks. Run gates 3 to 5 on the site","new","wave2"
"BECRISA","www.becrisa.com","becrisa.com","directory","ES","ONDA","Ceramic / Tile (verify)","Cersaie 2026","Hall 22 Stand B2","ventas@becrisa.com","","NEEDS EYES","","passes the free checks. Run gates 3 to 5 on the site","new","wave2"
"BELBAGNO ITALIA","www.belbagnoitalia.it/","belbagnoitalia.it","directory","IT","BORGO MASSANO","Ceramic / Tile (verify)","Cersaie 2026","Hall 22 Stand B42","info@belbagnoitalia.it","","NEEDS EYES","","passes the free checks. Run gates 3 to 5 on the site","new","wave2"
"BERTOLOTTO","www.bertolotto.com","bertolotto.com","directory","IT","TORRE SAN GIORGIO","Ceramic / Tile (verify)","Cersaie 2026","Hall 31 Stand A21","marketing@bertolotto.com","","NEEDS EYES","","passes the free checks. Run gates 3 to 5 on the site","new","wave2"
"BETSAN GLASS MOSAIC","www.betsan.com","betsan.com","directory","TR","ISTANBUL","Ceramic / Tile (verify)","Cersaie 2026","Hall 16 Stand C12-D11","sercan.export@betsan.com","","NEEDS EYES","","passes the free checks. Run gates 3 to 5 on the site","new","wave2"
"BIG SLABS BY NUOVOCORSO","www.nuovocorso.it","nuovocorso.it","directory","IT","CARPINETI","Ceramic / Tile (verify)","Cersaie 2026","Hall 25 Stand B38","info@nuovocorso.it","NUOVOCORSO","NEEDS EYES","","passes the free checks. Run gates 3 to 5 on the site","new","wave2"
"BIOPIETRA","www.biopietra.com","biopietra.com","directory","IT","PUEGNAGO DEL GARDA","Ceramic / Tile (verify)","Cersaie 2026","Hall 32 Stand A10","info@biopietra.com","","NEEDS EYES","","passes the free checks. Run gates 3 to 5 on the site","new","wave2"
"BMT","www.bmtbagni.it","bmtbagni.it","directory","IT","MONTECALVO IN FOGLIA","Ceramic / Tile (verify)","Cersaie 2026","Hall 21 Stand B35","info@bmtbagni.it","","NEEDS EYES","","passes the free checks. Run gates 3 to 5 on the site","new","wave2"
"BOLD - BOLOGNA LIVE DESIGN","www.boldesign.it","boldesign.it","directory","IT","SAN LAZZARO DI SAVENA","Ceramic / Tile (verify)","Cersaie 2026","Service Centre Stand 12","info@boldesign.it","","NEEDS EYES","","passes the free checks. Run gates 3 to 5 on the site","new","wave2"
"BONZA","www.bonzavitrified.com","bonzavitrified.com","directory","IN","MORBI","Ceramic / Tile (verify)","Cersaie 2026","Hall 36 Stand C66","euroindia@euroindiaintl.in","","NEEDS EYES","","passes the free checks. Run gates 3 to 5 on the site","new","wave2"
"BORA CELIK","www.boracelik.com.tr","boracelik.com.tr","directory","TR","ESKISEHIR","Ceramic / Tile (verify)","Cersaie 2026","Hall 28 Stand C12-D11","sales@boracelik.com.tr","","NEEDS EYES","","passes the free checks. Run gates 3 to 5 on the site","new","wave2"
"BOTTEGA","https://bottegatiles.com/","bottegatiles.com","directory","IT","RUBIERA","Ceramic / Tile (verify)","Cersaie 2026","Hall 29 Stand C28","info@bottegatiles.com","","NEEDS EYES","","passes the free checks. Run gates 3 to 5 on the site","new","wave2"
"BRANDONI RADIATORS","www.brandoni.com","brandoni.com","directory","IT","CASTELFIDARDO","Ceramic / Tile (verify)","Cersaie 2026","Hall 22 Stand A174","info@brandoni.com","","NEEDS EYES","","passes the free checks. Run gates 3 to 5 on the site","new","wave2"
"BRICK&MORE BY CIFRE","https://cifreceramica.com/en/brickmore/","cifreceramica.com","directory","ES","ONDA","Ceramic / Tile (verify)","Cersaie 2026","Hall 30 Stand C72-D71","cifre@cifreceramica.com","CIFRE CERAMICA","NEEDS EYES","","passes the free checks. Run gates 3 to 5 on the site","new","wave2"
"BRUMA","www.bruma.pt","bruma.pt","directory","PT","VILA NOVA FAMALICÃO","Ceramic / Tile (verify)","Cersaie 2026","Hall 21 Stand B5","info@bruma.pt","","NEEDS EYES","","passes the free checks. Run gates 3 to 5 on the site","new","wave2"
"BULBO","www.bulbo.it","bulbo.it","directory","IT","SASSUOLO","Ceramic / Tile (verify)","Cersaie 2026","Hall 22 Stand B30","info@bulbo.it","","NEEDS EYES","","passes the free checks. Run gates 3 to 5 on the site","new","wave2"
"CALDIA CERAMICS","https://e-ceramices.com","e-ceramices.com","directory","ES","VILA-REAL, CASTELLÓN","Ceramic / Tile (verify)","Cersaie 2026","Hall 36 Stand A13","info@e-ceramices.com","","NEEDS EYES","","passes the free checks. Run gates 3 to 5 on the site","new","wave2"
"CALEIDO","www.caleido.it","caleido.it","directory","IT","FLERO","Ceramic / Tile (verify)","Cersaie 2026","Hall 22 Stand A38","caleido@caleido.it","","NEEDS EYES","","passes the free checks. Run gates 3 to 5 on the site","new","wave2"
"CAMPOGALLIANO CERAMICHE","www.verde1999.com","verde1999.com","directory","IT","CASALGRANDE","Ceramic / Tile (verify)","Cersaie 2026","Hall 29 Stand B33","info@verde1999.com","VERDE 1999","NEEDS EYES","","passes the free checks. Run gates 3 to 5 on the site","new","wave2"
"CAPANNOLI","https://www.capannoli.it/","capannoli.it","directory","IT","ASCIANO","Ceramic / Tile (verify)","Cersaie 2026","Hall 21 Stand B1","info@capannoli.it","","NEEDS EYES","","passes the free checks. Run gates 3 to 5 on the site","new","wave2"
"CAPRI CERAMICHE","www.ceramichecapri.it","ceramichecapri.it","directory","IT","SOLIGNANO DI CASTELVETRO","Ceramic / Tile (verify)","Cersaie 2026","Hall 25 Stand A186-B187","info@ascot.it","","NEEDS EYES","","passes the free checks. Run gates 3 to 5 on the site","new","wave2"
"CARRODRAIN","http://WWW.CARRODRAIN.COM","carrodrain.com","directory","BE","HEIST-OP-DEN-BERG","Ceramic / Tile (verify)","Cersaie 2026","Hall 22 Stand B3","INFO@CARRODRAIN.BE","","NEEDS EYES","","passes the free checks. Run gates 3 to 5 on the site","new","wave2"
"CASABELLA- MONDADORI MEDIA","casabellaweb.eu","casabellaweb.eu","directory","IT","SEGRATE","Ceramic / Tile (verify)","Cersaie 2026","Mall 29-30 Stand 24","segreteria.casabella@mondadori.it","","NEEDS EYES","","passes the free checks. Run gates 3 to 5 on the site","new","wave2"
"CASAFACILE","www.casafacile.it","casafacile.it","directory","IT","MILANO","Ceramic / Tile (verify)","Cersaie 2026","Mall 29-30 Stand 28","adv@mediasei.it","","NEEDS EYES","","passes the free checks. Run gates 3 to 5 on the site","new","wave2"
"CASALGRANDE PADANA","www.casalgrandepadana.com","casalgrandepadana.com","directory","IT","CASALGRANDE","Ceramic / Tile (verify)","Cersaie 2026","Hall 29 Stand B46-C45","info@casalgrandepadana.it","","NEEDS EYES","","passes the free checks. Run gates 3 to 5 on the site","new","wave2"
"CASAOGGIDOMANI","https://casaoggidomani.it/","casaoggidomani.it","directory","IT","MILANO","Ceramic / Tile (verify)","Cersaie 2026","Mall 29-30 Stand 13","info@infowebsrl.it","","NEEDS EYES","","passes the free checks. Run gates 3 to 5 on the site","new","wave2"
"CASTELLONPLAZA","www.castellonplaza.com","castellonplaza.com","directory","ES","VALENCIA","Ceramic / Tile (verify)","Cersaie 2026","Mall 29-30 Stand 19","comercial@castellonplaza.com","","NEEDS EYES","","passes the free checks. Run gates 3 to 5 on the site","new","wave2"
"CASTELVETRO CERAMICHE","www.castelvetro.it","castelvetro.it","directory","IT","SOLIGNANO DI CASTELVETRO","Ceramic / Tile (verify)","Cersaie 2026","Hall 37 Stand A4-B3","info@castelvetro.it","","NEEDS EYES","","passes the free checks. Run gates 3 to 5 on the site","new","wave2"
"CENTRO CERAMICO","www.centroceramico.it","centroceramico.it","directory","IT","SASSUOLO","Ceramic / Tile (verify)","Cersaie 2026","Service Centre Stand 4","centro.ceramico@centroceramico.it","","NEEDS EYES","","passes the free checks. Run gates 3 to 5 on the site","new","wave2"
"CENTURY","www.century-ceramica.it","century-ceramica.it","directory","IT","ROTEGLIA","Ceramic / Tile (verify)","Cersaie 2026","Hall 37 Stand C16-D15","info@century-ceramica.it","","NEEDS EYES","","passes the free checks. Run gates 3 to 5 on the site","new","wave2"
"CERAMICA CARMELO FIOR","https://carmelofior.com.br/","carmelofior.com.br","directory","BR","CORDEIRÓPOLIS","Ceramic / Tile (verify)","Cersaie 2026","Hall 16 Stand B63-B70","marcelo.damm@carmelofior.com","","NEEDS EYES","","passes the free checks. Run gates 3 to 5 on the site","new","wave2"
"CERAMICA CLEOPATRA GROUP","www.cleopatraceramics.com/en/","cleopatraceramics.com","directory","EG","GIZA","Ceramic / Tile (verify)","Cersaie 2026","Hall 14 Stand B36-C35","export@groupcleopatra.com","","NEEDS EYES","","passes the free checks. Run gates 3 to 5 on the site","new","wave2"
"CERAMICA DOLOMITE","www.ceramicadolomite.it","ceramicadolomite.it","directory","IT","BORGO VALBELLUNA","Ceramic / Tile (verify)","Cersaie 2026","Hall 22 Stand A84-B67","info@ceramicadolomite.it","","NEEDS EYES","","passes the free checks. Run gates 3 to 5 on the site","new","wave2"
"CERAMICA EURO","www.cereuro.it","cereuro.it","directory","IT","CASTELLARANO","Ceramic / Tile (verify)","Cersaie 2026","Hall 30 Stand C59","info@cereuro.it","","NEEDS EYES","","passes the free checks. Run gates 3 to 5 on the site","new","wave2"
"CERAMICA.INFO - CER MAGAZINE","www.ceramica.info","ceramica.info","directory","IT","SASSUOLO","Ceramic / Tile (verify)","Cersaie 2026","Mall 29-30 Stand 11","info@ceramica.info","EDI.CER.","NEEDS EYES","","passes the free checks. Run gates 3 to 5 on the site","new","wave2"
"CERAMICA MAYOR","www.ceramicamayor.com","ceramicamayor.com","directory","ES","CALLOSA D'EN SARRIA","Ceramic / Tile (verify)","Cersaie 2026","Hall 26 Stand A104-B105","info@ceramicamayor.com","","NEEDS EYES","","passes the free checks. Run gates 3 to 5 on the site","new","wave2"
"CERAMICANDA","www.ceramicanda.com","ceramicanda.com","directory","IT","VEGGIA DI CASALGRANDE","Ceramic / Tile (verify)","Cersaie 2026","Mall 29-30 Stand 14","redazione@ceramicanda.com","","NEEDS EYES","","passes the free checks. Run gates 3 to 5 on the site","new","wave2"
"CERAMICA RIBESALBES","www.ceramicaribesalbes.com","ceramicaribesalbes.com","directory","ES","ONDA - CASTELLÓN","Ceramic / Tile (verify)","Cersaie 2026","Hall 26 Stand B183","comercial@ceramicaribesalbes.com","","NEEDS EYES","","passes the free checks. Run gates 3 to 5 on the site","new","wave2"
"CERAMICA RONDINE","www.ceramicarondine.it","ceramicarondine.it","directory","IT","RUBIERA","Ceramic / Tile (verify)","Cersaie 2026","Hall 29 Stand B32-C31","info@ceramicarondine.it","","NEEDS EYES","","passes the free checks. Run gates 3 to 5 on the site","new","wave2"
"CERAMICA SANT'AGOSTINO","www.ceramicasantagostino.it","ceramicasantagostino.it","directory","IT","TERRE DEL RENO","Ceramic / Tile (verify)","Cersaie 2026","Hall 30 Stand A40-B39","info@ceramicasantagostino.it","GRESITALIA","NEEDS EYES","","passes the free checks. Run gates 3 to 5 on the site","new","wave2"
"CERAMICAS MIMAS","www.ceramicasmimas.com","ceramicasmimas.com","directory","ES","ALCORA (CASTELLON)","Ceramic / Tile (verify)","Cersaie 2026","Hall 14 Stand A18","mimas@ceramicasmimas.com","","NEEDS EYES","","passes the free checks. Run gates 3 to 5 on the site","new","wave2"
"CERAMICA VALSECCHIA","www.ceramicavalsecchia.it","ceramicavalsecchia.it","directory","IT","VILLALUNGA DI CASALGRANDE","Ceramic / Tile (verify)","Cersaie 2026","Hall 30 Stand C57","info@ceramicavalsecchia.it","","NEEDS EYES","","passes the free checks. Run gates 3 to 5 on the site","new","wave2"
"CERAMICA VILAR ALBARO","www.ceramicacva.com","ceramicacva.com","directory","ES","SANT JOAN DE MORO","Ceramic / Tile (verify)","Cersaie 2026","Hall 36 Stand A48","export@salcamar.com","","NEEDS EYES","","passes the free checks. Run gates 3 to 5 on the site","new","wave2"
"CERAMICHE CAESAR","www.caesar.it","caesar.it","directory","IT","SPEZZANO DI FIORANO","Ceramic / Tile (verify)","Cersaie 2026","Hall 37 Stand C28-D27","info@caesar.it","OLOS BY CERAMICHE CAESAR","NEEDS EYES","","passes the free checks. Run gates 3 to 5 on the site","new","wave2"
"CERAMICHE GRAZIA","https://ceramichegrazia.it","ceramichegrazia.it","directory","IT","FORMIGINE","Ceramic / Tile (verify)","Cersaie 2026","Hall 30 Stand A74-B73","info@ceramichegrazia.it","","NEEDS EYES","","passes the free checks. Run gates 3 to 5 on the site","new","wave2"
"CERAMICHE MARINER","www.cermariner.it","cermariner.it","directory","IT","CASTELLARANO","Ceramic / Tile (verify)","Cersaie 2026","Hall 30 Stand B62","info@cermariner.it","","NEEDS EYES","","passes the free checks. Run gates 3 to 5 on the site","new","wave2"
"CERAMICHE SAN NICOLA FONDATA DAL RAG. D'INTRONO","www.ceramichesannicola.it","ceramichesannicola.it","directory","IT","CORATO","Ceramic / Tile (verify)","Cersaie 2026","Hall 25 Stand B126","info@ceramichesannicola.it","","NEEDS EYES","","passes the free checks. Run gates 3 to 5 on the site","new","wave2"
"CERAMICHE SERRA","https://www.serracer.it","serracer.it","directory","IT","SERRAMAZZONI","Ceramic / Tile (verify)","Cersaie 2026","Hall 25 Stand B165","info@monoserra.it","","NEEDS EYES","","passes the free checks. Run gates 3 to 5 on the site","new","wave2"
"CERASARDA","www.cerasarda.it","cerasarda.it","directory","IT","CASALGRANDE","Ceramic / Tile (verify)","Cersaie 2026","Hall 29 Stand C34","info@cerasarda.it","","NEEDS EYES","","passes the free checks. Run gates 3 to 5 on the site","new","wave2"
"CERCOL","www.cercol.com","cercol.com","directory","IT","SASSUOLO","Ceramic / Tile (verify)","Cersaie 2026","Hall 19 Stand A10-B9","info@cercol.it","","NEEDS EYES","","passes the free checks. Run gates 3 to 5 on the site","new","wave2"
"CERCOM","www.cercomceramiche.it","cercomceramiche.it","directory","IT","CASALGRANDE","Ceramic / Tile (verify)","Cersaie 2026","Hall 29 Stand A36-B39","info@cercomceramiche.it","","NEEDS EYES","","passes the free checks. Run gates 3 to 5 on the site","new","wave2"
"CERDOMUS","www.cerdomus.com","cerdomus.com","directory","IT","CASTEL BOLOGNESE","Ceramic / Tile (verify)","Cersaie 2026","Hall 25 Stand A56-B57","info@cerdomus.com","","NEEDS EYES","","passes the free checks. Run gates 3 to 5 on the site","new","wave2"
"CERLAT","www.cerlat.com","cerlat.com","directory","ES","ONDA (CASTELLÓN)","Ceramic / Tile (verify)","Cersaie 2026","Hall 26 Stand B94","cerlat@cerlat.com","","NEEDS EYES","","passes the free checks. Run gates 3 to 5 on the site","new","wave2"
"CESAROM BY LASSELSBERGER","www.rako.eu","rako.eu","directory","CZ","PLZEN - JIZNI PREDMESTI","Ceramic / Tile (verify)","Cersaie 2026","Hall 14 Stand B22-C21","info@rako.eu","RAKO / LASSELSBERGER","NEEDS EYES","","passes the free checks. Run gates 3 to 5 on the site","new","wave2"
"CE.SI.","www.cesiceramica.it","cesiceramica.it","directory","IT","SIRONE","Ceramic / Tile (verify)","Cersaie 2026","Hall 37 Stand B38","comunicazione.marketing@cesiceramica.it","","NEEDS EYES","","passes the free checks. Run gates 3 to 5 on the site","new","wave2"
"CEVICA","www.cevica.es","cevica.es","directory","ES","CASTELLON","Ceramic / Tile (verify)","Cersaie 2026","Hall 26 Stand B134","cevica@cevica.es","","NEEDS EYES","","passes the free checks. Run gates 3 to 5 on the site","new","wave2"
"CEVI CERAMICA VIETRESE","www.francescodemaio.it","francescodemaio.it","directory","IT","NOCERA SUPERIORE","Ceramic / Tile (verify)","Cersaie 2026","Hall 25 Stand A122","info@francescodemaio.it","DE MAIO FRANCESCO CERAMICA","NEEDS EYES","","passes the free checks. Run gates 3 to 5 on the site","new","wave2"
"CICOGRES","www.halconceramicas.com","halconceramicas.com","directory","ES","ALCORA (CASTELLÓN)","Ceramic / Tile (verify)","Cersaie 2026","Hall 36 Stand B24-C29","contacto@grupohalcon.com","HALCÓN  CERÁMICAS","NEEDS EYES","","passes the free checks. Run gates 3 to 5 on the site","new","wave2"
"CIMENTO","https://www.cimento.tech","cimento.tech","directory","IT","SAN DONA' DI PIAVE","Ceramic / Tile (verify)","Cersaie 2026","Hall 32 Stand A14-B13","info@cimento.tech","","NEEDS EYES","","passes the free checks. Run gates 3 to 5 on the site","new","wave2"
"CINCA","www.cinca.pt","cinca.pt","directory","PT","FIAES","Ceramic / Tile (verify)","Cersaie 2026 + Coverings 2027","Hall 26 Stand B123","internacional@cinca.pt","Cinca","NEEDS EYES","","passes the free checks. Run gates 3 to 5 on the site || merged duplicate, researched separately as Cinca: Founded 1964, started in 2.5x2.5cm porcelain mosaic, now ~5.2 million sq m a year into 70+ countries, part of Gruppo Cerdisa Ricchetti. Mosaic is in the ICP but the business is volume catalogue production","new","wave2"
"CIPA GRES","www.cipagres.it","cipagres.it","directory","IT","CASALGRANDE","Ceramic / Tile (verify)","Cersaie 2026","Hall 26 Stand B177","info@cipagres.it","","NEEDS EYES","","passes the free checks. Run gates 3 to 5 on the site","new","wave2"
"CIPI'","www.cipitaly.it","cipitaly.it","directory","IT","BAGNARA DI ROMAGNA","Ceramic / Tile (verify)","Cersaie 2026","Hall 22 Stand B22","info@cipitaly.it","","NEEDS EYES","","passes the free checks. Run gates 3 to 5 on the site","new","wave2"
"CIR","www.cir.it","cir.it","directory","IT","CASALGRANDE","Ceramic / Tile (verify)","Cersaie 2026","Hall 29 Stand B34-C33","info@cir.it","","NEEDS EYES","","passes the free checks. Run gates 3 to 5 on the site","new","wave2"
"CISAL","www.huberitalia.com","huberitalia.com","directory","IT","SAN MAURIZIO D'OPAGLIO","Ceramic / Tile (verify)","Cersaie 2026","Hall 22 Stand A116","huber@huberitalia.com","HUBER","NEEDS EYES","","passes the free checks. Run gates 3 to 5 on the site","new","wave2"
"CLANEA","www.clanea.ch","clanea.ch","directory","CH","BOLLIGEN","Ceramic / Tile (verify)","Cersaie 2026","Hall 19 Stand B45","info@clanea.ch","","NEEDS EYES","","passes the free checks. Run gates 3 to 5 on the site","new","wave2"
"CLASS TV MODA","www.classeditori.com","classeditori.com","directory","IT","MILANO","Ceramic / Tile (verify)","Cersaie 2026","Mall 29-30 Stand 33","srighi@class.it","","NEEDS EYES","","passes the free checks. Run gates 3 to 5 on the site","new","wave2"
"COEM","www.coem.it","coem.it","directory","IT","FIORANO MODENESE","Ceramic / Tile (verify)","Cersaie 2026","Hall 37 Stand C64-D63","coem@coem.it","","NEEDS EYES","","passes the free checks. Run gates 3 to 5 on the site","new","wave2"
"COLORKER","www.colorker.com","colorker.com","directory","ES","ALCORA","Ceramic / Tile (verify)","Cersaie 2026","Hall 36 Stand B16-C19","comunicacion@colorker.com","","NEEDS EYES","","passes the free checks. Run gates 3 to 5 on the site","new","wave2"
"COLOROBBIA ESPANA","www.colorobbia.es","colorobbia.es","directory","ES","VILLAFAMES (CS)","Ceramic / Tile (verify)","Cersaie 2026","Hall 33 Stand A2-C5","info@colorobbia.es","","NEEDS EYES","","passes the free checks. Run gates 3 to 5 on the site","new","wave2"
"COLOROBBIA ITALIA","www.colorobbiaitalia.it","colorobbiaitalia.it","directory","IT","SOVIGLIANA VINCI","Ceramic / Tile (verify)","Cersaie 2026","Hall 33 Stand A2-C5","marketing@colorobbia.com","","NEEDS EYES","","passes the free checks. Run gates 3 to 5 on the site","new","wave2"
"COLORONDA","www.coloronda.com","coloronda.com","directory","ES","ONDA - CASTELLÓN","Ceramic / Tile (verify)","Cersaie 2026","Hall 33 Stand C26","coloronda@coloronda.com","","NEEDS EYES","","passes the free checks. Run gates 3 to 5 on the site","new","wave2"
"COLOR PRISMA","www.colorprisma.com","colorprisma.com","directory","TR","IZMIR","Ceramic / Tile (verify)","Cersaie 2026","Hall 33 Stand E26-F15","bilgi@colorprisma.com","","NEEDS EYES","","passes the free checks. Run gates 3 to 5 on the site","new","wave2"
"CONTRACT NETWORK","www.contractnetwork.it","contractnetwork.it","directory","IT","MILANO","Ceramic / Tile (verify)","Cersaie 2026","Mall 29-30 Stand 34","direzione@contractnetwork.it","","NEEDS EYES","","passes the free checks. Run gates 3 to 5 on the site","new","wave2"
"CORDIVARI DESIGN","www.cordivaridesign.it","cordivaridesign.it","directory","IT","MORRO D'ORO","Ceramic / Tile (verify)","Cersaie 2026","Hall 21 Stand A7-B6","info@cordivari.it","","NEEDS EYES","","passes the free checks. Run gates 3 to 5 on the site","new","wave2"
"CORTAG REVOLUTION TOOLS","www.cortag.com","cortag.com","directory","BR","MOGI MIRIM SP","Ceramic / Tile (verify)","Cersaie 2026","Hall 19 Stand C14","cortag@cortag.com.br","","LIKELY OUT","","name or domain suggests 'TOOLS'. Supplier, trader or wrong medium. Confirm on the site before spending credits","new","wave2"
"COSE DI CASA","www.cosedicasa.com","cosedicasa.com","directory","IT","MILANO","Ceramic / Tile (verify)","Cersaie 2026","Mall 29-30 Stand 43","promozione@casaeditriceuniverso.com","","NEEDS EYES","","passes the free checks. Run gates 3 to 5 on the site","new","wave2"
"COTTO D'ESTE","www.cottodeste.it","cottodeste.it","directory","IT","SASSUOLO","Ceramic / Tile (verify)","Cersaie 2026","Hall 30 Stand A16-B15","info@cottodeste.it","","NEEDS EYES","","passes the free checks. Run gates 3 to 5 on the site","new","wave2"
"COTTO PETRUS","www.cottopetrus.it","cottopetrus.it","directory","IT","ROTEGLIA DI CASTELLARANO","Ceramic / Tile (verify)","Cersaie 2026","Hall 25 Stand B138","amministrazione@cottopetrus.it","","NEEDS EYES","","passes the free checks. Run gates 3 to 5 on the site","new","wave2"
"COTTOVIETRI","www.cottovietri.it  www.cplustiles.com","cottovietri.it  cplustiles.com","directory","IT","CAVA DEI TIRRENI","Ceramic / Tile (verify)","Cersaie 2026","Hall 25 Stand B28","info@cottovietri.it","","NEEDS EYES","","passes the free checks. Run gates 3 to 5 on the site","new","wave2"
"COTTO VIVATERRA","www.vivaterra.it","vivaterra.it","directory","IT","GREVE IN CHIANTI","Ceramic / Tile (verify)","Cersaie 2026","Hall 25 Stand B134","info@vivaterra.it","","NEEDS EYES","","passes the free checks. Run gates 3 to 5 on the site","new","wave2"
"COVERLAM","www.grespania.com","grespania.com","directory","ES","CASTELLÓN","Ceramic / Tile (verify)","Cersaie 2026","Hall 36 Stand A32-B37","marketing@grespania.com","GRESPANIA","NEEDS EYES","","passes the free checks. Run gates 3 to 5 on the site","new","wave2"
"COYCAMA","www.coycama.com","coycama.com","directory","ES","VINAROS","Ceramic / Tile (verify)","Cersaie 2026","Hall 22 Stand B2","export@coycama.com","","NEEDS EYES","","passes the free checks. Run gates 3 to 5 on the site","new","wave2"
"CRISTACER","www.cristalceramicas.com","cristalceramicas.com","directory","ES","ONDA","Ceramic / Tile (verify)","Cersaie 2026","Hall 25 Stand B62","cristacer@cristalceramicas.com","","NEEDS EYES","","passes the free checks. Run gates 3 to 5 on the site","new","wave2"
"CRZ64 BY IDROEXPERT","www.crz64.com","crz64.com","directory","IT","CASALGRANDE","Ceramic / Tile (verify)","Cersaie 2026","Hall 36 Stand A19","info@crz64.com","","NEEDS EYES","","passes the free checks. Run gates 3 to 5 on the site","new","wave2"
"CYBERTEC SERVICES","https://www.computarte.it e https:/www.mood06.com","computarte.it e https:","directory","IT","ROMA","Ceramic / Tile (verify)","Cersaie 2026","Hall 31 Stand B35","pr@computarte.it","","NEEDS EYES","","passes the free checks. Run gates 3 to 5 on the site","new","wave2"
"DADO CERAMICA","www.dadoceramica.it","dadoceramica.it","directory","IT","SAN MATTEO DECIMA","Ceramic / Tile (verify)","Cersaie 2026","Hall 25 Stand A218-B219","info@dadoceramica.it","","NEEDS EYES","","passes the free checks. Run gates 3 to 5 on the site","new","wave2"
"DAKOTA GROUP","www.dakota.eu","dakota.eu","directory","IT","BRENTINO BELLUNO","Ceramic / Tile (verify)","Cersaie 2026","Hall 19 Stand B34","info@dakota.eu","","NEEDS EYES","","passes the free checks. Run gates 3 to 5 on the site","new","wave2"
"DANIEL","https://www.daniel.it","daniel.it","directory","IT","CASSANO D'ADDA","Ceramic / Tile (verify)","Cersaie 2026","Hall 21 Stand A79-B76","info@daniel.it","","NEEDS EYES","","passes the free checks. Run gates 3 to 5 on the site","new","wave2"
"DANILO RAMAZZOTTI IHF","www.daniloramazzotti.com","daniloramazzotti.com","directory","IT","VAPRIO D'AGOGNA","Ceramic / Tile (verify)","Cersaie 2026","Hall 25 Stand B118","info@daniloramazzotti.com","","NEEDS EYES","","passes the free checks. Run gates 3 to 5 on the site","new","wave2"
"DA VINCI CERAMICA","www.ceramicadavinci.com","ceramicadavinci.com","directory","ES","ONDA (CASTELLÓN)","Ceramic / Tile (verify)","Cersaie 2026","Hall 16 Stand A22","contact@ceramicadavinci.net","","NEEDS EYES","","passes the free checks. Run gates 3 to 5 on the site","new","wave2"
"DEANTE","www.deante.eu","deante.eu","directory","PL","ZGIERZ","Ceramic / Tile (verify)","Cersaie 2026","Hall 21 Stand B77","export@deante.pl","","NEEDS EYES","","passes the free checks. Run gates 3 to 5 on the site","new","wave2"
"DECOCER","https://www.decocer.com/","decocer.com","directory","ES","ONDA","Ceramic / Tile (verify)","Cersaie 2026","Hall 25 Stand B174","comercial@decocer.com","","NEEDS EYES","","passes the free checks. Run gates 3 to 5 on the site","new","wave2"
"DECORATORI BASSANESI ITALIA 1988","www.decoratoribassanesi.it","decoratoribassanesi.it","directory","IT","BASSANO DEL GRAPPA","Ceramic / Tile (verify)","Cersaie 2026","Hall 26 Stand A266","info@decoratoribassanesi.it","","NEEDS EYES","","passes the free checks. Run gates 3 to 5 on the site","new","wave2"
"DECROS","www.decros.com.tr","decros.com.tr","directory","TR","IZMIR","Ceramic / Tile (verify)","Cersaie 2026","Hall 16 Stand B22-C21","info@decros.com.tr","","NEEDS EYES","","passes the free checks. Run gates 3 to 5 on the site","new","wave2"
"DEF","www.defspa.it","defspa.it","directory","IT","FIORANO MODENESE","Ceramic / Tile (verify)","Cersaie 2026","Hall 33 Stand A12-C15","info@defspa.it","","NEEDS EYES","","passes the free checks. Run gates 3 to 5 on the site","new","wave2"
"DEL CONCA","www.delconca.com","delconca.com","directory","IT","SAN CLEMENTE","Ceramic / Tile (verify)","Cersaie 2026","Hall 30 Stand A28-B27","info@delconca.com","FAETANO","NEEDS EYES","","passes the free checks. Run gates 3 to 5 on the site","new","wave2"
"DEMM RUBINETTERIA","www.demmrubinetteria.it","demmrubinetteria.it","directory","IT","MARMENTINO","Ceramic / Tile (verify)","Cersaie 2026","Hall 21 Stand A3-B2","info@demmrubinetteria.it","","NEEDS EYES","","passes the free checks. Run gates 3 to 5 on the site","new","wave2"
"DEMOSAICA","https://demosaica.com/","demosaica.com","directory","ES","SEVILLA","Ceramic / Tile (verify)","Cersaie 2026","Hall 36 Stand A43","contacto@demosaica.com","","NEEDS EYES","","passes the free checks. Run gates 3 to 5 on the site","new","wave2"
"DESIGN COURIER","www.thedesigncourier.com","thedesigncourier.com","directory","IT","MILANO","Ceramic / Tile (verify)","Cersaie 2026","Mall 29-30 Stand 20","marketing@medelhan.com","","NEEDS EYES","","passes the free checks. Run gates 3 to 5 on the site","new","wave2"
"DESIGN DIFFUSION WORLD","www.designdiffusion.com","designdiffusion.com","directory","IT","MILANO","Ceramic / Tile (verify)","Cersaie 2026","Mall 29-30 Stand 35","info@designdiffusion.com","","NEEDS EYES","","passes the free checks. Run gates 3 to 5 on the site","new","wave2"
"DIANFLEX","www.dianflex.com","dianflex.com","directory","IT","ATENA LUCANA","Ceramic / Tile (verify)","Cersaie 2026","Hall 22 Stand B138","info@dianflex.com","LINPHA CERAMICS","NEEDS EYES","","passes the free checks. Run gates 3 to 5 on the site","new","wave2"
"DIGITAL DESIGN","www.ddsrl.com","ddsrl.com","directory","IT","FIORANO MODENESE","Ceramic / Tile (verify)","Cersaie 2026","Hall 33 Stand C34-D23","amministrazione@ddsrl.com","","NEEDS EYES","","passes the free checks. Run gates 3 to 5 on the site","new","wave2"
"DISENIA","https://www.disenia.it/welcome.php","disenia.it","directory","IT","BRUGNERA","Ceramic / Tile (verify)","Cersaie 2026","Hall 21 Stand A39-B38","info@disenia.it","","NEEDS EYES","","passes the free checks. Run gates 3 to 5 on the site","new","wave2"
"DISTAR","http://distar.tools","distar.tools","directory","PL","TYCZYN, RZESZOW","Ceramic / Tile (verify)","Cersaie 2026","Hall 19 Stand C34-D33","distar@distar.online","","LIKELY OUT","","name or domain suggests 'tools'. Supplier, trader or wrong medium. Confirm on the site before spending credits","new","wave2"
"DNA TILES","http://www.dnatiles.com","dnatiles.com","directory","ES","CABANES","Ceramic / Tile (verify)","Cersaie 2026","Hall 37 Stand A64-B63","registro@wowtilesgroup.com","","NEEDS EYES","","passes the free checks. Run gates 3 to 5 on the site","new","wave2"
"DOGA","www.dogasystem.com","dogasystem.com","directory","ES","BENIPARRELL (VALENCIA)","Ceramic / Tile (verify)","Cersaie 2026","Hall 19 Stand C43","info@dogasystem.com","","NEEDS EYES","","passes the free checks. Run gates 3 to 5 on the site","new","wave2"
"DOMINO","www.domino.pt","domino.pt","directory","PT","CONDEIXA-A-NOVA","Ceramic / Tile (verify)","Cersaie 2026","Hall 25 Stand B186","domino@domino.pt","","NEEDS EYES","","passes the free checks. Run gates 3 to 5 on the site","new","wave2"
"DOMINO POLSKA","www.lavita.pl","lavita.pl","directory","PL","DZIERZONIOW","Ceramic / Tile (verify)","Cersaie 2026","Hall 22 Stand B154","sekretariat@domino.pl","","NEEDS EYES","","passes the free checks. Run gates 3 to 5 on the site","new","wave2"
"DOMUS-EDITORIALE DOMUS","www.domusweb.it","domusweb.it","directory","IT","ROZZANO","Ceramic / Tile (verify)","Cersaie 2026","Mall 29-30 Stand 42","editorialedomus@edidomus.it","","NEEDS EYES","","passes the free checks. Run gates 3 to 5 on the site","new","wave2"
"DOMUS LINEA","www.domuslinea.com","domuslinea.com","directory","IT","RUBIERA","Ceramic / Tile (verify)","Cersaie 2026","Hall 25 Stand B241","info@domuslinea.com","","NEEDS EYES","","passes the free checks. Run gates 3 to 5 on the site","new","wave2"
"DREAMTILE","www.dreamtile.es","dreamtile.es","directory","ES","ONDA - CASTELLÓN","Ceramic / Tile (verify)","Cersaie 2026","Hall 36 Stand A37","dreamtile@dreamtile.es","","NEEDS EYES","","passes the free checks. Run gates 3 to 5 on the site","new","wave2"
"DUE G CERAMICHE","www.duegceramiche.com","duegceramiche.com","directory","IT","CASTEL BOLOGNESE","Ceramic / Tile (verify)","Cersaie 2026","Hall 30 Stand B72-C73","info@duegceramiche.com","","NEEDS EYES","","passes the free checks. Run gates 3 to 5 on the site","new","wave2"
"DUKA","www.duka.it","duka.it","directory","IT","BRESSANONE","Ceramic / Tile (verify)","Cersaie 2026","Hall 21 Stand A69-B68","info@duka.it","","NEEDS EYES","","passes the free checks. Run gates 3 to 5 on the site","new","wave2"
"DUNE CERAMICA","www.duneceramics.com","duneceramics.com","directory","ES","SAN JUAN DE MORÓ","Ceramic / Tile (verify)","Cersaie 2026","Hall 16 Stand B18","dune@duneceramics.com","","NEEDS EYES","","passes the free checks. Run gates 3 to 5 on the site","new","wave2"
"DURSTONE","www.durstone.es","durstone.es","directory","ES","ONDA  (CASTELLÓN)","Ceramic / Tile (verify)","Cersaie 2026","Hall 26 Stand B31","durstone@durstone.es","","NEEDS EYES","","passes the free checks. Run gates 3 to 5 on the site","new","wave2"
"DUSCHOLUX","WWW.DUSCHOLUX.COM","duscholux.com","directory","CH","THUN","Ceramic / Tile (verify)","Cersaie 2026","Hall 22 Stand B3","INFO@DUSCHOLUX.COM","","NEEDS EYES","","passes the free checks. Run gates 3 to 5 on the site","new","wave2"
"ECOCERAMIC","https://www.ecoceramic.es/","ecoceramic.es","directory","ES","ONDA - CASTELLÓN","Ceramic / Tile (verify)","Cersaie 2026","Hall 30 Stand C84-D83","info@ecoceramic.es","","NEEDS EYES","","passes the free checks. Run gates 3 to 5 on the site","new","wave2"
"ECO CERAMICA","www.ecoceramica.com","ecoceramica.com","directory","IT","CASALGRANDE - S.ANTONINO","Ceramic / Tile (verify)","Cersaie 2026","Hall 26 Stand B87","ecoceramica@ecoceramica.com","","NEEDS EYES","","passes the free checks. Run gates 3 to 5 on the site","new","wave2"
"ECO DESIGN","www.ecodesignsrl.it","ecodesignsrl.it","directory","IT","CORLO DI FORMIGINE","Ceramic / Tile (verify)","Cersaie 2026","Hall 28 Stand C2","info@ecodesignsrl.it","","NEEDS EYES","","passes the free checks. Run gates 3 to 5 on the site","new","wave2"
"EDIMAXASTOR","www.edimaxastor.it","edimaxastor.it","directory","IT","SOLIGNANO DI CASTELVETRO","Ceramic / Tile (verify)","Cersaie 2026","Hall 26 Stand A158-B159","info@edimaxastor.it","","NEEDS EYES","","passes the free checks. Run gates 3 to 5 on the site","new","wave2"
"EDIZIONI CONDE' NAST","www.ad-italia.it","ad-italia.it","directory","IT","MILANO","Ceramic / Tile (verify)","Cersaie 2026","Mall 29-30 Stand 37","infoclienti@condenast.it","","NEEDS EYES","","passes the free checks. Run gates 3 to 5 on the site","new","wave2"
"EDIZIONI MORELLI","www.edizionimorellisrl.it","edizionimorellisrl.it","directory","IT","MILANO","Ceramic / Tile (verify)","Cersaie 2026","Mall 29-30 Stand 36","info@edizionimorellisrl.it","","NEEDS EYES","","passes the free checks. Run gates 3 to 5 on the site","new","wave2"
"EDPLIT","edplit.com","edplit.com","directory","UA","IRPIN","Ceramic / Tile (verify)","Cersaie 2026","Hall 19 Stand C34-D33","partners@edplit.com","","NEEDS EYES","","passes the free checks. Run gates 3 to 5 on the site","new","wave2"
"EFFEBIQUATTRO","http://www.effebiquattro.it","effebiquattro.it","directory","IT","SEREGNO","Ceramic / Tile (verify)","Cersaie 2026","Hall 31 Stand A7-B8","info@effebiquattro.it","","NEEDS EYES","","passes the free checks. Run gates 3 to 5 on the site","new","wave2"
"EGE SERAMIK","www.egeseramik.com","egeseramik.com","directory","TR","KEMALPASA/ IZMIR","Ceramic / Tile (verify)","Cersaie 2026","Hall 16 Stand A56-B51","info@egeseramik.com","","NEEDS EYES","","passes the free checks. Run gates 3 to 5 on the site","new","wave2"
"EKXTRA","https://www.ekxtrasurfaces.it","ekxtrasurfaces.it","directory","IT","PAVULLO NF","Ceramic / Tile (verify)","Cersaie 2026","Hall 25 Stand A26-B27","energieker@energieker.it","","NEEDS EYES","","passes the free checks. Run gates 3 to 5 on the site","new","wave2"
"EL BARCO","www.elbarco.com","elbarco.com","directory","ES","ONDA","Ceramic / Tile (verify)","Cersaie 2026","Hall 14 Stand A30","elbarco@elbarco.com","","NEEDS EYES","","passes the free checks. Run gates 3 to 5 on the site","new","wave2"
"ELIOS CERAMICA","www.eliosceramica.it","eliosceramica.it","directory","IT","FIORANO MODENESE","Ceramic / Tile (verify)","Cersaie 2026","Hall 29 Stand A18-B17","info@eliosceramica.it","","NEEDS EYES","","passes the free checks. Run gates 3 to 5 on the site","new","wave2"
"ELLE DECOR ITALIA - MARIE CLAIRE MAISON","www.elledecor.com/it","elledecor.com","directory","IT","MILANO","Ceramic / Tile (verify)","Cersaie 2026","Mall 29-30 Stand 29","abbonamenti@hearst.it","","NEEDS EYES","","passes the free checks. Run gates 3 to 5 on the site","new","wave2"
"EL MOLINO -HIJOS DE CIPRIANO CASTELLO ALFONSO","www.elmolino.es","elmolino.es","directory","ES","ONDA","Ceramic / Tile (verify)","Cersaie 2026","Hall 25 Stand B18","elmolino@elmolino.es","","NEEDS EYES","","passes the free checks. Run gates 3 to 5 on the site","new","wave2"
"EMAC®","www.emac-italia.it","emac-italia.it","directory","ES","SASSUOLO","Ceramic / Tile (verify)","Cersaie 2026","Hall 19 Stand C33","info@emac-italia.it","","NEEDS EYES","","passes the free checks. Run gates 3 to 5 on the site","new","wave2"
"EMCER ITALIA","www.emcer.in","emcer.in","directory","IT","TORRE DEL GRECO","Ceramic / Tile (verify)","Cersaie 2026","Hall 16 Stand C18-D19","commerciale@emceritalia.it","","NEEDS EYES","","passes the free checks. Run gates 3 to 5 on the site","new","wave2"
"EMIGRES","www.emigres.es","emigres.es","directory","ES","ALCORA (CASTELLÓN)","Ceramic / Tile (verify)","Cersaie 2026","Hall 36 Stand B32-C37","emigres@emigres.es","","NEEDS EYES","","passes the free checks. Run gates 3 to 5 on the site","new","wave2"
"EMOTION CERAMICS","www.emotionceramics.es","emotionceramics.es","directory","ES","L'ALCORA","Ceramic / Tile (verify)","Cersaie 2026","Hall 36 Stand B22-C25","contacto@grupohalcon.com","","NEEDS EYES","","passes the free checks. Run gates 3 to 5 on the site","new","wave2"
"ENERGIEKER","www.energieker.it","energieker.it","directory","IT","PAVULLO NEL FRIGNANO","Ceramic / Tile (verify)","Cersaie 2026","Hall 25 Stand A42-B45","energieker@energieker.it","GOLD ART CERAMICA","NEEDS EYES","","passes the free checks. Run gates 3 to 5 on the site","new","wave2"
"EPICENTR CERAMIC CORP","https://epicentrceramic.com/en","epicentrceramic.com","directory","UA","KYIV","Ceramic / Tile (verify)","Cersaie 2026","Hall 14 Stand B12-C11","b2b@epicentrk.ua","","NEEDS EYES","","passes the free checks. Run gates 3 to 5 on the site","new","wave2"
"EQUIPE CERAMICAS","www.equipeceramicas.com","equipeceramicas.com","directory","ES","FIGUEROLES - CASTELLÓN","Ceramic / Tile (verify)","Cersaie 2026","Hall 26 Stand A74-B75","info@equipeceramicas.com","","NEEDS EYES","","passes the free checks. Run gates 3 to 5 on the site","new","wave2"
"ERMESAURELIA","www.ermesaurelia.it","ermesaurelia.it","directory","IT","CASALGRANDE","Ceramic / Tile (verify)","Cersaie 2026","Hall 37 Stand B88-C87","info@ermesaurelia.it","","NEEDS EYES","","passes the free checks. Run gates 3 to 5 on the site","new","wave2"
"ESMALGLASS","www.esmalglass-itaca.com","esmalglass-itaca.com","directory","ES","VILA-REAL","Ceramic / Tile (verify)","Cersaie 2026","Hall 33 Stand B20-C19","info@esmalglass-itaca.com","ITACA","NEEDS EYES","","passes the free checks. Run gates 3 to 5 on the site","new","wave2"
"ESTILKER","www.ceramicaestilker.com","ceramicaestilker.com","directory","ES","ONDA","Ceramic / Tile (verify)","Cersaie 2026","Hall 25 Stand B46","manuel@ceramicaestilker.com","","NEEDS EYES","","passes the free checks. Run gates 3 to 5 on the site","new","wave2"
"ESTUDIO CERAMICO","www.eceramico.com","eceramico.com","directory","ES","SAN JUAN DE MORO","Ceramic / Tile (verify)","Cersaie 2026","Hall 36 Stand A30","info@eceramico.com","","NEEDS EYES","","passes the free checks. Run gates 3 to 5 on the site","new","wave2"
"ETERNO IVICA","www.eternoivica.com","eternoivica.com","directory","IT","PADOVA","Ceramic / Tile (verify)","Cersaie 2026","Hall 19 Stand C58-D57","eternoivica@eternoivica.com","","NEEDS EYES","","passes the free checks. Run gates 3 to 5 on the site","new","wave2"
"ETILE / ELAM","www.etile.es","etile.es","directory","ES","VILLAFAMES, CASTELLÓN","Ceramic / Tile (verify)","Cersaie 2026","Hall 36 Stand A31","info@etile.es","","NEEDS EYES","","passes the free checks. Run gates 3 to 5 on the site","new","wave2"
"EUROSHRINK","www.euroshrink.es","euroshrink.es","directory","ES","ESPARREGUERA- BARCELONA","Ceramic / Tile (verify)","Cersaie 2026","Hall 19 Stand A56","euroshrink@euroshrink.es","","NEEDS EYES","","passes the free checks. Run gates 3 to 5 on the site","new","wave2"
"EVERSTONE","www.everstone.com","everstone.com","directory","AU","AUBURN","Ceramic / Tile (verify)","Cersaie 2026","Hall 14 Stand B17","info@everstone.com.au","","NEEDS EYES","","passes the free checks. Run gates 3 to 5 on the site","new","wave2"
"EVOLUZIONI CERAMICHE","www.evoluzioniceramiche.com","evoluzioniceramiche.com","directory","IT","SAN MATTEO DECIMA","Ceramic / Tile (verify)","Cersaie 2026","Hall 25 Stand B138","info@evoluzioniceramiche.it","","NEEDS EYES","","passes the free checks. Run gates 3 to 5 on the site","new","wave2"
"EXAGRES","www.exagres.es","exagres.es","directory","ES","BETXI (CASTELLÓN)","Ceramic / Tile (verify)","Cersaie 2026","Hall 26 Stand A176","info@exagres.es","","NEEDS EYES","","passes the free checks. Run gates 3 to 5 on the site","new","wave2"
"EZARRI MOSAICO","www.ezarri.com","ezarri.com","directory","ES","LAZKAO","Ceramic / Tile (verify)","Cersaie 2026","Hall 32 Stand A42","info@ezarri.com","","NEEDS EYES","","passes the free checks. Run gates 3 to 5 on the site","new","wave2"
"FABBRICA DEL SALE","www.fabbricadelsale.it","fabbricadelsale.it","directory","IT","FORMIGINE","Ceramic / Tile (verify)","Cersaie 2026","Hall 33 Stand D32","la@fabbricadelsale.it","","NEEDS EYES","","passes the free checks. Run gates 3 to 5 on the site","new","wave2"
"FABER","www.fabersurfacecare.com","fabersurfacecare.com","directory","IT","FABRIANO","Ceramic / Tile (verify)","Cersaie 2026","Hall 19 Stand B44","info@fabersurfacecare.com","","NEEDS EYES","","passes the free checks. Run gates 3 to 5 on the site","new","wave2"
"FANAL CERAMICAS","www.fanal.com","fanal.com","directory","ES","ONDA-CASTELLÓN","Ceramic / Tile (verify)","Cersaie 2026","Hall 26 Stand B293","administracion@fanal.com","","NEEDS EYES","","passes the free checks. Run gates 3 to 5 on the site","new","wave2"
"FAP CERAMICHE","www.fapceramiche.com","fapceramiche.com","directory","IT","FIORANO MODENESE","Ceramic / Tile (verify)","Cersaie 2026","Hall 37 Stand C40-D39","info@fapceramiche.com","","NEEDS EYES","","passes the free checks. Run gates 3 to 5 on the site","new","wave2"
"FELTRINELLI LIBRERIE","https://www.lafeltrinelli.it","lafeltrinelli.it","directory","IT","MILANO","Ceramic / Tile (verify)","Cersaie 2026","Service Centre Stand 92","bologna-ravegnana@lafeltrinelli.it","","NEEDS EYES","","passes the free checks. Run gates 3 to 5 on the site","new","wave2"
"FERCAM","www.fercam.com","fercam.com","directory","IT","BOLZANO","Ceramic / Tile (verify)","Cersaie 2026","Mall 29-30 Stand 1","info@fercam.com","","NEEDS EYES","","passes the free checks. Run gates 3 to 5 on the site","new","wave2"
"FERRARI & CIGARINI","www.ferrariecigarini.com","ferrariecigarini.com","directory","IT","MARANELLO","Ceramic / Tile (verify)","Cersaie 2026","Hall 19 Stand C46-D45","sales.dpt@ferrariecigarini.com","","NEEDS EYES","","passes the free checks. Run gates 3 to 5 on the site","new","wave2"
"FERRO","www.ferroceramics.com","ferroceramics.com","directory","ES","ONDA","Ceramic / Tile (verify)","Cersaie 2026","Hall 33 Stand E34-G31","info@ferroceramics.com","","NEEDS EYES","","passes the free checks. Run gates 3 to 5 on the site","new","wave2"
"FILA SOLUTIONS","www.filasolutions.com","filasolutions.com","directory","IT","S.MARTINO DI LUPARI","Ceramic / Tile (verify)","Cersaie 2026","Hall 19 Stand A68-B67","info@filasolutions.com","","NEEDS EYES","","passes the free checks. Run gates 3 to 5 on the site","new","wave2"
"FIORANESE","www.fioranese.it","fioranese.it","directory","IT","FIORANO MODENESE","Ceramic / Tile (verify)","Cersaie 2026","Hall 37 Stand C63","info@fioranese.it","","NEEDS EYES","","passes the free checks. Run gates 3 to 5 on the site","new","wave2"
"FIORE RUBINETTERIE","www.fiore.it","fiore.it","directory","IT","BORGOMANERO","Ceramic / Tile (verify)","Cersaie 2026","Hall 21 Stand B27","fiore@fiore.it","","NEEDS EYES","","passes the free checks. Run gates 3 to 5 on the site","new","wave2"
"FLAMINIA","www.ceramicaflaminia.it","ceramicaflaminia.it","directory","IT","CIVITA CASTELLANA","Ceramic / Tile (verify)","Cersaie 2026","Hall 30 Stand B28-C27","ceramicaflaminia@ceramicaflaminia.it","","NEEDS EYES","","passes the free checks. Run gates 3 to 5 on the site","new","wave2"
"FLAMINIA ITALIAN CERAMIC TILES","www.ceramicaflaminia.com","ceramicaflaminia.com","directory","IT","CASALGRANDE","Ceramic / Tile (verify)","Cersaie 2026","Hall 36 Stand B35","info@ceramicaflaminia.com","","NEEDS EYES","","passes the free checks. Run gates 3 to 5 on the site","new","wave2"
"FLOOR ITALIA CERAMICHE","www.flooritaliaceramiche.it","flooritaliaceramiche.it","directory","IT","BATTIPAGLIA","Ceramic / Tile (verify)","Cersaie 2026","Hall 26 Stand A128","info@flooritaliaceramiche.it","","NEEDS EYES","","passes the free checks. Run gates 3 to 5 on the site","new","wave2"
"FN NEUHOFER HOLZ","www.fnprofile.com","fnprofile.com","directory","AT","ZELL AM MOOS","Ceramic / Tile (verify)","Cersaie 2026","Hall 19 Stand B12","office@fnprofile.com","","NEEDS EYES","","passes the free checks. Run gates 3 to 5 on the site","new","wave2"
"FONCER","www.foncer.it","foncer.it","directory","IT","SASSUOLO","Ceramic / Tile (verify)","Cersaie 2026","Service Centre Stand 9","info@foncer.it","","NEEDS EYES","","passes the free checks. Run gates 3 to 5 on the site","new","wave2"
"FONDOVALLE","www.fondovalle.it","fondovalle.it","directory","IT","TORRE MAINA","Ceramic / Tile (verify)","Cersaie 2026","Hall 25 Stand A254-B261","info@fondovalle.it","MY TOP FONDOVALLE","NEEDS EYES","","passes the free checks. Run gates 3 to 5 on the site","new","wave2"
"FONTEALTA","www.fontealta.it","fontealta.it","directory","IT","VIAREGGIO","Ceramic / Tile (verify)","Cersaie 2026","Hall 21 Stand A83-B80","info@fontealta.it","","NEEDS EYES","","passes the free checks. Run gates 3 to 5 on the site","new","wave2"
"FORMEDIL ITALIA","www.formedil.it","formedil.it","directory","IT","ROMA","Ceramic / Tile (verify)","Cersaie 2026","Hall 19 Stand B72","formedil@formedil.it","","NEEDS EYES","","passes the free checks. Run gates 3 to 5 on the site","new","wave2"
"FORNACE S.ANSELMO","www.santanselmo.it","santanselmo.it","directory","IT","LOREGGIA","Ceramic / Tile (verify)","Cersaie 2026","Hall 25 Stand B58","info@santanselmo.it","","NEEDS EYES","","passes the free checks. Run gates 3 to 5 on the site","new","wave2"
"FORNACE SOLAVA","http://www.solava.it","solava.it","directory","IT","CASTELFRANCO PIANDISCO'","Ceramic / Tile (verify)","Cersaie 2026","Hall 36 Stand A21","info@solava.it","","NEEDS EYES","","passes the free checks. Run gates 3 to 5 on the site","new","wave2"
"FORNACE SUGARONI VINCENZO","www.sugaroni.it","sugaroni.it","directory","IT","CASTEL VISCARDO","Ceramic / Tile (verify)","Cersaie 2026","Hall 29 Stand C12","info@sugaroni.it","","NEEDS EYES","","passes the free checks. Run gates 3 to 5 on the site","new","wave2"
"FORNACI D'AGOSTINO","WWW.FORNACIDAGOSTINO.IT","fornacidagostino.it","directory","IT","NOCERA SUPERIORE","Ceramic / Tile (verify)","Cersaie 2026","Hall 25 Stand A118","UFF.COMMERCIALE@FORNACIDAGOSTINO.IT","","NEEDS EYES","","passes the free checks. Run gates 3 to 5 on the site","new","wave2"
"FRASSINORO CERAMICHE","www.frassinoroceramiche.it","frassinoroceramiche.it","directory","IT","SASSUOLO","Ceramic / Tile (verify)","Cersaie 2026","Hall 37 Stand A40-B39","info@gresmalt.it","","NEEDS EYES","","passes the free checks. Run gates 3 to 5 on the site","new","wave2"
"FRITTA","www.fritta.com","fritta.com","directory","ES","ONDA-CASTELLÓN","Ceramic / Tile (verify)","Cersaie 2026","Hall 33 Stand F10-G19","fritta@fritta.com","","NEEDS EYES","","passes the free checks. Run gates 3 to 5 on the site","new","wave2"
"GAMA-DECOR","www.porcelanosagrupo.com","porcelanosagrupo.com","directory","ES","VILLAREAL - CASTELLON","Ceramic / Tile (verify)","Cersaie 2026","Hall 26 Stand A296-B198","info@porcelanosa.it","KRION | L'ANTIC COLONIAL | NOKEN DESIGN | PORCELANOSA | XTONE","NEEDS EYES","","passes the free checks. Run gates 3 to 5 on the site","new","wave2"
"GANI MARBLE TILES","www.ganimarbletiles.com","ganimarbletiles.com","directory","CN","FOSHAN","Ceramic / Tile (verify)","Cersaie 2026","Hall 14 Stand C2-D1","info@ganimarbletiles.com","","LIKELY OUT","","name or domain suggests 'MARBLE'. Supplier, trader or wrong medium. Confirm on the site before spending credits","new","wave2"
"GAYAFORES","www.gayafores.es","gayafores.es","directory","ES","ONDA-CASTELLÓN","Ceramic / Tile (verify)","Cersaie 2026","Hall 30 Stand A78-B77","info@gayafores.es","","NEEDS EYES","","passes the free checks. Run gates 3 to 5 on the site","new","wave2"
"GAZZETTA DI MODENA - GAZZETTA DI REGGIO","https://www.gazzettadimodena.it/","gazzettadimodena.it","directory","IT","MODENA","Ceramic / Tile (verify)","Cersaie 2026","Mall 29-30 Stand 31","g.didonato@servizisae.it","","NEEDS EYES","","passes the free checks. Run gates 3 to 5 on the site","new","wave2"
"GAZZINI","www.ceramicagazzini.it","ceramicagazzini.it","directory","IT","RUBIERA","Ceramic / Tile (verify)","Cersaie 2026","Hall 26 Stand B170","info@ceramicagazzini.it","","NEEDS EYES","","passes the free checks. Run gates 3 to 5 on the site","new","wave2"
"GB GROUP","www.gbgroupe.com","gbgroupe.com","directory","IT","SANT'IPPOLITO","Ceramic / Tile (verify)","Cersaie 2026","Hall 22 Stand A20-B33","info@gbgroupe.com","","NEEDS EYES","","passes the free checks. Run gates 3 to 5 on the site","new","wave2"
"GEDA","http://www.gedanextage.com","gedanextage.com","directory","IT","PORCIA","Ceramic / Tile (verify)","Cersaie 2026","Hall 21 Stand B11","info@gedanextage.com","","NEEDS EYES","","passes the free checks. Run gates 3 to 5 on the site","new","wave2"
"GEDY","www.gedy.com","gedy.com","directory","IT","ORIGGIO","Ceramic / Tile (verify)","Cersaie 2026","Hall 21 Stand B59","info@gedy.com","","NEEDS EYES","","passes the free checks. Run gates 3 to 5 on the site","new","wave2"
"GEMMA","www.gemma.com.eg","gemma.com.eg","directory","EG","GIZA","Ceramic / Tile (verify)","Cersaie 2026","Hall 16 Stand B4-C3","export@gemma.com.eg","","NEEDS EYES","","passes the free checks. Run gates 3 to 5 on the site","new","wave2"
"GENERAL NOLI","www.generalnoli.com","generalnoli.com","directory","IT","MODENA","Ceramic / Tile (verify)","Cersaie 2026","Mall 29-30 Stand 2","info@generalnoli.com","","NEEDS EYES","","passes the free checks. Run gates 3 to 5 on the site","new","wave2"
"GEOPIETRA","https://www.geopietra.it","geopietra.it","directory","IT","GAVARDO","Ceramic / Tile (verify)","Cersaie 2026","Hall 32 Stand B34","info@geopietra.it","","NEEDS EYES","","passes the free checks. Run gates 3 to 5 on the site","new","wave2"
"GEOTILES","www.geotiles.com","geotiles.com","directory","ES","VILA-REAL","Ceramic / Tile (verify)","Cersaie 2026","Hall 16 Stand B34-C31","info@geotiles.com","","NEEDS EYES","","passes the free checks. Run gates 3 to 5 on the site","new","wave2"
"GIGA MEDIAHUB","www.bema.it","bema.it","directory","IT","MILANO","Ceramic / Tile (verify)","Cersaie 2026","Mall 29-30 Stand 38","reception@bema.it","","NEEDS EYES","","passes the free checks. Run gates 3 to 5 on the site","new","wave2"
"GIRASOLE PIETRE NATURALI","https://girasolepietre.it/","girasolepietre.it","directory","IT","S.AMBROGIO DI VALP.LLA","Ceramic / Tile (verify)","Cersaie 2026","Hall 32 Stand B21","info@girasolepietre.it","","NEEDS EYES","","passes the free checks. Run gates 3 to 5 on the site","new","wave2"
"GIULINI GIOVANNI RUBINETTERIA","www.giulini.it","giulini.it","directory","IT","POGNO","Ceramic / Tile (verify)","Cersaie 2026","Hall 22 Stand B37","info@giulini.it","","NEEDS EYES","","passes the free checks. Run gates 3 to 5 on the site","new","wave2"
"GLASS DESIGN","www.glassdesign.it","glassdesign.it","directory","IT","VINCI","Ceramic / Tile (verify)","Cersaie 2026","Hall 21 Stand A17-B16","glassdesign@glassdesign.it","","NEEDS EYES","","passes the free checks. Run gates 3 to 5 on the site","new","wave2"
"GME DIVISION BAÑOS","www.gmelorente.com","gmelorente.com","directory","ES","QUART DE POBLET","Ceramic / Tile (verify)","Cersaie 2026","Hall 21 Stand B71","info@gmelorente.com","","NEEDS EYES","","passes the free checks. Run gates 3 to 5 on the site","new","wave2"
"GOMAN","http://www.goman.it","goman.it","directory","IT","CASTIGLIONE D/STIVIERE","Ceramic / Tile (verify)","Cersaie 2026","Hall 22 Stand B107","info@goman.it","","NEEDS EYES","","passes the free checks. Run gates 3 to 5 on the site","new","wave2"
"GRAFICHE ANTIGA","www.graficheantiga.it","graficheantiga.it","directory","IT","CROCETTA DEL MONTELLO","Ceramic / Tile (verify)","Cersaie 2026","Mall 29-30 Stand 39","info@graficheantiga.it","","NEEDS EYES","","passes the free checks. Run gates 3 to 5 on the site","new","wave2"
"GRANISER CERAMICS","www.graniser.com","graniser.com","directory","TR","KONAK / IZMIR","Ceramic / Tile (verify)","Cersaie 2026","Hall 14 Stand B24-C23","export@graniser.com.tr","","NEEDS EYES","","passes the free checks. Run gates 3 to 5 on the site","new","wave2"
"GRANITO FORTE","www.granitoforte.it","granitoforte.it","directory","IT","FRESAGRANDINARIA","Ceramic / Tile (verify)","Cersaie 2026","Hall 26 Stand A242-B249","posta@granitoforte.it","","NEEDS EYES","","passes the free checks. Run gates 3 to 5 on the site","new","wave2"
"GRANULATI ZANDOBBIO","www.sinteredstone.it","sinteredstone.it","directory","IT","BOLGARE","Ceramic / Tile (verify)","Cersaie 2026","Hall 26 Stand B126","info@granulati.it","","NEEDS EYES","","passes the free checks. Run gates 3 to 5 on the site","new","wave2"
"GRES ARAGÓN","www.gresaragon.com","gresaragon.com","directory","ES","ALCANIZ-TERUEL","Ceramic / Tile (verify)","Cersaie 2026","Hall 26 Stand B189","gresaragon@gresaragon.com","","NEEDS EYES","","passes the free checks. Run gates 3 to 5 on the site","new","wave2"
"GRESART","www.gresart.com","gresart.com","directory","PT","ÍLHAVO","Ceramic / Tile (verify)","Cersaie 2026","Hall 30 Stand B4","GRESART@GRESART.PT","","NEEDS EYES","","passes the free checks. Run gates 3 to 5 on the site","new","wave2"
"GRES FROM ITALY/GFI","https://www.gresfromitaly.it/","gresfromitaly.it","directory","IT","SERRAMAZZONI","Ceramic / Tile (verify)","Cersaie 2026","Hall 37 Stand B64","info@gresfromitaly.it","","NEEDS EYES","","passes the free checks. Run gates 3 to 5 on the site","new","wave2"
"GRESMANC GROUP","www.gresmanc.com","gresmanc.com","directory","ES","LOS YEBENES","Ceramic / Tile (verify)","Cersaie 2026","Hall 25 Stand B98","marketing@gresmanc.com","","NEEDS EYES","","passes the free checks. Run gates 3 to 5 on the site","new","wave2"
"GRUPO EMBRAMACO","https://www.embramaco.com.br/","embramaco.com.br","directory","BR","SANTA GERTRUDES","Ceramic / Tile (verify)","Cersaie 2026","Hall 16 Stand B61-B66","exportacao@embramaco.com.br","","NEEDS EYES","","passes the free checks. Run gates 3 to 5 on the site","new","wave2"
"GRUPO GRECO GRES INTERNACIONAL","www.grecogres.com","grecogres.com","directory","ES","ALAMEDA DE LA SAGRA","Ceramic / Tile (verify)","Cersaie 2026","Hall 26 Stand B182","informacion@grecogres.com","","NEEDS EYES","","passes the free checks. Run gates 3 to 5 on the site","new","wave2"
"GSI CERAMICA","https://gsiceramica.it/it/","gsiceramica.it","directory","IT","GALLESE","Ceramic / Tile (verify)","Cersaie 2026","Hall 22 Stand A142-B127","info@gsiceramica.it","","NEEDS EYES","","passes the free checks. Run gates 3 to 5 on the site","new","wave2"
"GTILES - ROCKYLAND","www.gtiles.it","gtiles.it","directory","IT","CASALGRANDE","Ceramic / Tile (verify)","Cersaie 2026","Hall 36 Stand B56","info@gtiles.it","","NEEDS EYES","","passes the free checks. Run gates 3 to 5 on the site","new","wave2"
"GUANGDONG JIAMEI CERAMICS","www.marcopolo.com.cn","marcopolo.com.cn","directory","CN","QINGYUAN, GUANGDONG","Ceramic / Tile (verify)","Cersaie 2026","Hall 14 Stand C36-D35","export@marcopolo.com.cn","MARCO POLO","NEEDS EYES","","passes the free checks. Run gates 3 to 5 on the site","new","wave2"
"GURAL SERAMIK","www.guralseramik.com","guralseramik.com","directory","TR","KUTAHYA","Ceramic / Tile (verify)","Cersaie 2026","Hall 26 Stand B114","info@guralseramik.com.tr","","NEEDS EYES","","passes the free checks. Run gates 3 to 5 on the site","new","wave2"
"GURU - WATERPROOFING PRODUCTS","www.estilguru.com","estilguru.com","directory","ES","ONTINYENT","Ceramic / Tile (verify)","Cersaie 2026","Hall 19 Stand C45","guru@estilguru.com","","NEEDS EYES","","passes the free checks. Run gates 3 to 5 on the site","new","wave2"
"GYPSUM","www.gypsum-arte.com","gypsum-arte.com","directory","IT","TREVIOLO","Ceramic / Tile (verify)","Cersaie 2026","Hall 32 Stand A4-B3","info@gypsum-arte.com","","NEEDS EYES","","passes the free checks. Run gates 3 to 5 on the site","new","wave2"
"HAPPY HOUSE","www.happyhouseitalia.com","happyhouseitalia.com","directory","IT","RUBIERA","Ceramic / Tile (verify)","Cersaie 2026","Hall 26 Stand A118","info@happyhouseitalia.com","","NEEDS EYES","","passes the free checks. Run gates 3 to 5 on the site","new","wave2"
"HARMONY","https://harmonyinspire.com","harmonyinspire.com","directory","ES","ONDA ( CASTELLON)","Ceramic / Tile (verify)","Cersaie 2026","Hall 29 Stand A3","info@harmonyinspire.com","","NEEDS EYES","","passes the free checks. Run gates 3 to 5 on the site","new","wave2"
"HDG GROUP","www.hdg.it","hdg.it","directory","IT","SISSA TRECASALI","Ceramic / Tile (verify)","Cersaie 2026","Hall 31 Stand B40","fermoposta@hdg.it","","NEEDS EYES","","passes the free checks. Run gates 3 to 5 on the site","new","wave2"
"HIDRA CERAMICA","www.hidra.it","hidra.it","directory","IT","CIVITA CASTELLANA","Ceramic / Tile (verify)","Cersaie 2026","Hall 22 Stand B91","info@hidra.it","","NEEDS EYES","","passes the free checks. Run gates 3 to 5 on the site","new","wave2"
"HIDROBOX BY TECE - TECE GROUP","www.hidrobox.com","hidrobox.com","directory","ES","SAN JUAN DE MORÓ","Ceramic / Tile (verify)","Cersaie 2026","Hall 22 Stand B115","comunicacion@hidrobox.com","","NEEDS EYES","","passes the free checks. Run gates 3 to 5 on the site","new","wave2"
"HOUSE DESIGN","http://www.house-design.it","house-design.it","directory","IT","MONTERIGGIONI","Ceramic / Tile (verify)","Cersaie 2026","Hall 22 Stand B52","info@house-design.it","","NEEDS EYES","","passes the free checks. Run gates 3 to 5 on the site","new","wave2"
"IBERO","https://catalogue.keraben.com/","catalogue.keraben.com","directory","ES","NULES-CASTELLÓN","Ceramic / Tile (verify)","Cersaie 2026","Hall 37 Stand A76-B75","marketing@keraben.com","KERABEN","NEEDS EYES","","passes the free checks. Run gates 3 to 5 on the site","new","wave2"
"IBRA SHOWERS","https://www.ibradocce.it","ibradocce.it","directory","IT","BRUGNERA","Ceramic / Tile (verify)","Cersaie 2026","Hall 22 Stand A80-B59","info@arbiarredobagno.it","","NEEDS EYES","","passes the free checks. Run gates 3 to 5 on the site","new","wave2"
"IDEAGROUP","www.ideagroup.it","ideagroup.it","directory","IT","GORGO AL MONTICANO","Ceramic / Tile (verify)","Cersaie 2026","Hall 21 Stand A35-B30","ideagroup@ideagroup.it","","NEEDS EYES","","passes the free checks. Run gates 3 to 5 on the site","new","wave2"
"IFDM","WWW.IFDM.IT","ifdm.it","directory","IT","MILANO","Ceramic / Tile (verify)","Cersaie 2026","Mall 29-30 Stand 5","df@bleevcapital.com","","NEEDS EYES","","passes the free checks. Run gates 3 to 5 on the site","new","wave2"
"IL BAGNO OGGI E DOMANI","www.ilbagnonews.it/","ilbagnonews.it","directory","IT","ASSAGO","Ceramic / Tile (verify)","Cersaie 2026","Mall 29-30 Stand 41","info@dbinformation.it","","LIKELY OUT","","name or domain suggests 'BAGNO'. Supplier, trader or wrong medium. Confirm on the site before spending credits","new","wave2"
"IL CAVALLINO","www.ceramicacavallino.it","ceramicacavallino.it","directory","IT","SPEZZANO DI FIORANO","Ceramic / Tile (verify)","Cersaie 2026","Hall 37 Stand B40","ilcavallino@ilcavallinocer.it","","NEEDS EYES","","passes the free checks. Run gates 3 to 5 on the site","new","wave2"
"IMOLA - TILES FULL OF LIFE","www.imolaceramica.com","imolaceramica.com","directory","IT","IMOLA","Ceramic / Tile (verify)","Cersaie 2026","Hall 37 Stand B16-C15","marketing@ccimola.it","","NEEDS EYES","","passes the free checks. Run gates 3 to 5 on the site","new","wave2"
"IMPERTEK","www.impertek.com","impertek.com","directory","IT","CEGGIA","Ceramic / Tile (verify)","Cersaie 2026","Hall 19 Stand B46","exhibition@impertek.com","","NEEDS EYES","","passes the free checks. Run gates 3 to 5 on the site","new","wave2"
"IMPRONTA","http://www.italgranitigroup.com/en/impronta","italgranitigroup.com","directory","IT","FORMIGINE","Ceramic / Tile (verify)","Cersaie 2026","Hall 25 Stand A110-B111","info@italgranitigroup.com","ITALGRANITI GROUP | ITALSTONE","NEEDS EYES","","passes the free checks. Run gates 3 to 5 on the site","new","wave2"
"INCO INDUSTRIA COLORI","https://www.incolours.it/","incolours.it","directory","IT","PAVULLO NEL FRIGNANO","Ceramic / Tile (verify)","Cersaie 2026","Hall 33 Stand E22-F11","infocom@incolours.it","","NEEDS EYES","","passes the free checks. Run gates 3 to 5 on the site","new","wave2"
"INDUSTRIE BITOSSI","www.industriebitossi.com","industriebitossi.com","directory","IT","SOVIGLIANA VINCI","Ceramic / Tile (verify)","Cersaie 2026","Hall 33 Stand A2-C5","info@industriebitossi.com","","NEEDS EYES","","passes the free checks. Run gates 3 to 5 on the site","new","wave2"
"INFINITY™","www.infinitysurfaces.it","infinitysurfaces.it","directory","IT","PAVULLO","Ceramic / Tile (verify)","Cersaie 2026","Hall 26 Stand A188","info@infinitysurfaces.it","","NEEDS EYES","","passes the free checks. Run gates 3 to 5 on the site","new","wave2"
"INKSIDE","https://inksidesrl.com","inksidesrl.com","directory","IT","SASSUOLO","Ceramic / Tile (verify)","Cersaie 2026","Hall 33 Stand D22-E33","info@inksidesrl.com","","NEEDS EYES","","passes the free checks. Run gates 3 to 5 on the site","new","wave2"
"INSCA","www.insca.com","insca.com","directory","ES","ALMAZORA-CASTELLÓN","Ceramic / Tile (verify)","Cersaie 2026","Hall 28 Stand B12-C11","info@insca.com","","NEEDS EYES","","passes the free checks. Run gates 3 to 5 on the site","new","wave2"
"INTERNI","www.internimagazine.it","internimagazine.it","directory","IT","SEGRATE","Ceramic / Tile (verify)","Cersaie 2026","Mall 29-30 Stand 32","interni@mondadori.it","","NEEDS EYES","","passes the free checks. Run gates 3 to 5 on the site","new","wave2"
"INTHETILE","http://www.inthetile.com","inthetile.com","directory","ES","LES ALQUERIES","Ceramic / Tile (verify)","Cersaie 2026","Hall 36 Stand A11","info@inthetile.com","","NEEDS EYES","","passes the free checks. Run gates 3 to 5 on the site","new","wave2"
"IOARCH - FONT","www.ioarch.it","ioarch.it","directory","IT","MILANO","Ceramic / Tile (verify)","Cersaie 2026","Mall 29-30 Stand 17","redazione@ioarch.it","","NEEDS EYES","","passes the free checks. Run gates 3 to 5 on the site","new","wave2"
"ISLA TILES","www.islatiles.it","islatiles.it","directory","IT","RUBIERA","Ceramic / Tile (verify)","Cersaie 2026","Hall 29 Stand A59","info@islatiles.it","","NEEDS EYES","","passes the free checks. Run gates 3 to 5 on the site","new","wave2"
"ITA-I.TILES","http://www.itaceramiche.com","itaceramiche.com","directory","IT","FIORANO MODENESE","Ceramic / Tile (verify)","Cersaie 2026","Hall 25 Stand A242","info@itatiles.it","MARANELLO CERAMICHE | SOLUZIONI TILES","NEEDS EYES","","passes the free checks. Run gates 3 to 5 on the site","new","wave2"
"ITALPROFILI","www.italprofili.com","italprofili.com","directory","IT","TORRE DI MOSTO","Ceramic / Tile (verify)","Cersaie 2026","Hall 19 Stand B16","info@italprofili.com","","NEEDS EYES","","passes the free checks. Run gates 3 to 5 on the site","new","wave2"
"J.A.S. JET AIR SERVICE","www.jas.com","jas.com","directory","IT","MODENA","Ceramic / Tile (verify)","Cersaie 2026","Mall 29-30 Stand 4","it-modenasales@jas.com","","NEEDS EYES","","passes the free checks. Run gates 3 to 5 on the site","new","wave2"
"JENIA","www.jenia.ai","jenia.ai","directory","IT","SASSUOLO","Ceramic / Tile (verify)","Cersaie 2026","Hall 31 Stand A43","tommaso.simonini@jenia.ai","","NEEDS EYES","","passes the free checks. Run gates 3 to 5 on the site","new","wave2"
"JNJ MOSAIC","www.jnjmosaic.com","jnjmosaic.com","directory","CN","GUANDONG","Ceramic / Tile (verify)","Cersaie 2026","Hall 36 Stand C28-D27","jnj@jnjmosaic.com","","NEEDS EYES","","passes the free checks. Run gates 3 to 5 on the site","new","wave2"
"KAIROS MEDIA GROUP","www.kairosmediagroup.it","kairosmediagroup.it","directory","IT","BAGGIOVARA","Ceramic / Tile (verify)","Cersaie 2026","Mall 29-30 Stand 26","info@kairosmediagroup.it","","NEEDS EYES","","passes the free checks. Run gates 3 to 5 on the site","new","wave2"
"KALE","www.kale.com.tr/int-en","kale.com.tr","directory","TR","ISTANBUL","Ceramic / Tile (verify)","Cersaie 2026","Hall 36 Stand A44-B49","info@kale.com.tr","","NEEDS EYES","","passes the free checks. Run gates 3 to 5 on the site","new","wave2"
"KARAG ITALIA","www.karag.it","karag.it","directory","IT","CASTELNUOVO RANGONE","Ceramic / Tile (verify)","Cersaie 2026","Hall 22 Stand B102","contabilita2@karag.it","","NEEDS EYES","","passes the free checks. Run gates 3 to 5 on the site","new","wave2"
"KAROISTANBUL","https://www.karoistanbul.com/","karoistanbul.com","directory","TR","ISTANBUL","Ceramic / Tile (verify)","Cersaie 2026","Hall 36 Stand C50","proje@karoistanbul.com","","NEEDS EYES","","passes the free checks. Run gates 3 to 5 on the site","new","wave2"
"KARO TILE","https://karotr.com/en/karo-home/","karotr.com","directory","TR","BILECIK","Ceramic / Tile (verify)","Cersaie 2026","Hall 16 Stand B22-C21","info@karotr.com","","NEEDS EYES","","passes the free checks. Run gates 3 to 5 on the site","new","wave2"
"KEOPE","www.keope.com","keope.com","directory","IT","CASALGRANDE","Ceramic / Tile (verify)","Cersaie 2026","Hall 26 Stand A212-B213","info@keope.com","","NEEDS EYES","","passes the free checks. Run gates 3 to 5 on the site","new","wave2"
"KERADOM","www.keradom.it","keradom.it","directory","IT","RUBIERA","Ceramic / Tile (verify)","Cersaie 2026","Hall 25 Stand A164","info@keradom.it","SELF STYLE","NEEDS EYES","","passes the free checks. Run gates 3 to 5 on the site","new","wave2"
"KLUDI","https://www.kludi.com/de-","kludi.com","directory","DE","MENDEN","Ceramic / Tile (verify)","Cersaie 2026","Hall 36 Stand A22-B25","vertrieb@kludi.com","","NEEDS EYES","","passes the free checks. Run gates 3 to 5 on the site","new","wave2"
"KTL CERAMICA","www.ktlceramica.com","ktlceramica.com","directory","ES","MONCOFA (CASTELLÓN)","Ceramic / Tile (verify)","Cersaie 2026","Hall 16 Stand B12-C11","info@ktlceramica.com","","NEEDS EYES","","passes the free checks. Run gates 3 to 5 on the site","new","wave2"
"KWC","www.kwc.com","kwc.com","directory","CH","UNTERKULM","Ceramic / Tile (verify)","Cersaie 2026","Hall 22 Stand A98-B89","info@kwc.com","","NEEDS EYES","","passes the free checks. Run gates 3 to 5 on the site","new","wave2"
"LACUS","www.lacus.it","lacus.it","directory","IT","SASSUOLO","Ceramic / Tile (verify)","Cersaie 2026","Hall 21 Stand B51","info@lacus.it","","NEEDS EYES","","passes the free checks. Run gates 3 to 5 on the site","new","wave2"
"LA FABBRICA AVA","www.lafabbrica.it","lafabbrica.it","directory","IT","RUBIERA","Ceramic / Tile (verify)","Cersaie 2026","Hall 29 Stand A22-B21","info@lafabbrica.it","TONINO LAMBORGHINI","NEEDS EYES","","passes the free checks. Run gates 3 to 5 on the site","new","wave2"
"LAFAENZA","www.lafaenzaceramica.com","lafaenzaceramica.com","directory","IT","IMOLA","Ceramic / Tile (verify)","Cersaie 2026","Hall 37 Stand B4-C3","marketing@ccimola.it","","NEEDS EYES","","passes the free checks. Run gates 3 to 5 on the site","new","wave2"
"LA FENICE","www.lafenicegc.com","lafenicegc.com","directory","IT","CASALGRANDE","Ceramic / Tile (verify)","Cersaie 2026","Hall 37 Stand B52-C51","info@lafenicegc.com","","NEEDS EYES","","passes the free checks. Run gates 3 to 5 on the site","new","wave2"
"LAMINAM","www.laminam.com","laminam.com","directory","IT","FIORANO MODENESE","Ceramic / Tile (verify)","Cersaie 2026","Hall 30 Stand C52-D51","info@laminam.com","","NEEDS EYES","","passes the free checks. Run gates 3 to 5 on the site","new","wave2"
"LA PLATERA","www.laplatera.es","laplatera.es","directory","ES","ALCORA","Ceramic / Tile (verify)","Cersaie 2026","Hall 36 Stand C40-D43","marketing@laplatera.es","","NEEDS EYES","","passes the free checks. Run gates 3 to 5 on the site","new","wave2"
"LA REPUBBLICA DESIGN - DOOR","www.repubblica.it","repubblica.it","directory","IT","TORINO","Ceramic / Tile (verify)","Cersaie 2026","Mall 29-30 Stand 6","larepubblica@repubblica.it","","NEEDS EYES","","passes the free checks. Run gates 3 to 5 on the site","new","wave2"
"LA VENUS","www.la-venus.com, http://www.venusdesign.eu","la-venus.com, http:","directory","IT","PASIANO DI PORDENONE","Ceramic / Tile (verify)","Cersaie 2026","Hall 31 Stand B18","info@venusdesign.eu","","NEEDS EYES","","passes the free checks. Run gates 3 to 5 on the site","new","wave2"
"LEA CERAMICHE","https://www.leaceramiche.it/","leaceramiche.it","directory","IT","FIORANO MODENESE","Ceramic / Tile (verify)","Cersaie 2026","Hall 30 Stand A4-B3","info@leaceramiche.it","","NEEDS EYES","","passes the free checks. Run gates 3 to 5 on the site","new","wave2"
"LE NID","www.lenid.it","lenid.it","directory","IT","PATERNO'","Ceramic / Tile (verify)","Cersaie 2026","Hall 26 Stand B162","info@lenid.it","","NEEDS EYES","","passes the free checks. Run gates 3 to 5 on the site","new","wave2"
"LEONARDO - EVOLUTIONSTILE","www.leonardoceramica.com","leonardoceramica.com","directory","IT","IMOLA","Ceramic / Tile (verify)","Cersaie 2026","Hall 37 Stand B36-C27","marketing@ccimola.it","","NEEDS EYES","","passes the free checks. Run gates 3 to 5 on the site","new","wave2"
"LETSHELTER","https://letshelter.com/","letshelter.com","directory","IT","BASSANO DEL GRAPPA","Ceramic / Tile (verify)","Cersaie 2026","Hall 31 Stand A39","hello@letshelter.com","","NEEDS EYES","","passes the free checks. Run gates 3 to 5 on the site","new","wave2"
"LIFE CERAMICA","www.lifeceramica.com","lifeceramica.com","directory","ES","ALCORA","Ceramic / Tile (verify)","Cersaie 2026","Hall 25 Stand B110","info@smartile.es","","NEEDS EYES","","passes the free checks. Run gates 3 to 5 on the site","new","wave2"
"LITHOTECH","www.livingceramics.com","livingceramics.com","directory","ES","VILA-REAL (CASTELLÓN)","Ceramic / Tile (verify)","Cersaie 2026","Hall 37 Stand C88-D87","info@livingceramics.com","LIVINGCERAMICS","NEEDS EYES","","passes the free checks. Run gates 3 to 5 on the site","new","wave2"
"LOVE CERAMIC TILES","www.lovetiles.com","lovetiles.com","directory","PT","AVEIRO","Ceramic / Tile (verify)","Cersaie 2026","Hall 30 Stand B16-C15","lovetiles@lovetiles.com","","NEEDS EYES","","passes the free checks. Run gates 3 to 5 on the site","new","wave2"
"MAIER GRIFERIAS","www.griferiasmaier.com","griferiasmaier.com","directory","ES","PALLEJA","Ceramic / Tile (verify)","Cersaie 2026","Hall 22 Stand A2","info@griferiasmaier.com","","NEEDS EYES","","passes the free checks. Run gates 3 to 5 on the site","new","wave2"
"MAINCER","https://maincer.com/en/","maincer.com","directory","ES","ONDA","Ceramic / Tile (verify)","Cersaie 2026","Hall 19 Stand C22-D21","comercial@maincer.es","","NEEDS EYES","","passes the free checks. Run gates 3 to 5 on the site","new","wave2"
"MAINZU","www.mainzu.com","mainzu.com","directory","ES","VILA-REAL CASTELLÓN","Ceramic / Tile (verify)","Cersaie 2026","Hall 26 Stand B142","info@mainzu.com","","NEEDS EYES","","passes the free checks. Run gates 3 to 5 on the site","new","wave2"
"MAMOLI","www.mamoli.com","mamoli.com","directory","IT","CASTIGLIONE D.S.","Ceramic / Tile (verify)","Cersaie 2026","Hall 22 Stand A98-B89","commerciale@mamoli.com","","NEEDS EYES","","passes the free checks. Run gates 3 to 5 on the site","new","wave2"
"MANETTI GUSMANO & FIGLI","www.cottomanetti.com","cottomanetti.com","directory","IT","GREVE IN CHIANTI","Ceramic / Tile (verify)","Cersaie 2026","Hall 36 Stand B33","info@cottomanetti.com","","NEEDS EYES","","passes the free checks. Run gates 3 to 5 on the site","new","wave2"
"MAPEI","www.mapei.it","mapei.it","directory","IT","MILANO","Ceramic / Tile (verify)","Cersaie 2026","Hall 19 Stand B22","mapei@mapei.it","","NEEDS EYES","","passes the free checks. Run gates 3 to 5 on the site","new","wave2"
"MAPEI GROUP","www.mapei.com","mapei.com","directory","IT","MILANO","Ceramic / Tile (verify)","Cersaie 2026","Hall 25 Stand A2","mapei@mapei.it","","NEEDS EYES","","passes the free checks. Run gates 3 to 5 on the site","new","wave2"
"MARCA CORONA","www.marcacorona.it/it","marcacorona.it","directory","IT","SASSUOLO","Ceramic / Tile (verify)","Cersaie 2026","Hall 37 Stand C76-D75","info@marcacorona.it","","NEEDS EYES","","passes the free checks. Run gates 3 to 5 on the site","new","wave2"
"MARETTO GROUP","www.piscinemaretto.it","piscinemaretto.it","directory","IT","VOLLA","Ceramic / Tile (verify)","Cersaie 2026","Hall 32 Stand A30","commerciale@piscinemaretto.it","","NEEDS EYES","","passes the free checks. Run gates 3 to 5 on the site","new","wave2"
"MARGAROLI","www.margaroli.com","margaroli.com","directory","IT","INVORIO","Ceramic / Tile (verify)","Cersaie 2026","Hall 21 Stand B25","info@margaroli.com","","NEEDS EYES","","passes the free checks. Run gates 3 to 5 on the site","new","wave2"
"MARGRES CERAMIC TILES","www.margres.com","margres.com","directory","PT","AVEIRO","Ceramic / Tile (verify)","Cersaie 2026","Hall 30 Stand B16-C15","lovetiles@lovetiles.com","","NEEDS EYES","","passes the free checks. Run gates 3 to 5 on the site","new","wave2"
"MAROCCHI","www.marocchi.com","marocchi.com","directory","IT","CASALFIUMANESE","Ceramic / Tile (verify)","Cersaie 2026","Hall 28 Stand B2-C1","marocchi@marocchi.com","","NEEDS EYES","","passes the free checks. Run gates 3 to 5 on the site","new","wave2"
"MASETTI DESIGN","www.masettidesign.com","masettidesign.com","directory","IT","CERVIA","Ceramic / Tile (verify)","Cersaie 2026","Hall 32 Stand B10","customercare@masettidesign.com","","NEEDS EYES","","passes the free checks. Run gates 3 to 5 on the site","new","wave2"
"MATERIA ITALIANA","www.materiaitaliana.com","materiaitaliana.com","directory","IT","FIORANO MODENESE","Ceramic / Tile (verify)","Cersaie 2026","Hall 36 Stand C28-D27","sales@materiaitaliana.com","","NEEDS EYES","","passes the free checks. Run gates 3 to 5 on the site","new","wave2"
"MATICAD","www.maticad.com","maticad.com","directory","IT","PESARO","Ceramic / Tile (verify)","Cersaie 2026","Hall 29 Stand A27","info@maticad.com","","NEEDS EYES","","passes the free checks. Run gates 3 to 5 on the site","new","wave2"
"MA.VI. MAIOLICHE VIETRESI","www.maviceramica.it","maviceramica.it","directory","IT","CAVA DE TIRRENI","Ceramic / Tile (verify)","Cersaie 2026","Hall 36 Stand A41","info@maviceramica.it","","NEEDS EYES","","passes the free checks. Run gates 3 to 5 on the site","new","wave2"
"MAYOLICA","www.mayolica.es","mayolica.es","directory","ES","VALENCIA","Ceramic / Tile (verify)","Cersaie 2026","Hall 36 Stand A25","comercial@mayolica.es","","NEEDS EYES","","passes the free checks. Run gates 3 to 5 on the site","new","wave2"
"M.E.C. DESIGN","www.mecdesign.it","mecdesign.it","directory","IT","MONTALE RANGONE","Ceramic / Tile (verify)","Cersaie 2026","Hall 29 Stand A21","info@mecdesign.it","","NEEDS EYES","","passes the free checks. Run gates 3 to 5 on the site","new","wave2"
"MEDITERRÁNEO - EL PERIÓDICO DEL AZULEJO","https://www.elperiodicomediterraneo.com/","elperiodicomediterraneo.com","directory","ES","CASTELLON DE LA PLANA","Ceramic / Tile (verify)","Cersaie 2026","Mall 29-30 Stand 21","web@mediterraneo.elperiodico.com","","NEEDS EYES","","passes the free checks. Run gates 3 to 5 on the site","new","wave2"
"METCO","www.metco.it","metco.it","directory","IT","VALSAMOGGIA","Ceramic / Tile (verify)","Cersaie 2026","Hall 33 Stand E29","info@metco.it","","NEEDS EYES","","passes the free checks. Run gates 3 to 5 on the site","new","wave2"
"METROPOL","https://catalogue.metropol-ceramica.com/","catalogue.metropol-ceramica.com","directory","ES","NULES, CASTELLÓN","Ceramic / Tile (verify)","Cersaie 2026","Hall 37 Stand A88-B87","marketing@keraben.com","SALONI","NEEDS EYES","","passes the free checks. Run gates 3 to 5 on the site","new","wave2"
"MGM CERAMICHE","www.mgmceramiche.it","mgmceramiche.it","directory","IT","CASTELLARANO","Ceramic / Tile (verify)","Cersaie 2026","Hall 37 Stand B58-C59","info@mgmceramiche.it","","NEEDS EYES","","passes the free checks. Run gates 3 to 5 on the site","new","wave2"
"MIRAGE","www.mirage.it","mirage.it","directory","IT","PAVULLO NEL FRIGNANO","Ceramic / Tile (verify)","Cersaie 2026","Hall 25 Stand A266-B267","marketing@mirage.it","MIRAGE EVO2","NEEDS EYES","","passes the free checks. Run gates 3 to 5 on the site","new","wave2"
"MOBILDUENNE","www.mobilduenne.it","mobilduenne.it","directory","IT","RIPATRANSONE","Ceramic / Tile (verify)","Cersaie 2026","Hall 21 Stand B48","info@mobilduenne.it","","NEEDS EYES","","passes the free checks. Run gates 3 to 5 on the site","new","wave2"
"MONOCIBEC","www.monocibec.it","monocibec.it","directory","IT","SASSUOLO","Ceramic / Tile (verify)","Cersaie 2026","Hall 37 Stand C4","info@monocibec.it","","NEEDS EYES","","passes the free checks. Run gates 3 to 5 on the site","new","wave2"
"MONOPOLE CERAMICA","www.monopoleceramica.com","monopoleceramica.com","directory","ES","ONDA","Ceramic / Tile (verify)","Cersaie 2026","Hall 36 Stand A28","office@monopoleceramica.com","","NEEDS EYES","","passes the free checks. Run gates 3 to 5 on the site","new","wave2"
"MONTOLIT","www.montolit.com","montolit.com","directory","IT","CANTELLO","Ceramic / Tile (verify)","Cersaie 2026","Hall 19 Stand B45","info@montolit.com","","NEEDS EYES","","passes the free checks. Run gates 3 to 5 on the site","new","wave2"
"MORE","morecollection.eu","morecollection.eu","directory","IT","NAVE","Ceramic / Tile (verify)","Cersaie 2026","Hall 22 Stand A104","info@rbmmore.com","","NEEDS EYES","","passes the free checks. Run gates 3 to 5 on the site","new","wave2"
"MOSSAICA","www.mossaica.com","mossaica.com","directory","TR","KONAK","Ceramic / Tile (verify)","Cersaie 2026","Hall 14 Stand B29","export@mossaica.com","","NEEDS EYES","","passes the free checks. Run gates 3 to 5 on the site","new","wave2"
"MUSEUM SURFACES","http://www.museumsurfaces.com","museumsurfaces.com","directory","ES","ONDA-CASTELLÓN","Ceramic / Tile (verify)","Cersaie 2026","Hall 29 Stand A4-B3","info@perondagroup.com","","NEEDS EYES","","passes the free checks. Run gates 3 to 5 on the site","new","wave2"
"MYKONOS CERAMICA","www.mykonosceramica.com","mykonosceramica.com","directory","ES","ONDA","Ceramic / Tile (verify)","Cersaie 2026","Hall 36 Stand B54","mykonos@mykonosceramica.com","","NEEDS EYES","","passes the free checks. Run gates 3 to 5 on the site","new","wave2"
"NABEL CERAMIC","www.nabel.cc","nabel.cc","directory","CN","HANGZHOU","Ceramic / Tile (verify)","Cersaie 2026","Hall 14 Stand C42-D41","info@nabel.cc","","NEEDS EYES","","passes the free checks. Run gates 3 to 5 on the site","new","wave2"
"NADIS DESIGN","www.nadisdesign.com","nadisdesign.com","directory","ES","BURRIANA","Ceramic / Tile (verify)","Cersaie 2026","Hall 25 Stand B70","info@nadisdesign.com","","NEEDS EYES","","passes the free checks. Run gates 3 to 5 on the site","new","wave2"
"NANDA TILES","www.nandatiles.es","nandatiles.es","directory","ES","ONDA - CASTELLÓN","Ceramic / Tile (verify)","Cersaie 2026","Hall 36 Stand A29","info@nandatiles.es","","NEEDS EYES","","passes the free checks. Run gates 3 to 5 on the site","new","wave2"
"NA-NUEVO AZULEJO","www.revistana.com","revistana.com","directory","ES","BARCELONA","Ceramic / Tile (verify)","Cersaie 2026","Mall 29-30 Stand 23","raimon@publica.es","","NEEDS EYES","","passes the free checks. Run gates 3 to 5 on the site","new","wave2"
"NATUCER","www.natucer.es","natucer.es","directory","ES","ONDA","Ceramic / Tile (verify)","Cersaie 2026","Hall 36 Stand B50-C55","info@natucer.es","","NEEDS EYES","","passes the free checks. Run gates 3 to 5 on the site","new","wave2"
"NAVARTI","www.navarti.com","navarti.com","directory","ES","ONDA - CASTELLÓN","Ceramic / Tile (verify)","Cersaie 2026","Hall 16 Stand A14-B13","global@navarti.com","","NEEDS EYES","","passes the free checks. Run gates 3 to 5 on the site","new","wave2"
"NAXANI DESIGN","www.naxani.com","naxani.com","directory","ES","ALZIRA","Ceramic / Tile (verify)","Cersaie 2026","Hall 22 Stand B82","info@naxani.com","","NEEDS EYES","","passes the free checks. Run gates 3 to 5 on the site","new","wave2"
"NAXOS","www.naxos-ceramica.it","naxos-ceramica.it","directory","IT","SOLIGNANO","Ceramic / Tile (verify)","Cersaie 2026","Hall 37 Stand D3","info@naxos-ceramica.it","","NEEDS EYES","","passes the free checks. Run gates 3 to 5 on the site","new","wave2"
"NEBULA DESIGN","http://www.nebuladesign.eu","nebuladesign.eu","directory","IT","RIVERGARO","Ceramic / Tile (verify)","Cersaie 2026","Hall 31 Stand A41","francesca@nebuladesign.eu","","NEEDS EYES","","passes the free checks. Run gates 3 to 5 on the site","new","wave2"
"NEROSICILIA","nerosicilia.com","nerosicilia.com","directory","IT","MODENA","Ceramic / Tile (verify)","Cersaie 2026","Hall 32 Stand A8","info@nerosicilia.com","","NEEDS EYES","","passes the free checks. Run gates 3 to 5 on the site","new","wave2"
"NEWFORM","https://www.newform.it/it","newform.it","directory","IT","SERRAVALLE SESIA","Ceramic / Tile (verify)","Cersaie 2026","Hall 22 Stand A122-B109","newform@newform.it","","NEEDS EYES","","passes the free checks. Run gates 3 to 5 on the site","new","wave2"
"NG KUTAHYA SERAMIK","https://www.ngkutahyaseramik.com.tr","ngkutahyaseramik.com.tr","directory","TR","KUTAHYA","Ceramic / Tile (verify)","Cersaie 2026 + Coverings 2027","Hall 36 Stand B36-C41","info@ngkutahyaseramik.com.tr","NG Kutahya Seramik","NEEDS EYES","","passes the free checks. Run gates 3 to 5 on the site || merged duplicate, researched separately as NG Kutahya Seramik: Part of NG Group, interior and exterior ceramic across many models and sizes, sold to architects, builders and designers. Domain from a summary rather than a confirmed page, so verify. Volume catalogue","new","wave2"
"NIIPROGETTI-MATRIX4DESIGN-EDITRICE INDUSTRIALE","business.niiprogetti.it/","business.niiprogetti.it","directory","IT","ROZZANO","Ceramic / Tile (verify)","Cersaie 2026","Mall 29-30 Stand 30","info@niiprogetti.it","","NEEDS EYES","","passes the free checks. Run gates 3 to 5 on the site","new","wave2"
"NITCO","www.nitco.in","nitco.in","directory","IN","MUMBAI","Ceramic / Tile (verify)","Cersaie 2026","Hall 14 Stand A12-B11","marketing@nitco.in","","NEEDS EYES","","passes the free checks. Run gates 3 to 5 on the site","new","wave2"
"NITIDA - RICERCA E PROGETTAZIONE GRAFICA","www.nitidasrl.it","nitidasrl.it","directory","IT","FIORANO MODENESE","Ceramic / Tile (verify)","Cersaie 2026","Hall 33 Stand E3","info@nitidasrl.net","","NEEDS EYES","","passes the free checks. Run gates 3 to 5 on the site","new","wave2"
"NOTARIFY","https://notarify.io/","notarify.io","directory","IT","ROVERETO","Ceramic / Tile (verify)","Cersaie 2026","Hall 31 Stand A45","office@notarify.io","","NEEDS EYES","","passes the free checks. Run gates 3 to 5 on the site","new","wave2"
"NOVABELL CER.ITALIANE","www.novabell.it","novabell.it","directory","IT","ROTEGLIA","Ceramic / Tile (verify)","Cersaie 2026","Hall 25 Stand A146-B147","info@novabell.it","NOVABELL OVERSIZE","NEEDS EYES","","passes the free checks. Run gates 3 to 5 on the site","new","wave2"
"NOVOCERAM","www.novoceram.fr","novoceram.fr","directory","FR","SAINT VALLIER SUR RHÔNE","Ceramic / Tile (verify)","Cersaie 2026","Hall 37 Stand B76-C83","contact@novoceram.fr","","NEEDS EYES","","passes the free checks. Run gates 3 to 5 on the site","new","wave2"
"NUCCI","nucci.design","nucci.design","directory","IT","RIPATRANSONE","Ceramic / Tile (verify)","Cersaie 2026","Hall 21 Stand B48","info@mobilduenne.it","","NEEDS EYES","","passes the free checks. Run gates 3 to 5 on the site","new","wave2"
"NUET CERAMICS","https://nuetceramics.com/","nuetceramics.com","directory","ES","12549, BETXI","Ceramic / Tile (verify)","Cersaie 2026","Hall 26 Stand A176","info@nuetceramics.com","","NEEDS EYES","","passes the free checks. Run gates 3 to 5 on the site","new","wave2"
"NUOVA CERFORM","www.cerform.it","cerform.it","directory","IT","SASSUOLO","Ceramic / Tile (verify)","Cersaie 2026","Service Centre Stand 3","cerform@cerform.it","","NEEDS EYES","","passes the free checks. Run gates 3 to 5 on the site","new","wave2"
"NUOVA MONDIAL MEC","www.nuovamondialmec.com","nuovamondialmec.com","directory","IT","CERASOLO AUSA DI CORIANO","Ceramic / Tile (verify)","Cersaie 2026","Hall 19 Stand B10-C10","info@nuovamondialmec.com","","NEEDS EYES","","passes the free checks. Run gates 3 to 5 on the site","new","wave2"
"NUOVA NEON GROUP DUE","www.nuovaneongroupdue.com","nuovaneongroupdue.com","directory","IT","SERRAMAZZONI","Ceramic / Tile (verify)","Cersaie 2026","Hall 28 Stand A2-B1","info@nuovaneon.com","","NEEDS EYES","","passes the free checks. Run gates 3 to 5 on the site","new","wave2"
"OF BAGNI","https://www.ofoutdoorkitchens.com/","ofoutdoorkitchens.com","directory","IT","COLLI AL METAURO","Ceramic / Tile (verify)","Cersaie 2026","Hall 22 Stand B94","areamarketing@ofoutdoorkitchens.com","","NEEDS EYES","","passes the free checks. Run gates 3 to 5 on the site","new","wave2"
"OFFICINA NICOLAZZI","www.paini.com","paini.com","directory","IT","POGNO","Ceramic / Tile (verify)","Cersaie 2026","Hall 22 Stand A98-B89","paini@paini.com","PAINI RUBINETTERIE","NEEDS EYES","","passes the free checks. Run gates 3 to 5 on the site","new","wave2"
"OIOLI","https://www.oioli.com/","oioli.com","directory","IT","GOZZANO","Ceramic / Tile (verify)","Cersaie 2026","Hall 21 Stand B84","export@oioli.com","","NEEDS EYES","","passes the free checks. Run gates 3 to 5 on the site","new","wave2"
"OLIVIA TILES","www.oliviatiles.com","oliviatiles.com","directory","ES","BENICASIM","Ceramic / Tile (verify)","Cersaie 2026","Hall 36 Stand A15","info@oliviatiles.com","","NEEDS EYES","","passes the free checks. Run gates 3 to 5 on the site","new","wave2"
"OLYMPIA CERAMICA","www.olympiaceramica.it","olympiaceramica.it","directory","IT","CORCHIANO","Ceramic / Tile (verify)","Cersaie 2026","Hall 22 Stand B58","info@olympiaceramica.it","","NEEDS EYES","","passes the free checks. Run gates 3 to 5 on the site","new","wave2"
"ONIX","www.onixmosaico.com","onixmosaico.com","directory","ES","ONDA","Ceramic / Tile (verify)","Cersaie 2026","Hall 36 Stand C59","onix@onixmosaic.com","","NEEDS EYES","","passes the free checks. Run gates 3 to 5 on the site","new","wave2"
"OPERA","www-opera-adesivi.it","www-opera-adesivi.it","directory","IT","FORLI","Ceramic / Tile (verify)","Cersaie 2026","Hall 19 Stand B57","info@opera-adesivi.it","","NEEDS EYES","","passes the free checks. Run gates 3 to 5 on the site","new","wave2"
"OPIFICIO CERAMICO","www.opificioceramico.com","opificioceramico.com","directory","IT","MODENA","Ceramic / Tile (verify)","Cersaie 2026","Hall 26 Stand A74-B75","info@opificioceramico.com","","NEEDS EYES","","passes the free checks. Run gates 3 to 5 on the site","new","wave2"
"OPTIMUM SURFACES","https://optimumsurfaces.com/","optimumsurfaces.com","directory","IT","SAVIGNANO SUL PANARO","Ceramic / Tile (verify)","Cersaie 2026","Hall 30 Stand B52","info@optimumsurfaces.com","","NEEDS EYES","","passes the free checks. Run gates 3 to 5 on the site","new","wave2"
"ORIGOSTYLE","www.origostyle.com","origostyle.com","directory","IT","SCANDIANO","Ceramic / Tile (verify)","Cersaie 2026","Hall 33 Stand C22","origostyle@gmail.com","","NEEDS EYES","","passes the free checks. Run gates 3 to 5 on the site","new","wave2"
"OTTOFOND","https://groupeottofond.com/","groupeottofond.com","directory","FR","AVRILLE","Ceramic / Tile (verify)","Cersaie 2026","Hall 22 Stand B82","contact@o-design.fr","","NEEDS EYES","","passes the free checks. Run gates 3 to 5 on the site","new","wave2"
"OVERLAND CERAMICS","www.overlandceramics.com","overlandceramics.com","directory","CN","FOSHAN","Ceramic / Tile (verify)","Cersaie 2026","Hall 14 Stand B2-C1","exhibition@overlandceramics.com","","NEEDS EYES","","passes the free checks. Run gates 3 to 5 on the site","new","wave2"
"PAA","paabaths.com","paabaths.com","directory","LV","RIGA","Ceramic / Tile (verify)","Cersaie 2026","Hall 21 Stand B99","export@paa.lv","","NEEDS EYES","","passes the free checks. Run gates 3 to 5 on the site","new","wave2"
"PADANA ENGINEERING","www.casalgrandepadana.it/it/soluzioni/engineering/","casalgrandepadana.it","directory","IT","CASALGRANDE","Ceramic / Tile (verify)","Cersaie 2026","Hall 29 Stand A46-B45","pool@casalgrandepadana.it","","NEEDS EYES","","passes the free checks. Run gates 3 to 5 on the site","new","wave2"
"PAFFONI","www.paffoni.it","paffoni.it","directory","IT","POGNO","Ceramic / Tile (verify)","Cersaie 2026","Hall 21 Stand A45","info@paffoni.it","","NEEDS EYES","","passes the free checks. Run gates 3 to 5 on the site","new","wave2"
"PAIL SERRAMENTI","www.pailporte.com","pailporte.com","directory","IT","ATESSA","Ceramic / Tile (verify)","Cersaie 2026","Hall 31 Stand A31","info@pailporte.com","","NEEDS EYES","","passes the free checks. Run gates 3 to 5 on the site","new","wave2"
"PALETTE CAD ITALIA","www.palettecad.it","palettecad.it","directory","IT","BOLZANO","Ceramic / Tile (verify)","Cersaie 2026","Hall 29 Stand A51","info@palettecad.it","","NEEDS EYES","","passes the free checks. Run gates 3 to 5 on the site","new","wave2"
"PAMBIANCO","design.pambianconews.com","design.pambianconews.com","directory","IT","MILANO","Ceramic / Tile (verify)","Cersaie 2026","Mall 29-30 Stand 44","mail@pambianco.com","","NEEDS EYES","","passes the free checks. Run gates 3 to 5 on the site","new","wave2"
"PAMESA","www.pamesa.com","pamesa.com","directory","ES","VILA-REAL-CASTELLÓN","Ceramic / Tile (verify)","Cersaie 2026","Hall 36 Stand B46-C53","comercial@pamesa.com","","NEEDS EYES","","passes the free checks. Run gates 3 to 5 on the site","new","wave2"
"PANARIA CERAMICA","www.panaria.it","panaria.it","directory","IT","FINALE EMILIA","Ceramic / Tile (verify)","Cersaie 2026","Hall 30 Stand A4-B3","info@panaria.it","","NEEDS EYES","","passes the free checks. Run gates 3 to 5 on the site","new","wave2"
"PANARIAGROUP","archi.panariagroup.it/en/","archi.panariagroup.it","directory","IT","FINALE EMILIA","Ceramic / Tile (verify)","Cersaie 2026","Hall 30 Stand B4","info@panariagroup.it","","NEEDS EYES","","passes the free checks. Run gates 3 to 5 on the site","new","wave2"
"PARK AVENUE","www.parkavenue.it","parkavenue.it","directory","IT","SOVIGLIANA -VINCI","Ceramic / Tile (verify)","Cersaie 2026","Hall 22 Stand A128","info@parkavenue.it","","NEEDS EYES","","passes the free checks. Run gates 3 to 5 on the site","new","wave2"
"PASTORELLI","www.pastorellitiles.com","pastorellitiles.com","directory","IT","SAVIGNANO SUL PANARO","Ceramic / Tile (verify)","Cersaie 2026","Hall 30 Stand B35","info@pastorellitiles.com","","NEEDS EYES","","passes the free checks. Run gates 3 to 5 on the site","new","wave2"
"PAVE'","http://www.sichenia.it","sichenia.it","directory","IT","SASSUOLO","Ceramic / Tile (verify)","Cersaie 2026","Hall 29 Stand C2","marketing@sichenia.com","SICHENIA GRUPPO CERAMICHE","NEEDS EYES","","passes the free checks. Run gates 3 to 5 on the site","new","wave2"
"PAVIGRES","www.pavigres.com","pavigres.com","directory","PT","ANADIA CODEX","Ceramic / Tile (verify)","Cersaie 2026 + Coverings 2027","Hall 14 Stand A36-B35","export@pavigres.com","Pavigres Ceramicas, S.A.","NEEDS EYES","","passes the free checks. Run gates 3 to 5 on the site || merged duplicate, researched separately as Pavigres Ceramicas, S.A.: Founded 1978 by Oswaldo Martins, merged with Grespor and Cerev in 2004. Portuguese volume wall and floor tile. Catalogue production","new","wave2"
"PERONDA","www.peronda.com","peronda.com","directory","ES","ONDA-CASTELLÓN","Ceramic / Tile (verify)","Cersaie 2026","Hall 29 Stand A4-B3","info@perondagroup.com","","NEEDS EYES","","passes the free checks. Run gates 3 to 5 on the site","new","wave2"
"PETRA ANTIQUA","petraantiqua.com","petraantiqua.com","directory","IT","MONTE DI MALO","Ceramic / Tile (verify)","Cersaie 2026","Hall 32 Stand B7","petra@petraantiqua.com","","NEEDS EYES","","passes the free checks. Run gates 3 to 5 on the site","new","wave2"
"PH DESIGN","http://www.phdizayn.com","phdizayn.com","directory","TR","ISTANBUL","Ceramic / Tile (verify)","Cersaie 2026","Hall 19 Stand C57","info@phdizayn.com","","NEEDS EYES","","passes the free checks. Run gates 3 to 5 on the site","new","wave2"
"PHILIPP PLEIN","https://www.plein.com/it/home/","plein.com","directory","CH","MENDRISIO 6850","Ceramic / Tile (verify)","Cersaie 2026","Hall 25 Stand B38","e.guzzardi@plein.com","","NEEDS EYES","","passes the free checks. Run gates 3 to 5 on the site","new","wave2"
"PIEMME","www.ceramichepiemme.it","ceramichepiemme.it","directory","IT","FIORANO MODENESE","Ceramic / Tile (verify)","Cersaie 2026","Hall 30 Stand A92-B89","info@ceramichepiemme.it","","NEEDS EYES","","passes the free checks. Run gates 3 to 5 on the site","new","wave2"
"PIGMENTA","www.scf-colorificio.it","scf-colorificio.it","directory","IT","SASSUOLO","Ceramic / Tile (verify)","Cersaie 2026","Hall 33 Stand E21","info@scfcolor.it","SCF COLORIFICIO CERAMICO","NEEDS EYES","","passes the free checks. Run gates 3 to 5 on the site","new","wave2"
"PIKA","www.pikaitalia.it","pikaitalia.it","directory","IT","SANTA MARIA DI LICODIA","Ceramic / Tile (verify)","Cersaie 2026","Hall 32 Stand B41","pikasrl.italia@gmail.com","","NEEDS EYES","","passes the free checks. Run gates 3 to 5 on the site","new","wave2"
"PLASDECOR","www.plasdecor.com","plasdecor.com","directory","ES","ALMAZORA","Ceramic / Tile (verify)","Cersaie 2026","Hall 19 Stand C32-D31","plasdecor@plasdecor.com","","NEEDS EYES","","passes the free checks. Run gates 3 to 5 on the site","new","wave2"
"PLATFORM","www.platformarchitecture.it","platformarchitecture.it","directory","IT","MILANO","Ceramic / Tile (verify)","Cersaie 2026","Mall 29-30 Stand 45","info@platformnetwork.it","","NEEDS EYES","","passes the free checks. Run gates 3 to 5 on the site","new","wave2"
"POLCART","www.polcart.it","polcart.it","directory","IT","FIORANO MODENESE","Ceramic / Tile (verify)","Cersaie 2026","Hall 28 Stand D1","info@polcart.it","","NEEDS EYES","","passes the free checks. Run gates 3 to 5 on the site","new","wave2"
"POLIS","www.polis.it","polis.it","directory","IT","MODENA","Ceramic / Tile (verify)","Cersaie 2026","Hall 26 Stand B34","info@polis.it","","NEEDS EYES","","passes the free checks. Run gates 3 to 5 on the site","new","wave2"
"PONTE GIULIO","www.pontegiulio.com","pontegiulio.com","directory","IT","ORVIETO","Ceramic / Tile (verify)","Cersaie 2026","Hall 22 Stand B74","info@pontegiulio.it","","NEEDS EYES","","passes the free checks. Run gates 3 to 5 on the site","new","wave2"
"PORCELANICOS HDC","www.porcelanicoshdc.es","porcelanicoshdc.es","directory","ES","VILAFAMES","Ceramic / Tile (verify)","Cersaie 2026","Hall 26 Stand B98","hdc@porcelanicoshdc.es","","NEEDS EYES","","passes the free checks. Run gates 3 to 5 on the site","new","wave2"
"PORCELANITE DOS","http://www.PORCELANITE.ES","porcelanite.es","directory","ES","ALCORA","Ceramic / Tile (verify)","Cersaie 2026","Hall 14 Stand A24-B23","porcelanite@porcelanite.es","","NEEDS EYES","","passes the free checks. Run gates 3 to 5 on the site","new","wave2"
"PORTOBELLO GRUPO","https://portobello.international/","portobello.international","directory","BR","TIJUCAS","Ceramic / Tile (verify)","Cersaie 2026","Hall 26 Stand B267","operacoes.amostras@portobello.com.br","","NEEDS EYES","","passes the free checks. Run gates 3 to 5 on the site","new","wave2"
"PREMIER","premierdiam.it","premierdiam.it","directory","IT","VILLAVERLA","Ceramic / Tile (verify)","Cersaie 2026","Hall 33 Stand G16","info@premierdiam.it","","NEEDS EYES","","passes the free checks. Run gates 3 to 5 on the site","new","wave2"
"PRISSMACER CERAMICA","www.prissmacer.es","prissmacer.es","directory","ES","ONDA - CASTELLÓN","Ceramic / Tile (verify)","Cersaie 2026","Hall 36 Stand A16-B19","info@prissmacer.es","","NEEDS EYES","","passes the free checks. Run gates 3 to 5 on the site","new","wave2"
"PROCONCEPT","www.proconceptiles.com","proconceptiles.com","directory","ES","ALCORA","Ceramic / Tile (verify)","Cersaie 2026","Hall 36 Stand C32-D31","comunicacion@proconceptiles.com","","NEEDS EYES","","passes the free checks. Run gates 3 to 5 on the site","new","wave2"
"PROFILBER","www.profilber.com","profilber.com","directory","ES","IBI (ALICANTE)","Ceramic / Tile (verify)","Cersaie 2026","Hall 19 Stand B39","admin@profilber.com","","NEEDS EYES","","passes the free checks. Run gates 3 to 5 on the site","new","wave2"
"PROFILITEC","www.profilitec.com","profilitec.com","directory","IT","ISOLA VICENTINA","Ceramic / Tile (verify)","Cersaie 2026","Hall 19 Stand B56","profilitec@profilitec.com","","NEEDS EYES","","passes the free checks. Run gates 3 to 5 on the site","new","wave2"
"PROFILPAS","www.profilpas.com","profilpas.com","directory","IT","CADONEGHE","Ceramic / Tile (verify)","Cersaie 2026","Hall 19 Stand C21","info@profilpas.com","","NEEDS EYES","","passes the free checks. Run gates 3 to 5 on the site","new","wave2"
"PROGETTO","www.progetto-group.it","progetto-group.it","directory","IT","MONTERIGGIONI","Ceramic / Tile (verify)","Cersaie 2026","Hall 21 Stand B17","info@progetto-group.it","","NEEDS EYES","","passes the free checks. Run gates 3 to 5 on the site","new","wave2"
"PROGETTO BAUCER","https://www.progettobaucer.it/","progettobaucer.it","directory","IT","RUBIERA","Ceramic / Tile (verify)","Cersaie 2026","Hall 30 Stand B70-C71","info@progettobaucer.com","","NEEDS EYES","","passes the free checks. Run gates 3 to 5 on the site","new","wave2"
"PROGETTO IDEA STELLA","www.ideastella.com","ideastella.com","directory","IT","MONTEPRANDONE","Ceramic / Tile (verify)","Cersaie 2026","Hall 21 Stand A91","webmaster@ideastella.com","","NEEDS EYES","","passes the free checks. Run gates 3 to 5 on the site","new","wave2"
"PROGRESS PROFILES","www.progressprofiles.com","progressprofiles.com","directory","IT","ASOLO","Ceramic / Tile (verify)","Cersaie 2026","Hall 19 Stand A22","info@progressprofiles.com","","NEEDS EYES","","passes the free checks. Run gates 3 to 5 on the site","new","wave2"
"PROXXON","www.proxxon.com","proxxon.com","directory","DE","FÖHREN","Ceramic / Tile (verify)","Cersaie 2026","Hall 19 Stand C34-D33","export@proxxon.com","","NEEDS EYES","","passes the free checks. Run gates 3 to 5 on the site","new","wave2"
"QUINTESSENZA CERAMICHE","www.quintessenzaceramiche.it","quintessenzaceramiche.it","directory","IT","FIORANO MODENESE","Ceramic / Tile (verify)","Cersaie 2026","Hall 26 Stand A36-B39","info@quintessenzaceramiche.it","","NEEDS EYES","","passes the free checks. Run gates 3 to 5 on the site","new","wave2"
"QUTONE CERAMIC","www.qutoneceramic.com","qutoneceramic.com","directory","IN","AHMEDABAD, GUJARAT","Ceramic / Tile (verify)","Cersaie 2026","Hall 16 Stand C9","info@qutoneceramic.com","","NEEDS EYES","","passes the free checks. Run gates 3 to 5 on the site","new","wave2"
"RADIO 24 - IL SOLE 24 ORE","www.radio24.it","radio24.it","directory","IT","MILANO","Ceramic / Tile (verify)","Cersaie 2026","Service Centre Stand 91","marketing@radio24.it","","NEEDS EYES","","passes the free checks. Run gates 3 to 5 on the site","new","wave2"
"RADIO STELLA","www.radiostellaweb.it","radiostellaweb.it","directory","IT","MODENA","Ceramic / Tile (verify)","Cersaie 2026","Area 49 Stand 1","direzione@radiostellaweb.it","","NEEDS EYES","","passes the free checks. Run gates 3 to 5 on the site","new","wave2"
"RAIMONDI","www.raimondispa.com","raimondispa.com","directory","IT","MODENA","Ceramic / Tile (verify)","Cersaie 2026","Hall 19 Stand B68-C67","info@raimondispa.com","RAIMONDI ACADEMY","NEEDS EYES","","passes the free checks. Run gates 3 to 5 on the site","new","wave2"
"RAK CERAMICS","www.rakceramics.com","rakceramics.com","directory","AE","RAS AL KHAIMAH","Ceramic / Tile (verify)","Cersaie 2026","Hall 36 Stand A22-B25","info@rakceramics.com","","NEEDS EYES","","passes the free checks. Run gates 3 to 5 on the site","new","wave2"
"RAVENNAE","www.ravennae.it","ravennae.it","directory","IT","CASTEL BOLOGNESE","Ceramic / Tile (verify)","Cersaie 2026","Hall 32 Stand B14","info@ravennae.it","","NEEDS EYES","","passes the free checks. Run gates 3 to 5 on the site","new","wave2"
"RCS MEDIAGROUP","www.rcsmediagroup.it","rcsmediagroup.it","directory","IT","MILANO","Ceramic / Tile (verify)","Cersaie 2026","Mall 29-30 Stand 40","infoperiodici@rcs.it","","NEEDS EYES","","passes the free checks. Run gates 3 to 5 on the site","new","wave2"
"REALONDA","www.realonda.com","realonda.com","directory","ES","ONDA","Ceramic / Tile (verify)","Cersaie 2026","Hall 16 Stand A12-B11","query@realonda.com","","NEEDS EYES","","passes the free checks. Run gates 3 to 5 on the site","new","wave2"
"RECER","www.recer.pt","recer.pt","directory","PT","OLIVEIRA DO BAIRRO","Ceramic / Tile (verify)","Cersaie 2026","Hall 36 Stand A10-B11","recer@recer.pt","","NEEDS EYES","","passes the free checks. Run gates 3 to 5 on the site","new","wave2"
"REFERENCE CARRELAGE","www.referencecarrelage.com","referencecarrelage.com","directory","FR","QUIMPER","Ceramic / Tile (verify)","Cersaie 2026","Mall 29-30 Stand 16","adv2@fitamant.fr","","NEEDS EYES","","passes the free checks. Run gates 3 to 5 on the site","new","wave2"
"REFIN","www.refin.it","refin.it","directory","IT","SALVATERRA","Ceramic / Tile (verify)","Cersaie 2026","Hall 30 Stand C28-D27","info@refin.it","REFIN-DTS-CITY","NEEDS EYES","","passes the free checks. Run gates 3 to 5 on the site","new","wave2"
"REIMBOLD & STRICK ITALIA","www.reimboldstrick.com","reimboldstrick.com","directory","IT","FIORANO MODENESE","Ceramic / Tile (verify)","Cersaie 2026","Hall 33 Stand G26","torrecid@torrecid.it","","NEEDS EYES","","passes the free checks. Run gates 3 to 5 on the site","new","wave2"
"RELAX DESIGN","www.relaxdesign.it","relaxdesign.it","directory","IT","CASORIA","Ceramic / Tile (verify)","Cersaie 2026","Hall 21 Stand A53-B52","info@relaxdesign.it","","NEEDS EYES","","passes the free checks. Run gates 3 to 5 on the site","new","wave2"
"REMER RUBINETTERIE","www.remer.eu","remer.eu","directory","IT","CASSANO D'ADDA","Ceramic / Tile (verify)","Cersaie 2026","Hall 21 Stand A79-B76","info@remer.eu","","NEEDS EYES","","passes the free checks. Run gates 3 to 5 on the site","new","wave2"
"REVIGLASS","https://reviglass.es/en/producto/micromosaic-mix-12-14/","reviglass.es","directory","ES","BIDANIA","Ceramic / Tile (verify)","Cersaie 2026","Hall 32 Stand B35","export@reviglass.es","","NEEDS EYES","","passes the free checks. Run gates 3 to 5 on the site","new","wave2"
"REVIGRES","www.revigres.com","revigres.com","directory","PT","BARRO-AGUEDA","Ceramic / Tile (verify)","Cersaie 2026","Hall 36 Stand B28-C31","revigres@revigres.pt","","NEEDS EYES","","passes the free checks. Run gates 3 to 5 on the site","new","wave2"
"REVOIR PARIS","https://revoirparis.be","revoirparis.be","directory","BE","SINT AGATHA RODE","Ceramic / Tile (verify)","Cersaie 2026","Hall 25 Stand B102","info@revoriparis.be","","NEEDS EYES","","passes the free checks. Run gates 3 to 5 on the site","new","wave2"
"ROCA TILES","www.rocatiles.com","rocatiles.com","directory","ES","LA VALL D´UIXÓ","Ceramic / Tile (verify)","Cersaie 2026","Hall 36 Stand A38-B43","rocatiles.info@rocatiles.com","","NEEDS EYES","","passes the free checks. Run gates 3 to 5 on the site","new","wave2"
"ROCERSA","www.rocersa.es","rocersa.es","directory","ES","ALCORA","Ceramic / Tile (verify)","Cersaie 2026","Hall 16 Stand A34-B31","rocersa@rocersa.es","","NEEDS EYES","","passes the free checks. Run gates 3 to 5 on the site","new","wave2"
"ROSAGRES","www.rosagres.com","rosagres.com","directory","ES","CERDANYOLA-BARCELONA","Ceramic / Tile (verify)","Cersaie 2026","Hall 26 Stand B14","info@rosagres.com","","NEEDS EYES","","passes the free checks. Run gates 3 to 5 on the site","new","wave2"
"ROYAL CERAMICA","www.royalceramica.com","royalceramica.com","directory","EG","CAIRO","Ceramic / Tile (verify)","Cersaie 2026","Hall 14 Stand A2-B1","contact@royalceramica.com","","NEEDS EYES","","passes the free checks. Run gates 3 to 5 on the site","new","wave2"
"RUBI","www.rubi.com","rubi.com","directory","ES","RUBI","Ceramic / Tile (verify)","Cersaie 2026","Hall 19 Stand A34-B33","gboada@rubi.com","","NEEDS EYES","","passes the free checks. Run gates 3 to 5 on the site","new","wave2"
"RUBINETTERIE 3M","www.rubinetterie3m.it","rubinetterie3m.it","directory","IT","ASCIANO","Ceramic / Tile (verify)","Cersaie 2026","Hall 22 Stand A10-B9","info@rubinetterie3m.it","","NEEDS EYES","","passes the free checks. Run gates 3 to 5 on the site","new","wave2"
"SAIME CERAMICHE DAL 1938","www.saimeceramiche.com","saimeceramiche.com","directory","IT","FIORANO MODENESE","Ceramic / Tile (verify)","Cersaie 2026","Hall 30 Stand C16-D15","saime@riwal.it","","NEEDS EYES","","passes the free checks. Run gates 3 to 5 on the site","new","wave2"
"SALA BAÑO","www.salabano.com","salabano.com","directory","ES","ALMASSORA","Ceramic / Tile (verify)","Cersaie 2026","Mall 29-30 Stand 18","info@salabano.com","","NEEDS EYES","","passes the free checks. Run gates 3 to 5 on the site","new","wave2"
"SALGAR","www.salgar.net","salgar.net","directory","ES","ZARAGOZA","Ceramic / Tile (verify)","Cersaie 2026","Hall 22 Stand A46","infosalgar@salgar.net","","NEEDS EYES","","passes the free checks. Run gates 3 to 5 on the site","new","wave2"
"SANTA MARGHERITA","https://www.santamargherita.net/","santamargherita.net","directory","IT","VOLARGNE DI DOLCE'","Ceramic / Tile (verify)","Cersaie 2026","Hall 32 Stand B29","info@santamargherita.net","","NEEDS EYES","","passes the free checks. Run gates 3 to 5 on the site","new","wave2"
"SAVINO DEL BENE","www.savinodelbene.com","savinodelbene.com","directory","IT","SCANDICCI","Ceramic / Tile (verify)","Cersaie 2026","Mall 29-30 Stand 2","headquartes@savinodelbene.com","","NEEDS EYES","","passes the free checks. Run gates 3 to 5 on the site","new","wave2"
"SCRIGNO","http://scrigno.com","scrigno.com","directory","IT","RIMINI","Ceramic / Tile (verify)","Cersaie 2026","Hall 31 Stand A37","infoscrigno@scrignogroup.com","","NEEDS EYES","","passes the free checks. Run gates 3 to 5 on the site","new","wave2"
"SENTAS MARBLE","www.sentasmarble.com.en","sentasmarble.com.en","directory","TR","ISCEHISAR","Ceramic / Tile (verify)","Cersaie 2026","Hall 32 Stand B16","export2@sentasmarble.com","","LIKELY OUT","","name or domain suggests 'MARBLE'. Supplier, trader or wrong medium. Confirm on the site before spending credits","new","wave2"
"SERAMIKSAN","www.seramiksan.com.tr","seramiksan.com.tr","directory","TR","MANISA","Ceramic / Tile (verify)","Cersaie 2026","Hall 16 Stand B56-C53","export@seramiksan.com.tr","","NEEDS EYES","","passes the free checks. Run gates 3 to 5 on the site","new","wave2"
"SERANIT","www.seranit.com.tr","seranit.com.tr","directory","TR","USKUDAR ISTANBUL","Ceramic / Tile (verify)","Cersaie 2026","Hall 16 Stand C34-D41","pazarlama@seranit.com.tr","","NEEDS EYES","","passes the free checks. Run gates 3 to 5 on the site","new","wave2"
"SERENISSIMA","www.serenissima.re.it","serenissima.re.it","directory","IT","CASALGRANDE","Ceramic / Tile (verify)","Cersaie 2026","Hall 29 Stand B42-C39","info@serenissima.re.it","","NEEDS EYES","","passes the free checks. Run gates 3 to 5 on the site","new","wave2"
"SETTECENTO VALTRESINARO","www.settecento.com","settecento.com","directory","IT","FIORANO MODENESE","Ceramic / Tile (verify)","Cersaie 2026","Hall 37 Stand C39","info@settecento.com","","NEEDS EYES","","passes the free checks. Run gates 3 to 5 on the site","new","wave2"
"SICER","www.sicer.it","sicer.it","directory","IT","FIORANO MODENESE","Ceramic / Tile (verify)","Cersaie 2026","Hall 33 Stand D10-E9","info@sicer.it","","NEEDS EYES","","passes the free checks. Run gates 3 to 5 on the site","new","wave2"
"SIGMA","www.sigmaitalia.com","sigmaitalia.com","directory","IT","BELLARIA IGEA MARINA","Ceramic / Tile (verify)","Cersaie 2026","Hall 19 Stand C38-D37","info@sigmaitalia.com","","NEEDS EYES","","passes the free checks. Run gates 3 to 5 on the site","new","wave2"
"SIGMADIAMANT","www.sigmadiamant.com","sigmadiamant.com","directory","ES","ALMAZORA","Ceramic / Tile (verify)","Cersaie 2026","Hall 33 Stand G16","info@sigmadiamant.com","","NEEDS EYES","","passes the free checks. Run gates 3 to 5 on the site","new","wave2"
"SILCART","www.silcartcorp.com","silcartcorp.com","directory","IT","CARBONERA","Ceramic / Tile (verify)","Cersaie 2026","Hall 19 Stand C36-D35","info@silcartcorp.com","","NEEDS EYES","","passes the free checks. Run gates 3 to 5 on the site","new","wave2"
"S.I.M.A.S.","www.simas.it","simas.it","directory","IT","CIVITA CASTELLANA","Ceramic / Tile (verify)","Cersaie 2026","Hall 30 Stand A66-B67","simas@simas.it","","NEEDS EYES","","passes the free checks. Run gates 3 to 5 on the site","new","wave2"
"SINTESI CERAMICA","www.sintesiceramica.it","sintesiceramica.it","directory","IT","SASSUOLO","Ceramic / Tile (verify)","Cersaie 2026","Hall 37 Stand A52-B51","info@gresmalt.it","","NEEDS EYES","","passes the free checks. Run gates 3 to 5 on the site","new","wave2"
"SIRI","www.siri.mo.it","siri.mo.it","directory","IT","MODENA","Ceramic / Tile (verify)","Cersaie 2026","Hall 19 Stand A58","info@siri.mo.it","","NEEDS EYES","","passes the free checks. Run gates 3 to 5 on the site","new","wave2"
"SKEMA","www.skema.eu","skema.eu","directory","IT","PONTE DI PIAVE","Ceramic / Tile (verify)","Cersaie 2026","Hall 31 Stand A13-B14","info@skema.eu","","NEEDS EYES","","passes the free checks. Run gates 3 to 5 on the site","new","wave2"
"SMALTICERAM UNICER","www.smalticeram.it","smalticeram.it","directory","IT","ROTEGLIA","Ceramic / Tile (verify)","Cersaie 2026","Hall 33 Stand C10-D11","info@smalticeram.it","","NEEDS EYES","","passes the free checks. Run gates 3 to 5 on the site","new","wave2"
"SOLIDOR","www.solidor.be","solidor.be","directory","BE","WEVELGEM","Ceramic / Tile (verify)","Cersaie 2026","Hall 19 Stand A46","info@solidor.be","","NEEDS EYES","","passes the free checks. Run gates 3 to 5 on the site","new","wave2"
"SOMANY CERAMICS","www.somanyceramics.com","somanyceramics.com","directory","IN","BAHADURGARH - HARAYANA","Ceramic / Tile (verify)","Cersaie 2026","Hall 36 Stand C60","africa.connect@somanyceramics.com","","NEEDS EYES","","passes the free checks. Run gates 3 to 5 on the site","new","wave2"
"SPARK VISION","www.spark-vision.com","spark-vision.com","directory","SE","MOLNDAL","Ceramic / Tile (verify)","Cersaie 2026","Hall 29 Stand A45","marketing@spark-vision.com","","NEEDS EYES","","passes the free checks. Run gates 3 to 5 on the site","new","wave2"
"SPA SPACE BY LA VENETA FORME","www.spaspace.it","spaspace.it","directory","IT","VAZZOLA","Ceramic / Tile (verify)","Cersaie 2026","Hall 32 Stand B28","info@spaspace.it","","NEEDS EYES","","passes the free checks. Run gates 3 to 5 on the site","new","wave2"
"SPC","www.vetriceramici.com","vetriceramici.com","directory","IT","SASSUOLO","Ceramic / Tile (verify)","Cersaie 2026","Hall 33 Stand G2","marketing@vetriceramici.com","VETRICERAMICI","LIKELY OUT","","name or domain suggests 'SPC'. Supplier, trader or wrong medium. Confirm on the site before spending credits","new","wave2"
"SPEED","speedadv.it","speedadv.it","directory","IT","BOLOGNA","Ceramic / Tile (verify)","Cersaie 2026","Mall 29-30 Stand 3","info@speeweb.it","","NEEDS EYES","","passes the free checks. Run gates 3 to 5 on the site","new","wave2"
"SQ MOSAIC","www.sqmosaic.com","sqmosaic.com","directory","ES","ONDA","Ceramic / Tile (verify)","Cersaie 2026","Hall 36 Stand C54","info@sqmosaic.com","","NEEDS EYES","","passes the free checks. Run gates 3 to 5 on the site","new","wave2"
"STATO DEL TENNESSEE","www.tnecd.com","tnecd.com","directory","IT","BOLOGNA","Ceramic / Tile (verify)","Cersaie 2026","Service Centre Stand 11","info1@beescommunication.it","","NEEDS EYES","","passes the free checks. Run gates 3 to 5 on the site","new","wave2"
"STN CERAMICA","www.stnceramica.es","stnceramica.es","directory","ES","NULES","Ceramic / Tile (verify)","Cersaie 2026","Hall 16 Stand A2-B1","stnceramica@stnceramica.es","","NEEDS EYES","","passes the free checks. Run gates 3 to 5 on the site","new","wave2"
"STUDIO DOC","www.docmosaici.com","docmosaici.com","directory","IT","FIORANO MODENESE","Ceramic / Tile (verify)","Cersaie 2026","Hall 26 Stand A242-B249","infodoc@sipramarmi.com","","NEEDS EYES","","passes the free checks. Run gates 3 to 5 on the site","new","wave2"
"STYLGRAPH","www.stylgraph.com","stylgraph.com","directory","IT","SASSUOLO","Ceramic / Tile (verify)","Cersaie 2026","Hall 37 Stand B72","logistica@stylgraph.it","","NEEDS EYES","","passes the free checks. Run gates 3 to 5 on the site","new","wave2"
"SUNSHOWER","www.sunshower.it","sunshower.it","directory","NL","AMSTERDAM","Ceramic / Tile (verify)","Cersaie 2026","Hall 22 Stand B3","sunshower@dlxitalia.it","","NEEDS EYES","","passes the free checks. Run gates 3 to 5 on the site","new","wave2"
"SUPERCERAMICA","www.superceramica.com","superceramica.com","directory","ES","ALCORA","Ceramic / Tile (verify)","Cersaie 2026","Hall 36 Stand B53","comercial@superceramica.com","","NEEDS EYES","","passes the free checks. Run gates 3 to 5 on the site","new","wave2"
"SUPERGRES","www.supergres.com","supergres.com","directory","IT","CASALGRANDE","Ceramic / Tile (verify)","Cersaie 2026","Hall 26 Stand A284-B291","info@supergres.com","","NEEDS EYES","","passes the free checks. Run gates 3 to 5 on the site","new","wave2"
"SUPER INOX","www.superinox.it","superinox.it","directory","IT","VERBANIA","Ceramic / Tile (verify)","Cersaie 2026","Hall 21 Stand B88","info@superinox.eu","","NEEDS EYES","","passes the free checks. Run gates 3 to 5 on the site","new","wave2"
"SURFACE DESIGN","surfacedesignslabs.com","surfacedesignslabs.com","directory","IT","ROTEGLIA-CASTELLARANO","Ceramic / Tile (verify)","Cersaie 2026","Hall 29 Stand B12-C11","marketingalfalux@riwal.it","","NEEDS EYES","","passes the free checks. Run gates 3 to 5 on the site","new","wave2"
"TAGINA","www.tagina.it","tagina.it","directory","IT","CASTEL BOLOGNESE","Ceramic / Tile (verify)","Cersaie 2026","Hall 37 Stand A20-B19","info@tagina.it","","NEEDS EYES","","passes the free checks. Run gates 3 to 5 on the site","new","wave2"
"TAU CERÁMICA","www.tauceramica.com","tauceramica.com","directory","ES","ONDA (CASTELLÓN)","Ceramic / Tile (verify)","Cersaie 2026","Hall 26 Stand A2-B6","tau@tauceramica.com","","NEEDS EYES","","passes the free checks. Run gates 3 to 5 on the site","new","wave2"
"TECE","www.tece.com","tece.com","directory","DE","EMSDETTEN","Ceramic / Tile (verify)","Cersaie 2026","Hall 22 Stand B115","info@tece.de","","NEEDS EYES","","passes the free checks. Run gates 3 to 5 on the site","new","wave2"
"TECHNOLAM - BLUFANGO","www.technolam.it","technolam.it","directory","IT","NAPOLI","Ceramic / Tile (verify)","Cersaie 2026","Hall 26 Stand B174","info@blufango.it","","NEEDS EYES","","passes the free checks. Run gates 3 to 5 on the site","new","wave2"
"TECNICHE NUOVE","www.tecnichenuove.com","tecnichenuove.com","directory","IT","MILANO","Ceramic / Tile (verify)","Cersaie 2026","Mall 29-30 Stand 25","commerciale@tecnichenuove.com","","NEEDS EYES","","passes the free checks. Run gates 3 to 5 on the site","new","wave2"
"TECNOGRAFICA","www.tecnografica.net","tecnografica.net","directory","IT","CASTELLARANO","Ceramic / Tile (verify)","Cersaie 2026","Hall 32 Stand A36","info@tecnografica.net","","NEEDS EYES","","passes the free checks. Run gates 3 to 5 on the site","new","wave2"
"TERMAL SERAMIK","www.termalseramik.com.tr","termalseramik.com.tr","directory","TR","SEFAKOY ISTANBUL","Ceramic / Tile (verify)","Cersaie 2026 + Coverings 2027","Hall 16 Stand B42-C39","info@termalseramik.com.tr","Termal Seramik","NEEDS EYES","","passes the free checks. Run gates 3 to 5 on the site || merged duplicate, researched separately as Termal Seramik: Founded 1995, reached 24 million sq m a year after 2018 investment, producing standard-size porcelain floor, wall and parquet tile. Pure volume","new","wave2"
"TERRATINTA GROUP","https://www.terratintagroup.com","terratintagroup.com","directory","IT","FIORANO MODENESE","Ceramic / Tile (verify)","Cersaie 2026","Hall 37 Stand C24-D23","info@terratintagroup.com","","NEEDS EYES","","passes the free checks. Run gates 3 to 5 on the site","new","wave2"
"TERZADIMENSIONE","https://www.terzadimensione.com/","terzadimensione.com","directory","IT","IMOLA","Ceramic / Tile (verify)","Cersaie 2026","Hall 32 Stand A20-B19","info@terzadimensione.com","","NEEDS EYES","","passes the free checks. Run gates 3 to 5 on the site","new","wave2"
"TESSERE","www.tesseremosaico.it","tesseremosaico.it","directory","IT","CERVIA","Ceramic / Tile (verify)","Cersaie 2026","Hall 32 Stand B4","office@tesseremosaico.it","","NEEDS EYES","","passes the free checks. Run gates 3 to 5 on the site","new","wave2"
"THE PLAN","www.theplan.it","theplan.it","directory","IT","BOLOGNA","Ceramic / Tile (verify)","Cersaie 2026","Mall 29-30 Stand 15","formazione@theplan.it","","NEEDS EYES","","passes the free checks. Run gates 3 to 5 on the site","new","wave2"
"THERMOMAT SANILINE","http://www.thermomat.com","thermomat.com","directory","IT","BORGO VIRGILIO","Ceramic / Tile (verify)","Cersaie 2026","Hall 22 Stand B78","info@thermomat.com","","NEEDS EYES","","passes the free checks. Run gates 3 to 5 on the site","new","wave2"
"THE TILES OF INDIA","www.thetilesofindia.com","thetilesofindia.com","directory","IN","MUMBAI","Ceramic / Tile (verify)","Cersaie 2026","Mall 29-30 Stand 22","sales@thetilesofindia.com","","NEEDS EYES","","passes the free checks. Run gates 3 to 5 on the site","new","wave2"
"TILE BRASIL","www.menasce.com.br","menasce.com.br","directory","BR","SAN PAOLO","Ceramic / Tile (verify)","Cersaie 2026","Mall 29-30 Stand 10","tilebrasil@menasce.com.br","","NEEDS EYES","","passes the free checks. Run gates 3 to 5 on the site","new","wave2"
"TILE IN THE WORLD-GALLERY","www.tileintheworld.tv","tileintheworld.tv","directory","IT","SASSUOLO","Ceramic / Tile (verify)","Cersaie 2026","Mall 29-30 Stand 27","info@sassuolooggi.it","","NEEDS EYES","","passes the free checks. Run gates 3 to 5 on the site","new","wave2"
"TILELOOK","https://www.tilelook.it/","tilelook.it","directory","IT","BASSANO DEL GRAPPA","Ceramic / Tile (verify)","Cersaie 2026","Hall 29 Stand A15","contact@tilelook.com","","NEEDS EYES","","passes the free checks. Run gates 3 to 5 on the site","new","wave2"
"TILE OF SPAIN-ASCER","www.tileofspain.com","tileofspain.com","directory","ES","CASTELLON","Ceramic / Tile (verify)","Cersaie 2026","Service Centre Stand 10","global@ascer.es","","NEEDS EYES","","passes the free checks. Run gates 3 to 5 on the site","new","wave2"
"TN CORPORATION","www.tn-corporation.com/en","tn-corporation.com","directory","JP","KANI CITY, GIFU PREF.","Ceramic / Tile (verify)","Cersaie 2026","Hall 36 Stand C65","overseas@tn-corporation.com","","NEEDS EYES","","passes the free checks. Run gates 3 to 5 on the site","new","wave2"
"TOGAMA","www.togama.com","togama.com","directory","ES","VILA-REAL","Ceramic / Tile (verify)","Cersaie 2026","Hall 32 Stand B22","togama@togama.com","","NEEDS EYES","","passes the free checks. Run gates 3 to 5 on the site","new","wave2"
"TONALITE","www.tonalite.it","tonalite.it","directory","IT","S. AGATA BOLOGNESE","Ceramic / Tile (verify)","Cersaie 2026","Hall 26 Stand A86","info@tonalite.it","","NEEDS EYES","","passes the free checks. Run gates 3 to 5 on the site","new","wave2"
"TOPCER","www.topcer.com","topcer.com","directory","PT","OLIVEIRA DO BAIRRO","Ceramic / Tile (verify)","Cersaie 2026","Hall 36 Stand C64","lx@topcer.com","","NEEDS EYES","","passes the free checks. Run gates 3 to 5 on the site","new","wave2"
"TORRECID","www.torrecid.com","torrecid.com","directory","IT","FIORANO MODENESE","Ceramic / Tile (verify)","Cersaie 2026","Hall 33 Stand E38-G35","torrecid@torrecid.com","","NEEDS EYES","","passes the free checks. Run gates 3 to 5 on the site","new","wave2"
"TOSILAB","www.systemceramics.com","systemceramics.com","directory","IT","FIORANO MODENESE","Ceramic / Tile (verify)","Cersaie 2026","Hall 33 Stand E43","info@systemceramics.com","","NEEDS EYES","","passes the free checks. Run gates 3 to 5 on the site","new","wave2"
"TRAME DI PIETRA","www.tramedipietra.com","tramedipietra.com","directory","IT","OSTUNI","Ceramic / Tile (verify)","Cersaie 2026","Hall 32 Stand B24","info@twstone.it","","NEEDS EYES","","passes the free checks. Run gates 3 to 5 on the site","new","wave2"
"TRAVERTINI PARADISO","https://www.travertiniparadiso.com","travertiniparadiso.com","directory","IT","SERRE DI RAPOLANO (SI)","Ceramic / Tile (verify)","Cersaie 2026 + Coverings 2027","Hall 32 Stand B23","commerciale@gruppodei.it","Travertini Paradiso Srl.","NEEDS EYES","","passes the free checks. Run gates 3 to 5 on the site || merged duplicate, researched separately as Travertini Paradiso Srl.: Founded 1907-08, part of Gruppo Dei which the Dei family has owned since 1960, extracting and processing travertine in Rapolano Terme. Two domains appear for it, so confirm which is current. Quarrying and processing, no pattern","new","wave2"
"TURKISH CERAMICS","www.turkishceramics.com","turkishceramics.com","directory","TR","ANKARA","Ceramic / Tile (verify)","Cersaie 2026 + Coverings 2027","Service Centre Stand 7","ccsib@oaib.org.tr","Turkishceramics","NEEDS EYES","","passes the free checks. Run gates 3 to 5 on the site || merged duplicate, researched separately as Turkishceramics: Not a prospect: Turkishceramics is the state-backed export promotion group for Turkish ceramic manufacturers, set up in 1997, representing 30+ member companies. There is nobody here to buy a tool. It is a SOURCING lead though, since its member directory is a free, pre-filtered list of Turkish tile makers","new","wave2"
"TUSCANIA","www.tuscaniagres.it","tuscaniagres.it","directory","IT","SERRAMAZZONI","Ceramic / Tile (verify)","Cersaie 2026","Hall 37 Stand C52-D51","info@tuscaniagres.it","","NEEDS EYES","","passes the free checks. Run gates 3 to 5 on the site","new","wave2"
"UKRAINIAN ASSOCIATION OF CERAMIC","ceramic.com.ua","ceramic.com.ua","directory","UA","KYIV","Ceramic / Tile (verify)","Cersaie 2026","Service Centre Stand 2","lishchinskiy.i@agromat.ua","","NEEDS EYES","","passes the free checks. Run gates 3 to 5 on the site","new","wave2"
"UNDEFASA","www.undefasa.com","undefasa.com","directory","ES","ALCORA (CASTELLÓN)","Ceramic / Tile (verify)","Cersaie 2026","Hall 16 Stand A30-B27","info@undefasa.com","","NEEDS EYES","","passes the free checks. Run gates 3 to 5 on the site","new","wave2"
"UNICOM STARKER","www.unicomstarker.com","unicomstarker.com","directory","IT","FIORANO MODENESE","Ceramic / Tile (verify)","Cersaie 2026","Hall 30 Stand C40-D39","unicom@unicomstarker.com","","NEEDS EYES","","passes the free checks. Run gates 3 to 5 on the site","new","wave2"
"VAGA","www.vagaedilizia.com","vagaedilizia.com","directory","IT","MILANO","Ceramic / Tile (verify)","Cersaie 2026","Hall 25 Stand B2","vaga@vagasrl.it","","NEEDS EYES","","passes the free checks. Run gates 3 to 5 on the site","new","wave2"
"VALLELUNGA & CO.","www.vallelungacer.it","vallelungacer.it","directory","IT","SOLIGNANO DI CASTELVETRO","Ceramic / Tile (verify)","Cersaie 2026","Hall 25 Stand A182-B183","info@ascot.it","","NEEDS EYES","","passes the free checks. Run gates 3 to 5 on the site","new","wave2"
"VAMA","www.vama.it","vama.it","directory","IT","NOVATE MILANESE","Ceramic / Tile (verify)","Cersaie 2026","Hall 22 Stand B114","info@vama.it","","NEEDS EYES","","passes the free checks. Run gates 3 to 5 on the site","new","wave2"
"VANITA DOCCE","www.vanitadocce.com","vanitadocce.com","directory","IT","SERNAGLIA DELLA BATTAGLIA","Ceramic / Tile (verify)","Cersaie 2026","Hall 21 Stand B57","info@vanitadocce.com","","NEEDS EYES","","passes the free checks. Run gates 3 to 5 on the site","new","wave2"
"VEMA","www.vemarubinetterie.it","vemarubinetterie.it","directory","IT","BORGOMANERO","Ceramic / Tile (verify)","Cersaie 2026","Hall 21 Stand B102","info@vemarubinetterie.it","","NEEDS EYES","","passes the free checks. Run gates 3 to 5 on the site","new","wave2"
"VENUX","https://www.venuxsurface.es/","venuxsurface.es","directory","ES","NULES","Ceramic / Tile (verify)","Cersaie 2026","Hall 36 Stand C36-D37","info@venuxsurface.es","","NEEDS EYES","","passes the free checks. Run gates 3 to 5 on the site","new","wave2"
"VEP87","www.vep87.com","vep87.com","directory","IT","SASSUOLO","Ceramic / Tile (verify)","Cersaie 2026","Hall 28 Stand D2","info@vep87.com","","NEEDS EYES","","passes the free checks. Run gates 3 to 5 on the site","new","wave2"
"VERNI-PRENS","https://www.verniprens.com/","verniprens.com","directory","ES","LUGAR NUEVO SAN JERONIMO","Ceramic / Tile (verify)","Cersaie 2026","Hall 16 Stand A62","export@verniprens.com","","NEEDS EYES","","passes the free checks. Run gates 3 to 5 on the site","new","wave2"
"VERNIS","www.vernis.es","vernis.es","directory","ES","ONDA","Ceramic / Tile (verify)","Cersaie 2026","Hall 33 Stand C40-D29","export1@vernis.es","","NEEDS EYES","","passes the free checks. Run gates 3 to 5 on the site","new","wave2"
"VIDREPUR","www.vidrepur.com","vidrepur.com","directory","ES","ALMAZORA","Ceramic / Tile (verify)","Cersaie 2026","Hall 25 Stand B46","vidrepur@vidrepur.com","","NEEDS EYES","","passes the free checks. Run gates 3 to 5 on the site","new","wave2"
"VIDRES","www.vidres.com","vidres.com","directory","ES","VILA-REAL","Ceramic / Tile (verify)","Cersaie 2026","Hall 33 Stand A30-C31","vidres@vidres.com","","NEEDS EYES","","passes the free checks. Run gates 3 to 5 on the site","new","wave2"
"VIETRI ANTICO CERAMICA","www.vietriantico.it","vietriantico.it","directory","IT","NOCERA SUPERIORE","Ceramic / Tile (verify)","Cersaie 2026","Hall 25 Stand A118","info@vietriantico.it","","NEEDS EYES","","passes the free checks. Run gates 3 to 5 on the site","new","wave2"
"VILLA CERAMICA","www.villaceramica.es","villaceramica.es","directory","ES","ONDA","Ceramic / Tile (verify)","Cersaie 2026","Hall 25 Stand B88","villaceramica@villaceramica.es","","NEEDS EYES","","passes the free checks. Run gates 3 to 5 on the site","new","wave2"
"VILLEGIARDINI","www.athenapubblicita.it","athenapubblicita.it","directory","IT","MILANO","Ceramic / Tile (verify)","Cersaie 2026","Mall 29-30 Stand 8","info@athenapubblicita.it","","NEEDS EYES","","passes the free checks. Run gates 3 to 5 on the site","new","wave2"
"VIRGINIA GAMBINO EDITORE","www.virginiagambinoeditore.it","virginiagambinoeditore.it","directory","IT","BERGAMO","Ceramic / Tile (verify)","Cersaie 2026","Mall 29-30 Stand 7","info@vgambinoeditore.it","","NEEDS EYES","","passes the free checks. Run gates 3 to 5 on the site","new","wave2"
"VISO","https://visobath.com/","visobath.com","directory","ES","LUCENA","Ceramic / Tile (verify)","Cersaie 2026","Hall 21 Stand A89","export@visobath.com","","NEEDS EYES","","passes the free checks. Run gates 3 to 5 on the site","new","wave2"
"VISOFT","www.visoft.de","visoft.de","directory","DE","SINDELFINGEN","Ceramic / Tile (verify)","Cersaie 2026","Hall 29 Stand A39","info@visoft.de","","NEEDS EYES","","passes the free checks. Run gates 3 to 5 on the site","new","wave2"
"VITACER","www.vitacer.es","vitacer.es","directory","ES","VILA-REAL, CASTELLÓN","Ceramic / Tile (verify)","Cersaie 2026","Hall 16 Stand B28-C27","info@vitacer.es","","NEEDS EYES","","passes the free checks. Run gates 3 to 5 on the site","new","wave2"
"VITRA","www.vitratiles.com","vitratiles.com","directory","TR","ISTANBUL","Ceramic / Tile (verify)","Cersaie 2026","Hall 36 Stand A24-B27","vitrakaro.iletisim@vitra.com.tr","","NEEDS EYES","","passes the free checks. Run gates 3 to 5 on the site","new","wave2"
"VIVES AZULEJOS Y GRES","www.vivesceramica.com","vivesceramica.com","directory","ES","ALCORA-CASTELLÓN","Ceramic / Tile (verify)","Cersaie 2026","Hall 26 Stand A26-B27","export@vivesceramica.com","","NEEDS EYES","","passes the free checks. Run gates 3 to 5 on the site","new","wave2"
"WEBERT","www.webert.it","webert.it","directory","IT","BORGOMANERO","Ceramic / Tile (verify)","Cersaie 2026","Hall 21 Stand B27","info@webert.it","","NEEDS EYES","","passes the free checks. Run gates 3 to 5 on the site","new","wave2"
"WELLNESS DESIGN","www.wellness-design.info","wellness-design.info","directory","IT","LACCHIARELLA","Ceramic / Tile (verify)","Cersaie 2026","Mall 29-30 Stand 12","progetto@wellness-design.info","","NEEDS EYES","","passes the free checks. Run gates 3 to 5 on the site","new","wave2"
"WOW DESIGN","www.wowdesigneu.com","wowdesigneu.com","directory","ES","CABANES","Ceramic / Tile (verify)","Cersaie 2026","Hall 37 Stand A64-B63","registro@wowtilesgroup.com","","NEEDS EYES","","passes the free checks. Run gates 3 to 5 on the site","new","wave2"
"X-IS","https://wa-kei.com","wa-kei.com","directory","JP","TAJIMI, GIFU","Ceramic / Tile (verify)","Cersaie 2026 + TCNA","Hall 26 Stand B26","overseainquiry@x-is.co.jp","Wakei & Company, Ltd.","NEEDS EYES","","passes the free checks. Run gates 3 to 5 on the site || merged duplicate, researched separately as Wakei & Company, Ltd.: Set up by several Japanese mosaic tile manufacturers to stock their product in Southern California. It is the US stocking and import arm, not the maker, so the design decision sits in Japan. TCNA lists it as an Art Studio, which is why it survived the membership filter.","new","wave2"
"YOUNEXA","www.younexa.com","younexa.com","directory","ES","VALL D´ALBA","Ceramic / Tile (verify)","Cersaie 2026","Hall 33 Stand E6-G3","marketing@younexa.com","","NEEDS EYES","","passes the free checks. Run gates 3 to 5 on the site","new","wave2"
"YUKARI CERAMICS","https://yukariceramics.com","yukariceramics.com","directory","IT","SASSUOLO","Ceramic / Tile (verify)","Cersaie 2026 + Coverings 2027","Hall 32 Stand A24","info@intmtc.com","YUKARI CERAMICS","NEEDS EYES","","passes the free checks. Run gates 3 to 5 on the site || merged duplicate, researched separately as YUKARI CERAMICS: Born from uniting Italian design culture with Japanese ceramic craftsmanship, and every tile is designed by hand by Japanese artisans. Note the geography: despite sitting in a Coverings row next to Turkish brands, this is Japanese and Italian, not Turkish. Hand-designed artisan tile with named collections. Competitor conflict with MEC on the tile side","new","wave2"
"YURTBAY SERAMIK","www.yurtbayseramik.com","yurtbayseramik.com","directory","TR","ISTANBUL","Ceramic / Tile (verify)","Cersaie 2026","Hall 36 Stand C12-D13","export@yurtbay.com","","NEEDS EYES","","passes the free checks. Run gates 3 to 5 on the site","new","wave2"
"ALVA Surfaces/Wizard","https://alvasurfaces.com","alvasurfaces.com","high","US","San Antonio","Decorative / Artisan Tile","TCNA","","","","NEEDS EYES","FLAG gate 3","FLAG gate 3. Self-describes as distributor, importer AND manufacturer. Does manufacture its own Wizard, Bison Brick and Valletta ceramic lines, so it is not a pure middleman. TCNA slug is mtm-wizard-enterprise-llc, the legal name behind the ALVA brand.","new","wave2"
"American Glass Mosaics","https://americanglassmosaics.com","americanglassmosaics.com","high","US","Spring Lake","Decorative / Artisan Tile","TCNA","","","","NEEDS EYES","PASS","PASS. Only large-scale US glass tile maker using 100% recycled glass. Founded 2013. Own factory. Clean gate 3 pass.","new","wave2"
"American Restoration Tile, Inc.","https://restorationtile.com","restorationtile.com","high","US","Little Rock","Decorative / Artisan Tile","TCNA","","","","NEEDS EYES","PASS","PASS. Custom historical tile reproduction, 1860s-1940s patterns. Does restoration AND new construction custom work, so it clears the restoration-only exclusion in S7.4.","new","wave2"
"ARTO Brick & Tile","https://arto.com","arto.com","high","US","Los Angeles","Decorative / Artisan Tile","TCNA","","","","NEEDS EYES","PASS","PASS. Founded 1966 by Arto Alajian, run by sons Armen and Vod. About 80 people handcrafting concrete, terracotta and ceramic tile and brick on site.","new","wave2"
"Casa Ceramica, Inc.","https://casaceramica.com","casaceramica.com","high","US","West Palm Beach","Decorative / Artisan Tile","TCNA","","","","LIKELY OUT","LIKELY OUT gate 3","LIKELY OUT gate 3. Established 1996 as the retail division of LTS Ceramics. Sources handmade tile from artisans in Tunisia, Italy, Spain, Portugal, France and Morocco and resells through 15+ states via distributors. Reads importer/retailer, not maker. Does offer custom orders made in US artisan studios, so not an automatic kill. Not the Manchester UK Casa Ceramica.","new","wave2"
"Chadwick's Surfaces International, Inc.","https://chadwickssurfaces.com","chadwickssurfaces.com","high","US","Lake Forest","Decorative / Artisan Tile","TCNA","","","","LIKELY OUT","LIKELY OUT gate 3","LIKELY OUT gate 3. Calls itself manufacturer, designer and distributor of stone, terracotta and ceramic sourced from around the world. The around-the-world sourcing language is the distributor tell. Confirm on site whether anything is made in house.","new","wave2"
"Dunis Studios","https://dunisstudios.com","dunisstudios.com","high","US","Wimberley","Decorative / Artisan Tile","TCNA","","","","NEEDS EYES","PASS priority","PASS priority. Designs and manufactures its own lines and sells through tile showrooms, which is the to-the-trade signal. Handmade ceramic, glass, mosaic and brick, 10-12 step process, 30+ years. Strong fit.","new","wave2"
"Elon Tile & Stone","https://elontile.com","elontile.com","high","US","Bethel","Decorative / Artisan Tile","TCNA","","","","LIKELY OUT","LIKELY OUT gate 3","LIKELY OUT gate 3. Describes itself as an importing and exporting wholesale company of natural stone, established 1966. Wholesaler plus stone rather than pattern. Two gates against it.","new","wave2"
"Hovey Tile Art LLC","","","none","US","Mentone","Decorative / Artisan Tile","TCNA","","","","NEEDS DOMAIN","BLOCKED","BLOCKED. No website exists after two search passes. Presence is directory only: LinkedIn, Facebook, Yelp, Yellow Pages, Manta. Owner Cindy Hobey, 1221 Opal Ave, est. 1984, about 21 staff. Cannot be enriched or emailed without a domain. Phone 909-794-3815 if worth a manual call.","new","wave2"
"Images In Tile USA, Inc. dba Bison Coating & Supply","https://imagesintile.com","imagesintile.com","high","US","Joplin","Decorative / Artisan Tile","TCNA","","","","NEEDS EYES","PASS","PASS. Full TCNA name resolved: Images In Tile USA, Inc. dba Bison Coating & Supply. Two businesses, two domains. imagesintile.com is the one that matters: custom tile murals, any image applied to ceramic, porcelain, stone or glass. bisoncoating.com is the dye-sublimation blanks supply arm, which is a supply company and off ICP. Use imagesintile.com.","new","wave2"
"Linden Workshops","https://lindenworkshops.com","lindenworkshops.com","high","US","Chicago","Decorative / Artisan Tile","TCNA","","","","NEEDS EYES","PASS priority","PASS priority. Three handmade art tile lines: Bronzework Studio, Foundry Art, Talisman. All made in the US, sold through fine tile specialty shops in North America, UK, Japan and Scandinavia. Bought and renamed in 2024, so a new owner is likely open to new tooling.","new","wave2"
"LIVDEN","https://livden.com","livden.com","high","US","San Diego","Decorative / Artisan Tile","TCNA","","","","NEEDS EYES","PASS priority","PASS priority. Designs its own line of 50+ tile designs on upcycled post-consumer terrazzo bases, 65-100% recycled, made in the US. Designs in house and sells made-to-order. Strong fit.","new","wave2"
"Malibu Ceramic Works","https://malibuceramicworks.com","malibuceramicworks.com","high","US","Topanga","Decorative / Artisan Tile","TCNA","","","","NEEDS EYES","PASS","PASS. Founded 1979. Reproduces historic California tile: Malibu, Catalina, Hispano Moresque, Batchelder. Explicit tile murals and custom tile pages.","new","wave2"
"McIntyre Tile, Inc.","https://mcintyretile.com","mcintyretile.com","high","US","Healdsburg","Decorative / Artisan Tile","TCNA","","","","NEEDS EYES","PASS","PASS. Handmade ceramic tile in Healdsburg since 1972. Has a retailers page, so sells to the trade.","new","wave2"
"Mediterra Tile","https://mediterratile.com","mediterratile.com","high","US","Tumacacori","Decorative / Artisan Tile","TCNA","","","","NEEDS EYES","PASS priority","PASS priority. Design, fabrication and distribution of artisan tile and mosaic. Extensive glaze palette offered for fully custom tile, 4-8 week lead times. A long lead time with a custom glaze choice is exactly the approval-wait the tool shortens.","new","wave2"
"Quemere Designs","https://quemeredesigns.com","quemeredesigns.com","high","US","Middletown","Decorative / Artisan Tile","TCNA","","","","NEEDS EYES","PASS priority","PASS priority. Only handmade tile factory on the East Coast by its own claim, since 1987. 400+ shapes, 500+ glaze colours plus custom colours, every order custom glazed to one dye lot. The biggest combinatorial catalogue on this list and no configurator found. Best single TCNA candidate.","new","wave2"
"StoneImpressions/Artisan Stone Tile","https://stoneimpressions.com","stoneimpressions.com","high","US","","Decorative / Artisan Tile","TCNA","","","","NEEDS EYES","PASS","PASS. Made-to-order pattern tile printed on natural stone, sold through showrooms across North America. Flat 2D patterns, which is the engine's native output. Artisan Stone Tile is its quick-ship sub-line.","new","wave2"
"Syzygy Tileworks, Inc.","https://syzygytile.com","syzygytile.com","high","US","Silver City","Decorative / Artisan Tile","TCNA","","","","NEEDS EYES","PASS","PASS. Founded 1993, Josh and Carolyn White. Twenty artisans, hand cut and pressed, hand brushed glazes, every tile made to order.","new","wave2"
"The Rookwood Pottery Co.","https://rookwood.com","rookwood.com","high","US","Cincinnati","Decorative / Artisan Tile","TCNA","","","","NEEDS EYES","FLAG mixed 2D/3D","FLAG mixed 2D/3D. Since 1880, revived 2004, 88,000 sq ft plant. Sells both art pottery, which is 3D and excluded, and architectural tile, which qualifies. Has a dedicated Architectural Tile page. Pitch the tile division only.","new","wave2"
"The Tileworks of Bucks County","https://thetileworks.org","thetileworks.org","high","US","Doylestown","Decorative / Artisan Tile","TCNA","","","","EXCLUDE","EXCLUDE","EXCLUDE. Operates the historic Moravian Pottery and Tile Works as a 501c3 non-profit museum with tours, classes and workshops. Hits two S7.4 exclusions at once: nonprofit/institutional buyer and teaching studio. It does sell design, fabrication and installation services, but the buyer type is wrong for a paid commercial tool.","new","wave2"
"Tile by Design, LLC","https://tilebydesign.net","tilebydesign.net","medium","US","Duncansville","Decorative / Artisan Tile","TCNA","","","","NEEDS EYES","PASS","PASS. Domain comes from the TCNA directory listing only. No independent confirmation of a live site appeared in search, so verify the domain resolves before spending credits. TCNA membership type Art Studio, products listed as Art Tile Pictures and Tile-Murals.","new","wave2"
"Unique Design Solutions","https://uniquedesignsolutions.com","uniquedesignsolutions.com","high","US","Phoenix","Decorative / Artisan Tile","TCNA","","","","NEEDS EYES","PASS, dedupe check","PASS, dedupe check. Own factory in Phoenix, TCNA Art Studio member, products span glazed ceramic, custom, glass, metallic, mosaic and glazed porcelain. Do not confuse with uniquedesignks.com, an unrelated Topeka KS flooring retailer. Its Uniquely Oceanside display board means an Oceanside Glasstile relationship, and Oceanside is already row 14 of wave 1, so dedupe before outreach.","new","wave2"
"Whitehill Enterprises, LLC","https://whitehillenterprises.com","whitehillenterprises.com","high","US","Joplin","Decorative / Artisan Tile","TCNA","","","","NEEDS EYES","FLAG gate 3","FLAG gate 3. Custom tile mosaic and mural design, but the service list includes project management and tile installation, and public art consulting. Design-led with an installation arm rather than a pure installer. Also note it is in Joplin MO, the same small city as Images In Tile, so check whether the two are related before treating them as separate accounts.","new","wave2"
"Winsor Fireform, LLC","https://winsorfireform.com","winsorfireform.com","high","US","Tumwater","Decorative / Artisan Tile","TCNA","","","","NEEDS EYES","FLAG criterion 1","FLAG criterion 1. Founded 1983. Manufactures custom porcelain enamel panels and graphic tile at full photographic fidelity, including Citi Field and Yankee Stadium murals. A genuine maker of flat custom work, but it sells into architects and public art commissions, so there is no customer-facing design step for the tool to sit on. Internal-efficiency pitch only.","new","wave2"
"AIXIN TECH.CO., LTD","https://ralartmosaictile.com","ralartmosaictile.com","high","CN","Foshan","Tile / Stone (verify)","Coverings 2027","","","","NEEDS EYES","FLAG","FLAG. Trades as Ralart Mosaic, founded 2011, renamed Aixin Technology in Oct 2024. Range includes mosaic ARTS and mosaic MURALS alongside commodity glass and ceramic mosaic, so unlike most Foshan rows there is a custom-design side. Tier 3 geography and a supplier model pull the other way. Check whether mosaic art is a real commissioned line or a catalogue","new","wave2"
"Akgun Seramik/Dura-tiles","https://duratiles.com","duratiles.com","high","TR","Istanbul","Tile / Stone (verify)","Coverings 2027","","","","LIKELY OUT","LIKELY OUT","LIKELY OUT. Duratiles is the brand of Akgun Seramik: 380 million sq ft a year from five plants in Turkey and Bulgaria. Fixed-SKU volume porcelain with accessories, step treads and borders. Nothing a customer designs, so criterion 3 fails","new","wave2"
"Altura Stone","https://alturastoneandtile.com","alturastoneandtile.com","high","US","Miami","Tile / Stone (verify)","Coverings 2027","","","","LIKELY OUT","LIKELY OUT","LIKELY OUT. Its own strapline is Importer and Distributer of Natural Stone. Family owned since 2007, stocks marble, limestone, travertine, onyx and granite in 100,000+ sq ft of warehouse across Miami, Atlanta and Fairfield NJ and sells through dealers. Gate 3","new","wave2"
"Andean Stone Company- Simpatico Surfaces","https://andeanstonecompany.com","andeanstonecompany.com","high","US","Hialeah","Tile / Stone (verify)","Coverings 2027","","","","LIKELY OUT","LIKELY OUT","LIKELY OUT. The Miami sales, warehousing and logistics centre for Minera Roca Andina, a Peruvian quarry group, supplying travertine, limestone and marble from the high Andes. A distribution arm for a quarry. Gate 3 plus raw stone","new","wave2"
"Arts Co., Ltd","","","none","CN","Dongguan","Tile / Stone (verify)","Coverings 2027","","","","LIKELY OUT","LIKELY OUT","LIKELY OUT. Resolves to Dongguan Arts Co., Ltd, established 2002 near the Foshan ceramics base, making recycled glass mosaic, ceramics, cement products and terrazzo. No company website found, trade platforms and the Coverings listing only","new","wave2"
"Asia Dynasty Resources Pte Ltd","https://asiadynasty.com","asiadynasty.com","high","SG","Singapore","Tile / Stone (verify)","Coverings 2027","","","","LIKELY OUT","LIKELY OUT","LIKELY OUT. Registered 2014, describes itself as a supplier of premium tile, stone and mosaic that collaborates with mills in China and Malaysia. Singapore business records also class it as a tile contractor. Reseller plus contractor, gate 3 twice","new","wave2"
"Asia Pacific Ceramic","https://asiapacificceramic.com","asiapacificceramic.com","high","IN","Morbi","Tile / Stone (verify)","Coverings 2027","","","","LIKELY OUT","LIKELY OUT","LIKELY OUT. Established 2001 in Morbi, 10 million sq m a year on Italian lines, ~70% exported. Volume porcelain slabs and tiles to a catalogue. Criterion 3 fails","new","wave2"
"AVANGARDE CERAMICHE","https://avangardeceramiche.com","avangardeceramiche.com","medium","CN","Foshan","Tile / Stone (verify)","Coverings 2027","","","","LIKELY OUT","LIKELY OUT","LIKELY OUT. An Italian-sounding brand operating out of Guangdong, supplying glazed and unglazed ceramic, floor, mosaic and porcelain tile. Domain came from a trade directory rather than a confirmed live site, so verify. Commodity supplier either way","new","wave2"
"Bar-On Studio","https://baron-studio.com","baron-studio.com","high","IL","Petah Tikva","Tile / Stone (verify)","Coverings 2027","","","","NEEDS EYES","PASS priority","PASS priority. The best Coverings row on the list. Founded in Israel in 2010 by three brothers, family owned, and it BOTH designs and manufactures: sculptural concrete decorative wall coverings, curated concrete tiles, and tiles with integrated lighting, from its own Petah Tikva factory and showroom. Sells into the US since 2014 and through Ann Sacks since 2017, so it is trade-facing and already US-proven. Designs in house, makes in house, flat decorative wall surface, owner-operated","new","wave2"
"Bestview International Company","https://bestviewintl.com","bestviewintl.com","high","US","Glenview","Tile / Stone (verify)","Coverings 2027","","","","LIKELY OUT","LIKELY OUT","LIKELY OUT. Self-describes as manufacturer AND importer of natural stone: granite, marble, onyx, travertine, slate in 100+ colours, plus countertops, vanities and mosaics. Six-time MIA Pinnacle winner. Stone fabrication and import, not pattern design","new","wave2"
"BiQslab","https://biqslab.com.tr","biqslab.com.tr","high","TR","","Tile / Stone (verify)","Coverings 2027","","","","LIKELY OUT","LIKELY OUT","LIKELY OUT. Bien's large-format slab brand, running 350-metre kilns. Volume slab production. No customer design step","new","wave2"
"Bluetone Ceramic","https://bluetoneceramic.com","bluetoneceramic.com","high","IN","Morbi","Tile / Stone (verify)","Coverings 2027","","","","LIKELY OUT","LIKELY OUT","LIKELY OUT. Established 2013, manufactures and exports porcelain floor tile from Morbi. Related entity Bluetone Impex is listed as a trader and wholesaler. Commodity catalogue","new","wave2"
"Cerámica Italia S.A","https://ceramicaitalia.com","ceramicaitalia.com","high","CO","Cucuta","Tile / Stone (verify)","Coverings 2027","","","","LIKELY OUT","LIKELY OUT","LIKELY OUT. Colombian maker with 30+ years and 1.3 million sq m a month of capacity aimed at large American orders. Volume catalogue for floors, walls and bathrooms","new","wave2"
"Cosa Marble Co.","https://cosamarble.com","cosamarble.com","high","US","","Tile / Stone (verify)","Coverings 2027","","","","LIKELY OUT","LIKELY OUT","LIKELY OUT. A US wholesale distributor of marble, limestone and onyx. Worth one note: the range includes borders, MEDALLIONS and mosaics, and a medallion is a custom flat 2D design. But the company distributes rather than designs. Gate 3","new","wave2"
"Driftwood Design Labs","https://driftwooddesignlab.com","driftwooddesignlab.com","high","US","","Tile / Stone (verify)","Coverings 2027","","","","NEEDS EYES","PASS priority","PASS priority. A creative studio and a division of Lunada Bay Tile, Southern California. Own collections: Zel Moroccan zellige, Cotto Andaluz terracotta, Shoreline, with hand-painted and handcrafted elements. Designs original collections and makes them, which is the profile the ICP was written around. Note the competitor conflict: Lunada Bay is a tile and mosaic house, so this row takes the S7.9 walkthrough CTA with no link to MEC's tool","new","wave2"
"E-CERAMIC","","","unresolved","","","Tile / Stone (verify)","Coverings 2027","","","","LIKELY OUT","LIKELY OUT","LIKELY OUT. Too generic to resolve. Searches collide with Eco Ceramica (ecoceramica.com), an unrelated 27-year Italian wall and floor tile maker. Do not use that domain for this row. Needs the Coverings exhibitor listing","new","wave2"
"Favorita Marmi e Graniti SpA","https://granitifavorita.com","granitifavorita.com","high","IT","Lonigo","Tile / Stone (verify)","Coverings 2027","","","","LIKELY OUT","LIKELY OUT","LIKELY OUT. Conterno family, 60 years, selects and processes marble, quartzite, granite, onyx and semi-precious stone slabs in the Vicenza marble district. Slab processing, no pattern design","new","wave2"
"Foshan Domogres Building Materials LTD.","https://dozanmosaic.com","dozanmosaic.com","medium","CN","Foshan","Tile / Stone (verify)","Coverings 2027","","","","LIKELY OUT","LIKELY OUT","LIKELY OUT. Founded by Franki Lee, supplies glass, marble, pool, recycled glass and porcelain mosaic plus waterjet and decor tile. Exports mainly to the US, Canada and Ecuador. The operating site appears to be dozanmosaic.com rather than anything matching the registered name, so verify. Commodity mosaic supplier","new","wave2"
"Foshan Hengsheng New Material Co., Ltd.","https://hengxingmosaic.com","hengxingmosaic.com","high","CN","Foshan","Tile / Stone (verify)","Coverings 2027","","","","LIKELY OUT","LIKELY OUT","LIKELY OUT. Glass mosaic specialist since 2008, 2,000+ models with new items monthly, into hotels, pools and bathrooms. High SKU churn, no customer design step","new","wave2"
"Graiman CIA Ltda.","https://graiman.com","graiman.com","high","EC","Cuenca","Tile / Stone (verify)","Coverings 2027","","","","LIKELY OUT","LIKELY OUT","LIKELY OUT. Founded 1992 with Ecuadorian capital, first technical porcelain producer in Ecuador and on the Pacific coast, now digital printing and large format. Producer and national distributor. Volume catalogue","new","wave2"
"Haussmann Natural Stone","https://haussmannstone.com","haussmannstone.com","high","US","Hayward","Tile / Stone (verify)","Coverings 2027","","","","LIKELY OUT","LIKELY OUT","LIKELY OUT. A distributor with 40+ limestone options in stock, offering custom solutions across North America. Limestone distribution. Gate 3 plus raw stone","new","wave2"
"HOMEE FOSHAN CO .LTD","https://homeemosaic.com","homeemosaic.com","high","CN","Foshan","Tile / Stone (verify)","Coverings 2027","","","","LIKELY OUT","LIKELY OUT","LIKELY OUT. Founded 2005, dedicated solely to R&D and production of mosaic tile, export focused into North and South America, Europe and Australia. Real mosaic manufacturer but a high-end catalogue supplier, not a design-to-approval business","new","wave2"
"Honor View Enterprise Co., Ltd.","","","unresolved","TW","","Tile / Stone (verify)","Coverings 2027","","","","LIKELY OUT","LIKELY OUT","LIKELY OUT. A Taiwanese tile supplier visible only in import records, shipping to The Tile Shop in Plymouth MN. Do NOT use honortile.com: that is Zibo Honor Ceramic, an unrelated Chinese maker. Needs the Coverings listing","new","wave2"
"Ibel","https://ibelceramics.com","ibelceramics.com","medium","CN","Foshan","Tile / Stone (verify)","Coverings 2027","","","","LIKELY OUT","LIKELY OUT","LIKELY OUT. Brand created in 2006 to supply ceramic tile and deco accessories to architects, builders and importers of building materials worldwide. Domain came from a summary rather than a confirmed live page. Supplier to importers, gate 3","new","wave2"
"IKAD X MUZZI TILE INDONESIA","https://ikad-intl.com","ikad-intl.com","high","ID","Jakarta","Tile / Stone (verify)","Coverings 2027","","","","LIKELY OUT","LIKELY OUT","LIKELY OUT. IKAD and MUZZI are two brands of an Indonesian porcelain manufacturer, designs developed by Italian and Chinese teams, in standard sizes from 12x24 to 32x32. Volume catalogue","new","wave2"
"IMEX INTERNATIONAL CO., LTD","https://imexinter.com","imexinter.com","high","TH","Bangkok","Tile / Stone (verify)","Coverings 2027","","","","LIKELY OUT","LIKELY OUT","LIKELY OUT. Founded 1994, produces glass, ceramic and porcelain tile on high-technology lines. Coverings lists it under decorative, glass, mosaic and porcelain tile. Volume producer","new","wave2"
"Inno Stone","","","unresolved","","","Tile / Stone (verify)","Coverings 2027","","","","LIKELY OUT","LIKELY OUT","LIKELY OUT. No match after searching. Results collide with Inno Stickers (peel-and-stick), Innovation Stone & Tile and Stone Innovations, all unrelated. Needs the Coverings exhibitor listing","new","wave2"
"International Wholesale Tile, LLC","https://internationalwholesaletile.com","internationalwholesaletile.com","high","US","Palm City","Tile / Stone (verify)","Coverings 2027","","","","LIKELY OUT","LIKELY OUT","LIKELY OUT. Trades as Tesoro. Supplies porcelain, ceramic and natural stone to retail floorcovering stores, design centres and specialty tile shops nationwide. The name states the business model. Gate 3","new","wave2"
"Intrend Tile","","","none","US","Brea","Tile / Stone (verify)","Coverings 2027","","","","NEEDS DOMAIN","FLAG no domain","FLAG no domain. Genuinely interesting and genuinely unreachable. A mosaic tile company in Southern California started by two friends from art school who wanted to make their own designer tiles, with an office and showroom at 272 Gemini Ave, Brea CA. That is an ICP profile. But it has no website: it sells through Amazon, Wayfair, Perigold, AllModern and Faire. Do NOT use intrend.co.in, an unrelated Indian wall-tile company. Needs a manual look or a phone call","new","wave2"
"ITACA CERAMIC PRIVATE LIMITED","https://itaca.in","itaca.in","high","IN","Morbi","Tile / Stone (verify)","Coverings 2027","","","","LIKELY OUT","LIKELY OUT","LIKELY OUT. Founded 2009 by Kiran Patel, promotes Italian-styled design into Indian homes, 200+ employees, large-format wall and floor tile and slabs. Volume catalogue","new","wave2"
"Italica Tiles","https://italicatiles.com","italicatiles.com","high","IN","Morbi","Tile / Stone (verify)","Coverings 2027","","","","LIKELY OUT","LIKELY OUT","LIKELY OUT. Formed 2004, one of India's leading suppliers and distributors of large-format wall and floor tile, exporting to 85+ countries. Supplier and distributor at volume","new","wave2"
"ITALMOSAICO","","","unresolved","IT","","Tile / Stone (verify)","Coverings 2027","","","","LIKELY OUT","LIKELY OUT","LIKELY OUT. Could not be resolved. Searches return unrelated Italian mosaic businesses: Fantini Mosaici, Orsoni Smalti, the Ravenna Mosaic Art School, Italian Mosaic Masters. Worth a second look from the Coverings listing, because an Italian mosaic house would be on-niche if it designs","new","wave2"
"Jeffrey Court","https://jeffreycourt.com","jeffreycourt.com","high","US","Norco","Tile / Stone (verify)","Coverings 2027","","","","NEEDS EYES","PASS priority","PASS priority. Started in 1991 by Jim and Janice Lawson as a HAND-PAINTED tile business and still describes itself as producing high-end decorative mosaic tile, 30+ years on, distributing nationally from Norco CA. Founder-led, decorative, mosaic. Competitor conflict with MEC, so walkthrough CTA, no tool link","new","wave2"
"Jerusalem Heights","https://jerusalemheights.com","jerusalemheights.com","high","US","Milford","Tile / Stone (verify)","Coverings 2027","","","","NEEDS EYES","PASS","PASS. A producer and manufacturer of natural stone mosaic tile, premium marble mosaics for backsplashes, shower floors and walls. Makes its own mosaics in Connecticut. On-niche and on-medium. Competitor conflict with MEC, so walkthrough CTA","new","wave2"
"Keen Ocean Asia Ltd/NOVA Breeze SDN.BHD.","","","unresolved","MY","","Tile / Stone (verify)","Coverings 2027","","","","LIKELY OUT","LIKELY OUT","LIKELY OUT. Established 2002, manufactures glass, stone and metal mosaic and has exported to North America for 21+ years. No company website surfaced, only the Coverings listing. Commodity mosaic manufacturer","new","wave2"
"Keramicos","https://keramikos.com.ec","keramikos.com.ec","medium","EC","Cuenca","Tile / Stone (verify)","Coverings 2027","","","","LIKELY OUT","LIKELY OUT","LIKELY OUT. Two things share this name in Cuenca and they matter differently. keramikos.com.ec is Keramikos S.A., the retail and distribution arm and Porcelanosa's Ecuador distributor, with boutiques in Cuenca, Guayaquil and Quito. The Coverings exhibitor is the producer group behind Ceramicas Rialto, Ecuaceramica and Italpisos. Either way it is distribution or volume production. Verify which entity the listing means","new","wave2"
"Keystone Tile","https://keystonetile.com","keystonetile.com","high","US","Houston","Tile / Stone (verify)","Coverings 2027","","","","LIKELY OUT","LIKELY OUT","LIKELY OUT. Runs a 300,000 sq ft Houston showroom and warehouse plus 673,000 sq ft in Florida and 130,000 in Atlanta, selling porcelain, pavers, travertine, marble and pool coping. Warehouse and showroom distribution. Gate 3","new","wave2"
"LAXVEER CERAMIC LLP","","","none","IN","Morbi","Tile / Stone (verify)","Coverings 2027","","","","LIKELY OUT","LIKELY OUT","LIKELY OUT. Incorporated Dec 2016 in Morbi, makes glazed porcelain tile and granite slab, also trades as LV Granito. Its own company registration records list the website as Not Available, so this is a confirmed no-site row, not a failed search. Commodity producer","new","wave2"
"Lourdes SPL Argentina","https://ceramica-lourdes.com.ar","ceramica-lourdes.com.ar","medium","AR","","Tile / Stone (verify)","Coverings 2027","","","","LIKELY OUT","LIKELY OUT","LIKELY OUT. Industrias Ceramicas Lourdes, wholly Argentine, 25 years, the first Argentine and second Latin American company to run a digital production line. SPL is its San Pietro Laminas product. Digital printing at volume, still a catalogue","new","wave2"
"Marazzi/American Olean","https://marazziusa.com","marazziusa.com","high","US","Dallas","Tile / Stone (verify)","Coverings 2027","","","","NEEDS EYES","FLAG enterprise","FLAG enterprise. Two brands, both Dal-Tile and therefore Mohawk: Marazzi since 1935, American Olean since 1923. Genuine design operations but a 200+ enterprise, which per the S7.4 decision-maker table means a Head of Design or digital lead and a long cycle. Tag separately and deprioritise rather than drop","new","wave2"
"Marmotech, S.A.","","","unresolved","","","Tile / Stone (verify)","Coverings 2027","","","","LIKELY OUT","LIKELY OUT","LIKELY OUT. Four unrelated companies use this name, in the Dominican Republic (marmotech.com.do), Turkey (marmotech.com.tr), Saudi Arabia (marmotech.co) and Egypt with US operations (marmotech-us.com). Cannot be pinned without the Coverings listing. All of them extract, cut, polish or distribute marble, so the row fails gate 3 whichever it is","new","wave2"
"Maruman Shokai. Co., Ltd.","https://tile-maruman.com","tile-maruman.com","high","JP","Tajimi","Tile / Stone (verify)","Coverings 2027","","","","NEEDS EYES","PASS priority","PASS priority. Founded 1931 by Manzo Kato, incorporated 1957, in Tajimi, the centre of Japanese tile production. 65+ years making porcelain MOSAIC tile, 100% made in Japan, local mineral clays, natural glazes, 24-hour firing, with Majolica and Deco named lines. A real artisan mosaic maker with named collections. Competitor conflict with MEC, so walkthrough CTA","new","wave2"
"Maxfato","https://maxfato.com","maxfato.com","high","CN","Foshan","Tile / Stone (verify)","Coverings 2027","","","","NEEDS EYES","FLAG","FLAG. Stands out from the other Foshan rows: it describes itself as DESIGNING and producing mosaics and tiles for clients, with commercial offices in Spain, Mexico, Australia and Brazil alongside the Foshan HQ and showroom. Range spans metal, porcelain, natural stone, engineered stone and craft glass. 'For clients' suggests project and custom work. Worth a site read","new","wave2"
"MG Surfaces Limited","","","unresolved","","","Tile / Stone (verify)","Coverings 2027","","","","LIKELY OUT","LIKELY OUT","LIKELY OUT. No company of this exact name found. Nearby names are all different companies: MMG Tile & Stone (mmgmarble.com), MG Stone Surface (mgstone-surface.com), Marble & Granite Designs UK (mgduk.com). Do not assume any of them. Needs the Coverings listing","new","wave2"
"Natamar","https://natamar.com","natamar.com","high","TR","Denizli","Tile / Stone (verify)","Coverings 2027","","","","LIKELY OUT","LIKELY OUT","LIKELY OUT. 25 years producing travertine from Denizli, selling to chains and wholesalers in 30+ countries. Travertine production plus wholesale. Raw stone, gate 3","new","wave2"
"PADUA CERAMICS PTE. LTD.","","","unresolved","SG","Singapore / Foshan","Tile / Stone (verify)","Coverings 2027","","","","LIKELY OUT","LIKELY OUT","LIKELY OUT. Registered in Singapore in Sept 2019, principal activity recorded as wholesale of structural clay and concrete products, operating out of Foshan. Designs and produces porcelain stoneware for commercial, public and residential space but has no findable website, only an Instagram. Wholesale, gate 3","new","wave2"
"Pavit Ceramics","https://pavits.com","pavits.com","high","IN","Ahmedabad","Tile / Stone (verify)","Coverings 2027","","","","LIKELY OUT","LIKELY OUT","LIKELY OUT. Established 1989, India's largest full-body porcelain maker, brands PAVITS and VICTORY, present in 40 countries. Already runs a tile visualizer, so it belongs in the has-a-configurator note, but the product is a fixed catalogue so criterion 3 still fails","new","wave2"
"PORCEMALL USA","https://porcemall.com","porcemall.com","high","US","Deerfield Beach","Tile / Stone (verify)","Coverings 2027","","","","LIKELY OUT","LIKELY OUT","LIKELY OUT. Founded 2002, US arm since 2014, a distributor of floor and wall tile imported from Europe and Asia, sold through 500+ authorised stores in Florida. Gate 3","new","wave2"
"PT. Sun Power Ceramics","https://sunpower.id","sunpower.id","high","ID","Mojokerto, East Java","Tile / Stone (verify)","Coverings 2027","","","","LIKELY OUT","LIKELY OUT","LIKELY OUT. Since 2010, a benchmark in marble-effect ceramic surfaces on Italian technology, five finishes, standard colour families. Volume catalogue","new","wave2"
"Qingdao Century Import & Export Co., Ltd","https://qdcentury.com","qdcentury.com","high","CN","Qingdao","Tile / Stone (verify)","Coverings 2027","","","","LIKELY OUT","LIKELY OUT","LIKELY OUT. Established 2005, exports slabs, tile, mosaic, countertops, vanity tops, sinks and landscape stone, working with dozens of partner factories in Xiamen plus two of its own in Shandong. The name is the business model. Gate 3","new","wave2"
"QUA","https://qua.com.tr","qua.com.tr","high","TR","Aydin","Tile / Stone (verify)","Coverings 2027","","","","LIKELY OUT","LIKELY OUT","LIKELY OUT. QUA Granite started production in 2016 and now runs Turkey's largest technical-granite-only plant at 41 million sq m a year with 1,000+ employees, exporting to 100+ countries. Pure volume. Criterion 3 fails","new","wave2"
"Roca / Lamosa USA","https://rocatileusa.com","rocatileusa.com","high","US","Miami","Tile / Stone (verify)","Coverings 2027","","","","NEEDS EYES","FLAG enterprise","FLAG enterprise. Roca Tile's tile division was bought by Grupo Lamosa in Sept 2021 and the two run together as ROCA TILE USA and LAMOSA USA, with design studios and showrooms in Miami, Chicago and New York. 100+ years of manufacturing and distribution. Same call as Marazzi: real design operation, enterprise buyer, long cycle, deprioritise rather than drop","new","wave2"
"SAXOLIA by italcrafts","https://saxolia.it","saxolia.it","high","IT","Fiorano Modenese","Tile / Stone (verify)","Coverings 2027","","","","LIKELY OUT","LIKELY OUT","LIKELY OUT. Saxolia is the house brand Italcrafts launched into North America in 2021. Italcrafts itself, since 1976, is a TRADING company in tiles and furnishing accessories and the market leader in Africa and the Caribbean. A trader with a private label. Gate 3","new","wave2"
"Seed Decorative Material Co., Ltd.","","","none","CN","Foshan","Tile / Stone (verify)","Coverings 2027","","","","LIKELY OUT","LIKELY OUT","LIKELY OUT. Established Nov 2002 in Shunde, Foshan, manufactures crystal mosaic at 450,000 sq m a year. No own website: Alibaba, Made-in-China and the Coverings listing only. Commodity manufacturer","new","wave2"
"Shanghai Tongchen Stone Co., Ltd.","https://tongchenstone.com","tongchenstone.com","medium","CN","Shanghai","Tile / Stone (verify)","Coverings 2027","","","","LIKELY OUT","LIKELY OUT","LIKELY OUT. One of China's leading white marble suppliers and exporters, four production bases in Shanghai, Sichuan, Fujian and Jiangsu Yixing. Domain from a summary, verify. Raw stone export","new","wave2"
"Stone Partnership Inc","https://stonepartnership.com","stonepartnership.com","high","US","Pennsauken","Tile / Stone (verify)","Coverings 2027","","","","LIKELY OUT","LIKELY OUT","LIKELY OUT. 40+ years as a wholesale distributor of natural stone, specialising in honed, antiqued and distressed material. Wholesale distribution. Gate 3","new","wave2"
"Stoneglass Srl.","https://stoneglass.it","stoneglass.it","high","IT","Casciana Terme Lari, Pisa","Tile / Stone (verify)","Coverings 2027","","","","LIKELY OUT","LIKELY OUT","LIKELY OUT. Stoneglass is a crystallised glass-stone MATERIAL made in Tuscany, specified by architects for cladding, ventilated facades, flooring and marine use. A material brand, not a pattern designer","new","wave2"
"Stover's LLC","https://stoversliquidation.com","stoversliquidation.com","high","US","","Tile / Stone (verify)","Coverings 2027","","","","LIKELY OUT","LIKELY OUT","LIKELY OUT. Describes itself as the largest stocking dealer of ceramic and porcelain tile, laminate and hardwood in the South, trading as Stover's Liquidation. A stocking dealer clearing inventory. Gate 3, and the liquidation model means no design step at all","new","wave2"
"StyleAccess","https://style-access.com","style-access.com","high","US","Carrollton","Tile / Stone (verify)","Coverings 2027","","","","NEEDS EYES","FLAG","FLAG. The most arguable row on the list. An importer, DESIGNER and distributor that owns Lungarno Ceramics (2013, designer-led collections including handmade wall tile) and CommodiTile (2017), and says it is involved in all phases of the tile design process while sourcing production from Asia and Europe. So it designs but does not manufacture. Under the 24 Aug S7.4 pivot 'makes the product themselves' is no longer a hard gate, which means this row now qualifies on criteria 1 and 3 where it would have been dropped before the pivot. A clean test of whether the pivot was right","new","wave2"
"TAB Surfaces - Natural Stone and QUARTZ","https://tabindia.com","tabindia.com","high","IN","Hosur","Tile / Stone (verify)","Coverings 2027","","","","LIKELY OUT","LIKELY OUT","LIKELY OUT. One of the largest natural stone and quartz processors in the world: granite, marble, slate, quartzite, sandstone, limestone plus the TABQUARTZ engineered line. Slab processing. No pattern","new","wave2"
"Tarmak USA","https://tarmakusa.com","tarmakusa.com","high","US","Tampa","Tile / Stone (verify)","Coverings 2027","","","","LIKELY OUT","LIKELY OUT","LIKELY OUT. Founded 2002 and states plainly that it is a DIRECT IMPORTER of natural stone tile, mosaic, tumbled stone, moulding, slabs and trim, bringing containers from Turkey, Italy and China into Tampa inventory. Gate 3","new","wave2"
"Tendenzza","","","unresolved","MX","","Tile / Stone (verify)","Coverings 2027","","","","LIKELY OUT","LIKELY OUT","LIKELY OUT. Tendenzza Pisos y Recubrimientos SA de CV, a Mexican porcelain tile brand sold through Azulemex, Surtidor and Construrama, with collections like Carrara, Nero, Imperia and Novara. No own corporate site found. Volume catalogue","new","wave2"
"Terra Bella","https://terrabella.design","terrabella.design","high","US","Clifton","Tile / Stone (verify)","Coverings 2027","","","","NEEDS EYES","FLAG","FLAG. Self-describes as manufacturer, importer AND US distributor of ceramic, stone and glass mosaic. All three roles in one sentence, so the maker share is unknown. Mosaic is on-niche and the company is small enough for the owner to be the buyer. Worth a site read rather than a drop","new","wave2"
"TIEIC Ceramics","https://tieic.com","tieic.com","high","US","","Tile / Stone (verify)","Coverings 2027","","","","NEEDS EYES","FLAG","FLAG. A Pennsylvania-registered entity selling tile made in Morbi into North America, and the one commodity-adjacent row with a real design hook: it runs dedicated CUSTOM TILES and MOSAIC pages offering customisation of size, shape, colour and finish. That is criterion 1 and 3 on paper. The catch is that its stated customer is the North American IMPORTER, not an end customer, so confirm who actually makes the design choice","new","wave2"
"Tile Park Japan","https://tile-park.com","tile-park.com","medium","JP","Kani, Gifu","Tile / Stone (verify)","Coverings 2027","","","","NEEDS EYES","FLAG","FLAG. A platform rather than a maker: it aggregates premium Japanese tile and supports designers with free samples and BIM data. TN Corporation manufactures porcelain in the same Gifu region and may be the operator. A specifier-facing marketplace could be a channel partner rather than a prospect. Only regional sites surfaced, so verify the primary domain","new","wave2"
"Trend Surplus Development, Ltd.","","","unresolved","CN","","Tile / Stone (verify)","Coverings 2027","","","","LIKELY OUT","LIKELY OUT","LIKELY OUT. Specialises in marble, glass, ceramic and metal mosaic and sells under the brand Chroma Mosaico. No own website surfaced, only a trade directory. Note the name collides with TREND Group (trend-group.com), a well-known and unrelated Italian mosaic house. Commodity mosaic supplier","new","wave2"
"WINASA CERAMICA","https://winasaceramica.com","winasaceramica.com","high","IN","Morbi","Tile / Stone (verify)","Coverings 2027","","","","LIKELY OUT","LIKELY OUT","LIKELY OUT. 20+ years in Morbi, manufactures and exports ceramic wall and floor tile, polished glazed vitrified, parking tile, slabs and sanitaryware. Sanitaryware is an explicit exclusion and the rest is commodity catalogue","new","wave2"
"X Ceramics Group","https://xceramics.com","xceramics.com","high","BD","","Tile / Stone (verify)","Coverings 2027","","","","LIKELY OUT","LIKELY OUT","LIKELY OUT. A leading player in Bangladesh's ceramic market selling premium Italian tile under the X Monica, X Monalisa and X Alexander brands, plus bathware. A brand portfolio over imported product. Gate 3","new","wave2"
"XIAMEN ELIN LANDO INDUSTRIAL CO.,LTD","https://elinlandomarble.com","elinlandomarble.com","high","CN","Xiamen","Tile / Stone (verify)","Coverings 2027","","","","NEEDS EYES","FLAG","FLAG. Built by Portia Guo in 2013-14 and describes itself as a SPECIALTY MANUFACTURER of high-end natural stone mosaic, field tile and countertops, booked at Verona and Coverings. A small, founder-run mosaic maker rather than a trading house, which separates it from the other Xiamen rows. Tier 3 geography and stone rather than printed pattern are the arguments against","new","wave2"
"XIAMEN STONELINK IMP. & EXP. CO. , LTD","","","none","CN","Xiamen","Tile / Stone (verify)","Coverings 2027","","","","LIKELY OUT","LIKELY OUT","LIKELY OUT. 12+ years as a stone project supplier offering a one-stop stone solution, 252 shipments to 33 buyers mainly in Indonesia, the US and Vietnam. No independent website: Alibaba and Facebook only. Import and export, gate 3","new","wave2"
"Zaijian Mosaic","https://zaijianmosaic.com","zaijianmosaic.com","high","CN","Chengdu","Tile / Stone (verify)","Coverings 2027","","","","NEEDS EYES","PASS","PASS. Founded 1993 and one of the pioneers that brought MOSAIC ART into home decoration, now a significant force in global mosaic, doing stone mosaic, art mosaic and lava. Art mosaic means commissioned custom work, which is the approval-wait the tool removes. Tier 3 geography and a direct MEC competitor, so walkthrough CTA","new","wave2"
"A.G.M. S.r.l.","","","unresolved","IT","Casoria","Murals & Wallcoverings","Heimtextil 2027","3.0 A40","","","EXCLUDE","EXCLUDE","EXCLUDE. Heimtextil lists it under Inks and Wallpapers, and its PASTER series is high-concentration pigment preparations for colouring PVC synthetic leather and vinyl coated fabrics. That is a chemical feedstock supplier, not a wallcovering house. D&B places an A.G.M. SRL in Casoria, Napoli, but no company site could be confirmed and searches collide with A.G.M. di Acciaioli (agmtex.it), an unrelated Montemurlo fabric mill. Do not use agmtex.it for this row","new","wave2"
"A.S. Création Tapeten AG","https://as-creation.com","as-creation.com","high","DE","Gummersbach","Murals & Wallcoverings","Heimtextil 2027","3.0 B44","","","NEEDS EYES","PASS priority","PASS priority. Germany's youngest and one of Europe's largest wallpaper makers, founded 1974. Over 2,000 new designs a year, ~6,000 articles across ~80 collections. Already runs a room visualisation tool where a customer uploads a photo of their own room, so this is the S7.4 has-a-configurator hook, not a rejection, and it belongs in the S11 A/B cohort","new","wave2"
"AV-Design Inh. Alla Vaysman","","","none","DE","","Textile Design","Heimtextil 2027","4.2 E56","","","EXCLUDE","EXCLUDE","EXCLUDE. Hall 4.2 pattern studio. Alla Vaysman sells concepts, colorations and designs for wallpaper, fabric, textiles and wrapping paper to manufacturers, which is the output the tool generates. Wrong side of the trade. No website exists either: LinkedIn and Instagram only","new","wave2"
"Bankside Decor Ltd (Ohpopsi)","https://ohpopsi.com","ohpopsi.com","high","GB","","Murals & Wallcoverings","Heimtextil 2027","3.0 A86","","","NEEDS EYES","PASS priority","PASS priority. Ohpopsi is the trading brand of Bankside Decor. Bold wallpaper and large-scale wall murals designed by British designers and printed in the UK. Designs in house and sells made-to-order murals, which is criterion 1 and 3 together","new","wave2"
"Claire Louise Designs","https://claire-louise.com","claire-louise.com","high","GB","Durham","Textile Design","Heimtextil 2027","4.2 D58","","","LIKELY OUT","LIKELY OUT revenue","LIKELY OUT revenue. Listed in hall 4.2 but it is not only a pattern studio: Claire Louise designs and then prints onto cushions, kitchenware and gifts sold through John Lewis and Fenwick. So the wrong-side-of-trade reason does not apply. It fails on size instead. An independent illustrated-gift business run by one designer since 2007 will not clear the $1M gate. Verify revenue rather than assuming the hall tells you why","new","wave2"
"Erfurt & Sohn KG","https://erfurt.com","erfurt.com","high","DE","Wuppertal","Murals & Wallcoverings","Heimtextil 2027","3.0 B96","","","LIKELY OUT","LIKELY OUT","LIKELY OUT. Family firm since 1827 and market leader in PAINTABLE wall coverings, the woodchip and non-woven products a decorator paints over. The product carries texture, not pattern, so a pattern engine has nothing to render. Their 30+ structures are embossings, not designs","new","wave2"
"Esselle Retail Limited","https://esselleretail.com","esselleretail.com","high","GB","","Murals & Wallcoverings","Heimtextil 2027","3.0 A73","","","NEEDS EYES","PASS priority","PASS priority. In-house design team, over 300 live wallpapers, and collections engineered to coordinate wallpaper with fabrics, blinds and rugs. Owns the Arthouse and Esselle Home brands. Coordinating four product categories off one pattern is exactly what a generative engine shortens","new","wave2"
"Haley Studios Ltd.","https://haleystudios.com","haleystudios.com","medium","GB","Brighouse","Textile Design","Heimtextil 2027","4.2 D31","","","EXCLUDE","EXCLUDE","EXCLUDE. Hall 4.2 pattern studio. Original hand-painted artwork in gouache and metallic paint, sold for use across surface pattern. Sells designs to manufacturers, so wrong side of the trade. Domain came from a trade directory that printed it as 'ww.haleystudios.com', a typo, so confirm it resolves before use","new","wave2"
"Hohenberger Manufaktur für Tapeten I Taubert GmbH & Co. KG","https://hohenberger-wallcoverings.com","hohenberger-wallcoverings.com","high","DE","Hohenberg an der Eger","Murals & Wallcoverings","Heimtextil 2027","3.0 B97","","","NEEDS EYES","PASS","PASS. Third-generation Bavarian wallpaper manufactory, ~90 years, produces only in Germany, PVC and plasticiser free. Runs both modern digital printing and traditional techniques, and digital printing is what makes short-run bespoke commercially possible","new","wave2"
"Kaleidoscope Surface Design Olesja Breuer","https://kaleidoscope-sd.com","kaleidoscope-sd.com","high","DE","Berlin","Textile Design","Heimtextil 2027","4.2 C14","","","EXCLUDE","EXCLUDE","EXCLUDE. Hall 4.2 pattern studio, founded by Olesja and Vera Bartolomej with Galina Sodolovskaya. Sells exclusively handmade one-of-a-kind patterns to manufacturers. Wrong side of the trade","new","wave2"
"KBM Sp. z o.o.","https://kbm.com.pl","kbm.com.pl","high","PL","Belchatow","Murals & Wallcoverings","Heimtextil 2027","3.0 A94","","","LIKELY OUT","LIKELY OUT","LIKELY OUT. Two businesses, both failing gate 3. It is Poland's leading wallpaper DISTRIBUTOR, reselling Rasch, Hohenberger and Graham & Brown, and it manufactures wallpaper ADHESIVE under the Wallfix and Masterline brands. Adhesive is an explicit S7.4 exclusion and reselling is gate 3","new","wave2"
"KRITI & KUNAL","","","none","IN","","Textile Design","Heimtextil 2027","4.2 E44","","","EXCLUDE","EXCLUDE","EXCLUDE. Hall 4.2 pattern studio run by Kriti Sharma and Prince Kunal Gaurav, hand-painted fabrics and murals sold to clients across India, Europe, the US and UAE. Wrong side of the trade. No company website found either, LinkedIn only","new","wave2"
"KT Exclusive GmbH","https://kt-exclusive.com","kt-exclusive.com","high","DE","","Murals & Wallcoverings","Heimtextil 2027","3.0 B80","","","NEEDS EYES","PASS","PASS. Founded 1996 as a manufacturer and editor of high-end wall coverings and fabrics. 'Editor' is the trade term for commissioning and publishing original collections, which is the design step the tool plugs into. Sells worldwide including a KT Architects trade line","new","wave2"
"Lee Design Studio","","","unresolved","","","Textile Design","Heimtextil 2027","4.2 B53","","","EXCLUDE","EXCLUDE","EXCLUDE. Hall 4.2 pattern studio and excluded on that basis. The name is too generic to resolve: searches return several unrelated Lee-named surface designers. Needs the Heimtextil exhibitor listing itself if the row is ever revisited","new","wave2"
"Marburger Tapetenfabrik J.B. Schaefer GmbH & Co. KG","https://marburg.com","marburg.com","high","DE","Kirchhain","Murals & Wallcoverings","Heimtextil 2027","3.0 B94","","","NEEDS EYES","PASS priority","PASS priority. One of Europe's oldest wallpaper makers, founded 1845, 290 employees, 100% made in Germany, and its collections are created by named international designers. Sells as Marburg Wallcoverings. Named-designer collections plus real scale is the strongest murals-side profile on this list","new","wave2"
"Norafin Industries (Germany) GmbH","https://norafin.de","norafin.de","high","DE","Mildenau","Murals & Wallcoverings","Heimtextil 2027","3.0 A50","","","EXCLUDE","EXCLUDE","EXCLUDE. Technical nonwovens: spunlace, needlepunch and composite roll goods for filtration, performance apparel, medical, automotive, roofing. It sits in the Heimtextil wallcoverings hall as a substrate supplier. There is no pattern and no end customer choosing a design","new","wave2"
"Onno Raadersma","https://raadersma.com","raadersma.com","high","NL","Rotterdam","Textile Design","Heimtextil 2027","4.2 E14","","","EXCLUDE","EXCLUDE","EXCLUDE. Hall 4.2 pattern studio, trading as Onno Raadersma Dessins. Sells dessins for interior fabrics to manufacturers. Wrong side of the trade","new","wave2"
"Parato S.r.l. (Cristiana Masi)","https://parato.it","parato.it","high","IT","Aprilia","Murals & Wallcoverings","Heimtextil 2027","3.0 A84","","","NEEDS EYES","PASS priority","PASS priority. Creating wallpaper collections for international markets since 1985, 100% made in Italy. Cristiana Masi is an architect and the named creative behind every collection, which makes the design step both visible and owned by one decision maker. Small enough that the owner is the buyer","new","wave2"
"Pufas Werk KG","https://pufas.de","pufas.de","high","DE","Hann. Münden","Murals & Wallcoverings","Heimtextil 2027","3.0 A81","","","EXCLUDE","EXCLUDE","EXCLUDE. Founded 1928, makes products for painters and decorators: pastes, adhesives, fillers, cleaners. A trade-supply company in the wallcoverings hall, not a wallcovering designer. Explicit S7.4 exclusion","new","wave2"
"Rafias Prisim Textil S.r.l.","https://rafiasprisim.com","rafiasprisim.com","high","AR","Valentin Alsina, Buenos Aires","Textile Design","Heimtextil 2027","4.1 G30","","","LIKELY OUT","LIKELY OUT","LIKELY OUT. Note the country: the S.r.l. suffix reads Italian but the company is Argentine, in Valentin Alsina, Buenos Aires, since 1966. Hall 4.1, and the product is natural-fibre fabric in cotton, raffia, jute and linen. Woven texture, not printed pattern, so there is no design step to render","new","wave2"
"SANDRA JACOBS DESIGN","","","none","NL","Vught","Textile Design","Heimtextil 2027","4.2 C53","","","EXCLUDE","EXCLUDE","EXCLUDE. Hall 4.2 pattern studio. Dutch artist selling handpainted and digital designs for home and fashion textiles, historically to Lacroix, YSL and Armani. Wrong side of the trade. No own website: LinkedIn, Instagram and Maison&Objet listings only","new","wave2"
"Textiles Vilber S.L.","https://vilber.net","vilber.net","high","ES","Tavernes de la Valldigna","Textile Design","Heimtextil 2027","4.1 F15","","","NEEDS EYES","PASS","PASS. 75+ years, supplies 60 countries, and manufactures fabrics, WALLPAPERS and vinyl flooring for home and contract decoration. The wallpaper line puts it in scope. Confirm on the site whether wallpaper is a real design line or a small side range before prioritising","new","wave2"
"The Wallfashion House NV","https://grandecogroup.com","grandecogroup.com","high","BE","Tielt","Murals & Wallcoverings","Heimtextil 2027","3.0 B50","","","NEEDS EYES","PASS priority","PASS priority. This is Grandeco Wallfashion Group, founded 1978, Europe's largest wallpaper producer: 20 million rolls a year in more than 1,000 designs, ~EUR 150M turnover, 600+ people across ten European sites, sold in 88 countries. A thousand new designs a year is the largest design throughput on the whole wave-2 list. PE-backed by GIMV and Down2Earth, so a long cycle, but the pain is real","new","wave2"
"COMES NORTH AMERICA, INC","","","unresolved","US","","Stone / Tile (verify)","TISE 2027","","","","EXCLUDE","EXCLUDE","EXCLUDE. Searched twice. Most likely the North American arm of an Italian stone-machinery maker, either Comes Italy (comesitaly.it, Tito, Potenza) or CO.ME.S Costruzioni Meccaniche Signorini (come.it, Calcinaia), both of which build marble and granite processing machinery. Machinery is an explicit S7.4 exclusion, so the row is out whichever it is and the domain does not matter","new","wave2"
"DOOHA CO., Ltd","https://dooha.net","dooha.net","high","KR","Jincheon","Stone / Tile (verify)","TISE 2027","","","","LIKELY OUT","LIKELY OUT","LIKELY OUT. 40 years old, sells itself on precision machining and quality control from its Jincheon plant. An industrial component maker exhibiting in a surfaces hall. No pattern, no design step","new","wave2"
"Echelon Surfaces","","","unresolved","US","","Stone / Tile (verify)","TISE 2027","","","","LIKELY OUT","LIKELY OUT","LIKELY OUT. Searched twice, no match. Do NOT use echelontileandstone.com: that is Echelon Tile and Stone, a different Tri-State fabricator and installer, and fabricator-installer fails gate 3 anyway. Echelon Masonry is an Oldcastle brand, also a different company. Needs the TISE exhibitor listing","new","wave2"
"Franken Schotter GmbH & Co. KG","https://franken-schotter.com","franken-schotter.com","high","DE","Dietfurt","Stone / Tile (verify)","TISE 2027","","","","LIKELY OUT","LIKELY OUT","LIKELY OUT. Germany's leading Jura limestone and dolomite producer: four quarries, ~350,000 tons of raw block a year, ~2 million tonnes of product, 500+ employees. A quarry operator selling wall cladding and floor slabs. Raw stone, no pattern","new","wave2"
"Hanover Architectural Products","https://hanoverpavers.com","hanoverpavers.com","high","US","Hanover","Stone / Tile (verify)","TISE 2027","","","","LIKELY OUT","LIKELY OUT","LIKELY OUT. American-made concrete unit pavers since 1971. Hardscape construction material specified by landscape architects. No customer-facing design step for the tool to sit on","new","wave2"
"i4F Patents & Technologies","https://i4f.com","i4f.com","high","NL","","Stone / Tile (verify)","TISE 2027","","","","EXCLUDE","EXCLUDE","EXCLUDE. Not a product company at all. i4F licenses a portfolio of 2,000+ patents, mainly floor locking systems, to 100+ flooring manufacturers. There is no product, no pattern and no end customer. Nothing to plug a design tool into","new","wave2"
"JADRANKAMEN white limestone Croatia/EU","https://jadrankamen.hr","jadrankamen.hr","high","HR","Pucisca, Brac","Stone / Tile (verify)","TISE 2027","","","","LIKELY OUT","LIKELY OUT","LIKELY OUT. Quarries white and semi-white marble from eleven quarries on the island of Brac and processes it at two plants. Extraction, processing, sale and installation of building stone. Quarry plus installer, two gate-3 problems","new","wave2"
"MIGA (Shinil Frame Co.,Ltd.)","https://migaworld.com","migaworld.com","high","KR","Paju","Stone / Tile (verify)","TISE 2027","","","","EXCLUDE","EXCLUDE","EXCLUDE. Founded 1967, makes polystyrene moulding, frame and panel under the MIGA brand, ~100 patents, exports to 60 countries. Moulding and frame, not a flat patterned surface. Wrong medium","new","wave2"
"PRINTECH KR CO., LTD.","https://printechkr.com","printechkr.com","high","KR","Paju","Stone / Tile (verify)","TISE 2027","","","","LIKELY OUT","LIKELY OUT","LIKELY OUT. Spun out of LG Chem's decopaper division in 1999 and Korea's decopaper market leader since 2004. It does print decorative pattern, on paper, under the Lovenre brand, so it is closer than most TISE rows. But it sells that paper as a raw surface material to furniture and panel makers, who choose the design. The design decision sits with their customer, not with them","new","wave2"
"SawMaster Diamond Tools, Inc.","https://sawmaster.com","sawmaster.com","high","US","Riverside","Stone / Tile (verify)","TISE 2027","","","","EXCLUDE","EXCLUDE","EXCLUDE. Founded 1997, family owned, makes saws, diamond blades and accessories for cutting tile, marble, masonry and concrete. Tools are an explicit S7.4 exclusion","new","wave2"
"Stanza International LLC.","https://stanzawholesale.com","stanzawholesale.com","high","US","Chino Hills","Stone / Tile (verify)","TISE 2027","","","","LIKELY OUT","LIKELY OUT","LIKELY OUT. Pebble tile since 2005, about 50 styles of flat, standing, polished and flower pebble mosaic. By its own description it receives its tiles directly from one of the largest manufacturers in China, so it is the importer, not the maker. Gate 3","new","wave2"
"Stone Factory","","","unresolved","","","Stone / Tile (verify)","TISE 2027","","","","LIKELY OUT","LIKELY OUT","LIKELY OUT. Unresolvable by name: at least three unrelated US companies trade as The Stone Factory (thestonefactoryco.com, thestonefactory.net in Orange CT, thestonefactorypalmbeach.com), all of them stone importers or fabricators. Needs the TISE listing, and the row fails gate 3 on every candidate","new","wave2"
"Stoneyard LLC","https://stoneyard.com","stoneyard.com","high","US","Littleton","Stone / Tile (verify)","TISE 2027","","","","LIKELY OUT","LIKELY OUT","LIKELY OUT. Manufacturer of New England natural thin stone veneer, cut from real fieldstone. A genuine maker, but the medium is stone veneer for siding and walls, with no pattern to design. Worth noting they already run a Stone Visualizer, so the tooling instinct is there, wrong product","new","wave2"
"WILLIAM F. KEMPF & SON INC","https://williamkempf.com","williamkempf.com","high","US","Folcroft","Stone / Tile (verify)","TISE 2027","","","","NEEDS EYES","FLAG criterion 2","FLAG criterion 2. Not stone despite the TISE hall: since 1886 this firm makes coco mats, recycled tire tiles and CUSTOM ENTRANCE MATS. A custom logo mat is genuinely a flat 2D custom product with a client approval step, so criterion 1 and 3 arguably hold and this is not an automatic drop. The question is criterion 2: whether the engine renders a coco or rubber mat usefully. Shahwaz's call, same class of question as the parked niches","new","wave2"
"Yellowstone Rock","https://yellowstonerock.com","yellowstonerock.com","high","US","Idaho Falls","Stone / Tile (verify)","TISE 2027","","","","LIKELY OUT","LIKELY OUT","LIKELY OUT. The largest quarrier and fabricator of domestic travertine in the US, quarries in the Greater Yellowstone area, fabrication in Idaho Falls. Quarry plus fabricator. Raw stone, no pattern","new","wave2"
